-- Table generation
DROP TABLE "AnnotatedStopPointRef";
DROP TABLE "RouteSection";
DROP TABLE "RouteLink";
DROP TABLE "Route";
DROP TABLE "JourneyPatternSection";
DROP TABLE "JourneyPatternTimingLink";
DROP TABLE "Operator";
DROP TABLE "Service";
DROP TABLE "Line";
DROP TABLE "JourneyPattern";
DROP TABLE "VehicleJourney";
DROP TABLE "DayOfOperation";
DROP TABLE "DayOfNonOperation";

CREATE TABLE "AnnotatedStopPointRef" (
	"StopPointRef" TEXT PRIMARY KEY NOT NULL UNIQUE,
	"CommonName" TEXT NOT NULL,
	"Latitude" REAL,
	"Longitude" REAL
);

CREATE TABLE "RouteSection" (
	"RouteSectionId" TEXT PRIMARY KEY NOT NULL UNIQUE
);

CREATE TABLE "RouteLink" (
	"RouteLinkId" TEXT PRIMARY KEY NOT NULL UNIQUE,
	"RouteSectionId" TEXT NOT NULL REFERENCES "RouteSection"("RouteSectionId"),
	"FromStopPointRef" TEXT NOT NULL REFERENCES "AnnotatedStopPointRef"("StopPointRef"),
	"ToStopPointRef" TEXT NOT NULL REFERENCES "AnnotatedStopPointRef"("StopPointRef"),
	"Order" INTEGER NOT NULL,
	"RouteDirection" TEXT NOT NULL
);

CREATE TABLE "Route" (
	"RouteId" TEXT PRIMARY KEY NOT NULL UNIQUE,
	"RouteDescription" TEXT NOT NULL,
	"RouteSectionRef" TEXT NOT NULL REFERENCES "RouteSection"("RouteSectionId")
);

CREATE TABLE "JourneyPatternSection" (
	"JourneyPatternSectionId" TEXT PRIMARY KEY NOT NULL UNIQUE
);

CREATE TABLE "JourneyPatternTimingLink" (
	"JourneyPatternTimingLinkId" TEXT PRIMARY KEY NOT NULL UNIQUE,
	"JourneyPatternSectionId" TEXT NOT NULL REFERENCES "JourneyPatternSection"("JourneyPatterSectionId"),
	"JourneyPatternFromStopPointRef" TEXT NOT NULL REFERENCES "AnnotatedStopPointRef"("StopPointRef"),
	"JourneyPatternFromTimingStatus" TEXT NOT NULL,
	"JourneyPatternToStopPointsRef" TEXT NOT NULL REFERENCES "AnnotatedStopPointRef"("StopPointRef"),
	"JourneyPatternToTimingStatus" TEXT NOT NULL,
	"RouteLinkRef" TEXT NOT NULL REFERENCES "RouteLink"("RouteLinkId"),
	"JourneyDirection" TEXT NOT NULL,
	"RunTime" TEXT NOT NULL,
	"WaitTime" TEXT NULL
);

CREATE TABLE "Operator" (
	"OperatorId" TEXT PRIMARY KEY NOT NULL UNIQUE,
	"NationalOperatorCode" TEXT NOT NULL,
	"OperatorCode" TEXT NOT NULL,
	"OperatorShortName" TEXT NOT NULL
);

CREATE TABLE "Service" (
	"ServiceCode" TEXT PRIMARY KEY NOT NULL UNIQUE,
	"RegisteredOperatorRef" TEXT NOT NULL,
	"Mode" TEXT NOT NULL,
	"Description" TEXT NOT NULL,
	"Origin" TEXT NOT NULL,
	"Destination" TEXT NOT NULL,
	"StartDate" INTEGER NOT NULL,
	"EndDate" INTEGER NOT NULL,
	"CalMacServiceId" INTEGER
);

CREATE TABLE "Line" (
	"LineId" TEXT PRIMARY KEY NOT NULL UNIQUE,
	"ServiceRef" TEXT NOT NULL REFERENCES "Service"("ServiceCode"),
	"LineName" TEXT NOT NULL
);

CREATE TABLE "JourneyPattern" (
	"JourneyPatternId" TEXT PRIMARY KEY NOT NULL UNIQUE,
	"ServiceRef" TEXT NOT NULL REFERENCES "Service"("ServiceCode"),
	"JourneyPatternSectionRef" TEXT NOT NULL REFERENCES "JourneyPatternSection"("JourneyPatterSectionId"),
	"JourneyPatternDirection" TEXT NOT NULL
);

CREATE TABLE "VehicleJourney" (
	"VehicleJourneyCode" TEXT PRIMARY KEY NOT NULL UNIQUE,
	"ServiceRef" TEXT NOT NULL REFERENCES "Service"("ServiceCode"),
	"LineRef" TEXT NOT NULL REFERENCES "Line"("LineId"),
	"JourneyPatternRef" TEXT NOT NULL REFERENCES "JourneyPattern"("JourneyPatternId"),
	"OperatorRef" TEXT NOT NULL REFERENCES "Operator"("OperatorId"),
	"Monday" INTEGER NOT NULL,
	"Tuesday" INTEGER NOT NULL,
	"Wednesday" INTEGER NOT NULL,
	"Thursday" INTEGER NOT NULL,
	"Friday" INTEGER NOT NULL,
	"Saturday" INTEGER NOT NULL,
	"Sunday" INTEGER NOT NULL,
	"DepatureHour" INTEGER NOT NULL,
	"DepatureMinute" INTEGER NOT NULL,
	"DepatureSecond" INTEGER NOT NULL,
	"Note" TEXT NULL,
	"NoteCode" TEXT NULL
);

CREATE TABLE "DayOfOperation" (
	"VehicleJourneyRef" TEXT NOT NULL REFERENCES "VehicleJourney"("VehicleJourneyCode"),
	"StartDate" INTEGER NOT NULL,
	"EndDate" INTEGER NOT NULL
);

CREATE TABLE "DayOfNonOperation" (
	"VehicleJourneyRef" TEXT NOT NULL REFERENCES "VehicleJourney"("VehicleJourneyCode"),
	"StartDate" INTEGER NOT NULL,
	"EndDate" INTEGER NOT NULL
);

INSERT INTO AnnotatedStopPointRef (StopPointRef, CommonName, Latitude, Longitude) VALUES ('9300RAY', 'Rothesay Ferry Terminal', 0, 0);
INSERT INTO AnnotatedStopPointRef (StopPointRef, CommonName, Latitude, Longitude) VALUES ('9300WMB', 'Wemyss Bay Ferry Terminal', 0, 0);
INSERT INTO Route (RouteId, RouteDescription, RouteSectionRef) VALUES ('FSACM03_001', 'Rothesay - Wemyss Bay or Gourock
', 'FSACM03_001');
INSERT INTO Route (RouteId, RouteDescription, RouteSectionRef) VALUES ('FSACM03_002', 'Wemyss Bay or Gourock - Rothesay
', 'FSACM03_002');
INSERT INTO RouteSection (RouteSectionId) VALUES ('FSACM03_001');
INSERT INTO RouteLink (RouteLinkId, RouteSectionId, FromStopPointRef, ToStopPointRef, `Order`, RouteDirection) VALUES ('FSACM03_001_289679', 'FSACM03_001', '9300RAY', '9300WMB', 0, 'inbound');
INSERT INTO RouteSection (RouteSectionId) VALUES ('FSACM03_002');
INSERT INTO RouteLink (RouteLinkId, RouteSectionId, FromStopPointRef, ToStopPointRef, `Order`, RouteDirection) VALUES ('FSACM03_002_289681', 'FSACM03_002', '9300WMB', '9300RAY', 0, 'outbound');
INSERT INTO JourneyPatternSection (JourneyPatternSectionId) VALUES ('JPS_FSACM03-3');
INSERT INTO JourneyPatternTimingLink (JourneyPatternTimingLinkId, JourneyPatternSectionId, JourneyPatternFromStopPointRef, JourneyPatternFromTimingStatus, JourneyPatternToStopPointsRef, JourneyPatternToTimingStatus, RouteLinkRef, JourneyDirection, RunTime, WaitTime) VALUES ('JPS_FSACM03-3_289679', 'JPS_FSACM03-3', '9300RAY', 'PTP', '9300WMB', 'PTP', 'FSACM03_001_289679', 'inbound', 'PT2100S', '');
INSERT INTO JourneyPatternSection (JourneyPatternSectionId) VALUES ('JPS_FSACM03-4');
INSERT INTO JourneyPatternTimingLink (JourneyPatternTimingLinkId, JourneyPatternSectionId, JourneyPatternFromStopPointRef, JourneyPatternFromTimingStatus, JourneyPatternToStopPointsRef, JourneyPatternToTimingStatus, RouteLinkRef, JourneyDirection, RunTime, WaitTime) VALUES ('JPS_FSACM03-4_289681', 'JPS_FSACM03-4', '9300WMB', 'PTP', '9300RAY', 'PTP', 'FSACM03_002_289681', 'outbound', 'PT2100S', '');
INSERT INTO Operator (OperatorId, NationalOperatorCode, OperatorCode, OperatorShortName) VALUES ('CAL', 'CALM', 'CAL', 'Caledonian MacBrayne');
INSERT INTO Service (ServiceCode, RegisteredOperatorRef, Mode, Description, Origin, Destination, StartDate, EndDate) VALUES ('FSACM03', 'CAL', 'ferry', 'Wemyss Bay or Gourock - Rothesay', 'Wemyss Bay or Gourock', 'Rothesay', 1490918400, 2524607999);
INSERT INTO Line (LineId, ServiceRef, LineName) VALUES ('0', 'FSACM03', 'CM3');
INSERT INTO JourneyPattern (JourneyPatternId, ServiceRef, JourneyPatternSectionRef, JourneyPatternDirection) VALUES ('JPS_FSACM03-3', 'FSACM03', 'JPS_FSACM03-3', 'inbound');
INSERT INTO JourneyPattern (JourneyPatternId, ServiceRef, JourneyPatternSectionRef, JourneyPatternDirection) VALUES ('JPS_FSACM03-4', 'FSACM03', 'JPS_FSACM03-4', 'outbound');
INSERT INTO VehicleJourney (VehicleJourneyCode, ServiceRef, LineRef, JourneyPatternRef, OperatorRef, Monday, Tuesday, Wednesday, Thursday, Friday, Saturday, Sunday, DepatureHour, DepatureMinute, DepatureSecond, Note, NoteCode) VALUES ('96619', 'FSACM03', '0', 'JPS_FSACM03-3', 'CAL', 1, 1, 1, 1, 1, 0, 0, 6, 25, 0, '', '');
INSERT INTO DayOfNonOperation (VehicleJourneyRef, StartDate, EndDate) VALUES ('96619', 1508716800, 2524607999);
INSERT INTO VehicleJourney (VehicleJourneyCode, ServiceRef, LineRef, JourneyPatternRef, OperatorRef, Monday, Tuesday, Wednesday, Thursday, Friday, Saturday, Sunday, DepatureHour, DepatureMinute, DepatureSecond, Note, NoteCode) VALUES ('96620', 'FSACM03', '0', 'JPS_FSACM03-3', 'CAL', 1, 1, 1, 1, 1, 0, 0, 7, 0, 0, '', '');
INSERT INTO DayOfNonOperation (VehicleJourneyRef, StartDate, EndDate) VALUES ('96620', 1508716800, 2524607999);
INSERT INTO VehicleJourney (VehicleJourneyCode, ServiceRef, LineRef, JourneyPatternRef, OperatorRef, Monday, Tuesday, Wednesday, Thursday, Friday, Saturday, Sunday, DepatureHour, DepatureMinute, DepatureSecond, Note, NoteCode) VALUES ('96621', 'FSACM03', '0', 'JPS_FSACM03-3', 'CAL', 1, 1, 1, 1, 1, 0, 0, 8, 0, 0, '', '');
INSERT INTO DayOfNonOperation (VehicleJourneyRef, StartDate, EndDate) VALUES ('96621', 1508716800, 2524607999);
INSERT INTO VehicleJourney (VehicleJourneyCode, ServiceRef, LineRef, JourneyPatternRef, OperatorRef, Monday, Tuesday, Wednesday, Thursday, Friday, Saturday, Sunday, DepatureHour, DepatureMinute, DepatureSecond, Note, NoteCode) VALUES ('96622', 'FSACM03', '0', 'JPS_FSACM03-3', 'CAL', 1, 1, 1, 1, 1, 0, 0, 8, 40, 0, '', '');
INSERT INTO DayOfNonOperation (VehicleJourneyRef, StartDate, EndDate) VALUES ('96622', 1508716800, 2524607999);
INSERT INTO VehicleJourney (VehicleJourneyCode, ServiceRef, LineRef, JourneyPatternRef, OperatorRef, Monday, Tuesday, Wednesday, Thursday, Friday, Saturday, Sunday, DepatureHour, DepatureMinute, DepatureSecond, Note, NoteCode) VALUES ('96623', 'FSACM03', '0', 'JPS_FSACM03-3', 'CAL', 1, 1, 1, 1, 1, 0, 0, 9, 30, 0, '', '');
INSERT INTO DayOfNonOperation (VehicleJourneyRef, StartDate, EndDate) VALUES ('96623', 1508716800, 2524607999);
INSERT INTO VehicleJourney (VehicleJourneyCode, ServiceRef, LineRef, JourneyPatternRef, OperatorRef, Monday, Tuesday, Wednesday, Thursday, Friday, Saturday, Sunday, DepatureHour, DepatureMinute, DepatureSecond, Note, NoteCode) VALUES ('96624', 'FSACM03', '0', 'JPS_FSACM03-3', 'CAL', 1, 1, 1, 1, 1, 0, 0, 10, 10, 0, '', '');
INSERT INTO DayOfNonOperation (VehicleJourneyRef, StartDate, EndDate) VALUES ('96624', 1508716800, 2524607999);
INSERT INTO VehicleJourney (VehicleJourneyCode, ServiceRef, LineRef, JourneyPatternRef, OperatorRef, Monday, Tuesday, Wednesday, Thursday, Friday, Saturday, Sunday, DepatureHour, DepatureMinute, DepatureSecond, Note, NoteCode) VALUES ('96625', 'FSACM03', '0', 'JPS_FSACM03-3', 'CAL', 1, 1, 1, 1, 1, 0, 0, 11, 0, 0, '', '');
INSERT INTO DayOfNonOperation (VehicleJourneyRef, StartDate, EndDate) VALUES ('96625', 1508716800, 2524607999);
INSERT INTO VehicleJourney (VehicleJourneyCode, ServiceRef, LineRef, JourneyPatternRef, OperatorRef, Monday, Tuesday, Wednesday, Thursday, Friday, Saturday, Sunday, DepatureHour, DepatureMinute, DepatureSecond, Note, NoteCode) VALUES ('96626', 'FSACM03', '0', 'JPS_FSACM03-3', 'CAL', 1, 1, 1, 1, 1, 0, 0, 12, 0, 0, '', '');
INSERT INTO DayOfNonOperation (VehicleJourneyRef, StartDate, EndDate) VALUES ('96626', 1508716800, 2524607999);
INSERT INTO VehicleJourney (VehicleJourneyCode, ServiceRef, LineRef, JourneyPatternRef, OperatorRef, Monday, Tuesday, Wednesday, Thursday, Friday, Saturday, Sunday, DepatureHour, DepatureMinute, DepatureSecond, Note, NoteCode) VALUES ('96627', 'FSACM03', '0', 'JPS_FSACM03-3', 'CAL', 1, 1, 1, 1, 1, 0, 0, 13, 0, 0, '', '');
INSERT INTO DayOfNonOperation (VehicleJourneyRef, StartDate, EndDate) VALUES ('96627', 1508716800, 2524607999);
INSERT INTO VehicleJourney (VehicleJourneyCode, ServiceRef, LineRef, JourneyPatternRef, OperatorRef, Monday, Tuesday, Wednesday, Thursday, Friday, Saturday, Sunday, DepatureHour, DepatureMinute, DepatureSecond, Note, NoteCode) VALUES ('96628', 'FSACM03', '0', 'JPS_FSACM03-3', 'CAL', 1, 1, 1, 1, 1, 0, 0, 14, 0, 0, '', '');
INSERT INTO DayOfNonOperation (VehicleJourneyRef, StartDate, EndDate) VALUES ('96628', 1508716800, 2524607999);
INSERT INTO VehicleJourney (VehicleJourneyCode, ServiceRef, LineRef, JourneyPatternRef, OperatorRef, Monday, Tuesday, Wednesday, Thursday, Friday, Saturday, Sunday, DepatureHour, DepatureMinute, DepatureSecond, Note, NoteCode) VALUES ('96629', 'FSACM03', '0', 'JPS_FSACM03-3', 'CAL', 1, 1, 1, 1, 1, 0, 0, 15, 0, 0, '', '');
INSERT INTO DayOfNonOperation (VehicleJourneyRef, StartDate, EndDate) VALUES ('96629', 1508716800, 2524607999);
INSERT INTO VehicleJourney (VehicleJourneyCode, ServiceRef, LineRef, JourneyPatternRef, OperatorRef, Monday, Tuesday, Wednesday, Thursday, Friday, Saturday, Sunday, DepatureHour, DepatureMinute, DepatureSecond, Note, NoteCode) VALUES ('96630', 'FSACM03', '0', 'JPS_FSACM03-3', 'CAL', 1, 1, 1, 1, 1, 0, 0, 16, 0, 0, '', '');
INSERT INTO DayOfNonOperation (VehicleJourneyRef, StartDate, EndDate) VALUES ('96630', 1508716800, 2524607999);
INSERT INTO VehicleJourney (VehicleJourneyCode, ServiceRef, LineRef, JourneyPatternRef, OperatorRef, Monday, Tuesday, Wednesday, Thursday, Friday, Saturday, Sunday, DepatureHour, DepatureMinute, DepatureSecond, Note, NoteCode) VALUES ('96631', 'FSACM03', '0', 'JPS_FSACM03-3', 'CAL', 1, 1, 1, 1, 1, 0, 0, 16, 45, 0, '', '');
INSERT INTO DayOfNonOperation (VehicleJourneyRef, StartDate, EndDate) VALUES ('96631', 1508716800, 2524607999);
INSERT INTO VehicleJourney (VehicleJourneyCode, ServiceRef, LineRef, JourneyPatternRef, OperatorRef, Monday, Tuesday, Wednesday, Thursday, Friday, Saturday, Sunday, DepatureHour, DepatureMinute, DepatureSecond, Note, NoteCode) VALUES ('96632', 'FSACM03', '0', 'JPS_FSACM03-3', 'CAL', 1, 1, 1, 1, 1, 0, 0, 17, 30, 0, '', '');
INSERT INTO DayOfNonOperation (VehicleJourneyRef, StartDate, EndDate) VALUES ('96632', 1508716800, 2524607999);
INSERT INTO VehicleJourney (VehicleJourneyCode, ServiceRef, LineRef, JourneyPatternRef, OperatorRef, Monday, Tuesday, Wednesday, Thursday, Friday, Saturday, Sunday, DepatureHour, DepatureMinute, DepatureSecond, Note, NoteCode) VALUES ('96633', 'FSACM03', '0', 'JPS_FSACM03-3', 'CAL', 1, 1, 1, 1, 1, 0, 0, 18, 15, 0, '', '');
INSERT INTO DayOfNonOperation (VehicleJourneyRef, StartDate, EndDate) VALUES ('96633', 1508716800, 2524607999);
INSERT INTO VehicleJourney (VehicleJourneyCode, ServiceRef, LineRef, JourneyPatternRef, OperatorRef, Monday, Tuesday, Wednesday, Thursday, Friday, Saturday, Sunday, DepatureHour, DepatureMinute, DepatureSecond, Note, NoteCode) VALUES ('96634', 'FSACM03', '0', 'JPS_FSACM03-3', 'CAL', 1, 1, 1, 1, 1, 0, 0, 19, 0, 0, '', '');
INSERT INTO DayOfNonOperation (VehicleJourneyRef, StartDate, EndDate) VALUES ('96634', 1508716800, 2524607999);
INSERT INTO VehicleJourney (VehicleJourneyCode, ServiceRef, LineRef, JourneyPatternRef, OperatorRef, Monday, Tuesday, Wednesday, Thursday, Friday, Saturday, Sunday, DepatureHour, DepatureMinute, DepatureSecond, Note, NoteCode) VALUES ('96618', 'FSACM03', '0', 'JPS_FSACM03-3', 'CAL', 0, 0, 0, 0, 1, 0, 0, 19, 45, 0, '', '');
INSERT INTO DayOfNonOperation (VehicleJourneyRef, StartDate, EndDate) VALUES ('96618', 1508716800, 2524607999);
INSERT INTO VehicleJourney (VehicleJourneyCode, ServiceRef, LineRef, JourneyPatternRef, OperatorRef, Monday, Tuesday, Wednesday, Thursday, Friday, Saturday, Sunday, DepatureHour, DepatureMinute, DepatureSecond, Note, NoteCode) VALUES ('96651', 'FSACM03', '0', 'JPS_FSACM03-3', 'CAL', 0, 0, 0, 0, 0, 1, 0, 7, 0, 0, '', '');
INSERT INTO DayOfOperation (VehicleJourneyRef, StartDate, EndDate) VALUES ('96651', 1497657600, 1497743999);
INSERT INTO DayOfOperation (VehicleJourneyRef, StartDate, EndDate) VALUES ('96651', 1498262400, 1498348799);
INSERT INTO DayOfOperation (VehicleJourneyRef, StartDate, EndDate) VALUES ('96651', 1498867200, 1498953599);
INSERT INTO DayOfOperation (VehicleJourneyRef, StartDate, EndDate) VALUES ('96651', 1499472000, 1499558399);
INSERT INTO DayOfOperation (VehicleJourneyRef, StartDate, EndDate) VALUES ('96651', 1500076800, 1500163199);
INSERT INTO DayOfOperation (VehicleJourneyRef, StartDate, EndDate) VALUES ('96651', 1500681600, 1500767999);
INSERT INTO DayOfOperation (VehicleJourneyRef, StartDate, EndDate) VALUES ('96651', 1501286400, 1501372799);
INSERT INTO DayOfOperation (VehicleJourneyRef, StartDate, EndDate) VALUES ('96651', 1501891200, 1501977599);
INSERT INTO DayOfOperation (VehicleJourneyRef, StartDate, EndDate) VALUES ('96651', 1502496000, 1502582399);
INSERT INTO DayOfOperation (VehicleJourneyRef, StartDate, EndDate) VALUES ('96651', 1503100800, 1503187199);
INSERT INTO DayOfOperation (VehicleJourneyRef, StartDate, EndDate) VALUES ('96651', 1503705600, 1503791999);
INSERT INTO DayOfOperation (VehicleJourneyRef, StartDate, EndDate) VALUES ('96651', 1504310400, 1504396799);
INSERT INTO DayOfOperation (VehicleJourneyRef, StartDate, EndDate) VALUES ('96651', 1504915200, 1505001599);
INSERT INTO DayOfOperation (VehicleJourneyRef, StartDate, EndDate) VALUES ('96651', 1505520000, 1505606399);
INSERT INTO DayOfOperation (VehicleJourneyRef, StartDate, EndDate) VALUES ('96651', 1506124800, 1506211199);
INSERT INTO DayOfOperation (VehicleJourneyRef, StartDate, EndDate) VALUES ('96651', 1506729600, 1506815999);
INSERT INTO DayOfOperation (VehicleJourneyRef, StartDate, EndDate) VALUES ('96651', 1507334400, 1507420799);
INSERT INTO DayOfOperation (VehicleJourneyRef, StartDate, EndDate) VALUES ('96651', 1507939200, 1508025599);
INSERT INTO DayOfOperation (VehicleJourneyRef, StartDate, EndDate) VALUES ('96651', 1508544000, 1508630399);
INSERT INTO DayOfNonOperation (VehicleJourneyRef, StartDate, EndDate) VALUES ('96651', 1508716800, 2524607999);
INSERT INTO VehicleJourney (VehicleJourneyCode, ServiceRef, LineRef, JourneyPatternRef, OperatorRef, Monday, Tuesday, Wednesday, Thursday, Friday, Saturday, Sunday, DepatureHour, DepatureMinute, DepatureSecond, Note, NoteCode) VALUES ('96652', 'FSACM03', '0', 'JPS_FSACM03-3', 'CAL', 0, 0, 0, 0, 0, 1, 0, 8, 0, 0, '', '');
INSERT INTO DayOfOperation (VehicleJourneyRef, StartDate, EndDate) VALUES ('96652', 1497657600, 1497743999);
INSERT INTO DayOfOperation (VehicleJourneyRef, StartDate, EndDate) VALUES ('96652', 1498262400, 1498348799);
INSERT INTO DayOfOperation (VehicleJourneyRef, StartDate, EndDate) VALUES ('96652', 1498867200, 1498953599);
INSERT INTO DayOfOperation (VehicleJourneyRef, StartDate, EndDate) VALUES ('96652', 1499472000, 1499558399);
INSERT INTO DayOfOperation (VehicleJourneyRef, StartDate, EndDate) VALUES ('96652', 1500076800, 1500163199);
INSERT INTO DayOfOperation (VehicleJourneyRef, StartDate, EndDate) VALUES ('96652', 1500681600, 1500767999);
INSERT INTO DayOfOperation (VehicleJourneyRef, StartDate, EndDate) VALUES ('96652', 1501286400, 1501372799);
INSERT INTO DayOfOperation (VehicleJourneyRef, StartDate, EndDate) VALUES ('96652', 1501891200, 1501977599);
INSERT INTO DayOfOperation (VehicleJourneyRef, StartDate, EndDate) VALUES ('96652', 1502496000, 1502582399);
INSERT INTO DayOfOperation (VehicleJourneyRef, StartDate, EndDate) VALUES ('96652', 1503100800, 1503187199);
INSERT INTO DayOfOperation (VehicleJourneyRef, StartDate, EndDate) VALUES ('96652', 1503705600, 1503791999);
INSERT INTO DayOfOperation (VehicleJourneyRef, StartDate, EndDate) VALUES ('96652', 1504310400, 1504396799);
INSERT INTO DayOfOperation (VehicleJourneyRef, StartDate, EndDate) VALUES ('96652', 1504915200, 1505001599);
INSERT INTO DayOfOperation (VehicleJourneyRef, StartDate, EndDate) VALUES ('96652', 1505520000, 1505606399);
INSERT INTO DayOfOperation (VehicleJourneyRef, StartDate, EndDate) VALUES ('96652', 1506124800, 1506211199);
INSERT INTO DayOfOperation (VehicleJourneyRef, StartDate, EndDate) VALUES ('96652', 1506729600, 1506815999);
INSERT INTO DayOfOperation (VehicleJourneyRef, StartDate, EndDate) VALUES ('96652', 1507334400, 1507420799);
INSERT INTO DayOfOperation (VehicleJourneyRef, StartDate, EndDate) VALUES ('96652', 1507939200, 1508025599);
INSERT INTO DayOfOperation (VehicleJourneyRef, StartDate, EndDate) VALUES ('96652', 1508544000, 1508630399);
INSERT INTO DayOfNonOperation (VehicleJourneyRef, StartDate, EndDate) VALUES ('96652', 1508716800, 2524607999);
INSERT INTO VehicleJourney (VehicleJourneyCode, ServiceRef, LineRef, JourneyPatternRef, OperatorRef, Monday, Tuesday, Wednesday, Thursday, Friday, Saturday, Sunday, DepatureHour, DepatureMinute, DepatureSecond, Note, NoteCode) VALUES ('96653', 'FSACM03', '0', 'JPS_FSACM03-3', 'CAL', 0, 0, 0, 0, 0, 1, 0, 8, 40, 0, '', '');
INSERT INTO DayOfOperation (VehicleJourneyRef, StartDate, EndDate) VALUES ('96653', 1497657600, 1497743999);
INSERT INTO DayOfOperation (VehicleJourneyRef, StartDate, EndDate) VALUES ('96653', 1498262400, 1498348799);
INSERT INTO DayOfOperation (VehicleJourneyRef, StartDate, EndDate) VALUES ('96653', 1498867200, 1498953599);
INSERT INTO DayOfOperation (VehicleJourneyRef, StartDate, EndDate) VALUES ('96653', 1499472000, 1499558399);
INSERT INTO DayOfOperation (VehicleJourneyRef, StartDate, EndDate) VALUES ('96653', 1500076800, 1500163199);
INSERT INTO DayOfOperation (VehicleJourneyRef, StartDate, EndDate) VALUES ('96653', 1500681600, 1500767999);
INSERT INTO DayOfOperation (VehicleJourneyRef, StartDate, EndDate) VALUES ('96653', 1501286400, 1501372799);
INSERT INTO DayOfOperation (VehicleJourneyRef, StartDate, EndDate) VALUES ('96653', 1501891200, 1501977599);
INSERT INTO DayOfOperation (VehicleJourneyRef, StartDate, EndDate) VALUES ('96653', 1502496000, 1502582399);
INSERT INTO DayOfOperation (VehicleJourneyRef, StartDate, EndDate) VALUES ('96653', 1503100800, 1503187199);
INSERT INTO DayOfOperation (VehicleJourneyRef, StartDate, EndDate) VALUES ('96653', 1503705600, 1503791999);
INSERT INTO DayOfOperation (VehicleJourneyRef, StartDate, EndDate) VALUES ('96653', 1504310400, 1504396799);
INSERT INTO DayOfOperation (VehicleJourneyRef, StartDate, EndDate) VALUES ('96653', 1504915200, 1505001599);
INSERT INTO DayOfOperation (VehicleJourneyRef, StartDate, EndDate) VALUES ('96653', 1505520000, 1505606399);
INSERT INTO DayOfOperation (VehicleJourneyRef, StartDate, EndDate) VALUES ('96653', 1506124800, 1506211199);
INSERT INTO DayOfOperation (VehicleJourneyRef, StartDate, EndDate) VALUES ('96653', 1506729600, 1506815999);
INSERT INTO DayOfOperation (VehicleJourneyRef, StartDate, EndDate) VALUES ('96653', 1507334400, 1507420799);
INSERT INTO DayOfOperation (VehicleJourneyRef, StartDate, EndDate) VALUES ('96653', 1507939200, 1508025599);
INSERT INTO DayOfOperation (VehicleJourneyRef, StartDate, EndDate) VALUES ('96653', 1508544000, 1508630399);
INSERT INTO DayOfNonOperation (VehicleJourneyRef, StartDate, EndDate) VALUES ('96653', 1508716800, 2524607999);
INSERT INTO VehicleJourney (VehicleJourneyCode, ServiceRef, LineRef, JourneyPatternRef, OperatorRef, Monday, Tuesday, Wednesday, Thursday, Friday, Saturday, Sunday, DepatureHour, DepatureMinute, DepatureSecond, Note, NoteCode) VALUES ('96654', 'FSACM03', '0', 'JPS_FSACM03-3', 'CAL', 0, 0, 0, 0, 0, 1, 0, 9, 30, 0, '', '');
INSERT INTO DayOfOperation (VehicleJourneyRef, StartDate, EndDate) VALUES ('96654', 1497657600, 1497743999);
INSERT INTO DayOfOperation (VehicleJourneyRef, StartDate, EndDate) VALUES ('96654', 1498262400, 1498348799);
INSERT INTO DayOfOperation (VehicleJourneyRef, StartDate, EndDate) VALUES ('96654', 1498867200, 1498953599);
INSERT INTO DayOfOperation (VehicleJourneyRef, StartDate, EndDate) VALUES ('96654', 1499472000, 1499558399);
INSERT INTO DayOfOperation (VehicleJourneyRef, StartDate, EndDate) VALUES ('96654', 1500076800, 1500163199);
INSERT INTO DayOfOperation (VehicleJourneyRef, StartDate, EndDate) VALUES ('96654', 1500681600, 1500767999);
INSERT INTO DayOfOperation (VehicleJourneyRef, StartDate, EndDate) VALUES ('96654', 1501286400, 1501372799);
INSERT INTO DayOfOperation (VehicleJourneyRef, StartDate, EndDate) VALUES ('96654', 1501891200, 1501977599);
INSERT INTO DayOfOperation (VehicleJourneyRef, StartDate, EndDate) VALUES ('96654', 1502496000, 1502582399);
INSERT INTO DayOfOperation (VehicleJourneyRef, StartDate, EndDate) VALUES ('96654', 1503100800, 1503187199);
INSERT INTO DayOfOperation (VehicleJourneyRef, StartDate, EndDate) VALUES ('96654', 1503705600, 1503791999);
INSERT INTO DayOfOperation (VehicleJourneyRef, StartDate, EndDate) VALUES ('96654', 1504310400, 1504396799);
INSERT INTO DayOfOperation (VehicleJourneyRef, StartDate, EndDate) VALUES ('96654', 1504915200, 1505001599);
INSERT INTO DayOfOperation (VehicleJourneyRef, StartDate, EndDate) VALUES ('96654', 1505520000, 1505606399);
INSERT INTO DayOfOperation (VehicleJourneyRef, StartDate, EndDate) VALUES ('96654', 1506124800, 1506211199);
INSERT INTO DayOfOperation (VehicleJourneyRef, StartDate, EndDate) VALUES ('96654', 1506729600, 1506815999);
INSERT INTO DayOfOperation (VehicleJourneyRef, StartDate, EndDate) VALUES ('96654', 1507334400, 1507420799);
INSERT INTO DayOfOperation (VehicleJourneyRef, StartDate, EndDate) VALUES ('96654', 1507939200, 1508025599);
INSERT INTO DayOfOperation (VehicleJourneyRef, StartDate, EndDate) VALUES ('96654', 1508544000, 1508630399);
INSERT INTO DayOfNonOperation (VehicleJourneyRef, StartDate, EndDate) VALUES ('96654', 1508716800, 2524607999);
INSERT INTO VehicleJourney (VehicleJourneyCode, ServiceRef, LineRef, JourneyPatternRef, OperatorRef, Monday, Tuesday, Wednesday, Thursday, Friday, Saturday, Sunday, DepatureHour, DepatureMinute, DepatureSecond, Note, NoteCode) VALUES ('96655', 'FSACM03', '0', 'JPS_FSACM03-3', 'CAL', 0, 0, 0, 0, 0, 1, 0, 10, 10, 0, '', '');
INSERT INTO DayOfOperation (VehicleJourneyRef, StartDate, EndDate) VALUES ('96655', 1497657600, 1497743999);
INSERT INTO DayOfOperation (VehicleJourneyRef, StartDate, EndDate) VALUES ('96655', 1498262400, 1498348799);
INSERT INTO DayOfOperation (VehicleJourneyRef, StartDate, EndDate) VALUES ('96655', 1498867200, 1498953599);
INSERT INTO DayOfOperation (VehicleJourneyRef, StartDate, EndDate) VALUES ('96655', 1499472000, 1499558399);
INSERT INTO DayOfOperation (VehicleJourneyRef, StartDate, EndDate) VALUES ('96655', 1500076800, 1500163199);
INSERT INTO DayOfOperation (VehicleJourneyRef, StartDate, EndDate) VALUES ('96655', 1500681600, 1500767999);
INSERT INTO DayOfOperation (VehicleJourneyRef, StartDate, EndDate) VALUES ('96655', 1501286400, 1501372799);
INSERT INTO DayOfOperation (VehicleJourneyRef, StartDate, EndDate) VALUES ('96655', 1501891200, 1501977599);
INSERT INTO DayOfOperation (VehicleJourneyRef, StartDate, EndDate) VALUES ('96655', 1502496000, 1502582399);
INSERT INTO DayOfOperation (VehicleJourneyRef, StartDate, EndDate) VALUES ('96655', 1503100800, 1503187199);
INSERT INTO DayOfOperation (VehicleJourneyRef, StartDate, EndDate) VALUES ('96655', 1503705600, 1503791999);
INSERT INTO DayOfOperation (VehicleJourneyRef, StartDate, EndDate) VALUES ('96655', 1504310400, 1504396799);
INSERT INTO DayOfOperation (VehicleJourneyRef, StartDate, EndDate) VALUES ('96655', 1504915200, 1505001599);
INSERT INTO DayOfOperation (VehicleJourneyRef, StartDate, EndDate) VALUES ('96655', 1505520000, 1505606399);
INSERT INTO DayOfOperation (VehicleJourneyRef, StartDate, EndDate) VALUES ('96655', 1506124800, 1506211199);
INSERT INTO DayOfOperation (VehicleJourneyRef, StartDate, EndDate) VALUES ('96655', 1506729600, 1506815999);
INSERT INTO DayOfOperation (VehicleJourneyRef, StartDate, EndDate) VALUES ('96655', 1507334400, 1507420799);
INSERT INTO DayOfOperation (VehicleJourneyRef, StartDate, EndDate) VALUES ('96655', 1507939200, 1508025599);
INSERT INTO DayOfOperation (VehicleJourneyRef, StartDate, EndDate) VALUES ('96655', 1508544000, 1508630399);
INSERT INTO DayOfNonOperation (VehicleJourneyRef, StartDate, EndDate) VALUES ('96655', 1508716800, 2524607999);
INSERT INTO VehicleJourney (VehicleJourneyCode, ServiceRef, LineRef, JourneyPatternRef, OperatorRef, Monday, Tuesday, Wednesday, Thursday, Friday, Saturday, Sunday, DepatureHour, DepatureMinute, DepatureSecond, Note, NoteCode) VALUES ('96656', 'FSACM03', '0', 'JPS_FSACM03-3', 'CAL', 0, 0, 0, 0, 0, 1, 0, 11, 0, 0, '', '');
INSERT INTO DayOfOperation (VehicleJourneyRef, StartDate, EndDate) VALUES ('96656', 1497657600, 1497743999);
INSERT INTO DayOfOperation (VehicleJourneyRef, StartDate, EndDate) VALUES ('96656', 1498262400, 1498348799);
INSERT INTO DayOfOperation (VehicleJourneyRef, StartDate, EndDate) VALUES ('96656', 1498867200, 1498953599);
INSERT INTO DayOfOperation (VehicleJourneyRef, StartDate, EndDate) VALUES ('96656', 1499472000, 1499558399);
INSERT INTO DayOfOperation (VehicleJourneyRef, StartDate, EndDate) VALUES ('96656', 1500076800, 1500163199);
INSERT INTO DayOfOperation (VehicleJourneyRef, StartDate, EndDate) VALUES ('96656', 1500681600, 1500767999);
INSERT INTO DayOfOperation (VehicleJourneyRef, StartDate, EndDate) VALUES ('96656', 1501286400, 1501372799);
INSERT INTO DayOfOperation (VehicleJourneyRef, StartDate, EndDate) VALUES ('96656', 1501891200, 1501977599);
INSERT INTO DayOfOperation (VehicleJourneyRef, StartDate, EndDate) VALUES ('96656', 1502496000, 1502582399);
INSERT INTO DayOfOperation (VehicleJourneyRef, StartDate, EndDate) VALUES ('96656', 1503100800, 1503187199);
INSERT INTO DayOfOperation (VehicleJourneyRef, StartDate, EndDate) VALUES ('96656', 1503705600, 1503791999);
INSERT INTO DayOfOperation (VehicleJourneyRef, StartDate, EndDate) VALUES ('96656', 1504310400, 1504396799);
INSERT INTO DayOfOperation (VehicleJourneyRef, StartDate, EndDate) VALUES ('96656', 1504915200, 1505001599);
INSERT INTO DayOfOperation (VehicleJourneyRef, StartDate, EndDate) VALUES ('96656', 1505520000, 1505606399);
INSERT INTO DayOfOperation (VehicleJourneyRef, StartDate, EndDate) VALUES ('96656', 1506124800, 1506211199);
INSERT INTO DayOfOperation (VehicleJourneyRef, StartDate, EndDate) VALUES ('96656', 1506729600, 1506815999);
INSERT INTO DayOfOperation (VehicleJourneyRef, StartDate, EndDate) VALUES ('96656', 1507334400, 1507420799);
INSERT INTO DayOfOperation (VehicleJourneyRef, StartDate, EndDate) VALUES ('96656', 1507939200, 1508025599);
INSERT INTO DayOfOperation (VehicleJourneyRef, StartDate, EndDate) VALUES ('96656', 1508544000, 1508630399);
INSERT INTO DayOfNonOperation (VehicleJourneyRef, StartDate, EndDate) VALUES ('96656', 1508716800, 2524607999);
INSERT INTO VehicleJourney (VehicleJourneyCode, ServiceRef, LineRef, JourneyPatternRef, OperatorRef, Monday, Tuesday, Wednesday, Thursday, Friday, Saturday, Sunday, DepatureHour, DepatureMinute, DepatureSecond, Note, NoteCode) VALUES ('96657', 'FSACM03', '0', 'JPS_FSACM03-3', 'CAL', 0, 0, 0, 0, 0, 1, 0, 12, 0, 0, '', '');
INSERT INTO DayOfOperation (VehicleJourneyRef, StartDate, EndDate) VALUES ('96657', 1497657600, 1497743999);
INSERT INTO DayOfOperation (VehicleJourneyRef, StartDate, EndDate) VALUES ('96657', 1498262400, 1498348799);
INSERT INTO DayOfOperation (VehicleJourneyRef, StartDate, EndDate) VALUES ('96657', 1498867200, 1498953599);
INSERT INTO DayOfOperation (VehicleJourneyRef, StartDate, EndDate) VALUES ('96657', 1499472000, 1499558399);
INSERT INTO DayOfOperation (VehicleJourneyRef, StartDate, EndDate) VALUES ('96657', 1500076800, 1500163199);
INSERT INTO DayOfOperation (VehicleJourneyRef, StartDate, EndDate) VALUES ('96657', 1500681600, 1500767999);
INSERT INTO DayOfOperation (VehicleJourneyRef, StartDate, EndDate) VALUES ('96657', 1501286400, 1501372799);
INSERT INTO DayOfOperation (VehicleJourneyRef, StartDate, EndDate) VALUES ('96657', 1501891200, 1501977599);
INSERT INTO DayOfOperation (VehicleJourneyRef, StartDate, EndDate) VALUES ('96657', 1502496000, 1502582399);
INSERT INTO DayOfOperation (VehicleJourneyRef, StartDate, EndDate) VALUES ('96657', 1503100800, 1503187199);
INSERT INTO DayOfOperation (VehicleJourneyRef, StartDate, EndDate) VALUES ('96657', 1503705600, 1503791999);
INSERT INTO DayOfOperation (VehicleJourneyRef, StartDate, EndDate) VALUES ('96657', 1504310400, 1504396799);
INSERT INTO DayOfOperation (VehicleJourneyRef, StartDate, EndDate) VALUES ('96657', 1504915200, 1505001599);
INSERT INTO DayOfOperation (VehicleJourneyRef, StartDate, EndDate) VALUES ('96657', 1505520000, 1505606399);
INSERT INTO DayOfOperation (VehicleJourneyRef, StartDate, EndDate) VALUES ('96657', 1506124800, 1506211199);
INSERT INTO DayOfOperation (VehicleJourneyRef, StartDate, EndDate) VALUES ('96657', 1506729600, 1506815999);
INSERT INTO DayOfOperation (VehicleJourneyRef, StartDate, EndDate) VALUES ('96657', 1507334400, 1507420799);
INSERT INTO DayOfOperation (VehicleJourneyRef, StartDate, EndDate) VALUES ('96657', 1507939200, 1508025599);
INSERT INTO DayOfOperation (VehicleJourneyRef, StartDate, EndDate) VALUES ('96657', 1508544000, 1508630399);
INSERT INTO DayOfNonOperation (VehicleJourneyRef, StartDate, EndDate) VALUES ('96657', 1508716800, 2524607999);
INSERT INTO VehicleJourney (VehicleJourneyCode, ServiceRef, LineRef, JourneyPatternRef, OperatorRef, Monday, Tuesday, Wednesday, Thursday, Friday, Saturday, Sunday, DepatureHour, DepatureMinute, DepatureSecond, Note, NoteCode) VALUES ('96658', 'FSACM03', '0', 'JPS_FSACM03-3', 'CAL', 0, 0, 0, 0, 0, 1, 0, 13, 0, 0, '', '');
INSERT INTO DayOfOperation (VehicleJourneyRef, StartDate, EndDate) VALUES ('96658', 1497657600, 1497743999);
INSERT INTO DayOfOperation (VehicleJourneyRef, StartDate, EndDate) VALUES ('96658', 1498262400, 1498348799);
INSERT INTO DayOfOperation (VehicleJourneyRef, StartDate, EndDate) VALUES ('96658', 1498867200, 1498953599);
INSERT INTO DayOfOperation (VehicleJourneyRef, StartDate, EndDate) VALUES ('96658', 1499472000, 1499558399);
INSERT INTO DayOfOperation (VehicleJourneyRef, StartDate, EndDate) VALUES ('96658', 1500076800, 1500163199);
INSERT INTO DayOfOperation (VehicleJourneyRef, StartDate, EndDate) VALUES ('96658', 1500681600, 1500767999);
INSERT INTO DayOfOperation (VehicleJourneyRef, StartDate, EndDate) VALUES ('96658', 1501286400, 1501372799);
INSERT INTO DayOfOperation (VehicleJourneyRef, StartDate, EndDate) VALUES ('96658', 1501891200, 1501977599);
INSERT INTO DayOfOperation (VehicleJourneyRef, StartDate, EndDate) VALUES ('96658', 1502496000, 1502582399);
INSERT INTO DayOfOperation (VehicleJourneyRef, StartDate, EndDate) VALUES ('96658', 1503100800, 1503187199);
INSERT INTO DayOfOperation (VehicleJourneyRef, StartDate, EndDate) VALUES ('96658', 1503705600, 1503791999);
INSERT INTO DayOfOperation (VehicleJourneyRef, StartDate, EndDate) VALUES ('96658', 1504310400, 1504396799);
INSERT INTO DayOfOperation (VehicleJourneyRef, StartDate, EndDate) VALUES ('96658', 1504915200, 1505001599);
INSERT INTO DayOfOperation (VehicleJourneyRef, StartDate, EndDate) VALUES ('96658', 1505520000, 1505606399);
INSERT INTO DayOfOperation (VehicleJourneyRef, StartDate, EndDate) VALUES ('96658', 1506124800, 1506211199);
INSERT INTO DayOfOperation (VehicleJourneyRef, StartDate, EndDate) VALUES ('96658', 1506729600, 1506815999);
INSERT INTO DayOfOperation (VehicleJourneyRef, StartDate, EndDate) VALUES ('96658', 1507334400, 1507420799);
INSERT INTO DayOfOperation (VehicleJourneyRef, StartDate, EndDate) VALUES ('96658', 1507939200, 1508025599);
INSERT INTO DayOfOperation (VehicleJourneyRef, StartDate, EndDate) VALUES ('96658', 1508544000, 1508630399);
INSERT INTO DayOfNonOperation (VehicleJourneyRef, StartDate, EndDate) VALUES ('96658', 1508716800, 2524607999);
INSERT INTO VehicleJourney (VehicleJourneyCode, ServiceRef, LineRef, JourneyPatternRef, OperatorRef, Monday, Tuesday, Wednesday, Thursday, Friday, Saturday, Sunday, DepatureHour, DepatureMinute, DepatureSecond, Note, NoteCode) VALUES ('96659', 'FSACM03', '0', 'JPS_FSACM03-3', 'CAL', 0, 0, 0, 0, 0, 1, 0, 14, 0, 0, '', '');
INSERT INTO DayOfOperation (VehicleJourneyRef, StartDate, EndDate) VALUES ('96659', 1497657600, 1497743999);
INSERT INTO DayOfOperation (VehicleJourneyRef, StartDate, EndDate) VALUES ('96659', 1498262400, 1498348799);
INSERT INTO DayOfOperation (VehicleJourneyRef, StartDate, EndDate) VALUES ('96659', 1498867200, 1498953599);
INSERT INTO DayOfOperation (VehicleJourneyRef, StartDate, EndDate) VALUES ('96659', 1499472000, 1499558399);
INSERT INTO DayOfOperation (VehicleJourneyRef, StartDate, EndDate) VALUES ('96659', 1500076800, 1500163199);
INSERT INTO DayOfOperation (VehicleJourneyRef, StartDate, EndDate) VALUES ('96659', 1500681600, 1500767999);
INSERT INTO DayOfOperation (VehicleJourneyRef, StartDate, EndDate) VALUES ('96659', 1501286400, 1501372799);
INSERT INTO DayOfOperation (VehicleJourneyRef, StartDate, EndDate) VALUES ('96659', 1501891200, 1501977599);
INSERT INTO DayOfOperation (VehicleJourneyRef, StartDate, EndDate) VALUES ('96659', 1502496000, 1502582399);
INSERT INTO DayOfOperation (VehicleJourneyRef, StartDate, EndDate) VALUES ('96659', 1503100800, 1503187199);
INSERT INTO DayOfOperation (VehicleJourneyRef, StartDate, EndDate) VALUES ('96659', 1503705600, 1503791999);
INSERT INTO DayOfOperation (VehicleJourneyRef, StartDate, EndDate) VALUES ('96659', 1504310400, 1504396799);
INSERT INTO DayOfOperation (VehicleJourneyRef, StartDate, EndDate) VALUES ('96659', 1504915200, 1505001599);
INSERT INTO DayOfOperation (VehicleJourneyRef, StartDate, EndDate) VALUES ('96659', 1505520000, 1505606399);
INSERT INTO DayOfOperation (VehicleJourneyRef, StartDate, EndDate) VALUES ('96659', 1506124800, 1506211199);
INSERT INTO DayOfOperation (VehicleJourneyRef, StartDate, EndDate) VALUES ('96659', 1506729600, 1506815999);
INSERT INTO DayOfOperation (VehicleJourneyRef, StartDate, EndDate) VALUES ('96659', 1507334400, 1507420799);
INSERT INTO DayOfOperation (VehicleJourneyRef, StartDate, EndDate) VALUES ('96659', 1507939200, 1508025599);
INSERT INTO DayOfOperation (VehicleJourneyRef, StartDate, EndDate) VALUES ('96659', 1508544000, 1508630399);
INSERT INTO DayOfNonOperation (VehicleJourneyRef, StartDate, EndDate) VALUES ('96659', 1508716800, 2524607999);
INSERT INTO VehicleJourney (VehicleJourneyCode, ServiceRef, LineRef, JourneyPatternRef, OperatorRef, Monday, Tuesday, Wednesday, Thursday, Friday, Saturday, Sunday, DepatureHour, DepatureMinute, DepatureSecond, Note, NoteCode) VALUES ('96660', 'FSACM03', '0', 'JPS_FSACM03-3', 'CAL', 0, 0, 0, 0, 0, 1, 0, 15, 0, 0, '', '');
INSERT INTO DayOfOperation (VehicleJourneyRef, StartDate, EndDate) VALUES ('96660', 1497657600, 1497743999);
INSERT INTO DayOfOperation (VehicleJourneyRef, StartDate, EndDate) VALUES ('96660', 1498262400, 1498348799);
INSERT INTO DayOfOperation (VehicleJourneyRef, StartDate, EndDate) VALUES ('96660', 1498867200, 1498953599);
INSERT INTO DayOfOperation (VehicleJourneyRef, StartDate, EndDate) VALUES ('96660', 1499472000, 1499558399);
INSERT INTO DayOfOperation (VehicleJourneyRef, StartDate, EndDate) VALUES ('96660', 1500076800, 1500163199);
INSERT INTO DayOfOperation (VehicleJourneyRef, StartDate, EndDate) VALUES ('96660', 1500681600, 1500767999);
INSERT INTO DayOfOperation (VehicleJourneyRef, StartDate, EndDate) VALUES ('96660', 1501286400, 1501372799);
INSERT INTO DayOfOperation (VehicleJourneyRef, StartDate, EndDate) VALUES ('96660', 1501891200, 1501977599);
INSERT INTO DayOfOperation (VehicleJourneyRef, StartDate, EndDate) VALUES ('96660', 1502496000, 1502582399);
INSERT INTO DayOfOperation (VehicleJourneyRef, StartDate, EndDate) VALUES ('96660', 1503100800, 1503187199);
INSERT INTO DayOfOperation (VehicleJourneyRef, StartDate, EndDate) VALUES ('96660', 1503705600, 1503791999);
INSERT INTO DayOfOperation (VehicleJourneyRef, StartDate, EndDate) VALUES ('96660', 1504310400, 1504396799);
INSERT INTO DayOfOperation (VehicleJourneyRef, StartDate, EndDate) VALUES ('96660', 1504915200, 1505001599);
INSERT INTO DayOfOperation (VehicleJourneyRef, StartDate, EndDate) VALUES ('96660', 1505520000, 1505606399);
INSERT INTO DayOfOperation (VehicleJourneyRef, StartDate, EndDate) VALUES ('96660', 1506124800, 1506211199);
INSERT INTO DayOfOperation (VehicleJourneyRef, StartDate, EndDate) VALUES ('96660', 1506729600, 1506815999);
INSERT INTO DayOfOperation (VehicleJourneyRef, StartDate, EndDate) VALUES ('96660', 1507334400, 1507420799);
INSERT INTO DayOfOperation (VehicleJourneyRef, StartDate, EndDate) VALUES ('96660', 1507939200, 1508025599);
INSERT INTO DayOfOperation (VehicleJourneyRef, StartDate, EndDate) VALUES ('96660', 1508544000, 1508630399);
INSERT INTO DayOfNonOperation (VehicleJourneyRef, StartDate, EndDate) VALUES ('96660', 1508716800, 2524607999);
INSERT INTO VehicleJourney (VehicleJourneyCode, ServiceRef, LineRef, JourneyPatternRef, OperatorRef, Monday, Tuesday, Wednesday, Thursday, Friday, Saturday, Sunday, DepatureHour, DepatureMinute, DepatureSecond, Note, NoteCode) VALUES ('96661', 'FSACM03', '0', 'JPS_FSACM03-3', 'CAL', 0, 0, 0, 0, 0, 1, 0, 16, 0, 0, '', '');
INSERT INTO DayOfOperation (VehicleJourneyRef, StartDate, EndDate) VALUES ('96661', 1497657600, 1497743999);
INSERT INTO DayOfOperation (VehicleJourneyRef, StartDate, EndDate) VALUES ('96661', 1498262400, 1498348799);
INSERT INTO DayOfOperation (VehicleJourneyRef, StartDate, EndDate) VALUES ('96661', 1498867200, 1498953599);
INSERT INTO DayOfOperation (VehicleJourneyRef, StartDate, EndDate) VALUES ('96661', 1499472000, 1499558399);
INSERT INTO DayOfOperation (VehicleJourneyRef, StartDate, EndDate) VALUES ('96661', 1500076800, 1500163199);
INSERT INTO DayOfOperation (VehicleJourneyRef, StartDate, EndDate) VALUES ('96661', 1500681600, 1500767999);
INSERT INTO DayOfOperation (VehicleJourneyRef, StartDate, EndDate) VALUES ('96661', 1501286400, 1501372799);
INSERT INTO DayOfOperation (VehicleJourneyRef, StartDate, EndDate) VALUES ('96661', 1501891200, 1501977599);
INSERT INTO DayOfOperation (VehicleJourneyRef, StartDate, EndDate) VALUES ('96661', 1502496000, 1502582399);
INSERT INTO DayOfOperation (VehicleJourneyRef, StartDate, EndDate) VALUES ('96661', 1503100800, 1503187199);
INSERT INTO DayOfOperation (VehicleJourneyRef, StartDate, EndDate) VALUES ('96661', 1503705600, 1503791999);
INSERT INTO DayOfOperation (VehicleJourneyRef, StartDate, EndDate) VALUES ('96661', 1504310400, 1504396799);
INSERT INTO DayOfOperation (VehicleJourneyRef, StartDate, EndDate) VALUES ('96661', 1504915200, 1505001599);
INSERT INTO DayOfOperation (VehicleJourneyRef, StartDate, EndDate) VALUES ('96661', 1505520000, 1505606399);
INSERT INTO DayOfOperation (VehicleJourneyRef, StartDate, EndDate) VALUES ('96661', 1506124800, 1506211199);
INSERT INTO DayOfOperation (VehicleJourneyRef, StartDate, EndDate) VALUES ('96661', 1506729600, 1506815999);
INSERT INTO DayOfOperation (VehicleJourneyRef, StartDate, EndDate) VALUES ('96661', 1507334400, 1507420799);
INSERT INTO DayOfOperation (VehicleJourneyRef, StartDate, EndDate) VALUES ('96661', 1507939200, 1508025599);
INSERT INTO DayOfOperation (VehicleJourneyRef, StartDate, EndDate) VALUES ('96661', 1508544000, 1508630399);
INSERT INTO DayOfNonOperation (VehicleJourneyRef, StartDate, EndDate) VALUES ('96661', 1508716800, 2524607999);
INSERT INTO VehicleJourney (VehicleJourneyCode, ServiceRef, LineRef, JourneyPatternRef, OperatorRef, Monday, Tuesday, Wednesday, Thursday, Friday, Saturday, Sunday, DepatureHour, DepatureMinute, DepatureSecond, Note, NoteCode) VALUES ('96662', 'FSACM03', '0', 'JPS_FSACM03-3', 'CAL', 0, 0, 0, 0, 0, 1, 0, 16, 45, 0, '', '');
INSERT INTO DayOfOperation (VehicleJourneyRef, StartDate, EndDate) VALUES ('96662', 1497657600, 1497743999);
INSERT INTO DayOfOperation (VehicleJourneyRef, StartDate, EndDate) VALUES ('96662', 1498262400, 1498348799);
INSERT INTO DayOfOperation (VehicleJourneyRef, StartDate, EndDate) VALUES ('96662', 1498867200, 1498953599);
INSERT INTO DayOfOperation (VehicleJourneyRef, StartDate, EndDate) VALUES ('96662', 1499472000, 1499558399);
INSERT INTO DayOfOperation (VehicleJourneyRef, StartDate, EndDate) VALUES ('96662', 1500076800, 1500163199);
INSERT INTO DayOfOperation (VehicleJourneyRef, StartDate, EndDate) VALUES ('96662', 1500681600, 1500767999);
INSERT INTO DayOfOperation (VehicleJourneyRef, StartDate, EndDate) VALUES ('96662', 1501286400, 1501372799);
INSERT INTO DayOfOperation (VehicleJourneyRef, StartDate, EndDate) VALUES ('96662', 1501891200, 1501977599);
INSERT INTO DayOfOperation (VehicleJourneyRef, StartDate, EndDate) VALUES ('96662', 1502496000, 1502582399);
INSERT INTO DayOfOperation (VehicleJourneyRef, StartDate, EndDate) VALUES ('96662', 1503100800, 1503187199);
INSERT INTO DayOfOperation (VehicleJourneyRef, StartDate, EndDate) VALUES ('96662', 1503705600, 1503791999);
INSERT INTO DayOfOperation (VehicleJourneyRef, StartDate, EndDate) VALUES ('96662', 1504310400, 1504396799);
INSERT INTO DayOfOperation (VehicleJourneyRef, StartDate, EndDate) VALUES ('96662', 1504915200, 1505001599);
INSERT INTO DayOfOperation (VehicleJourneyRef, StartDate, EndDate) VALUES ('96662', 1505520000, 1505606399);
INSERT INTO DayOfOperation (VehicleJourneyRef, StartDate, EndDate) VALUES ('96662', 1506124800, 1506211199);
INSERT INTO DayOfOperation (VehicleJourneyRef, StartDate, EndDate) VALUES ('96662', 1506729600, 1506815999);
INSERT INTO DayOfOperation (VehicleJourneyRef, StartDate, EndDate) VALUES ('96662', 1507334400, 1507420799);
INSERT INTO DayOfOperation (VehicleJourneyRef, StartDate, EndDate) VALUES ('96662', 1507939200, 1508025599);
INSERT INTO DayOfOperation (VehicleJourneyRef, StartDate, EndDate) VALUES ('96662', 1508544000, 1508630399);
INSERT INTO DayOfNonOperation (VehicleJourneyRef, StartDate, EndDate) VALUES ('96662', 1508716800, 2524607999);
INSERT INTO VehicleJourney (VehicleJourneyCode, ServiceRef, LineRef, JourneyPatternRef, OperatorRef, Monday, Tuesday, Wednesday, Thursday, Friday, Saturday, Sunday, DepatureHour, DepatureMinute, DepatureSecond, Note, NoteCode) VALUES ('96663', 'FSACM03', '0', 'JPS_FSACM03-3', 'CAL', 0, 0, 0, 0, 0, 1, 0, 17, 30, 0, '', '');
INSERT INTO DayOfOperation (VehicleJourneyRef, StartDate, EndDate) VALUES ('96663', 1497657600, 1497743999);
INSERT INTO DayOfOperation (VehicleJourneyRef, StartDate, EndDate) VALUES ('96663', 1498262400, 1498348799);
INSERT INTO DayOfOperation (VehicleJourneyRef, StartDate, EndDate) VALUES ('96663', 1498867200, 1498953599);
INSERT INTO DayOfOperation (VehicleJourneyRef, StartDate, EndDate) VALUES ('96663', 1499472000, 1499558399);
INSERT INTO DayOfOperation (VehicleJourneyRef, StartDate, EndDate) VALUES ('96663', 1500076800, 1500163199);
INSERT INTO DayOfOperation (VehicleJourneyRef, StartDate, EndDate) VALUES ('96663', 1500681600, 1500767999);
INSERT INTO DayOfOperation (VehicleJourneyRef, StartDate, EndDate) VALUES ('96663', 1501286400, 1501372799);
INSERT INTO DayOfOperation (VehicleJourneyRef, StartDate, EndDate) VALUES ('96663', 1501891200, 1501977599);
INSERT INTO DayOfOperation (VehicleJourneyRef, StartDate, EndDate) VALUES ('96663', 1502496000, 1502582399);
INSERT INTO DayOfOperation (VehicleJourneyRef, StartDate, EndDate) VALUES ('96663', 1503100800, 1503187199);
INSERT INTO DayOfOperation (VehicleJourneyRef, StartDate, EndDate) VALUES ('96663', 1503705600, 1503791999);
INSERT INTO DayOfOperation (VehicleJourneyRef, StartDate, EndDate) VALUES ('96663', 1504310400, 1504396799);
INSERT INTO DayOfOperation (VehicleJourneyRef, StartDate, EndDate) VALUES ('96663', 1504915200, 1505001599);
INSERT INTO DayOfOperation (VehicleJourneyRef, StartDate, EndDate) VALUES ('96663', 1505520000, 1505606399);
INSERT INTO DayOfOperation (VehicleJourneyRef, StartDate, EndDate) VALUES ('96663', 1506124800, 1506211199);
INSERT INTO DayOfOperation (VehicleJourneyRef, StartDate, EndDate) VALUES ('96663', 1506729600, 1506815999);
INSERT INTO DayOfOperation (VehicleJourneyRef, StartDate, EndDate) VALUES ('96663', 1507334400, 1507420799);
INSERT INTO DayOfOperation (VehicleJourneyRef, StartDate, EndDate) VALUES ('96663', 1507939200, 1508025599);
INSERT INTO DayOfOperation (VehicleJourneyRef, StartDate, EndDate) VALUES ('96663', 1508544000, 1508630399);
INSERT INTO DayOfNonOperation (VehicleJourneyRef, StartDate, EndDate) VALUES ('96663', 1508716800, 2524607999);
INSERT INTO VehicleJourney (VehicleJourneyCode, ServiceRef, LineRef, JourneyPatternRef, OperatorRef, Monday, Tuesday, Wednesday, Thursday, Friday, Saturday, Sunday, DepatureHour, DepatureMinute, DepatureSecond, Note, NoteCode) VALUES ('96664', 'FSACM03', '0', 'JPS_FSACM03-3', 'CAL', 0, 0, 0, 0, 0, 1, 0, 18, 15, 0, '', '');
INSERT INTO DayOfOperation (VehicleJourneyRef, StartDate, EndDate) VALUES ('96664', 1497657600, 1497743999);
INSERT INTO DayOfOperation (VehicleJourneyRef, StartDate, EndDate) VALUES ('96664', 1498262400, 1498348799);
INSERT INTO DayOfOperation (VehicleJourneyRef, StartDate, EndDate) VALUES ('96664', 1498867200, 1498953599);
INSERT INTO DayOfOperation (VehicleJourneyRef, StartDate, EndDate) VALUES ('96664', 1499472000, 1499558399);
INSERT INTO DayOfOperation (VehicleJourneyRef, StartDate, EndDate) VALUES ('96664', 1500076800, 1500163199);
INSERT INTO DayOfOperation (VehicleJourneyRef, StartDate, EndDate) VALUES ('96664', 1500681600, 1500767999);
INSERT INTO DayOfOperation (VehicleJourneyRef, StartDate, EndDate) VALUES ('96664', 1501286400, 1501372799);
INSERT INTO DayOfOperation (VehicleJourneyRef, StartDate, EndDate) VALUES ('96664', 1501891200, 1501977599);
INSERT INTO DayOfOperation (VehicleJourneyRef, StartDate, EndDate) VALUES ('96664', 1502496000, 1502582399);
INSERT INTO DayOfOperation (VehicleJourneyRef, StartDate, EndDate) VALUES ('96664', 1503100800, 1503187199);
INSERT INTO DayOfOperation (VehicleJourneyRef, StartDate, EndDate) VALUES ('96664', 1503705600, 1503791999);
INSERT INTO DayOfOperation (VehicleJourneyRef, StartDate, EndDate) VALUES ('96664', 1504310400, 1504396799);
INSERT INTO DayOfOperation (VehicleJourneyRef, StartDate, EndDate) VALUES ('96664', 1504915200, 1505001599);
INSERT INTO DayOfOperation (VehicleJourneyRef, StartDate, EndDate) VALUES ('96664', 1505520000, 1505606399);
INSERT INTO DayOfOperation (VehicleJourneyRef, StartDate, EndDate) VALUES ('96664', 1506124800, 1506211199);
INSERT INTO DayOfOperation (VehicleJourneyRef, StartDate, EndDate) VALUES ('96664', 1506729600, 1506815999);
INSERT INTO DayOfOperation (VehicleJourneyRef, StartDate, EndDate) VALUES ('96664', 1507334400, 1507420799);
INSERT INTO DayOfOperation (VehicleJourneyRef, StartDate, EndDate) VALUES ('96664', 1507939200, 1508025599);
INSERT INTO DayOfOperation (VehicleJourneyRef, StartDate, EndDate) VALUES ('96664', 1508544000, 1508630399);
INSERT INTO DayOfNonOperation (VehicleJourneyRef, StartDate, EndDate) VALUES ('96664', 1508716800, 2524607999);
INSERT INTO VehicleJourney (VehicleJourneyCode, ServiceRef, LineRef, JourneyPatternRef, OperatorRef, Monday, Tuesday, Wednesday, Thursday, Friday, Saturday, Sunday, DepatureHour, DepatureMinute, DepatureSecond, Note, NoteCode) VALUES ('96665', 'FSACM03', '0', 'JPS_FSACM03-3', 'CAL', 0, 0, 0, 0, 0, 1, 0, 19, 0, 0, '', '');
INSERT INTO DayOfOperation (VehicleJourneyRef, StartDate, EndDate) VALUES ('96665', 1497657600, 1497743999);
INSERT INTO DayOfOperation (VehicleJourneyRef, StartDate, EndDate) VALUES ('96665', 1498262400, 1498348799);
INSERT INTO DayOfOperation (VehicleJourneyRef, StartDate, EndDate) VALUES ('96665', 1498867200, 1498953599);
INSERT INTO DayOfOperation (VehicleJourneyRef, StartDate, EndDate) VALUES ('96665', 1499472000, 1499558399);
INSERT INTO DayOfOperation (VehicleJourneyRef, StartDate, EndDate) VALUES ('96665', 1500076800, 1500163199);
INSERT INTO DayOfOperation (VehicleJourneyRef, StartDate, EndDate) VALUES ('96665', 1500681600, 1500767999);
INSERT INTO DayOfOperation (VehicleJourneyRef, StartDate, EndDate) VALUES ('96665', 1501286400, 1501372799);
INSERT INTO DayOfOperation (VehicleJourneyRef, StartDate, EndDate) VALUES ('96665', 1501891200, 1501977599);
INSERT INTO DayOfOperation (VehicleJourneyRef, StartDate, EndDate) VALUES ('96665', 1502496000, 1502582399);
INSERT INTO DayOfOperation (VehicleJourneyRef, StartDate, EndDate) VALUES ('96665', 1503100800, 1503187199);
INSERT INTO DayOfOperation (VehicleJourneyRef, StartDate, EndDate) VALUES ('96665', 1503705600, 1503791999);
INSERT INTO DayOfOperation (VehicleJourneyRef, StartDate, EndDate) VALUES ('96665', 1504310400, 1504396799);
INSERT INTO DayOfOperation (VehicleJourneyRef, StartDate, EndDate) VALUES ('96665', 1504915200, 1505001599);
INSERT INTO DayOfOperation (VehicleJourneyRef, StartDate, EndDate) VALUES ('96665', 1505520000, 1505606399);
INSERT INTO DayOfOperation (VehicleJourneyRef, StartDate, EndDate) VALUES ('96665', 1506124800, 1506211199);
INSERT INTO DayOfOperation (VehicleJourneyRef, StartDate, EndDate) VALUES ('96665', 1506729600, 1506815999);
INSERT INTO DayOfOperation (VehicleJourneyRef, StartDate, EndDate) VALUES ('96665', 1507334400, 1507420799);
INSERT INTO DayOfOperation (VehicleJourneyRef, StartDate, EndDate) VALUES ('96665', 1507939200, 1508025599);
INSERT INTO DayOfOperation (VehicleJourneyRef, StartDate, EndDate) VALUES ('96665', 1508544000, 1508630399);
INSERT INTO DayOfNonOperation (VehicleJourneyRef, StartDate, EndDate) VALUES ('96665', 1508716800, 2524607999);
INSERT INTO VehicleJourney (VehicleJourneyCode, ServiceRef, LineRef, JourneyPatternRef, OperatorRef, Monday, Tuesday, Wednesday, Thursday, Friday, Saturday, Sunday, DepatureHour, DepatureMinute, DepatureSecond, Note, NoteCode) VALUES ('96666', 'FSACM03', '0', 'JPS_FSACM03-3', 'CAL', 0, 0, 0, 0, 0, 1, 0, 19, 45, 0, '', '');
INSERT INTO DayOfOperation (VehicleJourneyRef, StartDate, EndDate) VALUES ('96666', 1497657600, 1497743999);
INSERT INTO DayOfOperation (VehicleJourneyRef, StartDate, EndDate) VALUES ('96666', 1498262400, 1498348799);
INSERT INTO DayOfOperation (VehicleJourneyRef, StartDate, EndDate) VALUES ('96666', 1498867200, 1498953599);
INSERT INTO DayOfOperation (VehicleJourneyRef, StartDate, EndDate) VALUES ('96666', 1499472000, 1499558399);
INSERT INTO DayOfOperation (VehicleJourneyRef, StartDate, EndDate) VALUES ('96666', 1500076800, 1500163199);
INSERT INTO DayOfOperation (VehicleJourneyRef, StartDate, EndDate) VALUES ('96666', 1500681600, 1500767999);
INSERT INTO DayOfOperation (VehicleJourneyRef, StartDate, EndDate) VALUES ('96666', 1501286400, 1501372799);
INSERT INTO DayOfOperation (VehicleJourneyRef, StartDate, EndDate) VALUES ('96666', 1501891200, 1501977599);
INSERT INTO DayOfOperation (VehicleJourneyRef, StartDate, EndDate) VALUES ('96666', 1502496000, 1502582399);
INSERT INTO DayOfOperation (VehicleJourneyRef, StartDate, EndDate) VALUES ('96666', 1503100800, 1503187199);
INSERT INTO DayOfOperation (VehicleJourneyRef, StartDate, EndDate) VALUES ('96666', 1503705600, 1503791999);
INSERT INTO DayOfOperation (VehicleJourneyRef, StartDate, EndDate) VALUES ('96666', 1504310400, 1504396799);
INSERT INTO DayOfOperation (VehicleJourneyRef, StartDate, EndDate) VALUES ('96666', 1504915200, 1505001599);
INSERT INTO DayOfOperation (VehicleJourneyRef, StartDate, EndDate) VALUES ('96666', 1505520000, 1505606399);
INSERT INTO DayOfOperation (VehicleJourneyRef, StartDate, EndDate) VALUES ('96666', 1506124800, 1506211199);
INSERT INTO DayOfOperation (VehicleJourneyRef, StartDate, EndDate) VALUES ('96666', 1506729600, 1506815999);
INSERT INTO DayOfOperation (VehicleJourneyRef, StartDate, EndDate) VALUES ('96666', 1507334400, 1507420799);
INSERT INTO DayOfOperation (VehicleJourneyRef, StartDate, EndDate) VALUES ('96666', 1507939200, 1508025599);
INSERT INTO DayOfOperation (VehicleJourneyRef, StartDate, EndDate) VALUES ('96666', 1508544000, 1508630399);
INSERT INTO DayOfNonOperation (VehicleJourneyRef, StartDate, EndDate) VALUES ('96666', 1508716800, 2524607999);
INSERT INTO VehicleJourney (VehicleJourneyCode, ServiceRef, LineRef, JourneyPatternRef, OperatorRef, Monday, Tuesday, Wednesday, Thursday, Friday, Saturday, Sunday, DepatureHour, DepatureMinute, DepatureSecond, Note, NoteCode) VALUES ('96682', 'FSACM03', '0', 'JPS_FSACM03-3', 'CAL', 0, 0, 0, 0, 0, 0, 1, 8, 0, 0, '', '');
INSERT INTO DayOfOperation (VehicleJourneyRef, StartDate, EndDate) VALUES ('96682', 1497744000, 1497830399);
INSERT INTO DayOfOperation (VehicleJourneyRef, StartDate, EndDate) VALUES ('96682', 1498348800, 1498435199);
INSERT INTO DayOfOperation (VehicleJourneyRef, StartDate, EndDate) VALUES ('96682', 1498953600, 1499039999);
INSERT INTO DayOfOperation (VehicleJourneyRef, StartDate, EndDate) VALUES ('96682', 1499558400, 1499644799);
INSERT INTO DayOfOperation (VehicleJourneyRef, StartDate, EndDate) VALUES ('96682', 1500163200, 1500249599);
INSERT INTO DayOfOperation (VehicleJourneyRef, StartDate, EndDate) VALUES ('96682', 1500768000, 1500854399);
INSERT INTO DayOfOperation (VehicleJourneyRef, StartDate, EndDate) VALUES ('96682', 1501372800, 1501459199);
INSERT INTO DayOfOperation (VehicleJourneyRef, StartDate, EndDate) VALUES ('96682', 1501977600, 1502063999);
INSERT INTO DayOfOperation (VehicleJourneyRef, StartDate, EndDate) VALUES ('96682', 1502582400, 1502668799);
INSERT INTO DayOfOperation (VehicleJourneyRef, StartDate, EndDate) VALUES ('96682', 1503187200, 1503273599);
INSERT INTO DayOfOperation (VehicleJourneyRef, StartDate, EndDate) VALUES ('96682', 1503792000, 1503878399);
INSERT INTO DayOfOperation (VehicleJourneyRef, StartDate, EndDate) VALUES ('96682', 1504396800, 1504483199);
INSERT INTO DayOfOperation (VehicleJourneyRef, StartDate, EndDate) VALUES ('96682', 1505001600, 1505087999);
INSERT INTO DayOfOperation (VehicleJourneyRef, StartDate, EndDate) VALUES ('96682', 1505606400, 1505692799);
INSERT INTO DayOfOperation (VehicleJourneyRef, StartDate, EndDate) VALUES ('96682', 1506211200, 1506297599);
INSERT INTO DayOfOperation (VehicleJourneyRef, StartDate, EndDate) VALUES ('96682', 1506816000, 1506902399);
INSERT INTO DayOfOperation (VehicleJourneyRef, StartDate, EndDate) VALUES ('96682', 1507420800, 1507507199);
INSERT INTO DayOfOperation (VehicleJourneyRef, StartDate, EndDate) VALUES ('96682', 1508025600, 1508111999);
INSERT INTO DayOfOperation (VehicleJourneyRef, StartDate, EndDate) VALUES ('96682', 1508630400, 1508716799);
INSERT INTO DayOfNonOperation (VehicleJourneyRef, StartDate, EndDate) VALUES ('96682', 1508716800, 2524607999);
INSERT INTO VehicleJourney (VehicleJourneyCode, ServiceRef, LineRef, JourneyPatternRef, OperatorRef, Monday, Tuesday, Wednesday, Thursday, Friday, Saturday, Sunday, DepatureHour, DepatureMinute, DepatureSecond, Note, NoteCode) VALUES ('96683', 'FSACM03', '0', 'JPS_FSACM03-3', 'CAL', 0, 0, 0, 0, 0, 0, 1, 9, 30, 0, '', '');
INSERT INTO DayOfOperation (VehicleJourneyRef, StartDate, EndDate) VALUES ('96683', 1497744000, 1497830399);
INSERT INTO DayOfOperation (VehicleJourneyRef, StartDate, EndDate) VALUES ('96683', 1498348800, 1498435199);
INSERT INTO DayOfOperation (VehicleJourneyRef, StartDate, EndDate) VALUES ('96683', 1498953600, 1499039999);
INSERT INTO DayOfOperation (VehicleJourneyRef, StartDate, EndDate) VALUES ('96683', 1499558400, 1499644799);
INSERT INTO DayOfOperation (VehicleJourneyRef, StartDate, EndDate) VALUES ('96683', 1500163200, 1500249599);
INSERT INTO DayOfOperation (VehicleJourneyRef, StartDate, EndDate) VALUES ('96683', 1500768000, 1500854399);
INSERT INTO DayOfOperation (VehicleJourneyRef, StartDate, EndDate) VALUES ('96683', 1501372800, 1501459199);
INSERT INTO DayOfOperation (VehicleJourneyRef, StartDate, EndDate) VALUES ('96683', 1501977600, 1502063999);
INSERT INTO DayOfOperation (VehicleJourneyRef, StartDate, EndDate) VALUES ('96683', 1502582400, 1502668799);
INSERT INTO DayOfOperation (VehicleJourneyRef, StartDate, EndDate) VALUES ('96683', 1503187200, 1503273599);
INSERT INTO DayOfOperation (VehicleJourneyRef, StartDate, EndDate) VALUES ('96683', 1503792000, 1503878399);
INSERT INTO DayOfOperation (VehicleJourneyRef, StartDate, EndDate) VALUES ('96683', 1504396800, 1504483199);
INSERT INTO DayOfOperation (VehicleJourneyRef, StartDate, EndDate) VALUES ('96683', 1505001600, 1505087999);
INSERT INTO DayOfOperation (VehicleJourneyRef, StartDate, EndDate) VALUES ('96683', 1505606400, 1505692799);
INSERT INTO DayOfOperation (VehicleJourneyRef, StartDate, EndDate) VALUES ('96683', 1506211200, 1506297599);
INSERT INTO DayOfOperation (VehicleJourneyRef, StartDate, EndDate) VALUES ('96683', 1506816000, 1506902399);
INSERT INTO DayOfOperation (VehicleJourneyRef, StartDate, EndDate) VALUES ('96683', 1507420800, 1507507199);
INSERT INTO DayOfOperation (VehicleJourneyRef, StartDate, EndDate) VALUES ('96683', 1508025600, 1508111999);
INSERT INTO DayOfOperation (VehicleJourneyRef, StartDate, EndDate) VALUES ('96683', 1508630400, 1508716799);
INSERT INTO DayOfNonOperation (VehicleJourneyRef, StartDate, EndDate) VALUES ('96683', 1508716800, 2524607999);
INSERT INTO VehicleJourney (VehicleJourneyCode, ServiceRef, LineRef, JourneyPatternRef, OperatorRef, Monday, Tuesday, Wednesday, Thursday, Friday, Saturday, Sunday, DepatureHour, DepatureMinute, DepatureSecond, Note, NoteCode) VALUES ('96684', 'FSACM03', '0', 'JPS_FSACM03-3', 'CAL', 0, 0, 0, 0, 0, 0, 1, 10, 10, 0, '', '');
INSERT INTO DayOfOperation (VehicleJourneyRef, StartDate, EndDate) VALUES ('96684', 1497744000, 1497830399);
INSERT INTO DayOfOperation (VehicleJourneyRef, StartDate, EndDate) VALUES ('96684', 1498348800, 1498435199);
INSERT INTO DayOfOperation (VehicleJourneyRef, StartDate, EndDate) VALUES ('96684', 1498953600, 1499039999);
INSERT INTO DayOfOperation (VehicleJourneyRef, StartDate, EndDate) VALUES ('96684', 1499558400, 1499644799);
INSERT INTO DayOfOperation (VehicleJourneyRef, StartDate, EndDate) VALUES ('96684', 1500163200, 1500249599);
INSERT INTO DayOfOperation (VehicleJourneyRef, StartDate, EndDate) VALUES ('96684', 1500768000, 1500854399);
INSERT INTO DayOfOperation (VehicleJourneyRef, StartDate, EndDate) VALUES ('96684', 1501372800, 1501459199);
INSERT INTO DayOfOperation (VehicleJourneyRef, StartDate, EndDate) VALUES ('96684', 1501977600, 1502063999);
INSERT INTO DayOfOperation (VehicleJourneyRef, StartDate, EndDate) VALUES ('96684', 1502582400, 1502668799);
INSERT INTO DayOfOperation (VehicleJourneyRef, StartDate, EndDate) VALUES ('96684', 1503187200, 1503273599);
INSERT INTO DayOfOperation (VehicleJourneyRef, StartDate, EndDate) VALUES ('96684', 1503792000, 1503878399);
INSERT INTO DayOfOperation (VehicleJourneyRef, StartDate, EndDate) VALUES ('96684', 1504396800, 1504483199);
INSERT INTO DayOfOperation (VehicleJourneyRef, StartDate, EndDate) VALUES ('96684', 1505001600, 1505087999);
INSERT INTO DayOfOperation (VehicleJourneyRef, StartDate, EndDate) VALUES ('96684', 1505606400, 1505692799);
INSERT INTO DayOfOperation (VehicleJourneyRef, StartDate, EndDate) VALUES ('96684', 1506211200, 1506297599);
INSERT INTO DayOfOperation (VehicleJourneyRef, StartDate, EndDate) VALUES ('96684', 1506816000, 1506902399);
INSERT INTO DayOfOperation (VehicleJourneyRef, StartDate, EndDate) VALUES ('96684', 1507420800, 1507507199);
INSERT INTO DayOfOperation (VehicleJourneyRef, StartDate, EndDate) VALUES ('96684', 1508025600, 1508111999);
INSERT INTO DayOfOperation (VehicleJourneyRef, StartDate, EndDate) VALUES ('96684', 1508630400, 1508716799);
INSERT INTO DayOfNonOperation (VehicleJourneyRef, StartDate, EndDate) VALUES ('96684', 1508716800, 2524607999);
INSERT INTO VehicleJourney (VehicleJourneyCode, ServiceRef, LineRef, JourneyPatternRef, OperatorRef, Monday, Tuesday, Wednesday, Thursday, Friday, Saturday, Sunday, DepatureHour, DepatureMinute, DepatureSecond, Note, NoteCode) VALUES ('96685', 'FSACM03', '0', 'JPS_FSACM03-3', 'CAL', 0, 0, 0, 0, 0, 0, 1, 11, 0, 0, '', '');
INSERT INTO DayOfOperation (VehicleJourneyRef, StartDate, EndDate) VALUES ('96685', 1497744000, 1497830399);
INSERT INTO DayOfOperation (VehicleJourneyRef, StartDate, EndDate) VALUES ('96685', 1498348800, 1498435199);
INSERT INTO DayOfOperation (VehicleJourneyRef, StartDate, EndDate) VALUES ('96685', 1498953600, 1499039999);
INSERT INTO DayOfOperation (VehicleJourneyRef, StartDate, EndDate) VALUES ('96685', 1499558400, 1499644799);
INSERT INTO DayOfOperation (VehicleJourneyRef, StartDate, EndDate) VALUES ('96685', 1500163200, 1500249599);
INSERT INTO DayOfOperation (VehicleJourneyRef, StartDate, EndDate) VALUES ('96685', 1500768000, 1500854399);
INSERT INTO DayOfOperation (VehicleJourneyRef, StartDate, EndDate) VALUES ('96685', 1501372800, 1501459199);
INSERT INTO DayOfOperation (VehicleJourneyRef, StartDate, EndDate) VALUES ('96685', 1501977600, 1502063999);
INSERT INTO DayOfOperation (VehicleJourneyRef, StartDate, EndDate) VALUES ('96685', 1502582400, 1502668799);
INSERT INTO DayOfOperation (VehicleJourneyRef, StartDate, EndDate) VALUES ('96685', 1503187200, 1503273599);
INSERT INTO DayOfOperation (VehicleJourneyRef, StartDate, EndDate) VALUES ('96685', 1503792000, 1503878399);
INSERT INTO DayOfOperation (VehicleJourneyRef, StartDate, EndDate) VALUES ('96685', 1504396800, 1504483199);
INSERT INTO DayOfOperation (VehicleJourneyRef, StartDate, EndDate) VALUES ('96685', 1505001600, 1505087999);
INSERT INTO DayOfOperation (VehicleJourneyRef, StartDate, EndDate) VALUES ('96685', 1505606400, 1505692799);
INSERT INTO DayOfOperation (VehicleJourneyRef, StartDate, EndDate) VALUES ('96685', 1506211200, 1506297599);
INSERT INTO DayOfOperation (VehicleJourneyRef, StartDate, EndDate) VALUES ('96685', 1506816000, 1506902399);
INSERT INTO DayOfOperation (VehicleJourneyRef, StartDate, EndDate) VALUES ('96685', 1507420800, 1507507199);
INSERT INTO DayOfOperation (VehicleJourneyRef, StartDate, EndDate) VALUES ('96685', 1508025600, 1508111999);
INSERT INTO DayOfOperation (VehicleJourneyRef, StartDate, EndDate) VALUES ('96685', 1508630400, 1508716799);
INSERT INTO DayOfNonOperation (VehicleJourneyRef, StartDate, EndDate) VALUES ('96685', 1508716800, 2524607999);
INSERT INTO VehicleJourney (VehicleJourneyCode, ServiceRef, LineRef, JourneyPatternRef, OperatorRef, Monday, Tuesday, Wednesday, Thursday, Friday, Saturday, Sunday, DepatureHour, DepatureMinute, DepatureSecond, Note, NoteCode) VALUES ('96686', 'FSACM03', '0', 'JPS_FSACM03-3', 'CAL', 0, 0, 0, 0, 0, 0, 1, 12, 0, 0, '', '');
INSERT INTO DayOfOperation (VehicleJourneyRef, StartDate, EndDate) VALUES ('96686', 1497744000, 1497830399);
INSERT INTO DayOfOperation (VehicleJourneyRef, StartDate, EndDate) VALUES ('96686', 1498348800, 1498435199);
INSERT INTO DayOfOperation (VehicleJourneyRef, StartDate, EndDate) VALUES ('96686', 1498953600, 1499039999);
INSERT INTO DayOfOperation (VehicleJourneyRef, StartDate, EndDate) VALUES ('96686', 1499558400, 1499644799);
INSERT INTO DayOfOperation (VehicleJourneyRef, StartDate, EndDate) VALUES ('96686', 1500163200, 1500249599);
INSERT INTO DayOfOperation (VehicleJourneyRef, StartDate, EndDate) VALUES ('96686', 1500768000, 1500854399);
INSERT INTO DayOfOperation (VehicleJourneyRef, StartDate, EndDate) VALUES ('96686', 1501372800, 1501459199);
INSERT INTO DayOfOperation (VehicleJourneyRef, StartDate, EndDate) VALUES ('96686', 1501977600, 1502063999);
INSERT INTO DayOfOperation (VehicleJourneyRef, StartDate, EndDate) VALUES ('96686', 1502582400, 1502668799);
INSERT INTO DayOfOperation (VehicleJourneyRef, StartDate, EndDate) VALUES ('96686', 1503187200, 1503273599);
INSERT INTO DayOfOperation (VehicleJourneyRef, StartDate, EndDate) VALUES ('96686', 1503792000, 1503878399);
INSERT INTO DayOfOperation (VehicleJourneyRef, StartDate, EndDate) VALUES ('96686', 1504396800, 1504483199);
INSERT INTO DayOfOperation (VehicleJourneyRef, StartDate, EndDate) VALUES ('96686', 1505001600, 1505087999);
INSERT INTO DayOfOperation (VehicleJourneyRef, StartDate, EndDate) VALUES ('96686', 1505606400, 1505692799);
INSERT INTO DayOfOperation (VehicleJourneyRef, StartDate, EndDate) VALUES ('96686', 1506211200, 1506297599);
INSERT INTO DayOfOperation (VehicleJourneyRef, StartDate, EndDate) VALUES ('96686', 1506816000, 1506902399);
INSERT INTO DayOfOperation (VehicleJourneyRef, StartDate, EndDate) VALUES ('96686', 1507420800, 1507507199);
INSERT INTO DayOfOperation (VehicleJourneyRef, StartDate, EndDate) VALUES ('96686', 1508025600, 1508111999);
INSERT INTO DayOfOperation (VehicleJourneyRef, StartDate, EndDate) VALUES ('96686', 1508630400, 1508716799);
INSERT INTO DayOfNonOperation (VehicleJourneyRef, StartDate, EndDate) VALUES ('96686', 1508716800, 2524607999);
INSERT INTO VehicleJourney (VehicleJourneyCode, ServiceRef, LineRef, JourneyPatternRef, OperatorRef, Monday, Tuesday, Wednesday, Thursday, Friday, Saturday, Sunday, DepatureHour, DepatureMinute, DepatureSecond, Note, NoteCode) VALUES ('96687', 'FSACM03', '0', 'JPS_FSACM03-3', 'CAL', 0, 0, 0, 0, 0, 0, 1, 13, 0, 0, '', '');
INSERT INTO DayOfOperation (VehicleJourneyRef, StartDate, EndDate) VALUES ('96687', 1497744000, 1497830399);
INSERT INTO DayOfOperation (VehicleJourneyRef, StartDate, EndDate) VALUES ('96687', 1498348800, 1498435199);
INSERT INTO DayOfOperation (VehicleJourneyRef, StartDate, EndDate) VALUES ('96687', 1498953600, 1499039999);
INSERT INTO DayOfOperation (VehicleJourneyRef, StartDate, EndDate) VALUES ('96687', 1499558400, 1499644799);
INSERT INTO DayOfOperation (VehicleJourneyRef, StartDate, EndDate) VALUES ('96687', 1500163200, 1500249599);
INSERT INTO DayOfOperation (VehicleJourneyRef, StartDate, EndDate) VALUES ('96687', 1500768000, 1500854399);
INSERT INTO DayOfOperation (VehicleJourneyRef, StartDate, EndDate) VALUES ('96687', 1501372800, 1501459199);
INSERT INTO DayOfOperation (VehicleJourneyRef, StartDate, EndDate) VALUES ('96687', 1501977600, 1502063999);
INSERT INTO DayOfOperation (VehicleJourneyRef, StartDate, EndDate) VALUES ('96687', 1502582400, 1502668799);
INSERT INTO DayOfOperation (VehicleJourneyRef, StartDate, EndDate) VALUES ('96687', 1503187200, 1503273599);
INSERT INTO DayOfOperation (VehicleJourneyRef, StartDate, EndDate) VALUES ('96687', 1503792000, 1503878399);
INSERT INTO DayOfOperation (VehicleJourneyRef, StartDate, EndDate) VALUES ('96687', 1504396800, 1504483199);
INSERT INTO DayOfOperation (VehicleJourneyRef, StartDate, EndDate) VALUES ('96687', 1505001600, 1505087999);
INSERT INTO DayOfOperation (VehicleJourneyRef, StartDate, EndDate) VALUES ('96687', 1505606400, 1505692799);
INSERT INTO DayOfOperation (VehicleJourneyRef, StartDate, EndDate) VALUES ('96687', 1506211200, 1506297599);
INSERT INTO DayOfOperation (VehicleJourneyRef, StartDate, EndDate) VALUES ('96687', 1506816000, 1506902399);
INSERT INTO DayOfOperation (VehicleJourneyRef, StartDate, EndDate) VALUES ('96687', 1507420800, 1507507199);
INSERT INTO DayOfOperation (VehicleJourneyRef, StartDate, EndDate) VALUES ('96687', 1508025600, 1508111999);
INSERT INTO DayOfOperation (VehicleJourneyRef, StartDate, EndDate) VALUES ('96687', 1508630400, 1508716799);
INSERT INTO DayOfNonOperation (VehicleJourneyRef, StartDate, EndDate) VALUES ('96687', 1508716800, 2524607999);
INSERT INTO VehicleJourney (VehicleJourneyCode, ServiceRef, LineRef, JourneyPatternRef, OperatorRef, Monday, Tuesday, Wednesday, Thursday, Friday, Saturday, Sunday, DepatureHour, DepatureMinute, DepatureSecond, Note, NoteCode) VALUES ('96688', 'FSACM03', '0', 'JPS_FSACM03-3', 'CAL', 0, 0, 0, 0, 0, 0, 1, 14, 0, 0, '', '');
INSERT INTO DayOfOperation (VehicleJourneyRef, StartDate, EndDate) VALUES ('96688', 1497744000, 1497830399);
INSERT INTO DayOfOperation (VehicleJourneyRef, StartDate, EndDate) VALUES ('96688', 1498348800, 1498435199);
INSERT INTO DayOfOperation (VehicleJourneyRef, StartDate, EndDate) VALUES ('96688', 1498953600, 1499039999);
INSERT INTO DayOfOperation (VehicleJourneyRef, StartDate, EndDate) VALUES ('96688', 1499558400, 1499644799);
INSERT INTO DayOfOperation (VehicleJourneyRef, StartDate, EndDate) VALUES ('96688', 1500163200, 1500249599);
INSERT INTO DayOfOperation (VehicleJourneyRef, StartDate, EndDate) VALUES ('96688', 1500768000, 1500854399);
INSERT INTO DayOfOperation (VehicleJourneyRef, StartDate, EndDate) VALUES ('96688', 1501372800, 1501459199);
INSERT INTO DayOfOperation (VehicleJourneyRef, StartDate, EndDate) VALUES ('96688', 1501977600, 1502063999);
INSERT INTO DayOfOperation (VehicleJourneyRef, StartDate, EndDate) VALUES ('96688', 1502582400, 1502668799);
INSERT INTO DayOfOperation (VehicleJourneyRef, StartDate, EndDate) VALUES ('96688', 1503187200, 1503273599);
INSERT INTO DayOfOperation (VehicleJourneyRef, StartDate, EndDate) VALUES ('96688', 1503792000, 1503878399);
INSERT INTO DayOfOperation (VehicleJourneyRef, StartDate, EndDate) VALUES ('96688', 1504396800, 1504483199);
INSERT INTO DayOfOperation (VehicleJourneyRef, StartDate, EndDate) VALUES ('96688', 1505001600, 1505087999);
INSERT INTO DayOfOperation (VehicleJourneyRef, StartDate, EndDate) VALUES ('96688', 1505606400, 1505692799);
INSERT INTO DayOfOperation (VehicleJourneyRef, StartDate, EndDate) VALUES ('96688', 1506211200, 1506297599);
INSERT INTO DayOfOperation (VehicleJourneyRef, StartDate, EndDate) VALUES ('96688', 1506816000, 1506902399);
INSERT INTO DayOfOperation (VehicleJourneyRef, StartDate, EndDate) VALUES ('96688', 1507420800, 1507507199);
INSERT INTO DayOfOperation (VehicleJourneyRef, StartDate, EndDate) VALUES ('96688', 1508025600, 1508111999);
INSERT INTO DayOfOperation (VehicleJourneyRef, StartDate, EndDate) VALUES ('96688', 1508630400, 1508716799);
INSERT INTO DayOfNonOperation (VehicleJourneyRef, StartDate, EndDate) VALUES ('96688', 1508716800, 2524607999);
INSERT INTO VehicleJourney (VehicleJourneyCode, ServiceRef, LineRef, JourneyPatternRef, OperatorRef, Monday, Tuesday, Wednesday, Thursday, Friday, Saturday, Sunday, DepatureHour, DepatureMinute, DepatureSecond, Note, NoteCode) VALUES ('96689', 'FSACM03', '0', 'JPS_FSACM03-3', 'CAL', 0, 0, 0, 0, 0, 0, 1, 15, 10, 0, '', '');
INSERT INTO DayOfOperation (VehicleJourneyRef, StartDate, EndDate) VALUES ('96689', 1497744000, 1497830399);
INSERT INTO DayOfOperation (VehicleJourneyRef, StartDate, EndDate) VALUES ('96689', 1498348800, 1498435199);
INSERT INTO DayOfOperation (VehicleJourneyRef, StartDate, EndDate) VALUES ('96689', 1498953600, 1499039999);
INSERT INTO DayOfOperation (VehicleJourneyRef, StartDate, EndDate) VALUES ('96689', 1499558400, 1499644799);
INSERT INTO DayOfOperation (VehicleJourneyRef, StartDate, EndDate) VALUES ('96689', 1500163200, 1500249599);
INSERT INTO DayOfOperation (VehicleJourneyRef, StartDate, EndDate) VALUES ('96689', 1500768000, 1500854399);
INSERT INTO DayOfOperation (VehicleJourneyRef, StartDate, EndDate) VALUES ('96689', 1501372800, 1501459199);
INSERT INTO DayOfOperation (VehicleJourneyRef, StartDate, EndDate) VALUES ('96689', 1501977600, 1502063999);
INSERT INTO DayOfOperation (VehicleJourneyRef, StartDate, EndDate) VALUES ('96689', 1502582400, 1502668799);
INSERT INTO DayOfOperation (VehicleJourneyRef, StartDate, EndDate) VALUES ('96689', 1503187200, 1503273599);
INSERT INTO DayOfOperation (VehicleJourneyRef, StartDate, EndDate) VALUES ('96689', 1503792000, 1503878399);
INSERT INTO DayOfOperation (VehicleJourneyRef, StartDate, EndDate) VALUES ('96689', 1504396800, 1504483199);
INSERT INTO DayOfOperation (VehicleJourneyRef, StartDate, EndDate) VALUES ('96689', 1505001600, 1505087999);
INSERT INTO DayOfOperation (VehicleJourneyRef, StartDate, EndDate) VALUES ('96689', 1505606400, 1505692799);
INSERT INTO DayOfOperation (VehicleJourneyRef, StartDate, EndDate) VALUES ('96689', 1506211200, 1506297599);
INSERT INTO DayOfOperation (VehicleJourneyRef, StartDate, EndDate) VALUES ('96689', 1506816000, 1506902399);
INSERT INTO DayOfOperation (VehicleJourneyRef, StartDate, EndDate) VALUES ('96689', 1507420800, 1507507199);
INSERT INTO DayOfOperation (VehicleJourneyRef, StartDate, EndDate) VALUES ('96689', 1508025600, 1508111999);
INSERT INTO DayOfOperation (VehicleJourneyRef, StartDate, EndDate) VALUES ('96689', 1508630400, 1508716799);
INSERT INTO DayOfNonOperation (VehicleJourneyRef, StartDate, EndDate) VALUES ('96689', 1508716800, 2524607999);
INSERT INTO VehicleJourney (VehicleJourneyCode, ServiceRef, LineRef, JourneyPatternRef, OperatorRef, Monday, Tuesday, Wednesday, Thursday, Friday, Saturday, Sunday, DepatureHour, DepatureMinute, DepatureSecond, Note, NoteCode) VALUES ('96690', 'FSACM03', '0', 'JPS_FSACM03-3', 'CAL', 0, 0, 0, 0, 0, 0, 1, 16, 0, 0, '', '');
INSERT INTO DayOfOperation (VehicleJourneyRef, StartDate, EndDate) VALUES ('96690', 1497744000, 1497830399);
INSERT INTO DayOfOperation (VehicleJourneyRef, StartDate, EndDate) VALUES ('96690', 1498348800, 1498435199);
INSERT INTO DayOfOperation (VehicleJourneyRef, StartDate, EndDate) VALUES ('96690', 1498953600, 1499039999);
INSERT INTO DayOfOperation (VehicleJourneyRef, StartDate, EndDate) VALUES ('96690', 1499558400, 1499644799);
INSERT INTO DayOfOperation (VehicleJourneyRef, StartDate, EndDate) VALUES ('96690', 1500163200, 1500249599);
INSERT INTO DayOfOperation (VehicleJourneyRef, StartDate, EndDate) VALUES ('96690', 1500768000, 1500854399);
INSERT INTO DayOfOperation (VehicleJourneyRef, StartDate, EndDate) VALUES ('96690', 1501372800, 1501459199);
INSERT INTO DayOfOperation (VehicleJourneyRef, StartDate, EndDate) VALUES ('96690', 1501977600, 1502063999);
INSERT INTO DayOfOperation (VehicleJourneyRef, StartDate, EndDate) VALUES ('96690', 1502582400, 1502668799);
INSERT INTO DayOfOperation (VehicleJourneyRef, StartDate, EndDate) VALUES ('96690', 1503187200, 1503273599);
INSERT INTO DayOfOperation (VehicleJourneyRef, StartDate, EndDate) VALUES ('96690', 1503792000, 1503878399);
INSERT INTO DayOfOperation (VehicleJourneyRef, StartDate, EndDate) VALUES ('96690', 1504396800, 1504483199);
INSERT INTO DayOfOperation (VehicleJourneyRef, StartDate, EndDate) VALUES ('96690', 1505001600, 1505087999);
INSERT INTO DayOfOperation (VehicleJourneyRef, StartDate, EndDate) VALUES ('96690', 1505606400, 1505692799);
INSERT INTO DayOfOperation (VehicleJourneyRef, StartDate, EndDate) VALUES ('96690', 1506211200, 1506297599);
INSERT INTO DayOfOperation (VehicleJourneyRef, StartDate, EndDate) VALUES ('96690', 1506816000, 1506902399);
INSERT INTO DayOfOperation (VehicleJourneyRef, StartDate, EndDate) VALUES ('96690', 1507420800, 1507507199);
INSERT INTO DayOfOperation (VehicleJourneyRef, StartDate, EndDate) VALUES ('96690', 1508025600, 1508111999);
INSERT INTO DayOfOperation (VehicleJourneyRef, StartDate, EndDate) VALUES ('96690', 1508630400, 1508716799);
INSERT INTO DayOfNonOperation (VehicleJourneyRef, StartDate, EndDate) VALUES ('96690', 1508716800, 2524607999);
INSERT INTO VehicleJourney (VehicleJourneyCode, ServiceRef, LineRef, JourneyPatternRef, OperatorRef, Monday, Tuesday, Wednesday, Thursday, Friday, Saturday, Sunday, DepatureHour, DepatureMinute, DepatureSecond, Note, NoteCode) VALUES ('96691', 'FSACM03', '0', 'JPS_FSACM03-3', 'CAL', 0, 0, 0, 0, 0, 0, 1, 16, 45, 0, '', '');
INSERT INTO DayOfOperation (VehicleJourneyRef, StartDate, EndDate) VALUES ('96691', 1497744000, 1497830399);
INSERT INTO DayOfOperation (VehicleJourneyRef, StartDate, EndDate) VALUES ('96691', 1498348800, 1498435199);
INSERT INTO DayOfOperation (VehicleJourneyRef, StartDate, EndDate) VALUES ('96691', 1498953600, 1499039999);
INSERT INTO DayOfOperation (VehicleJourneyRef, StartDate, EndDate) VALUES ('96691', 1499558400, 1499644799);
INSERT INTO DayOfOperation (VehicleJourneyRef, StartDate, EndDate) VALUES ('96691', 1500163200, 1500249599);
INSERT INTO DayOfOperation (VehicleJourneyRef, StartDate, EndDate) VALUES ('96691', 1500768000, 1500854399);
INSERT INTO DayOfOperation (VehicleJourneyRef, StartDate, EndDate) VALUES ('96691', 1501372800, 1501459199);
INSERT INTO DayOfOperation (VehicleJourneyRef, StartDate, EndDate) VALUES ('96691', 1501977600, 1502063999);
INSERT INTO DayOfOperation (VehicleJourneyRef, StartDate, EndDate) VALUES ('96691', 1502582400, 1502668799);
INSERT INTO DayOfOperation (VehicleJourneyRef, StartDate, EndDate) VALUES ('96691', 1503187200, 1503273599);
INSERT INTO DayOfOperation (VehicleJourneyRef, StartDate, EndDate) VALUES ('96691', 1503792000, 1503878399);
INSERT INTO DayOfOperation (VehicleJourneyRef, StartDate, EndDate) VALUES ('96691', 1504396800, 1504483199);
INSERT INTO DayOfOperation (VehicleJourneyRef, StartDate, EndDate) VALUES ('96691', 1505001600, 1505087999);
INSERT INTO DayOfOperation (VehicleJourneyRef, StartDate, EndDate) VALUES ('96691', 1505606400, 1505692799);
INSERT INTO DayOfOperation (VehicleJourneyRef, StartDate, EndDate) VALUES ('96691', 1506211200, 1506297599);
INSERT INTO DayOfOperation (VehicleJourneyRef, StartDate, EndDate) VALUES ('96691', 1506816000, 1506902399);
INSERT INTO DayOfOperation (VehicleJourneyRef, StartDate, EndDate) VALUES ('96691', 1507420800, 1507507199);
INSERT INTO DayOfOperation (VehicleJourneyRef, StartDate, EndDate) VALUES ('96691', 1508025600, 1508111999);
INSERT INTO DayOfOperation (VehicleJourneyRef, StartDate, EndDate) VALUES ('96691', 1508630400, 1508716799);
INSERT INTO DayOfNonOperation (VehicleJourneyRef, StartDate, EndDate) VALUES ('96691', 1508716800, 2524607999);
INSERT INTO VehicleJourney (VehicleJourneyCode, ServiceRef, LineRef, JourneyPatternRef, OperatorRef, Monday, Tuesday, Wednesday, Thursday, Friday, Saturday, Sunday, DepatureHour, DepatureMinute, DepatureSecond, Note, NoteCode) VALUES ('96692', 'FSACM03', '0', 'JPS_FSACM03-3', 'CAL', 0, 0, 0, 0, 0, 0, 1, 17, 30, 0, '', '');
INSERT INTO DayOfOperation (VehicleJourneyRef, StartDate, EndDate) VALUES ('96692', 1497744000, 1497830399);
INSERT INTO DayOfOperation (VehicleJourneyRef, StartDate, EndDate) VALUES ('96692', 1498348800, 1498435199);
INSERT INTO DayOfOperation (VehicleJourneyRef, StartDate, EndDate) VALUES ('96692', 1498953600, 1499039999);
INSERT INTO DayOfOperation (VehicleJourneyRef, StartDate, EndDate) VALUES ('96692', 1499558400, 1499644799);
INSERT INTO DayOfOperation (VehicleJourneyRef, StartDate, EndDate) VALUES ('96692', 1500163200, 1500249599);
INSERT INTO DayOfOperation (VehicleJourneyRef, StartDate, EndDate) VALUES ('96692', 1500768000, 1500854399);
INSERT INTO DayOfOperation (VehicleJourneyRef, StartDate, EndDate) VALUES ('96692', 1501372800, 1501459199);
INSERT INTO DayOfOperation (VehicleJourneyRef, StartDate, EndDate) VALUES ('96692', 1501977600, 1502063999);
INSERT INTO DayOfOperation (VehicleJourneyRef, StartDate, EndDate) VALUES ('96692', 1502582400, 1502668799);
INSERT INTO DayOfOperation (VehicleJourneyRef, StartDate, EndDate) VALUES ('96692', 1503187200, 1503273599);
INSERT INTO DayOfOperation (VehicleJourneyRef, StartDate, EndDate) VALUES ('96692', 1503792000, 1503878399);
INSERT INTO DayOfOperation (VehicleJourneyRef, StartDate, EndDate) VALUES ('96692', 1504396800, 1504483199);
INSERT INTO DayOfOperation (VehicleJourneyRef, StartDate, EndDate) VALUES ('96692', 1505001600, 1505087999);
INSERT INTO DayOfOperation (VehicleJourneyRef, StartDate, EndDate) VALUES ('96692', 1505606400, 1505692799);
INSERT INTO DayOfOperation (VehicleJourneyRef, StartDate, EndDate) VALUES ('96692', 1506211200, 1506297599);
INSERT INTO DayOfOperation (VehicleJourneyRef, StartDate, EndDate) VALUES ('96692', 1506816000, 1506902399);
INSERT INTO DayOfOperation (VehicleJourneyRef, StartDate, EndDate) VALUES ('96692', 1507420800, 1507507199);
INSERT INTO DayOfOperation (VehicleJourneyRef, StartDate, EndDate) VALUES ('96692', 1508025600, 1508111999);
INSERT INTO DayOfOperation (VehicleJourneyRef, StartDate, EndDate) VALUES ('96692', 1508630400, 1508716799);
INSERT INTO DayOfNonOperation (VehicleJourneyRef, StartDate, EndDate) VALUES ('96692', 1508716800, 2524607999);
INSERT INTO VehicleJourney (VehicleJourneyCode, ServiceRef, LineRef, JourneyPatternRef, OperatorRef, Monday, Tuesday, Wednesday, Thursday, Friday, Saturday, Sunday, DepatureHour, DepatureMinute, DepatureSecond, Note, NoteCode) VALUES ('96693', 'FSACM03', '0', 'JPS_FSACM03-3', 'CAL', 0, 0, 0, 0, 0, 0, 1, 18, 15, 0, '', '');
INSERT INTO DayOfOperation (VehicleJourneyRef, StartDate, EndDate) VALUES ('96693', 1497744000, 1497830399);
INSERT INTO DayOfOperation (VehicleJourneyRef, StartDate, EndDate) VALUES ('96693', 1498348800, 1498435199);
INSERT INTO DayOfOperation (VehicleJourneyRef, StartDate, EndDate) VALUES ('96693', 1498953600, 1499039999);
INSERT INTO DayOfOperation (VehicleJourneyRef, StartDate, EndDate) VALUES ('96693', 1499558400, 1499644799);
INSERT INTO DayOfOperation (VehicleJourneyRef, StartDate, EndDate) VALUES ('96693', 1500163200, 1500249599);
INSERT INTO DayOfOperation (VehicleJourneyRef, StartDate, EndDate) VALUES ('96693', 1500768000, 1500854399);
INSERT INTO DayOfOperation (VehicleJourneyRef, StartDate, EndDate) VALUES ('96693', 1501372800, 1501459199);
INSERT INTO DayOfOperation (VehicleJourneyRef, StartDate, EndDate) VALUES ('96693', 1501977600, 1502063999);
INSERT INTO DayOfOperation (VehicleJourneyRef, StartDate, EndDate) VALUES ('96693', 1502582400, 1502668799);
INSERT INTO DayOfOperation (VehicleJourneyRef, StartDate, EndDate) VALUES ('96693', 1503187200, 1503273599);
INSERT INTO DayOfOperation (VehicleJourneyRef, StartDate, EndDate) VALUES ('96693', 1503792000, 1503878399);
INSERT INTO DayOfOperation (VehicleJourneyRef, StartDate, EndDate) VALUES ('96693', 1504396800, 1504483199);
INSERT INTO DayOfOperation (VehicleJourneyRef, StartDate, EndDate) VALUES ('96693', 1505001600, 1505087999);
INSERT INTO DayOfOperation (VehicleJourneyRef, StartDate, EndDate) VALUES ('96693', 1505606400, 1505692799);
INSERT INTO DayOfOperation (VehicleJourneyRef, StartDate, EndDate) VALUES ('96693', 1506211200, 1506297599);
INSERT INTO DayOfOperation (VehicleJourneyRef, StartDate, EndDate) VALUES ('96693', 1506816000, 1506902399);
INSERT INTO DayOfOperation (VehicleJourneyRef, StartDate, EndDate) VALUES ('96693', 1507420800, 1507507199);
INSERT INTO DayOfOperation (VehicleJourneyRef, StartDate, EndDate) VALUES ('96693', 1508025600, 1508111999);
INSERT INTO DayOfOperation (VehicleJourneyRef, StartDate, EndDate) VALUES ('96693', 1508630400, 1508716799);
INSERT INTO DayOfNonOperation (VehicleJourneyRef, StartDate, EndDate) VALUES ('96693', 1508716800, 2524607999);
INSERT INTO VehicleJourney (VehicleJourneyCode, ServiceRef, LineRef, JourneyPatternRef, OperatorRef, Monday, Tuesday, Wednesday, Thursday, Friday, Saturday, Sunday, DepatureHour, DepatureMinute, DepatureSecond, Note, NoteCode) VALUES ('96694', 'FSACM03', '0', 'JPS_FSACM03-3', 'CAL', 0, 0, 0, 0, 0, 0, 1, 19, 0, 0, '', '');
INSERT INTO DayOfOperation (VehicleJourneyRef, StartDate, EndDate) VALUES ('96694', 1497744000, 1497830399);
INSERT INTO DayOfOperation (VehicleJourneyRef, StartDate, EndDate) VALUES ('96694', 1498348800, 1498435199);
INSERT INTO DayOfOperation (VehicleJourneyRef, StartDate, EndDate) VALUES ('96694', 1498953600, 1499039999);
INSERT INTO DayOfOperation (VehicleJourneyRef, StartDate, EndDate) VALUES ('96694', 1499558400, 1499644799);
INSERT INTO DayOfOperation (VehicleJourneyRef, StartDate, EndDate) VALUES ('96694', 1500163200, 1500249599);
INSERT INTO DayOfOperation (VehicleJourneyRef, StartDate, EndDate) VALUES ('96694', 1500768000, 1500854399);
INSERT INTO DayOfOperation (VehicleJourneyRef, StartDate, EndDate) VALUES ('96694', 1501372800, 1501459199);
INSERT INTO DayOfOperation (VehicleJourneyRef, StartDate, EndDate) VALUES ('96694', 1501977600, 1502063999);
INSERT INTO DayOfOperation (VehicleJourneyRef, StartDate, EndDate) VALUES ('96694', 1502582400, 1502668799);
INSERT INTO DayOfOperation (VehicleJourneyRef, StartDate, EndDate) VALUES ('96694', 1503187200, 1503273599);
INSERT INTO DayOfOperation (VehicleJourneyRef, StartDate, EndDate) VALUES ('96694', 1503792000, 1503878399);
INSERT INTO DayOfOperation (VehicleJourneyRef, StartDate, EndDate) VALUES ('96694', 1504396800, 1504483199);
INSERT INTO DayOfOperation (VehicleJourneyRef, StartDate, EndDate) VALUES ('96694', 1505001600, 1505087999);
INSERT INTO DayOfOperation (VehicleJourneyRef, StartDate, EndDate) VALUES ('96694', 1505606400, 1505692799);
INSERT INTO DayOfOperation (VehicleJourneyRef, StartDate, EndDate) VALUES ('96694', 1506211200, 1506297599);
INSERT INTO DayOfOperation (VehicleJourneyRef, StartDate, EndDate) VALUES ('96694', 1506816000, 1506902399);
INSERT INTO DayOfOperation (VehicleJourneyRef, StartDate, EndDate) VALUES ('96694', 1507420800, 1507507199);
INSERT INTO DayOfOperation (VehicleJourneyRef, StartDate, EndDate) VALUES ('96694', 1508025600, 1508111999);
INSERT INTO DayOfOperation (VehicleJourneyRef, StartDate, EndDate) VALUES ('96694', 1508630400, 1508716799);
INSERT INTO DayOfNonOperation (VehicleJourneyRef, StartDate, EndDate) VALUES ('96694', 1508716800, 2524607999);
INSERT INTO VehicleJourney (VehicleJourneyCode, ServiceRef, LineRef, JourneyPatternRef, OperatorRef, Monday, Tuesday, Wednesday, Thursday, Friday, Saturday, Sunday, DepatureHour, DepatureMinute, DepatureSecond, Note, NoteCode) VALUES ('96695', 'FSACM03', '0', 'JPS_FSACM03-3', 'CAL', 0, 0, 0, 0, 0, 0, 1, 19, 45, 0, '', '');
INSERT INTO DayOfOperation (VehicleJourneyRef, StartDate, EndDate) VALUES ('96695', 1497744000, 1497830399);
INSERT INTO DayOfOperation (VehicleJourneyRef, StartDate, EndDate) VALUES ('96695', 1498348800, 1498435199);
INSERT INTO DayOfOperation (VehicleJourneyRef, StartDate, EndDate) VALUES ('96695', 1498953600, 1499039999);
INSERT INTO DayOfOperation (VehicleJourneyRef, StartDate, EndDate) VALUES ('96695', 1499558400, 1499644799);
INSERT INTO DayOfOperation (VehicleJourneyRef, StartDate, EndDate) VALUES ('96695', 1500163200, 1500249599);
INSERT INTO DayOfOperation (VehicleJourneyRef, StartDate, EndDate) VALUES ('96695', 1500768000, 1500854399);
INSERT INTO DayOfOperation (VehicleJourneyRef, StartDate, EndDate) VALUES ('96695', 1501372800, 1501459199);
INSERT INTO DayOfOperation (VehicleJourneyRef, StartDate, EndDate) VALUES ('96695', 1501977600, 1502063999);
INSERT INTO DayOfOperation (VehicleJourneyRef, StartDate, EndDate) VALUES ('96695', 1502582400, 1502668799);
INSERT INTO DayOfOperation (VehicleJourneyRef, StartDate, EndDate) VALUES ('96695', 1503187200, 1503273599);
INSERT INTO DayOfOperation (VehicleJourneyRef, StartDate, EndDate) VALUES ('96695', 1503792000, 1503878399);
INSERT INTO DayOfOperation (VehicleJourneyRef, StartDate, EndDate) VALUES ('96695', 1504396800, 1504483199);
INSERT INTO DayOfOperation (VehicleJourneyRef, StartDate, EndDate) VALUES ('96695', 1505001600, 1505087999);
INSERT INTO DayOfOperation (VehicleJourneyRef, StartDate, EndDate) VALUES ('96695', 1505606400, 1505692799);
INSERT INTO DayOfOperation (VehicleJourneyRef, StartDate, EndDate) VALUES ('96695', 1506211200, 1506297599);
INSERT INTO DayOfOperation (VehicleJourneyRef, StartDate, EndDate) VALUES ('96695', 1506816000, 1506902399);
INSERT INTO DayOfOperation (VehicleJourneyRef, StartDate, EndDate) VALUES ('96695', 1507420800, 1507507199);
INSERT INTO DayOfOperation (VehicleJourneyRef, StartDate, EndDate) VALUES ('96695', 1508025600, 1508111999);
INSERT INTO DayOfOperation (VehicleJourneyRef, StartDate, EndDate) VALUES ('96695', 1508630400, 1508716799);
INSERT INTO DayOfNonOperation (VehicleJourneyRef, StartDate, EndDate) VALUES ('96695', 1508716800, 2524607999);
INSERT INTO VehicleJourney (VehicleJourneyCode, ServiceRef, LineRef, JourneyPatternRef, OperatorRef, Monday, Tuesday, Wednesday, Thursday, Friday, Saturday, Sunday, DepatureHour, DepatureMinute, DepatureSecond, Note, NoteCode) VALUES ('96732', 'FSACM03', '0', 'JPS_FSACM03-4', 'CAL', 0, 0, 0, 0, 1, 0, 0, 20, 45, 0, '', '');
INSERT INTO DayOfNonOperation (VehicleJourneyRef, StartDate, EndDate) VALUES ('96732', 1508716800, 2524607999);
INSERT INTO VehicleJourney (VehicleJourneyCode, ServiceRef, LineRef, JourneyPatternRef, OperatorRef, Monday, Tuesday, Wednesday, Thursday, Friday, Saturday, Sunday, DepatureHour, DepatureMinute, DepatureSecond, Note, NoteCode) VALUES ('96733', 'FSACM03', '0', 'JPS_FSACM03-4', 'CAL', 1, 1, 1, 1, 1, 0, 0, 7, 15, 0, '', '');
INSERT INTO DayOfNonOperation (VehicleJourneyRef, StartDate, EndDate) VALUES ('96733', 1508716800, 2524607999);
INSERT INTO VehicleJourney (VehicleJourneyCode, ServiceRef, LineRef, JourneyPatternRef, OperatorRef, Monday, Tuesday, Wednesday, Thursday, Friday, Saturday, Sunday, DepatureHour, DepatureMinute, DepatureSecond, Note, NoteCode) VALUES ('96734', 'FSACM03', '0', 'JPS_FSACM03-4', 'CAL', 1, 1, 1, 1, 1, 0, 0, 7, 55, 0, '', '');
INSERT INTO DayOfNonOperation (VehicleJourneyRef, StartDate, EndDate) VALUES ('96734', 1508716800, 2524607999);
INSERT INTO VehicleJourney (VehicleJourneyCode, ServiceRef, LineRef, JourneyPatternRef, OperatorRef, Monday, Tuesday, Wednesday, Thursday, Friday, Saturday, Sunday, DepatureHour, DepatureMinute, DepatureSecond, Note, NoteCode) VALUES ('96735', 'FSACM03', '0', 'JPS_FSACM03-4', 'CAL', 1, 1, 1, 1, 1, 0, 0, 8, 45, 0, '', '');
INSERT INTO DayOfNonOperation (VehicleJourneyRef, StartDate, EndDate) VALUES ('96735', 1508716800, 2524607999);
INSERT INTO VehicleJourney (VehicleJourneyCode, ServiceRef, LineRef, JourneyPatternRef, OperatorRef, Monday, Tuesday, Wednesday, Thursday, Friday, Saturday, Sunday, DepatureHour, DepatureMinute, DepatureSecond, Note, NoteCode) VALUES ('96736', 'FSACM03', '0', 'JPS_FSACM03-4', 'CAL', 1, 1, 1, 1, 1, 0, 0, 9, 25, 0, '', '');
INSERT INTO DayOfNonOperation (VehicleJourneyRef, StartDate, EndDate) VALUES ('96736', 1508716800, 2524607999);
INSERT INTO VehicleJourney (VehicleJourneyCode, ServiceRef, LineRef, JourneyPatternRef, OperatorRef, Monday, Tuesday, Wednesday, Thursday, Friday, Saturday, Sunday, DepatureHour, DepatureMinute, DepatureSecond, Note, NoteCode) VALUES ('96737', 'FSACM03', '0', 'JPS_FSACM03-4', 'CAL', 1, 1, 1, 1, 1, 0, 0, 10, 15, 0, '', '');
INSERT INTO DayOfNonOperation (VehicleJourneyRef, StartDate, EndDate) VALUES ('96737', 1508716800, 2524607999);
INSERT INTO VehicleJourney (VehicleJourneyCode, ServiceRef, LineRef, JourneyPatternRef, OperatorRef, Monday, Tuesday, Wednesday, Thursday, Friday, Saturday, Sunday, DepatureHour, DepatureMinute, DepatureSecond, Note, NoteCode) VALUES ('96738', 'FSACM03', '0', 'JPS_FSACM03-4', 'CAL', 1, 1, 1, 1, 1, 0, 0, 11, 0, 0, '', '');
INSERT INTO DayOfNonOperation (VehicleJourneyRef, StartDate, EndDate) VALUES ('96738', 1508716800, 2524607999);
INSERT INTO VehicleJourney (VehicleJourneyCode, ServiceRef, LineRef, JourneyPatternRef, OperatorRef, Monday, Tuesday, Wednesday, Thursday, Friday, Saturday, Sunday, DepatureHour, DepatureMinute, DepatureSecond, Note, NoteCode) VALUES ('96739', 'FSACM03', '0', 'JPS_FSACM03-4', 'CAL', 1, 1, 1, 1, 1, 0, 0, 12, 0, 0, '', '');
INSERT INTO DayOfNonOperation (VehicleJourneyRef, StartDate, EndDate) VALUES ('96739', 1508716800, 2524607999);
INSERT INTO VehicleJourney (VehicleJourneyCode, ServiceRef, LineRef, JourneyPatternRef, OperatorRef, Monday, Tuesday, Wednesday, Thursday, Friday, Saturday, Sunday, DepatureHour, DepatureMinute, DepatureSecond, Note, NoteCode) VALUES ('96740', 'FSACM03', '0', 'JPS_FSACM03-4', 'CAL', 1, 1, 1, 1, 1, 0, 0, 13, 5, 0, '', '');
INSERT INTO DayOfNonOperation (VehicleJourneyRef, StartDate, EndDate) VALUES ('96740', 1508716800, 2524607999);
INSERT INTO VehicleJourney (VehicleJourneyCode, ServiceRef, LineRef, JourneyPatternRef, OperatorRef, Monday, Tuesday, Wednesday, Thursday, Friday, Saturday, Sunday, DepatureHour, DepatureMinute, DepatureSecond, Note, NoteCode) VALUES ('96741', 'FSACM03', '0', 'JPS_FSACM03-4', 'CAL', 1, 1, 1, 1, 1, 0, 0, 14, 5, 0, '', '');
INSERT INTO DayOfNonOperation (VehicleJourneyRef, StartDate, EndDate) VALUES ('96741', 1508716800, 2524607999);
INSERT INTO VehicleJourney (VehicleJourneyCode, ServiceRef, LineRef, JourneyPatternRef, OperatorRef, Monday, Tuesday, Wednesday, Thursday, Friday, Saturday, Sunday, DepatureHour, DepatureMinute, DepatureSecond, Note, NoteCode) VALUES ('96742', 'FSACM03', '0', 'JPS_FSACM03-4', 'CAL', 1, 1, 1, 1, 1, 0, 0, 15, 0, 0, '', '');
INSERT INTO DayOfNonOperation (VehicleJourneyRef, StartDate, EndDate) VALUES ('96742', 1508716800, 2524607999);
INSERT INTO VehicleJourney (VehicleJourneyCode, ServiceRef, LineRef, JourneyPatternRef, OperatorRef, Monday, Tuesday, Wednesday, Thursday, Friday, Saturday, Sunday, DepatureHour, DepatureMinute, DepatureSecond, Note, NoteCode) VALUES ('96743', 'FSACM03', '0', 'JPS_FSACM03-4', 'CAL', 1, 1, 1, 1, 1, 0, 0, 16, 0, 0, '', '');
INSERT INTO DayOfNonOperation (VehicleJourneyRef, StartDate, EndDate) VALUES ('96743', 1508716800, 2524607999);
INSERT INTO VehicleJourney (VehicleJourneyCode, ServiceRef, LineRef, JourneyPatternRef, OperatorRef, Monday, Tuesday, Wednesday, Thursday, Friday, Saturday, Sunday, DepatureHour, DepatureMinute, DepatureSecond, Note, NoteCode) VALUES ('96744', 'FSACM03', '0', 'JPS_FSACM03-4', 'CAL', 1, 1, 1, 1, 1, 0, 0, 16, 45, 0, '', '');
INSERT INTO DayOfNonOperation (VehicleJourneyRef, StartDate, EndDate) VALUES ('96744', 1508716800, 2524607999);
INSERT INTO VehicleJourney (VehicleJourneyCode, ServiceRef, LineRef, JourneyPatternRef, OperatorRef, Monday, Tuesday, Wednesday, Thursday, Friday, Saturday, Sunday, DepatureHour, DepatureMinute, DepatureSecond, Note, NoteCode) VALUES ('96745', 'FSACM03', '0', 'JPS_FSACM03-4', 'CAL', 1, 1, 1, 1, 1, 0, 0, 17, 30, 0, '', '');
INSERT INTO DayOfNonOperation (VehicleJourneyRef, StartDate, EndDate) VALUES ('96745', 1508716800, 2524607999);
INSERT INTO VehicleJourney (VehicleJourneyCode, ServiceRef, LineRef, JourneyPatternRef, OperatorRef, Monday, Tuesday, Wednesday, Thursday, Friday, Saturday, Sunday, DepatureHour, DepatureMinute, DepatureSecond, Note, NoteCode) VALUES ('96746', 'FSACM03', '0', 'JPS_FSACM03-4', 'CAL', 1, 1, 1, 1, 1, 0, 0, 18, 15, 0, '', '');
INSERT INTO DayOfNonOperation (VehicleJourneyRef, StartDate, EndDate) VALUES ('96746', 1508716800, 2524607999);
INSERT INTO VehicleJourney (VehicleJourneyCode, ServiceRef, LineRef, JourneyPatternRef, OperatorRef, Monday, Tuesday, Wednesday, Thursday, Friday, Saturday, Sunday, DepatureHour, DepatureMinute, DepatureSecond, Note, NoteCode) VALUES ('96747', 'FSACM03', '0', 'JPS_FSACM03-4', 'CAL', 1, 1, 1, 1, 1, 0, 0, 19, 0, 0, '', '');
INSERT INTO DayOfNonOperation (VehicleJourneyRef, StartDate, EndDate) VALUES ('96747', 1508716800, 2524607999);
INSERT INTO VehicleJourney (VehicleJourneyCode, ServiceRef, LineRef, JourneyPatternRef, OperatorRef, Monday, Tuesday, Wednesday, Thursday, Friday, Saturday, Sunday, DepatureHour, DepatureMinute, DepatureSecond, Note, NoteCode) VALUES ('96748', 'FSACM03', '0', 'JPS_FSACM03-4', 'CAL', 1, 1, 1, 1, 1, 0, 0, 19, 45, 0, '', '');
INSERT INTO DayOfNonOperation (VehicleJourneyRef, StartDate, EndDate) VALUES ('96748', 1508716800, 2524607999);
INSERT INTO VehicleJourney (VehicleJourneyCode, ServiceRef, LineRef, JourneyPatternRef, OperatorRef, Monday, Tuesday, Wednesday, Thursday, Friday, Saturday, Sunday, DepatureHour, DepatureMinute, DepatureSecond, Note, NoteCode) VALUES ('96765', 'FSACM03', '0', 'JPS_FSACM03-4', 'CAL', 0, 0, 0, 0, 0, 1, 0, 7, 55, 0, '', '');
INSERT INTO DayOfOperation (VehicleJourneyRef, StartDate, EndDate) VALUES ('96765', 1497657600, 1497743999);
INSERT INTO DayOfOperation (VehicleJourneyRef, StartDate, EndDate) VALUES ('96765', 1498262400, 1498348799);
INSERT INTO DayOfOperation (VehicleJourneyRef, StartDate, EndDate) VALUES ('96765', 1498867200, 1498953599);
INSERT INTO DayOfOperation (VehicleJourneyRef, StartDate, EndDate) VALUES ('96765', 1499472000, 1499558399);
INSERT INTO DayOfOperation (VehicleJourneyRef, StartDate, EndDate) VALUES ('96765', 1500076800, 1500163199);
INSERT INTO DayOfOperation (VehicleJourneyRef, StartDate, EndDate) VALUES ('96765', 1500681600, 1500767999);
INSERT INTO DayOfOperation (VehicleJourneyRef, StartDate, EndDate) VALUES ('96765', 1501286400, 1501372799);
INSERT INTO DayOfOperation (VehicleJourneyRef, StartDate, EndDate) VALUES ('96765', 1501891200, 1501977599);
INSERT INTO DayOfOperation (VehicleJourneyRef, StartDate, EndDate) VALUES ('96765', 1502496000, 1502582399);
INSERT INTO DayOfOperation (VehicleJourneyRef, StartDate, EndDate) VALUES ('96765', 1503100800, 1503187199);
INSERT INTO DayOfOperation (VehicleJourneyRef, StartDate, EndDate) VALUES ('96765', 1503705600, 1503791999);
INSERT INTO DayOfOperation (VehicleJourneyRef, StartDate, EndDate) VALUES ('96765', 1504310400, 1504396799);
INSERT INTO DayOfOperation (VehicleJourneyRef, StartDate, EndDate) VALUES ('96765', 1504915200, 1505001599);
INSERT INTO DayOfOperation (VehicleJourneyRef, StartDate, EndDate) VALUES ('96765', 1505520000, 1505606399);
INSERT INTO DayOfOperation (VehicleJourneyRef, StartDate, EndDate) VALUES ('96765', 1506124800, 1506211199);
INSERT INTO DayOfOperation (VehicleJourneyRef, StartDate, EndDate) VALUES ('96765', 1506729600, 1506815999);
INSERT INTO DayOfOperation (VehicleJourneyRef, StartDate, EndDate) VALUES ('96765', 1507334400, 1507420799);
INSERT INTO DayOfOperation (VehicleJourneyRef, StartDate, EndDate) VALUES ('96765', 1507939200, 1508025599);
INSERT INTO DayOfOperation (VehicleJourneyRef, StartDate, EndDate) VALUES ('96765', 1508544000, 1508630399);
INSERT INTO DayOfNonOperation (VehicleJourneyRef, StartDate, EndDate) VALUES ('96765', 1508716800, 2524607999);
INSERT INTO VehicleJourney (VehicleJourneyCode, ServiceRef, LineRef, JourneyPatternRef, OperatorRef, Monday, Tuesday, Wednesday, Thursday, Friday, Saturday, Sunday, DepatureHour, DepatureMinute, DepatureSecond, Note, NoteCode) VALUES ('96766', 'FSACM03', '0', 'JPS_FSACM03-4', 'CAL', 0, 0, 0, 0, 0, 1, 0, 8, 45, 0, '', '');
INSERT INTO DayOfOperation (VehicleJourneyRef, StartDate, EndDate) VALUES ('96766', 1497657600, 1497743999);
INSERT INTO DayOfOperation (VehicleJourneyRef, StartDate, EndDate) VALUES ('96766', 1498262400, 1498348799);
INSERT INTO DayOfOperation (VehicleJourneyRef, StartDate, EndDate) VALUES ('96766', 1498867200, 1498953599);
INSERT INTO DayOfOperation (VehicleJourneyRef, StartDate, EndDate) VALUES ('96766', 1499472000, 1499558399);
INSERT INTO DayOfOperation (VehicleJourneyRef, StartDate, EndDate) VALUES ('96766', 1500076800, 1500163199);
INSERT INTO DayOfOperation (VehicleJourneyRef, StartDate, EndDate) VALUES ('96766', 1500681600, 1500767999);
INSERT INTO DayOfOperation (VehicleJourneyRef, StartDate, EndDate) VALUES ('96766', 1501286400, 1501372799);
INSERT INTO DayOfOperation (VehicleJourneyRef, StartDate, EndDate) VALUES ('96766', 1501891200, 1501977599);
INSERT INTO DayOfOperation (VehicleJourneyRef, StartDate, EndDate) VALUES ('96766', 1502496000, 1502582399);
INSERT INTO DayOfOperation (VehicleJourneyRef, StartDate, EndDate) VALUES ('96766', 1503100800, 1503187199);
INSERT INTO DayOfOperation (VehicleJourneyRef, StartDate, EndDate) VALUES ('96766', 1503705600, 1503791999);
INSERT INTO DayOfOperation (VehicleJourneyRef, StartDate, EndDate) VALUES ('96766', 1504310400, 1504396799);
INSERT INTO DayOfOperation (VehicleJourneyRef, StartDate, EndDate) VALUES ('96766', 1504915200, 1505001599);
INSERT INTO DayOfOperation (VehicleJourneyRef, StartDate, EndDate) VALUES ('96766', 1505520000, 1505606399);
INSERT INTO DayOfOperation (VehicleJourneyRef, StartDate, EndDate) VALUES ('96766', 1506124800, 1506211199);
INSERT INTO DayOfOperation (VehicleJourneyRef, StartDate, EndDate) VALUES ('96766', 1506729600, 1506815999);
INSERT INTO DayOfOperation (VehicleJourneyRef, StartDate, EndDate) VALUES ('96766', 1507334400, 1507420799);
INSERT INTO DayOfOperation (VehicleJourneyRef, StartDate, EndDate) VALUES ('96766', 1507939200, 1508025599);
INSERT INTO DayOfOperation (VehicleJourneyRef, StartDate, EndDate) VALUES ('96766', 1508544000, 1508630399);
INSERT INTO DayOfNonOperation (VehicleJourneyRef, StartDate, EndDate) VALUES ('96766', 1508716800, 2524607999);
INSERT INTO VehicleJourney (VehicleJourneyCode, ServiceRef, LineRef, JourneyPatternRef, OperatorRef, Monday, Tuesday, Wednesday, Thursday, Friday, Saturday, Sunday, DepatureHour, DepatureMinute, DepatureSecond, Note, NoteCode) VALUES ('96767', 'FSACM03', '0', 'JPS_FSACM03-4', 'CAL', 0, 0, 0, 0, 0, 1, 0, 9, 25, 0, '', '');
INSERT INTO DayOfOperation (VehicleJourneyRef, StartDate, EndDate) VALUES ('96767', 1497657600, 1497743999);
INSERT INTO DayOfOperation (VehicleJourneyRef, StartDate, EndDate) VALUES ('96767', 1498262400, 1498348799);
INSERT INTO DayOfOperation (VehicleJourneyRef, StartDate, EndDate) VALUES ('96767', 1498867200, 1498953599);
INSERT INTO DayOfOperation (VehicleJourneyRef, StartDate, EndDate) VALUES ('96767', 1499472000, 1499558399);
INSERT INTO DayOfOperation (VehicleJourneyRef, StartDate, EndDate) VALUES ('96767', 1500076800, 1500163199);
INSERT INTO DayOfOperation (VehicleJourneyRef, StartDate, EndDate) VALUES ('96767', 1500681600, 1500767999);
INSERT INTO DayOfOperation (VehicleJourneyRef, StartDate, EndDate) VALUES ('96767', 1501286400, 1501372799);
INSERT INTO DayOfOperation (VehicleJourneyRef, StartDate, EndDate) VALUES ('96767', 1501891200, 1501977599);
INSERT INTO DayOfOperation (VehicleJourneyRef, StartDate, EndDate) VALUES ('96767', 1502496000, 1502582399);
INSERT INTO DayOfOperation (VehicleJourneyRef, StartDate, EndDate) VALUES ('96767', 1503100800, 1503187199);
INSERT INTO DayOfOperation (VehicleJourneyRef, StartDate, EndDate) VALUES ('96767', 1503705600, 1503791999);
INSERT INTO DayOfOperation (VehicleJourneyRef, StartDate, EndDate) VALUES ('96767', 1504310400, 1504396799);
INSERT INTO DayOfOperation (VehicleJourneyRef, StartDate, EndDate) VALUES ('96767', 1504915200, 1505001599);
INSERT INTO DayOfOperation (VehicleJourneyRef, StartDate, EndDate) VALUES ('96767', 1505520000, 1505606399);
INSERT INTO DayOfOperation (VehicleJourneyRef, StartDate, EndDate) VALUES ('96767', 1506124800, 1506211199);
INSERT INTO DayOfOperation (VehicleJourneyRef, StartDate, EndDate) VALUES ('96767', 1506729600, 1506815999);
INSERT INTO DayOfOperation (VehicleJourneyRef, StartDate, EndDate) VALUES ('96767', 1507334400, 1507420799);
INSERT INTO DayOfOperation (VehicleJourneyRef, StartDate, EndDate) VALUES ('96767', 1507939200, 1508025599);
INSERT INTO DayOfOperation (VehicleJourneyRef, StartDate, EndDate) VALUES ('96767', 1508544000, 1508630399);
INSERT INTO DayOfNonOperation (VehicleJourneyRef, StartDate, EndDate) VALUES ('96767', 1508716800, 2524607999);
INSERT INTO VehicleJourney (VehicleJourneyCode, ServiceRef, LineRef, JourneyPatternRef, OperatorRef, Monday, Tuesday, Wednesday, Thursday, Friday, Saturday, Sunday, DepatureHour, DepatureMinute, DepatureSecond, Note, NoteCode) VALUES ('96768', 'FSACM03', '0', 'JPS_FSACM03-4', 'CAL', 0, 0, 0, 0, 0, 1, 0, 10, 15, 0, '', '');
INSERT INTO DayOfOperation (VehicleJourneyRef, StartDate, EndDate) VALUES ('96768', 1497657600, 1497743999);
INSERT INTO DayOfOperation (VehicleJourneyRef, StartDate, EndDate) VALUES ('96768', 1498262400, 1498348799);
INSERT INTO DayOfOperation (VehicleJourneyRef, StartDate, EndDate) VALUES ('96768', 1498867200, 1498953599);
INSERT INTO DayOfOperation (VehicleJourneyRef, StartDate, EndDate) VALUES ('96768', 1499472000, 1499558399);
INSERT INTO DayOfOperation (VehicleJourneyRef, StartDate, EndDate) VALUES ('96768', 1500076800, 1500163199);
INSERT INTO DayOfOperation (VehicleJourneyRef, StartDate, EndDate) VALUES ('96768', 1500681600, 1500767999);
INSERT INTO DayOfOperation (VehicleJourneyRef, StartDate, EndDate) VALUES ('96768', 1501286400, 1501372799);
INSERT INTO DayOfOperation (VehicleJourneyRef, StartDate, EndDate) VALUES ('96768', 1501891200, 1501977599);
INSERT INTO DayOfOperation (VehicleJourneyRef, StartDate, EndDate) VALUES ('96768', 1502496000, 1502582399);
INSERT INTO DayOfOperation (VehicleJourneyRef, StartDate, EndDate) VALUES ('96768', 1503100800, 1503187199);
INSERT INTO DayOfOperation (VehicleJourneyRef, StartDate, EndDate) VALUES ('96768', 1503705600, 1503791999);
INSERT INTO DayOfOperation (VehicleJourneyRef, StartDate, EndDate) VALUES ('96768', 1504310400, 1504396799);
INSERT INTO DayOfOperation (VehicleJourneyRef, StartDate, EndDate) VALUES ('96768', 1504915200, 1505001599);
INSERT INTO DayOfOperation (VehicleJourneyRef, StartDate, EndDate) VALUES ('96768', 1505520000, 1505606399);
INSERT INTO DayOfOperation (VehicleJourneyRef, StartDate, EndDate) VALUES ('96768', 1506124800, 1506211199);
INSERT INTO DayOfOperation (VehicleJourneyRef, StartDate, EndDate) VALUES ('96768', 1506729600, 1506815999);
INSERT INTO DayOfOperation (VehicleJourneyRef, StartDate, EndDate) VALUES ('96768', 1507334400, 1507420799);
INSERT INTO DayOfOperation (VehicleJourneyRef, StartDate, EndDate) VALUES ('96768', 1507939200, 1508025599);
INSERT INTO DayOfOperation (VehicleJourneyRef, StartDate, EndDate) VALUES ('96768', 1508544000, 1508630399);
INSERT INTO DayOfNonOperation (VehicleJourneyRef, StartDate, EndDate) VALUES ('96768', 1508716800, 2524607999);
INSERT INTO VehicleJourney (VehicleJourneyCode, ServiceRef, LineRef, JourneyPatternRef, OperatorRef, Monday, Tuesday, Wednesday, Thursday, Friday, Saturday, Sunday, DepatureHour, DepatureMinute, DepatureSecond, Note, NoteCode) VALUES ('96769', 'FSACM03', '0', 'JPS_FSACM03-4', 'CAL', 0, 0, 0, 0, 0, 1, 0, 11, 0, 0, '', '');
INSERT INTO DayOfOperation (VehicleJourneyRef, StartDate, EndDate) VALUES ('96769', 1497657600, 1497743999);
INSERT INTO DayOfOperation (VehicleJourneyRef, StartDate, EndDate) VALUES ('96769', 1498262400, 1498348799);
INSERT INTO DayOfOperation (VehicleJourneyRef, StartDate, EndDate) VALUES ('96769', 1498867200, 1498953599);
INSERT INTO DayOfOperation (VehicleJourneyRef, StartDate, EndDate) VALUES ('96769', 1499472000, 1499558399);
INSERT INTO DayOfOperation (VehicleJourneyRef, StartDate, EndDate) VALUES ('96769', 1500076800, 1500163199);
INSERT INTO DayOfOperation (VehicleJourneyRef, StartDate, EndDate) VALUES ('96769', 1500681600, 1500767999);
INSERT INTO DayOfOperation (VehicleJourneyRef, StartDate, EndDate) VALUES ('96769', 1501286400, 1501372799);
INSERT INTO DayOfOperation (VehicleJourneyRef, StartDate, EndDate) VALUES ('96769', 1501891200, 1501977599);
INSERT INTO DayOfOperation (VehicleJourneyRef, StartDate, EndDate) VALUES ('96769', 1502496000, 1502582399);
INSERT INTO DayOfOperation (VehicleJourneyRef, StartDate, EndDate) VALUES ('96769', 1503100800, 1503187199);
INSERT INTO DayOfOperation (VehicleJourneyRef, StartDate, EndDate) VALUES ('96769', 1503705600, 1503791999);
INSERT INTO DayOfOperation (VehicleJourneyRef, StartDate, EndDate) VALUES ('96769', 1504310400, 1504396799);
INSERT INTO DayOfOperation (VehicleJourneyRef, StartDate, EndDate) VALUES ('96769', 1504915200, 1505001599);
INSERT INTO DayOfOperation (VehicleJourneyRef, StartDate, EndDate) VALUES ('96769', 1505520000, 1505606399);
INSERT INTO DayOfOperation (VehicleJourneyRef, StartDate, EndDate) VALUES ('96769', 1506124800, 1506211199);
INSERT INTO DayOfOperation (VehicleJourneyRef, StartDate, EndDate) VALUES ('96769', 1506729600, 1506815999);
INSERT INTO DayOfOperation (VehicleJourneyRef, StartDate, EndDate) VALUES ('96769', 1507334400, 1507420799);
INSERT INTO DayOfOperation (VehicleJourneyRef, StartDate, EndDate) VALUES ('96769', 1507939200, 1508025599);
INSERT INTO DayOfOperation (VehicleJourneyRef, StartDate, EndDate) VALUES ('96769', 1508544000, 1508630399);
INSERT INTO DayOfNonOperation (VehicleJourneyRef, StartDate, EndDate) VALUES ('96769', 1508716800, 2524607999);
INSERT INTO VehicleJourney (VehicleJourneyCode, ServiceRef, LineRef, JourneyPatternRef, OperatorRef, Monday, Tuesday, Wednesday, Thursday, Friday, Saturday, Sunday, DepatureHour, DepatureMinute, DepatureSecond, Note, NoteCode) VALUES ('96770', 'FSACM03', '0', 'JPS_FSACM03-4', 'CAL', 0, 0, 0, 0, 0, 1, 0, 12, 0, 0, '', '');
INSERT INTO DayOfOperation (VehicleJourneyRef, StartDate, EndDate) VALUES ('96770', 1497657600, 1497743999);
INSERT INTO DayOfOperation (VehicleJourneyRef, StartDate, EndDate) VALUES ('96770', 1498262400, 1498348799);
INSERT INTO DayOfOperation (VehicleJourneyRef, StartDate, EndDate) VALUES ('96770', 1498867200, 1498953599);
INSERT INTO DayOfOperation (VehicleJourneyRef, StartDate, EndDate) VALUES ('96770', 1499472000, 1499558399);
INSERT INTO DayOfOperation (VehicleJourneyRef, StartDate, EndDate) VALUES ('96770', 1500076800, 1500163199);
INSERT INTO DayOfOperation (VehicleJourneyRef, StartDate, EndDate) VALUES ('96770', 1500681600, 1500767999);
INSERT INTO DayOfOperation (VehicleJourneyRef, StartDate, EndDate) VALUES ('96770', 1501286400, 1501372799);
INSERT INTO DayOfOperation (VehicleJourneyRef, StartDate, EndDate) VALUES ('96770', 1501891200, 1501977599);
INSERT INTO DayOfOperation (VehicleJourneyRef, StartDate, EndDate) VALUES ('96770', 1502496000, 1502582399);
INSERT INTO DayOfOperation (VehicleJourneyRef, StartDate, EndDate) VALUES ('96770', 1503100800, 1503187199);
INSERT INTO DayOfOperation (VehicleJourneyRef, StartDate, EndDate) VALUES ('96770', 1503705600, 1503791999);
INSERT INTO DayOfOperation (VehicleJourneyRef, StartDate, EndDate) VALUES ('96770', 1504310400, 1504396799);
INSERT INTO DayOfOperation (VehicleJourneyRef, StartDate, EndDate) VALUES ('96770', 1504915200, 1505001599);
INSERT INTO DayOfOperation (VehicleJourneyRef, StartDate, EndDate) VALUES ('96770', 1505520000, 1505606399);
INSERT INTO DayOfOperation (VehicleJourneyRef, StartDate, EndDate) VALUES ('96770', 1506124800, 1506211199);
INSERT INTO DayOfOperation (VehicleJourneyRef, StartDate, EndDate) VALUES ('96770', 1506729600, 1506815999);
INSERT INTO DayOfOperation (VehicleJourneyRef, StartDate, EndDate) VALUES ('96770', 1507334400, 1507420799);
INSERT INTO DayOfOperation (VehicleJourneyRef, StartDate, EndDate) VALUES ('96770', 1507939200, 1508025599);
INSERT INTO DayOfOperation (VehicleJourneyRef, StartDate, EndDate) VALUES ('96770', 1508544000, 1508630399);
INSERT INTO DayOfNonOperation (VehicleJourneyRef, StartDate, EndDate) VALUES ('96770', 1508716800, 2524607999);
INSERT INTO VehicleJourney (VehicleJourneyCode, ServiceRef, LineRef, JourneyPatternRef, OperatorRef, Monday, Tuesday, Wednesday, Thursday, Friday, Saturday, Sunday, DepatureHour, DepatureMinute, DepatureSecond, Note, NoteCode) VALUES ('96771', 'FSACM03', '0', 'JPS_FSACM03-4', 'CAL', 0, 0, 0, 0, 0, 1, 0, 13, 5, 0, '', '');
INSERT INTO DayOfOperation (VehicleJourneyRef, StartDate, EndDate) VALUES ('96771', 1497657600, 1497743999);
INSERT INTO DayOfOperation (VehicleJourneyRef, StartDate, EndDate) VALUES ('96771', 1498262400, 1498348799);
INSERT INTO DayOfOperation (VehicleJourneyRef, StartDate, EndDate) VALUES ('96771', 1498867200, 1498953599);
INSERT INTO DayOfOperation (VehicleJourneyRef, StartDate, EndDate) VALUES ('96771', 1499472000, 1499558399);
INSERT INTO DayOfOperation (VehicleJourneyRef, StartDate, EndDate) VALUES ('96771', 1500076800, 1500163199);
INSERT INTO DayOfOperation (VehicleJourneyRef, StartDate, EndDate) VALUES ('96771', 1500681600, 1500767999);
INSERT INTO DayOfOperation (VehicleJourneyRef, StartDate, EndDate) VALUES ('96771', 1501286400, 1501372799);
INSERT INTO DayOfOperation (VehicleJourneyRef, StartDate, EndDate) VALUES ('96771', 1501891200, 1501977599);
INSERT INTO DayOfOperation (VehicleJourneyRef, StartDate, EndDate) VALUES ('96771', 1502496000, 1502582399);
INSERT INTO DayOfOperation (VehicleJourneyRef, StartDate, EndDate) VALUES ('96771', 1503100800, 1503187199);
INSERT INTO DayOfOperation (VehicleJourneyRef, StartDate, EndDate) VALUES ('96771', 1503705600, 1503791999);
INSERT INTO DayOfOperation (VehicleJourneyRef, StartDate, EndDate) VALUES ('96771', 1504310400, 1504396799);
INSERT INTO DayOfOperation (VehicleJourneyRef, StartDate, EndDate) VALUES ('96771', 1504915200, 1505001599);
INSERT INTO DayOfOperation (VehicleJourneyRef, StartDate, EndDate) VALUES ('96771', 1505520000, 1505606399);
INSERT INTO DayOfOperation (VehicleJourneyRef, StartDate, EndDate) VALUES ('96771', 1506124800, 1506211199);
INSERT INTO DayOfOperation (VehicleJourneyRef, StartDate, EndDate) VALUES ('96771', 1506729600, 1506815999);
INSERT INTO DayOfOperation (VehicleJourneyRef, StartDate, EndDate) VALUES ('96771', 1507334400, 1507420799);
INSERT INTO DayOfOperation (VehicleJourneyRef, StartDate, EndDate) VALUES ('96771', 1507939200, 1508025599);
INSERT INTO DayOfOperation (VehicleJourneyRef, StartDate, EndDate) VALUES ('96771', 1508544000, 1508630399);
INSERT INTO DayOfNonOperation (VehicleJourneyRef, StartDate, EndDate) VALUES ('96771', 1508716800, 2524607999);
INSERT INTO VehicleJourney (VehicleJourneyCode, ServiceRef, LineRef, JourneyPatternRef, OperatorRef, Monday, Tuesday, Wednesday, Thursday, Friday, Saturday, Sunday, DepatureHour, DepatureMinute, DepatureSecond, Note, NoteCode) VALUES ('96772', 'FSACM03', '0', 'JPS_FSACM03-4', 'CAL', 0, 0, 0, 0, 0, 1, 0, 14, 5, 0, '', '');
INSERT INTO DayOfOperation (VehicleJourneyRef, StartDate, EndDate) VALUES ('96772', 1497657600, 1497743999);
INSERT INTO DayOfOperation (VehicleJourneyRef, StartDate, EndDate) VALUES ('96772', 1498262400, 1498348799);
INSERT INTO DayOfOperation (VehicleJourneyRef, StartDate, EndDate) VALUES ('96772', 1498867200, 1498953599);
INSERT INTO DayOfOperation (VehicleJourneyRef, StartDate, EndDate) VALUES ('96772', 1499472000, 1499558399);
INSERT INTO DayOfOperation (VehicleJourneyRef, StartDate, EndDate) VALUES ('96772', 1500076800, 1500163199);
INSERT INTO DayOfOperation (VehicleJourneyRef, StartDate, EndDate) VALUES ('96772', 1500681600, 1500767999);
INSERT INTO DayOfOperation (VehicleJourneyRef, StartDate, EndDate) VALUES ('96772', 1501286400, 1501372799);
INSERT INTO DayOfOperation (VehicleJourneyRef, StartDate, EndDate) VALUES ('96772', 1501891200, 1501977599);
INSERT INTO DayOfOperation (VehicleJourneyRef, StartDate, EndDate) VALUES ('96772', 1502496000, 1502582399);
INSERT INTO DayOfOperation (VehicleJourneyRef, StartDate, EndDate) VALUES ('96772', 1503100800, 1503187199);
INSERT INTO DayOfOperation (VehicleJourneyRef, StartDate, EndDate) VALUES ('96772', 1503705600, 1503791999);
INSERT INTO DayOfOperation (VehicleJourneyRef, StartDate, EndDate) VALUES ('96772', 1504310400, 1504396799);
INSERT INTO DayOfOperation (VehicleJourneyRef, StartDate, EndDate) VALUES ('96772', 1504915200, 1505001599);
INSERT INTO DayOfOperation (VehicleJourneyRef, StartDate, EndDate) VALUES ('96772', 1505520000, 1505606399);
INSERT INTO DayOfOperation (VehicleJourneyRef, StartDate, EndDate) VALUES ('96772', 1506124800, 1506211199);
INSERT INTO DayOfOperation (VehicleJourneyRef, StartDate, EndDate) VALUES ('96772', 1506729600, 1506815999);
INSERT INTO DayOfOperation (VehicleJourneyRef, StartDate, EndDate) VALUES ('96772', 1507334400, 1507420799);
INSERT INTO DayOfOperation (VehicleJourneyRef, StartDate, EndDate) VALUES ('96772', 1507939200, 1508025599);
INSERT INTO DayOfOperation (VehicleJourneyRef, StartDate, EndDate) VALUES ('96772', 1508544000, 1508630399);
INSERT INTO DayOfNonOperation (VehicleJourneyRef, StartDate, EndDate) VALUES ('96772', 1508716800, 2524607999);
INSERT INTO VehicleJourney (VehicleJourneyCode, ServiceRef, LineRef, JourneyPatternRef, OperatorRef, Monday, Tuesday, Wednesday, Thursday, Friday, Saturday, Sunday, DepatureHour, DepatureMinute, DepatureSecond, Note, NoteCode) VALUES ('96773', 'FSACM03', '0', 'JPS_FSACM03-4', 'CAL', 0, 0, 0, 0, 0, 1, 0, 15, 0, 0, '', '');
INSERT INTO DayOfOperation (VehicleJourneyRef, StartDate, EndDate) VALUES ('96773', 1497657600, 1497743999);
INSERT INTO DayOfOperation (VehicleJourneyRef, StartDate, EndDate) VALUES ('96773', 1498262400, 1498348799);
INSERT INTO DayOfOperation (VehicleJourneyRef, StartDate, EndDate) VALUES ('96773', 1498867200, 1498953599);
INSERT INTO DayOfOperation (VehicleJourneyRef, StartDate, EndDate) VALUES ('96773', 1499472000, 1499558399);
INSERT INTO DayOfOperation (VehicleJourneyRef, StartDate, EndDate) VALUES ('96773', 1500076800, 1500163199);
INSERT INTO DayOfOperation (VehicleJourneyRef, StartDate, EndDate) VALUES ('96773', 1500681600, 1500767999);
INSERT INTO DayOfOperation (VehicleJourneyRef, StartDate, EndDate) VALUES ('96773', 1501286400, 1501372799);
INSERT INTO DayOfOperation (VehicleJourneyRef, StartDate, EndDate) VALUES ('96773', 1501891200, 1501977599);
INSERT INTO DayOfOperation (VehicleJourneyRef, StartDate, EndDate) VALUES ('96773', 1502496000, 1502582399);
INSERT INTO DayOfOperation (VehicleJourneyRef, StartDate, EndDate) VALUES ('96773', 1503100800, 1503187199);
INSERT INTO DayOfOperation (VehicleJourneyRef, StartDate, EndDate) VALUES ('96773', 1503705600, 1503791999);
INSERT INTO DayOfOperation (VehicleJourneyRef, StartDate, EndDate) VALUES ('96773', 1504310400, 1504396799);
INSERT INTO DayOfOperation (VehicleJourneyRef, StartDate, EndDate) VALUES ('96773', 1504915200, 1505001599);
INSERT INTO DayOfOperation (VehicleJourneyRef, StartDate, EndDate) VALUES ('96773', 1505520000, 1505606399);
INSERT INTO DayOfOperation (VehicleJourneyRef, StartDate, EndDate) VALUES ('96773', 1506124800, 1506211199);
INSERT INTO DayOfOperation (VehicleJourneyRef, StartDate, EndDate) VALUES ('96773', 1506729600, 1506815999);
INSERT INTO DayOfOperation (VehicleJourneyRef, StartDate, EndDate) VALUES ('96773', 1507334400, 1507420799);
INSERT INTO DayOfOperation (VehicleJourneyRef, StartDate, EndDate) VALUES ('96773', 1507939200, 1508025599);
INSERT INTO DayOfOperation (VehicleJourneyRef, StartDate, EndDate) VALUES ('96773', 1508544000, 1508630399);
INSERT INTO DayOfNonOperation (VehicleJourneyRef, StartDate, EndDate) VALUES ('96773', 1508716800, 2524607999);
INSERT INTO VehicleJourney (VehicleJourneyCode, ServiceRef, LineRef, JourneyPatternRef, OperatorRef, Monday, Tuesday, Wednesday, Thursday, Friday, Saturday, Sunday, DepatureHour, DepatureMinute, DepatureSecond, Note, NoteCode) VALUES ('96774', 'FSACM03', '0', 'JPS_FSACM03-4', 'CAL', 0, 0, 0, 0, 0, 1, 0, 16, 0, 0, '', '');
INSERT INTO DayOfOperation (VehicleJourneyRef, StartDate, EndDate) VALUES ('96774', 1497657600, 1497743999);
INSERT INTO DayOfOperation (VehicleJourneyRef, StartDate, EndDate) VALUES ('96774', 1498262400, 1498348799);
INSERT INTO DayOfOperation (VehicleJourneyRef, StartDate, EndDate) VALUES ('96774', 1498867200, 1498953599);
INSERT INTO DayOfOperation (VehicleJourneyRef, StartDate, EndDate) VALUES ('96774', 1499472000, 1499558399);
INSERT INTO DayOfOperation (VehicleJourneyRef, StartDate, EndDate) VALUES ('96774', 1500076800, 1500163199);
INSERT INTO DayOfOperation (VehicleJourneyRef, StartDate, EndDate) VALUES ('96774', 1500681600, 1500767999);
INSERT INTO DayOfOperation (VehicleJourneyRef, StartDate, EndDate) VALUES ('96774', 1501286400, 1501372799);
INSERT INTO DayOfOperation (VehicleJourneyRef, StartDate, EndDate) VALUES ('96774', 1501891200, 1501977599);
INSERT INTO DayOfOperation (VehicleJourneyRef, StartDate, EndDate) VALUES ('96774', 1502496000, 1502582399);
INSERT INTO DayOfOperation (VehicleJourneyRef, StartDate, EndDate) VALUES ('96774', 1503100800, 1503187199);
INSERT INTO DayOfOperation (VehicleJourneyRef, StartDate, EndDate) VALUES ('96774', 1503705600, 1503791999);
INSERT INTO DayOfOperation (VehicleJourneyRef, StartDate, EndDate) VALUES ('96774', 1504310400, 1504396799);
INSERT INTO DayOfOperation (VehicleJourneyRef, StartDate, EndDate) VALUES ('96774', 1504915200, 1505001599);
INSERT INTO DayOfOperation (VehicleJourneyRef, StartDate, EndDate) VALUES ('96774', 1505520000, 1505606399);
INSERT INTO DayOfOperation (VehicleJourneyRef, StartDate, EndDate) VALUES ('96774', 1506124800, 1506211199);
INSERT INTO DayOfOperation (VehicleJourneyRef, StartDate, EndDate) VALUES ('96774', 1506729600, 1506815999);
INSERT INTO DayOfOperation (VehicleJourneyRef, StartDate, EndDate) VALUES ('96774', 1507334400, 1507420799);
INSERT INTO DayOfOperation (VehicleJourneyRef, StartDate, EndDate) VALUES ('96774', 1507939200, 1508025599);
INSERT INTO DayOfOperation (VehicleJourneyRef, StartDate, EndDate) VALUES ('96774', 1508544000, 1508630399);
INSERT INTO DayOfNonOperation (VehicleJourneyRef, StartDate, EndDate) VALUES ('96774', 1508716800, 2524607999);
INSERT INTO VehicleJourney (VehicleJourneyCode, ServiceRef, LineRef, JourneyPatternRef, OperatorRef, Monday, Tuesday, Wednesday, Thursday, Friday, Saturday, Sunday, DepatureHour, DepatureMinute, DepatureSecond, Note, NoteCode) VALUES ('96775', 'FSACM03', '0', 'JPS_FSACM03-4', 'CAL', 0, 0, 0, 0, 0, 1, 0, 16, 45, 0, '', '');
INSERT INTO DayOfOperation (VehicleJourneyRef, StartDate, EndDate) VALUES ('96775', 1497657600, 1497743999);
INSERT INTO DayOfOperation (VehicleJourneyRef, StartDate, EndDate) VALUES ('96775', 1498262400, 1498348799);
INSERT INTO DayOfOperation (VehicleJourneyRef, StartDate, EndDate) VALUES ('96775', 1498867200, 1498953599);
INSERT INTO DayOfOperation (VehicleJourneyRef, StartDate, EndDate) VALUES ('96775', 1499472000, 1499558399);
INSERT INTO DayOfOperation (VehicleJourneyRef, StartDate, EndDate) VALUES ('96775', 1500076800, 1500163199);
INSERT INTO DayOfOperation (VehicleJourneyRef, StartDate, EndDate) VALUES ('96775', 1500681600, 1500767999);
INSERT INTO DayOfOperation (VehicleJourneyRef, StartDate, EndDate) VALUES ('96775', 1501286400, 1501372799);
INSERT INTO DayOfOperation (VehicleJourneyRef, StartDate, EndDate) VALUES ('96775', 1501891200, 1501977599);
INSERT INTO DayOfOperation (VehicleJourneyRef, StartDate, EndDate) VALUES ('96775', 1502496000, 1502582399);
INSERT INTO DayOfOperation (VehicleJourneyRef, StartDate, EndDate) VALUES ('96775', 1503100800, 1503187199);
INSERT INTO DayOfOperation (VehicleJourneyRef, StartDate, EndDate) VALUES ('96775', 1503705600, 1503791999);
INSERT INTO DayOfOperation (VehicleJourneyRef, StartDate, EndDate) VALUES ('96775', 1504310400, 1504396799);
INSERT INTO DayOfOperation (VehicleJourneyRef, StartDate, EndDate) VALUES ('96775', 1504915200, 1505001599);
INSERT INTO DayOfOperation (VehicleJourneyRef, StartDate, EndDate) VALUES ('96775', 1505520000, 1505606399);
INSERT INTO DayOfOperation (VehicleJourneyRef, StartDate, EndDate) VALUES ('96775', 1506124800, 1506211199);
INSERT INTO DayOfOperation (VehicleJourneyRef, StartDate, EndDate) VALUES ('96775', 1506729600, 1506815999);
INSERT INTO DayOfOperation (VehicleJourneyRef, StartDate, EndDate) VALUES ('96775', 1507334400, 1507420799);
INSERT INTO DayOfOperation (VehicleJourneyRef, StartDate, EndDate) VALUES ('96775', 1507939200, 1508025599);
INSERT INTO DayOfOperation (VehicleJourneyRef, StartDate, EndDate) VALUES ('96775', 1508544000, 1508630399);
INSERT INTO DayOfNonOperation (VehicleJourneyRef, StartDate, EndDate) VALUES ('96775', 1508716800, 2524607999);
INSERT INTO VehicleJourney (VehicleJourneyCode, ServiceRef, LineRef, JourneyPatternRef, OperatorRef, Monday, Tuesday, Wednesday, Thursday, Friday, Saturday, Sunday, DepatureHour, DepatureMinute, DepatureSecond, Note, NoteCode) VALUES ('96776', 'FSACM03', '0', 'JPS_FSACM03-4', 'CAL', 0, 0, 0, 0, 0, 1, 0, 17, 30, 0, '', '');
INSERT INTO DayOfOperation (VehicleJourneyRef, StartDate, EndDate) VALUES ('96776', 1497657600, 1497743999);
INSERT INTO DayOfOperation (VehicleJourneyRef, StartDate, EndDate) VALUES ('96776', 1498262400, 1498348799);
INSERT INTO DayOfOperation (VehicleJourneyRef, StartDate, EndDate) VALUES ('96776', 1498867200, 1498953599);
INSERT INTO DayOfOperation (VehicleJourneyRef, StartDate, EndDate) VALUES ('96776', 1499472000, 1499558399);
INSERT INTO DayOfOperation (VehicleJourneyRef, StartDate, EndDate) VALUES ('96776', 1500076800, 1500163199);
INSERT INTO DayOfOperation (VehicleJourneyRef, StartDate, EndDate) VALUES ('96776', 1500681600, 1500767999);
INSERT INTO DayOfOperation (VehicleJourneyRef, StartDate, EndDate) VALUES ('96776', 1501286400, 1501372799);
INSERT INTO DayOfOperation (VehicleJourneyRef, StartDate, EndDate) VALUES ('96776', 1501891200, 1501977599);
INSERT INTO DayOfOperation (VehicleJourneyRef, StartDate, EndDate) VALUES ('96776', 1502496000, 1502582399);
INSERT INTO DayOfOperation (VehicleJourneyRef, StartDate, EndDate) VALUES ('96776', 1503100800, 1503187199);
INSERT INTO DayOfOperation (VehicleJourneyRef, StartDate, EndDate) VALUES ('96776', 1503705600, 1503791999);
INSERT INTO DayOfOperation (VehicleJourneyRef, StartDate, EndDate) VALUES ('96776', 1504310400, 1504396799);
INSERT INTO DayOfOperation (VehicleJourneyRef, StartDate, EndDate) VALUES ('96776', 1504915200, 1505001599);
INSERT INTO DayOfOperation (VehicleJourneyRef, StartDate, EndDate) VALUES ('96776', 1505520000, 1505606399);
INSERT INTO DayOfOperation (VehicleJourneyRef, StartDate, EndDate) VALUES ('96776', 1506124800, 1506211199);
INSERT INTO DayOfOperation (VehicleJourneyRef, StartDate, EndDate) VALUES ('96776', 1506729600, 1506815999);
INSERT INTO DayOfOperation (VehicleJourneyRef, StartDate, EndDate) VALUES ('96776', 1507334400, 1507420799);
INSERT INTO DayOfOperation (VehicleJourneyRef, StartDate, EndDate) VALUES ('96776', 1507939200, 1508025599);
INSERT INTO DayOfOperation (VehicleJourneyRef, StartDate, EndDate) VALUES ('96776', 1508544000, 1508630399);
INSERT INTO DayOfNonOperation (VehicleJourneyRef, StartDate, EndDate) VALUES ('96776', 1508716800, 2524607999);
INSERT INTO VehicleJourney (VehicleJourneyCode, ServiceRef, LineRef, JourneyPatternRef, OperatorRef, Monday, Tuesday, Wednesday, Thursday, Friday, Saturday, Sunday, DepatureHour, DepatureMinute, DepatureSecond, Note, NoteCode) VALUES ('96777', 'FSACM03', '0', 'JPS_FSACM03-4', 'CAL', 0, 0, 0, 0, 0, 1, 0, 18, 15, 0, '', '');
INSERT INTO DayOfOperation (VehicleJourneyRef, StartDate, EndDate) VALUES ('96777', 1497657600, 1497743999);
INSERT INTO DayOfOperation (VehicleJourneyRef, StartDate, EndDate) VALUES ('96777', 1498262400, 1498348799);
INSERT INTO DayOfOperation (VehicleJourneyRef, StartDate, EndDate) VALUES ('96777', 1498867200, 1498953599);
INSERT INTO DayOfOperation (VehicleJourneyRef, StartDate, EndDate) VALUES ('96777', 1499472000, 1499558399);
INSERT INTO DayOfOperation (VehicleJourneyRef, StartDate, EndDate) VALUES ('96777', 1500076800, 1500163199);
INSERT INTO DayOfOperation (VehicleJourneyRef, StartDate, EndDate) VALUES ('96777', 1500681600, 1500767999);
INSERT INTO DayOfOperation (VehicleJourneyRef, StartDate, EndDate) VALUES ('96777', 1501286400, 1501372799);
INSERT INTO DayOfOperation (VehicleJourneyRef, StartDate, EndDate) VALUES ('96777', 1501891200, 1501977599);
INSERT INTO DayOfOperation (VehicleJourneyRef, StartDate, EndDate) VALUES ('96777', 1502496000, 1502582399);
INSERT INTO DayOfOperation (VehicleJourneyRef, StartDate, EndDate) VALUES ('96777', 1503100800, 1503187199);
INSERT INTO DayOfOperation (VehicleJourneyRef, StartDate, EndDate) VALUES ('96777', 1503705600, 1503791999);
INSERT INTO DayOfOperation (VehicleJourneyRef, StartDate, EndDate) VALUES ('96777', 1504310400, 1504396799);
INSERT INTO DayOfOperation (VehicleJourneyRef, StartDate, EndDate) VALUES ('96777', 1504915200, 1505001599);
INSERT INTO DayOfOperation (VehicleJourneyRef, StartDate, EndDate) VALUES ('96777', 1505520000, 1505606399);
INSERT INTO DayOfOperation (VehicleJourneyRef, StartDate, EndDate) VALUES ('96777', 1506124800, 1506211199);
INSERT INTO DayOfOperation (VehicleJourneyRef, StartDate, EndDate) VALUES ('96777', 1506729600, 1506815999);
INSERT INTO DayOfOperation (VehicleJourneyRef, StartDate, EndDate) VALUES ('96777', 1507334400, 1507420799);
INSERT INTO DayOfOperation (VehicleJourneyRef, StartDate, EndDate) VALUES ('96777', 1507939200, 1508025599);
INSERT INTO DayOfOperation (VehicleJourneyRef, StartDate, EndDate) VALUES ('96777', 1508544000, 1508630399);
INSERT INTO DayOfNonOperation (VehicleJourneyRef, StartDate, EndDate) VALUES ('96777', 1508716800, 2524607999);
INSERT INTO VehicleJourney (VehicleJourneyCode, ServiceRef, LineRef, JourneyPatternRef, OperatorRef, Monday, Tuesday, Wednesday, Thursday, Friday, Saturday, Sunday, DepatureHour, DepatureMinute, DepatureSecond, Note, NoteCode) VALUES ('96778', 'FSACM03', '0', 'JPS_FSACM03-4', 'CAL', 0, 0, 0, 0, 0, 1, 0, 19, 0, 0, '', '');
INSERT INTO DayOfOperation (VehicleJourneyRef, StartDate, EndDate) VALUES ('96778', 1497657600, 1497743999);
INSERT INTO DayOfOperation (VehicleJourneyRef, StartDate, EndDate) VALUES ('96778', 1498262400, 1498348799);
INSERT INTO DayOfOperation (VehicleJourneyRef, StartDate, EndDate) VALUES ('96778', 1498867200, 1498953599);
INSERT INTO DayOfOperation (VehicleJourneyRef, StartDate, EndDate) VALUES ('96778', 1499472000, 1499558399);
INSERT INTO DayOfOperation (VehicleJourneyRef, StartDate, EndDate) VALUES ('96778', 1500076800, 1500163199);
INSERT INTO DayOfOperation (VehicleJourneyRef, StartDate, EndDate) VALUES ('96778', 1500681600, 1500767999);
INSERT INTO DayOfOperation (VehicleJourneyRef, StartDate, EndDate) VALUES ('96778', 1501286400, 1501372799);
INSERT INTO DayOfOperation (VehicleJourneyRef, StartDate, EndDate) VALUES ('96778', 1501891200, 1501977599);
INSERT INTO DayOfOperation (VehicleJourneyRef, StartDate, EndDate) VALUES ('96778', 1502496000, 1502582399);
INSERT INTO DayOfOperation (VehicleJourneyRef, StartDate, EndDate) VALUES ('96778', 1503100800, 1503187199);
INSERT INTO DayOfOperation (VehicleJourneyRef, StartDate, EndDate) VALUES ('96778', 1503705600, 1503791999);
INSERT INTO DayOfOperation (VehicleJourneyRef, StartDate, EndDate) VALUES ('96778', 1504310400, 1504396799);
INSERT INTO DayOfOperation (VehicleJourneyRef, StartDate, EndDate) VALUES ('96778', 1504915200, 1505001599);
INSERT INTO DayOfOperation (VehicleJourneyRef, StartDate, EndDate) VALUES ('96778', 1505520000, 1505606399);
INSERT INTO DayOfOperation (VehicleJourneyRef, StartDate, EndDate) VALUES ('96778', 1506124800, 1506211199);
INSERT INTO DayOfOperation (VehicleJourneyRef, StartDate, EndDate) VALUES ('96778', 1506729600, 1506815999);
INSERT INTO DayOfOperation (VehicleJourneyRef, StartDate, EndDate) VALUES ('96778', 1507334400, 1507420799);
INSERT INTO DayOfOperation (VehicleJourneyRef, StartDate, EndDate) VALUES ('96778', 1507939200, 1508025599);
INSERT INTO DayOfOperation (VehicleJourneyRef, StartDate, EndDate) VALUES ('96778', 1508544000, 1508630399);
INSERT INTO DayOfNonOperation (VehicleJourneyRef, StartDate, EndDate) VALUES ('96778', 1508716800, 2524607999);
INSERT INTO VehicleJourney (VehicleJourneyCode, ServiceRef, LineRef, JourneyPatternRef, OperatorRef, Monday, Tuesday, Wednesday, Thursday, Friday, Saturday, Sunday, DepatureHour, DepatureMinute, DepatureSecond, Note, NoteCode) VALUES ('96779', 'FSACM03', '0', 'JPS_FSACM03-4', 'CAL', 0, 0, 0, 0, 0, 1, 0, 19, 45, 0, '', '');
INSERT INTO DayOfOperation (VehicleJourneyRef, StartDate, EndDate) VALUES ('96779', 1497657600, 1497743999);
INSERT INTO DayOfOperation (VehicleJourneyRef, StartDate, EndDate) VALUES ('96779', 1498262400, 1498348799);
INSERT INTO DayOfOperation (VehicleJourneyRef, StartDate, EndDate) VALUES ('96779', 1498867200, 1498953599);
INSERT INTO DayOfOperation (VehicleJourneyRef, StartDate, EndDate) VALUES ('96779', 1499472000, 1499558399);
INSERT INTO DayOfOperation (VehicleJourneyRef, StartDate, EndDate) VALUES ('96779', 1500076800, 1500163199);
INSERT INTO DayOfOperation (VehicleJourneyRef, StartDate, EndDate) VALUES ('96779', 1500681600, 1500767999);
INSERT INTO DayOfOperation (VehicleJourneyRef, StartDate, EndDate) VALUES ('96779', 1501286400, 1501372799);
INSERT INTO DayOfOperation (VehicleJourneyRef, StartDate, EndDate) VALUES ('96779', 1501891200, 1501977599);
INSERT INTO DayOfOperation (VehicleJourneyRef, StartDate, EndDate) VALUES ('96779', 1502496000, 1502582399);
INSERT INTO DayOfOperation (VehicleJourneyRef, StartDate, EndDate) VALUES ('96779', 1503100800, 1503187199);
INSERT INTO DayOfOperation (VehicleJourneyRef, StartDate, EndDate) VALUES ('96779', 1503705600, 1503791999);
INSERT INTO DayOfOperation (VehicleJourneyRef, StartDate, EndDate) VALUES ('96779', 1504310400, 1504396799);
INSERT INTO DayOfOperation (VehicleJourneyRef, StartDate, EndDate) VALUES ('96779', 1504915200, 1505001599);
INSERT INTO DayOfOperation (VehicleJourneyRef, StartDate, EndDate) VALUES ('96779', 1505520000, 1505606399);
INSERT INTO DayOfOperation (VehicleJourneyRef, StartDate, EndDate) VALUES ('96779', 1506124800, 1506211199);
INSERT INTO DayOfOperation (VehicleJourneyRef, StartDate, EndDate) VALUES ('96779', 1506729600, 1506815999);
INSERT INTO DayOfOperation (VehicleJourneyRef, StartDate, EndDate) VALUES ('96779', 1507334400, 1507420799);
INSERT INTO DayOfOperation (VehicleJourneyRef, StartDate, EndDate) VALUES ('96779', 1507939200, 1508025599);
INSERT INTO DayOfOperation (VehicleJourneyRef, StartDate, EndDate) VALUES ('96779', 1508544000, 1508630399);
INSERT INTO DayOfNonOperation (VehicleJourneyRef, StartDate, EndDate) VALUES ('96779', 1508716800, 2524607999);
INSERT INTO VehicleJourney (VehicleJourneyCode, ServiceRef, LineRef, JourneyPatternRef, OperatorRef, Monday, Tuesday, Wednesday, Thursday, Friday, Saturday, Sunday, DepatureHour, DepatureMinute, DepatureSecond, Note, NoteCode) VALUES ('96780', 'FSACM03', '0', 'JPS_FSACM03-4', 'CAL', 0, 0, 0, 0, 0, 1, 0, 20, 45, 0, '', '');
INSERT INTO DayOfOperation (VehicleJourneyRef, StartDate, EndDate) VALUES ('96780', 1497657600, 1497743999);
INSERT INTO DayOfOperation (VehicleJourneyRef, StartDate, EndDate) VALUES ('96780', 1498262400, 1498348799);
INSERT INTO DayOfOperation (VehicleJourneyRef, StartDate, EndDate) VALUES ('96780', 1498867200, 1498953599);
INSERT INTO DayOfOperation (VehicleJourneyRef, StartDate, EndDate) VALUES ('96780', 1499472000, 1499558399);
INSERT INTO DayOfOperation (VehicleJourneyRef, StartDate, EndDate) VALUES ('96780', 1500076800, 1500163199);
INSERT INTO DayOfOperation (VehicleJourneyRef, StartDate, EndDate) VALUES ('96780', 1500681600, 1500767999);
INSERT INTO DayOfOperation (VehicleJourneyRef, StartDate, EndDate) VALUES ('96780', 1501286400, 1501372799);
INSERT INTO DayOfOperation (VehicleJourneyRef, StartDate, EndDate) VALUES ('96780', 1501891200, 1501977599);
INSERT INTO DayOfOperation (VehicleJourneyRef, StartDate, EndDate) VALUES ('96780', 1502496000, 1502582399);
INSERT INTO DayOfOperation (VehicleJourneyRef, StartDate, EndDate) VALUES ('96780', 1503100800, 1503187199);
INSERT INTO DayOfOperation (VehicleJourneyRef, StartDate, EndDate) VALUES ('96780', 1503705600, 1503791999);
INSERT INTO DayOfOperation (VehicleJourneyRef, StartDate, EndDate) VALUES ('96780', 1504310400, 1504396799);
INSERT INTO DayOfOperation (VehicleJourneyRef, StartDate, EndDate) VALUES ('96780', 1504915200, 1505001599);
INSERT INTO DayOfOperation (VehicleJourneyRef, StartDate, EndDate) VALUES ('96780', 1505520000, 1505606399);
INSERT INTO DayOfOperation (VehicleJourneyRef, StartDate, EndDate) VALUES ('96780', 1506124800, 1506211199);
INSERT INTO DayOfOperation (VehicleJourneyRef, StartDate, EndDate) VALUES ('96780', 1506729600, 1506815999);
INSERT INTO DayOfOperation (VehicleJourneyRef, StartDate, EndDate) VALUES ('96780', 1507334400, 1507420799);
INSERT INTO DayOfOperation (VehicleJourneyRef, StartDate, EndDate) VALUES ('96780', 1507939200, 1508025599);
INSERT INTO DayOfOperation (VehicleJourneyRef, StartDate, EndDate) VALUES ('96780', 1508544000, 1508630399);
INSERT INTO DayOfNonOperation (VehicleJourneyRef, StartDate, EndDate) VALUES ('96780', 1508716800, 2524607999);
INSERT INTO VehicleJourney (VehicleJourneyCode, ServiceRef, LineRef, JourneyPatternRef, OperatorRef, Monday, Tuesday, Wednesday, Thursday, Friday, Saturday, Sunday, DepatureHour, DepatureMinute, DepatureSecond, Note, NoteCode) VALUES ('96796', 'FSACM03', '0', 'JPS_FSACM03-4', 'CAL', 0, 0, 0, 0, 0, 0, 1, 8, 45, 0, '', '');
INSERT INTO DayOfOperation (VehicleJourneyRef, StartDate, EndDate) VALUES ('96796', 1497744000, 1497830399);
INSERT INTO DayOfOperation (VehicleJourneyRef, StartDate, EndDate) VALUES ('96796', 1498348800, 1498435199);
INSERT INTO DayOfOperation (VehicleJourneyRef, StartDate, EndDate) VALUES ('96796', 1498953600, 1499039999);
INSERT INTO DayOfOperation (VehicleJourneyRef, StartDate, EndDate) VALUES ('96796', 1499558400, 1499644799);
INSERT INTO DayOfOperation (VehicleJourneyRef, StartDate, EndDate) VALUES ('96796', 1500163200, 1500249599);
INSERT INTO DayOfOperation (VehicleJourneyRef, StartDate, EndDate) VALUES ('96796', 1500768000, 1500854399);
INSERT INTO DayOfOperation (VehicleJourneyRef, StartDate, EndDate) VALUES ('96796', 1501372800, 1501459199);
INSERT INTO DayOfOperation (VehicleJourneyRef, StartDate, EndDate) VALUES ('96796', 1501977600, 1502063999);
INSERT INTO DayOfOperation (VehicleJourneyRef, StartDate, EndDate) VALUES ('96796', 1502582400, 1502668799);
INSERT INTO DayOfOperation (VehicleJourneyRef, StartDate, EndDate) VALUES ('96796', 1503187200, 1503273599);
INSERT INTO DayOfOperation (VehicleJourneyRef, StartDate, EndDate) VALUES ('96796', 1503792000, 1503878399);
INSERT INTO DayOfOperation (VehicleJourneyRef, StartDate, EndDate) VALUES ('96796', 1504396800, 1504483199);
INSERT INTO DayOfOperation (VehicleJourneyRef, StartDate, EndDate) VALUES ('96796', 1505001600, 1505087999);
INSERT INTO DayOfOperation (VehicleJourneyRef, StartDate, EndDate) VALUES ('96796', 1505606400, 1505692799);
INSERT INTO DayOfOperation (VehicleJourneyRef, StartDate, EndDate) VALUES ('96796', 1506211200, 1506297599);
INSERT INTO DayOfOperation (VehicleJourneyRef, StartDate, EndDate) VALUES ('96796', 1506816000, 1506902399);
INSERT INTO DayOfOperation (VehicleJourneyRef, StartDate, EndDate) VALUES ('96796', 1507420800, 1507507199);
INSERT INTO DayOfOperation (VehicleJourneyRef, StartDate, EndDate) VALUES ('96796', 1508025600, 1508111999);
INSERT INTO DayOfOperation (VehicleJourneyRef, StartDate, EndDate) VALUES ('96796', 1508630400, 1508716799);
INSERT INTO DayOfNonOperation (VehicleJourneyRef, StartDate, EndDate) VALUES ('96796', 1508716800, 2524607999);
INSERT INTO VehicleJourney (VehicleJourneyCode, ServiceRef, LineRef, JourneyPatternRef, OperatorRef, Monday, Tuesday, Wednesday, Thursday, Friday, Saturday, Sunday, DepatureHour, DepatureMinute, DepatureSecond, Note, NoteCode) VALUES ('96797', 'FSACM03', '0', 'JPS_FSACM03-4', 'CAL', 0, 0, 0, 0, 0, 0, 1, 10, 15, 0, '', '');
INSERT INTO DayOfOperation (VehicleJourneyRef, StartDate, EndDate) VALUES ('96797', 1497744000, 1497830399);
INSERT INTO DayOfOperation (VehicleJourneyRef, StartDate, EndDate) VALUES ('96797', 1498348800, 1498435199);
INSERT INTO DayOfOperation (VehicleJourneyRef, StartDate, EndDate) VALUES ('96797', 1498953600, 1499039999);
INSERT INTO DayOfOperation (VehicleJourneyRef, StartDate, EndDate) VALUES ('96797', 1499558400, 1499644799);
INSERT INTO DayOfOperation (VehicleJourneyRef, StartDate, EndDate) VALUES ('96797', 1500163200, 1500249599);
INSERT INTO DayOfOperation (VehicleJourneyRef, StartDate, EndDate) VALUES ('96797', 1500768000, 1500854399);
INSERT INTO DayOfOperation (VehicleJourneyRef, StartDate, EndDate) VALUES ('96797', 1501372800, 1501459199);
INSERT INTO DayOfOperation (VehicleJourneyRef, StartDate, EndDate) VALUES ('96797', 1501977600, 1502063999);
INSERT INTO DayOfOperation (VehicleJourneyRef, StartDate, EndDate) VALUES ('96797', 1502582400, 1502668799);
INSERT INTO DayOfOperation (VehicleJourneyRef, StartDate, EndDate) VALUES ('96797', 1503187200, 1503273599);
INSERT INTO DayOfOperation (VehicleJourneyRef, StartDate, EndDate) VALUES ('96797', 1503792000, 1503878399);
INSERT INTO DayOfOperation (VehicleJourneyRef, StartDate, EndDate) VALUES ('96797', 1504396800, 1504483199);
INSERT INTO DayOfOperation (VehicleJourneyRef, StartDate, EndDate) VALUES ('96797', 1505001600, 1505087999);
INSERT INTO DayOfOperation (VehicleJourneyRef, StartDate, EndDate) VALUES ('96797', 1505606400, 1505692799);
INSERT INTO DayOfOperation (VehicleJourneyRef, StartDate, EndDate) VALUES ('96797', 1506211200, 1506297599);
INSERT INTO DayOfOperation (VehicleJourneyRef, StartDate, EndDate) VALUES ('96797', 1506816000, 1506902399);
INSERT INTO DayOfOperation (VehicleJourneyRef, StartDate, EndDate) VALUES ('96797', 1507420800, 1507507199);
INSERT INTO DayOfOperation (VehicleJourneyRef, StartDate, EndDate) VALUES ('96797', 1508025600, 1508111999);
INSERT INTO DayOfOperation (VehicleJourneyRef, StartDate, EndDate) VALUES ('96797', 1508630400, 1508716799);
INSERT INTO DayOfNonOperation (VehicleJourneyRef, StartDate, EndDate) VALUES ('96797', 1508716800, 2524607999);
INSERT INTO VehicleJourney (VehicleJourneyCode, ServiceRef, LineRef, JourneyPatternRef, OperatorRef, Monday, Tuesday, Wednesday, Thursday, Friday, Saturday, Sunday, DepatureHour, DepatureMinute, DepatureSecond, Note, NoteCode) VALUES ('96798', 'FSACM03', '0', 'JPS_FSACM03-4', 'CAL', 0, 0, 0, 0, 0, 0, 1, 11, 0, 0, '', '');
INSERT INTO DayOfOperation (VehicleJourneyRef, StartDate, EndDate) VALUES ('96798', 1497744000, 1497830399);
INSERT INTO DayOfOperation (VehicleJourneyRef, StartDate, EndDate) VALUES ('96798', 1498348800, 1498435199);
INSERT INTO DayOfOperation (VehicleJourneyRef, StartDate, EndDate) VALUES ('96798', 1498953600, 1499039999);
INSERT INTO DayOfOperation (VehicleJourneyRef, StartDate, EndDate) VALUES ('96798', 1499558400, 1499644799);
INSERT INTO DayOfOperation (VehicleJourneyRef, StartDate, EndDate) VALUES ('96798', 1500163200, 1500249599);
INSERT INTO DayOfOperation (VehicleJourneyRef, StartDate, EndDate) VALUES ('96798', 1500768000, 1500854399);
INSERT INTO DayOfOperation (VehicleJourneyRef, StartDate, EndDate) VALUES ('96798', 1501372800, 1501459199);
INSERT INTO DayOfOperation (VehicleJourneyRef, StartDate, EndDate) VALUES ('96798', 1501977600, 1502063999);
INSERT INTO DayOfOperation (VehicleJourneyRef, StartDate, EndDate) VALUES ('96798', 1502582400, 1502668799);
INSERT INTO DayOfOperation (VehicleJourneyRef, StartDate, EndDate) VALUES ('96798', 1503187200, 1503273599);
INSERT INTO DayOfOperation (VehicleJourneyRef, StartDate, EndDate) VALUES ('96798', 1503792000, 1503878399);
INSERT INTO DayOfOperation (VehicleJourneyRef, StartDate, EndDate) VALUES ('96798', 1504396800, 1504483199);
INSERT INTO DayOfOperation (VehicleJourneyRef, StartDate, EndDate) VALUES ('96798', 1505001600, 1505087999);
INSERT INTO DayOfOperation (VehicleJourneyRef, StartDate, EndDate) VALUES ('96798', 1505606400, 1505692799);
INSERT INTO DayOfOperation (VehicleJourneyRef, StartDate, EndDate) VALUES ('96798', 1506211200, 1506297599);
INSERT INTO DayOfOperation (VehicleJourneyRef, StartDate, EndDate) VALUES ('96798', 1506816000, 1506902399);
INSERT INTO DayOfOperation (VehicleJourneyRef, StartDate, EndDate) VALUES ('96798', 1507420800, 1507507199);
INSERT INTO DayOfOperation (VehicleJourneyRef, StartDate, EndDate) VALUES ('96798', 1508025600, 1508111999);
INSERT INTO DayOfOperation (VehicleJourneyRef, StartDate, EndDate) VALUES ('96798', 1508630400, 1508716799);
INSERT INTO DayOfNonOperation (VehicleJourneyRef, StartDate, EndDate) VALUES ('96798', 1508716800, 2524607999);
INSERT INTO VehicleJourney (VehicleJourneyCode, ServiceRef, LineRef, JourneyPatternRef, OperatorRef, Monday, Tuesday, Wednesday, Thursday, Friday, Saturday, Sunday, DepatureHour, DepatureMinute, DepatureSecond, Note, NoteCode) VALUES ('96799', 'FSACM03', '0', 'JPS_FSACM03-4', 'CAL', 0, 0, 0, 0, 0, 0, 1, 12, 0, 0, '', '');
INSERT INTO DayOfOperation (VehicleJourneyRef, StartDate, EndDate) VALUES ('96799', 1497744000, 1497830399);
INSERT INTO DayOfOperation (VehicleJourneyRef, StartDate, EndDate) VALUES ('96799', 1498348800, 1498435199);
INSERT INTO DayOfOperation (VehicleJourneyRef, StartDate, EndDate) VALUES ('96799', 1498953600, 1499039999);
INSERT INTO DayOfOperation (VehicleJourneyRef, StartDate, EndDate) VALUES ('96799', 1499558400, 1499644799);
INSERT INTO DayOfOperation (VehicleJourneyRef, StartDate, EndDate) VALUES ('96799', 1500163200, 1500249599);
INSERT INTO DayOfOperation (VehicleJourneyRef, StartDate, EndDate) VALUES ('96799', 1500768000, 1500854399);
INSERT INTO DayOfOperation (VehicleJourneyRef, StartDate, EndDate) VALUES ('96799', 1501372800, 1501459199);
INSERT INTO DayOfOperation (VehicleJourneyRef, StartDate, EndDate) VALUES ('96799', 1501977600, 1502063999);
INSERT INTO DayOfOperation (VehicleJourneyRef, StartDate, EndDate) VALUES ('96799', 1502582400, 1502668799);
INSERT INTO DayOfOperation (VehicleJourneyRef, StartDate, EndDate) VALUES ('96799', 1503187200, 1503273599);
INSERT INTO DayOfOperation (VehicleJourneyRef, StartDate, EndDate) VALUES ('96799', 1503792000, 1503878399);
INSERT INTO DayOfOperation (VehicleJourneyRef, StartDate, EndDate) VALUES ('96799', 1504396800, 1504483199);
INSERT INTO DayOfOperation (VehicleJourneyRef, StartDate, EndDate) VALUES ('96799', 1505001600, 1505087999);
INSERT INTO DayOfOperation (VehicleJourneyRef, StartDate, EndDate) VALUES ('96799', 1505606400, 1505692799);
INSERT INTO DayOfOperation (VehicleJourneyRef, StartDate, EndDate) VALUES ('96799', 1506211200, 1506297599);
INSERT INTO DayOfOperation (VehicleJourneyRef, StartDate, EndDate) VALUES ('96799', 1506816000, 1506902399);
INSERT INTO DayOfOperation (VehicleJourneyRef, StartDate, EndDate) VALUES ('96799', 1507420800, 1507507199);
INSERT INTO DayOfOperation (VehicleJourneyRef, StartDate, EndDate) VALUES ('96799', 1508025600, 1508111999);
INSERT INTO DayOfOperation (VehicleJourneyRef, StartDate, EndDate) VALUES ('96799', 1508630400, 1508716799);
INSERT INTO DayOfNonOperation (VehicleJourneyRef, StartDate, EndDate) VALUES ('96799', 1508716800, 2524607999);
INSERT INTO VehicleJourney (VehicleJourneyCode, ServiceRef, LineRef, JourneyPatternRef, OperatorRef, Monday, Tuesday, Wednesday, Thursday, Friday, Saturday, Sunday, DepatureHour, DepatureMinute, DepatureSecond, Note, NoteCode) VALUES ('96800', 'FSACM03', '0', 'JPS_FSACM03-4', 'CAL', 0, 0, 0, 0, 0, 0, 1, 13, 0, 0, '', '');
INSERT INTO DayOfOperation (VehicleJourneyRef, StartDate, EndDate) VALUES ('96800', 1497744000, 1497830399);
INSERT INTO DayOfOperation (VehicleJourneyRef, StartDate, EndDate) VALUES ('96800', 1498348800, 1498435199);
INSERT INTO DayOfOperation (VehicleJourneyRef, StartDate, EndDate) VALUES ('96800', 1498953600, 1499039999);
INSERT INTO DayOfOperation (VehicleJourneyRef, StartDate, EndDate) VALUES ('96800', 1499558400, 1499644799);
INSERT INTO DayOfOperation (VehicleJourneyRef, StartDate, EndDate) VALUES ('96800', 1500163200, 1500249599);
INSERT INTO DayOfOperation (VehicleJourneyRef, StartDate, EndDate) VALUES ('96800', 1500768000, 1500854399);
INSERT INTO DayOfOperation (VehicleJourneyRef, StartDate, EndDate) VALUES ('96800', 1501372800, 1501459199);
INSERT INTO DayOfOperation (VehicleJourneyRef, StartDate, EndDate) VALUES ('96800', 1501977600, 1502063999);
INSERT INTO DayOfOperation (VehicleJourneyRef, StartDate, EndDate) VALUES ('96800', 1502582400, 1502668799);
INSERT INTO DayOfOperation (VehicleJourneyRef, StartDate, EndDate) VALUES ('96800', 1503187200, 1503273599);
INSERT INTO DayOfOperation (VehicleJourneyRef, StartDate, EndDate) VALUES ('96800', 1503792000, 1503878399);
INSERT INTO DayOfOperation (VehicleJourneyRef, StartDate, EndDate) VALUES ('96800', 1504396800, 1504483199);
INSERT INTO DayOfOperation (VehicleJourneyRef, StartDate, EndDate) VALUES ('96800', 1505001600, 1505087999);
INSERT INTO DayOfOperation (VehicleJourneyRef, StartDate, EndDate) VALUES ('96800', 1505606400, 1505692799);
INSERT INTO DayOfOperation (VehicleJourneyRef, StartDate, EndDate) VALUES ('96800', 1506211200, 1506297599);
INSERT INTO DayOfOperation (VehicleJourneyRef, StartDate, EndDate) VALUES ('96800', 1506816000, 1506902399);
INSERT INTO DayOfOperation (VehicleJourneyRef, StartDate, EndDate) VALUES ('96800', 1507420800, 1507507199);
INSERT INTO DayOfOperation (VehicleJourneyRef, StartDate, EndDate) VALUES ('96800', 1508025600, 1508111999);
INSERT INTO DayOfOperation (VehicleJourneyRef, StartDate, EndDate) VALUES ('96800', 1508630400, 1508716799);
INSERT INTO DayOfNonOperation (VehicleJourneyRef, StartDate, EndDate) VALUES ('96800', 1508716800, 2524607999);
INSERT INTO VehicleJourney (VehicleJourneyCode, ServiceRef, LineRef, JourneyPatternRef, OperatorRef, Monday, Tuesday, Wednesday, Thursday, Friday, Saturday, Sunday, DepatureHour, DepatureMinute, DepatureSecond, Note, NoteCode) VALUES ('96801', 'FSACM03', '0', 'JPS_FSACM03-4', 'CAL', 0, 0, 0, 0, 0, 0, 1, 13, 50, 0, '', '');
INSERT INTO DayOfOperation (VehicleJourneyRef, StartDate, EndDate) VALUES ('96801', 1497744000, 1497830399);
INSERT INTO DayOfOperation (VehicleJourneyRef, StartDate, EndDate) VALUES ('96801', 1498348800, 1498435199);
INSERT INTO DayOfOperation (VehicleJourneyRef, StartDate, EndDate) VALUES ('96801', 1498953600, 1499039999);
INSERT INTO DayOfOperation (VehicleJourneyRef, StartDate, EndDate) VALUES ('96801', 1499558400, 1499644799);
INSERT INTO DayOfOperation (VehicleJourneyRef, StartDate, EndDate) VALUES ('96801', 1500163200, 1500249599);
INSERT INTO DayOfOperation (VehicleJourneyRef, StartDate, EndDate) VALUES ('96801', 1500768000, 1500854399);
INSERT INTO DayOfOperation (VehicleJourneyRef, StartDate, EndDate) VALUES ('96801', 1501372800, 1501459199);
INSERT INTO DayOfOperation (VehicleJourneyRef, StartDate, EndDate) VALUES ('96801', 1501977600, 1502063999);
INSERT INTO DayOfOperation (VehicleJourneyRef, StartDate, EndDate) VALUES ('96801', 1502582400, 1502668799);
INSERT INTO DayOfOperation (VehicleJourneyRef, StartDate, EndDate) VALUES ('96801', 1503187200, 1503273599);
INSERT INTO DayOfOperation (VehicleJourneyRef, StartDate, EndDate) VALUES ('96801', 1503792000, 1503878399);
INSERT INTO DayOfOperation (VehicleJourneyRef, StartDate, EndDate) VALUES ('96801', 1504396800, 1504483199);
INSERT INTO DayOfOperation (VehicleJourneyRef, StartDate, EndDate) VALUES ('96801', 1505001600, 1505087999);
INSERT INTO DayOfOperation (VehicleJourneyRef, StartDate, EndDate) VALUES ('96801', 1505606400, 1505692799);
INSERT INTO DayOfOperation (VehicleJourneyRef, StartDate, EndDate) VALUES ('96801', 1506211200, 1506297599);
INSERT INTO DayOfOperation (VehicleJourneyRef, StartDate, EndDate) VALUES ('96801', 1506816000, 1506902399);
INSERT INTO DayOfOperation (VehicleJourneyRef, StartDate, EndDate) VALUES ('96801', 1507420800, 1507507199);
INSERT INTO DayOfOperation (VehicleJourneyRef, StartDate, EndDate) VALUES ('96801', 1508025600, 1508111999);
INSERT INTO DayOfOperation (VehicleJourneyRef, StartDate, EndDate) VALUES ('96801', 1508630400, 1508716799);
INSERT INTO DayOfNonOperation (VehicleJourneyRef, StartDate, EndDate) VALUES ('96801', 1508716800, 2524607999);
INSERT INTO VehicleJourney (VehicleJourneyCode, ServiceRef, LineRef, JourneyPatternRef, OperatorRef, Monday, Tuesday, Wednesday, Thursday, Friday, Saturday, Sunday, DepatureHour, DepatureMinute, DepatureSecond, Note, NoteCode) VALUES ('96802', 'FSACM03', '0', 'JPS_FSACM03-4', 'CAL', 0, 0, 0, 0, 0, 0, 1, 15, 0, 0, '', '');
INSERT INTO DayOfOperation (VehicleJourneyRef, StartDate, EndDate) VALUES ('96802', 1497744000, 1497830399);
INSERT INTO DayOfOperation (VehicleJourneyRef, StartDate, EndDate) VALUES ('96802', 1498348800, 1498435199);
INSERT INTO DayOfOperation (VehicleJourneyRef, StartDate, EndDate) VALUES ('96802', 1498953600, 1499039999);
INSERT INTO DayOfOperation (VehicleJourneyRef, StartDate, EndDate) VALUES ('96802', 1499558400, 1499644799);
INSERT INTO DayOfOperation (VehicleJourneyRef, StartDate, EndDate) VALUES ('96802', 1500163200, 1500249599);
INSERT INTO DayOfOperation (VehicleJourneyRef, StartDate, EndDate) VALUES ('96802', 1500768000, 1500854399);
INSERT INTO DayOfOperation (VehicleJourneyRef, StartDate, EndDate) VALUES ('96802', 1501372800, 1501459199);
INSERT INTO DayOfOperation (VehicleJourneyRef, StartDate, EndDate) VALUES ('96802', 1501977600, 1502063999);
INSERT INTO DayOfOperation (VehicleJourneyRef, StartDate, EndDate) VALUES ('96802', 1502582400, 1502668799);
INSERT INTO DayOfOperation (VehicleJourneyRef, StartDate, EndDate) VALUES ('96802', 1503187200, 1503273599);
INSERT INTO DayOfOperation (VehicleJourneyRef, StartDate, EndDate) VALUES ('96802', 1503792000, 1503878399);
INSERT INTO DayOfOperation (VehicleJourneyRef, StartDate, EndDate) VALUES ('96802', 1504396800, 1504483199);
INSERT INTO DayOfOperation (VehicleJourneyRef, StartDate, EndDate) VALUES ('96802', 1505001600, 1505087999);
INSERT INTO DayOfOperation (VehicleJourneyRef, StartDate, EndDate) VALUES ('96802', 1505606400, 1505692799);
INSERT INTO DayOfOperation (VehicleJourneyRef, StartDate, EndDate) VALUES ('96802', 1506211200, 1506297599);
INSERT INTO DayOfOperation (VehicleJourneyRef, StartDate, EndDate) VALUES ('96802', 1506816000, 1506902399);
INSERT INTO DayOfOperation (VehicleJourneyRef, StartDate, EndDate) VALUES ('96802', 1507420800, 1507507199);
INSERT INTO DayOfOperation (VehicleJourneyRef, StartDate, EndDate) VALUES ('96802', 1508025600, 1508111999);
INSERT INTO DayOfOperation (VehicleJourneyRef, StartDate, EndDate) VALUES ('96802', 1508630400, 1508716799);
INSERT INTO DayOfNonOperation (VehicleJourneyRef, StartDate, EndDate) VALUES ('96802', 1508716800, 2524607999);
INSERT INTO VehicleJourney (VehicleJourneyCode, ServiceRef, LineRef, JourneyPatternRef, OperatorRef, Monday, Tuesday, Wednesday, Thursday, Friday, Saturday, Sunday, DepatureHour, DepatureMinute, DepatureSecond, Note, NoteCode) VALUES ('96803', 'FSACM03', '0', 'JPS_FSACM03-4', 'CAL', 0, 0, 0, 0, 0, 0, 1, 16, 0, 0, '', '');
INSERT INTO DayOfOperation (VehicleJourneyRef, StartDate, EndDate) VALUES ('96803', 1497744000, 1497830399);
INSERT INTO DayOfOperation (VehicleJourneyRef, StartDate, EndDate) VALUES ('96803', 1498348800, 1498435199);
INSERT INTO DayOfOperation (VehicleJourneyRef, StartDate, EndDate) VALUES ('96803', 1498953600, 1499039999);
INSERT INTO DayOfOperation (VehicleJourneyRef, StartDate, EndDate) VALUES ('96803', 1499558400, 1499644799);
INSERT INTO DayOfOperation (VehicleJourneyRef, StartDate, EndDate) VALUES ('96803', 1500163200, 1500249599);
INSERT INTO DayOfOperation (VehicleJourneyRef, StartDate, EndDate) VALUES ('96803', 1500768000, 1500854399);
INSERT INTO DayOfOperation (VehicleJourneyRef, StartDate, EndDate) VALUES ('96803', 1501372800, 1501459199);
INSERT INTO DayOfOperation (VehicleJourneyRef, StartDate, EndDate) VALUES ('96803', 1501977600, 1502063999);
INSERT INTO DayOfOperation (VehicleJourneyRef, StartDate, EndDate) VALUES ('96803', 1502582400, 1502668799);
INSERT INTO DayOfOperation (VehicleJourneyRef, StartDate, EndDate) VALUES ('96803', 1503187200, 1503273599);
INSERT INTO DayOfOperation (VehicleJourneyRef, StartDate, EndDate) VALUES ('96803', 1503792000, 1503878399);
INSERT INTO DayOfOperation (VehicleJourneyRef, StartDate, EndDate) VALUES ('96803', 1504396800, 1504483199);
INSERT INTO DayOfOperation (VehicleJourneyRef, StartDate, EndDate) VALUES ('96803', 1505001600, 1505087999);
INSERT INTO DayOfOperation (VehicleJourneyRef, StartDate, EndDate) VALUES ('96803', 1505606400, 1505692799);
INSERT INTO DayOfOperation (VehicleJourneyRef, StartDate, EndDate) VALUES ('96803', 1506211200, 1506297599);
INSERT INTO DayOfOperation (VehicleJourneyRef, StartDate, EndDate) VALUES ('96803', 1506816000, 1506902399);
INSERT INTO DayOfOperation (VehicleJourneyRef, StartDate, EndDate) VALUES ('96803', 1507420800, 1507507199);
INSERT INTO DayOfOperation (VehicleJourneyRef, StartDate, EndDate) VALUES ('96803', 1508025600, 1508111999);
INSERT INTO DayOfOperation (VehicleJourneyRef, StartDate, EndDate) VALUES ('96803', 1508630400, 1508716799);
INSERT INTO DayOfNonOperation (VehicleJourneyRef, StartDate, EndDate) VALUES ('96803', 1508716800, 2524607999);
INSERT INTO VehicleJourney (VehicleJourneyCode, ServiceRef, LineRef, JourneyPatternRef, OperatorRef, Monday, Tuesday, Wednesday, Thursday, Friday, Saturday, Sunday, DepatureHour, DepatureMinute, DepatureSecond, Note, NoteCode) VALUES ('96804', 'FSACM03', '0', 'JPS_FSACM03-4', 'CAL', 0, 0, 0, 0, 0, 0, 1, 16, 45, 0, '', '');
INSERT INTO DayOfOperation (VehicleJourneyRef, StartDate, EndDate) VALUES ('96804', 1497744000, 1497830399);
INSERT INTO DayOfOperation (VehicleJourneyRef, StartDate, EndDate) VALUES ('96804', 1498348800, 1498435199);
INSERT INTO DayOfOperation (VehicleJourneyRef, StartDate, EndDate) VALUES ('96804', 1498953600, 1499039999);
INSERT INTO DayOfOperation (VehicleJourneyRef, StartDate, EndDate) VALUES ('96804', 1499558400, 1499644799);
INSERT INTO DayOfOperation (VehicleJourneyRef, StartDate, EndDate) VALUES ('96804', 1500163200, 1500249599);
INSERT INTO DayOfOperation (VehicleJourneyRef, StartDate, EndDate) VALUES ('96804', 1500768000, 1500854399);
INSERT INTO DayOfOperation (VehicleJourneyRef, StartDate, EndDate) VALUES ('96804', 1501372800, 1501459199);
INSERT INTO DayOfOperation (VehicleJourneyRef, StartDate, EndDate) VALUES ('96804', 1501977600, 1502063999);
INSERT INTO DayOfOperation (VehicleJourneyRef, StartDate, EndDate) VALUES ('96804', 1502582400, 1502668799);
INSERT INTO DayOfOperation (VehicleJourneyRef, StartDate, EndDate) VALUES ('96804', 1503187200, 1503273599);
INSERT INTO DayOfOperation (VehicleJourneyRef, StartDate, EndDate) VALUES ('96804', 1503792000, 1503878399);
INSERT INTO DayOfOperation (VehicleJourneyRef, StartDate, EndDate) VALUES ('96804', 1504396800, 1504483199);
INSERT INTO DayOfOperation (VehicleJourneyRef, StartDate, EndDate) VALUES ('96804', 1505001600, 1505087999);
INSERT INTO DayOfOperation (VehicleJourneyRef, StartDate, EndDate) VALUES ('96804', 1505606400, 1505692799);
INSERT INTO DayOfOperation (VehicleJourneyRef, StartDate, EndDate) VALUES ('96804', 1506211200, 1506297599);
INSERT INTO DayOfOperation (VehicleJourneyRef, StartDate, EndDate) VALUES ('96804', 1506816000, 1506902399);
INSERT INTO DayOfOperation (VehicleJourneyRef, StartDate, EndDate) VALUES ('96804', 1507420800, 1507507199);
INSERT INTO DayOfOperation (VehicleJourneyRef, StartDate, EndDate) VALUES ('96804', 1508025600, 1508111999);
INSERT INTO DayOfOperation (VehicleJourneyRef, StartDate, EndDate) VALUES ('96804', 1508630400, 1508716799);
INSERT INTO DayOfNonOperation (VehicleJourneyRef, StartDate, EndDate) VALUES ('96804', 1508716800, 2524607999);
INSERT INTO VehicleJourney (VehicleJourneyCode, ServiceRef, LineRef, JourneyPatternRef, OperatorRef, Monday, Tuesday, Wednesday, Thursday, Friday, Saturday, Sunday, DepatureHour, DepatureMinute, DepatureSecond, Note, NoteCode) VALUES ('96805', 'FSACM03', '0', 'JPS_FSACM03-4', 'CAL', 0, 0, 0, 0, 0, 0, 1, 17, 30, 0, '', '');
INSERT INTO DayOfOperation (VehicleJourneyRef, StartDate, EndDate) VALUES ('96805', 1497744000, 1497830399);
INSERT INTO DayOfOperation (VehicleJourneyRef, StartDate, EndDate) VALUES ('96805', 1498348800, 1498435199);
INSERT INTO DayOfOperation (VehicleJourneyRef, StartDate, EndDate) VALUES ('96805', 1498953600, 1499039999);
INSERT INTO DayOfOperation (VehicleJourneyRef, StartDate, EndDate) VALUES ('96805', 1499558400, 1499644799);
INSERT INTO DayOfOperation (VehicleJourneyRef, StartDate, EndDate) VALUES ('96805', 1500163200, 1500249599);
INSERT INTO DayOfOperation (VehicleJourneyRef, StartDate, EndDate) VALUES ('96805', 1500768000, 1500854399);
INSERT INTO DayOfOperation (VehicleJourneyRef, StartDate, EndDate) VALUES ('96805', 1501372800, 1501459199);
INSERT INTO DayOfOperation (VehicleJourneyRef, StartDate, EndDate) VALUES ('96805', 1501977600, 1502063999);
INSERT INTO DayOfOperation (VehicleJourneyRef, StartDate, EndDate) VALUES ('96805', 1502582400, 1502668799);
INSERT INTO DayOfOperation (VehicleJourneyRef, StartDate, EndDate) VALUES ('96805', 1503187200, 1503273599);
INSERT INTO DayOfOperation (VehicleJourneyRef, StartDate, EndDate) VALUES ('96805', 1503792000, 1503878399);
INSERT INTO DayOfOperation (VehicleJourneyRef, StartDate, EndDate) VALUES ('96805', 1504396800, 1504483199);
INSERT INTO DayOfOperation (VehicleJourneyRef, StartDate, EndDate) VALUES ('96805', 1505001600, 1505087999);
INSERT INTO DayOfOperation (VehicleJourneyRef, StartDate, EndDate) VALUES ('96805', 1505606400, 1505692799);
INSERT INTO DayOfOperation (VehicleJourneyRef, StartDate, EndDate) VALUES ('96805', 1506211200, 1506297599);
INSERT INTO DayOfOperation (VehicleJourneyRef, StartDate, EndDate) VALUES ('96805', 1506816000, 1506902399);
INSERT INTO DayOfOperation (VehicleJourneyRef, StartDate, EndDate) VALUES ('96805', 1507420800, 1507507199);
INSERT INTO DayOfOperation (VehicleJourneyRef, StartDate, EndDate) VALUES ('96805', 1508025600, 1508111999);
INSERT INTO DayOfOperation (VehicleJourneyRef, StartDate, EndDate) VALUES ('96805', 1508630400, 1508716799);
INSERT INTO DayOfNonOperation (VehicleJourneyRef, StartDate, EndDate) VALUES ('96805', 1508716800, 2524607999);
INSERT INTO VehicleJourney (VehicleJourneyCode, ServiceRef, LineRef, JourneyPatternRef, OperatorRef, Monday, Tuesday, Wednesday, Thursday, Friday, Saturday, Sunday, DepatureHour, DepatureMinute, DepatureSecond, Note, NoteCode) VALUES ('96806', 'FSACM03', '0', 'JPS_FSACM03-4', 'CAL', 0, 0, 0, 0, 0, 0, 1, 18, 15, 0, '', '');
INSERT INTO DayOfOperation (VehicleJourneyRef, StartDate, EndDate) VALUES ('96806', 1497744000, 1497830399);
INSERT INTO DayOfOperation (VehicleJourneyRef, StartDate, EndDate) VALUES ('96806', 1498348800, 1498435199);
INSERT INTO DayOfOperation (VehicleJourneyRef, StartDate, EndDate) VALUES ('96806', 1498953600, 1499039999);
INSERT INTO DayOfOperation (VehicleJourneyRef, StartDate, EndDate) VALUES ('96806', 1499558400, 1499644799);
INSERT INTO DayOfOperation (VehicleJourneyRef, StartDate, EndDate) VALUES ('96806', 1500163200, 1500249599);
INSERT INTO DayOfOperation (VehicleJourneyRef, StartDate, EndDate) VALUES ('96806', 1500768000, 1500854399);
INSERT INTO DayOfOperation (VehicleJourneyRef, StartDate, EndDate) VALUES ('96806', 1501372800, 1501459199);
INSERT INTO DayOfOperation (VehicleJourneyRef, StartDate, EndDate) VALUES ('96806', 1501977600, 1502063999);
INSERT INTO DayOfOperation (VehicleJourneyRef, StartDate, EndDate) VALUES ('96806', 1502582400, 1502668799);
INSERT INTO DayOfOperation (VehicleJourneyRef, StartDate, EndDate) VALUES ('96806', 1503187200, 1503273599);
INSERT INTO DayOfOperation (VehicleJourneyRef, StartDate, EndDate) VALUES ('96806', 1503792000, 1503878399);
INSERT INTO DayOfOperation (VehicleJourneyRef, StartDate, EndDate) VALUES ('96806', 1504396800, 1504483199);
INSERT INTO DayOfOperation (VehicleJourneyRef, StartDate, EndDate) VALUES ('96806', 1505001600, 1505087999);
INSERT INTO DayOfOperation (VehicleJourneyRef, StartDate, EndDate) VALUES ('96806', 1505606400, 1505692799);
INSERT INTO DayOfOperation (VehicleJourneyRef, StartDate, EndDate) VALUES ('96806', 1506211200, 1506297599);
INSERT INTO DayOfOperation (VehicleJourneyRef, StartDate, EndDate) VALUES ('96806', 1506816000, 1506902399);
INSERT INTO DayOfOperation (VehicleJourneyRef, StartDate, EndDate) VALUES ('96806', 1507420800, 1507507199);
INSERT INTO DayOfOperation (VehicleJourneyRef, StartDate, EndDate) VALUES ('96806', 1508025600, 1508111999);
INSERT INTO DayOfOperation (VehicleJourneyRef, StartDate, EndDate) VALUES ('96806', 1508630400, 1508716799);
INSERT INTO DayOfNonOperation (VehicleJourneyRef, StartDate, EndDate) VALUES ('96806', 1508716800, 2524607999);
INSERT INTO VehicleJourney (VehicleJourneyCode, ServiceRef, LineRef, JourneyPatternRef, OperatorRef, Monday, Tuesday, Wednesday, Thursday, Friday, Saturday, Sunday, DepatureHour, DepatureMinute, DepatureSecond, Note, NoteCode) VALUES ('96807', 'FSACM03', '0', 'JPS_FSACM03-4', 'CAL', 0, 0, 0, 0, 0, 0, 1, 19, 0, 0, '', '');
INSERT INTO DayOfOperation (VehicleJourneyRef, StartDate, EndDate) VALUES ('96807', 1497744000, 1497830399);
INSERT INTO DayOfOperation (VehicleJourneyRef, StartDate, EndDate) VALUES ('96807', 1498348800, 1498435199);
INSERT INTO DayOfOperation (VehicleJourneyRef, StartDate, EndDate) VALUES ('96807', 1498953600, 1499039999);
INSERT INTO DayOfOperation (VehicleJourneyRef, StartDate, EndDate) VALUES ('96807', 1499558400, 1499644799);
INSERT INTO DayOfOperation (VehicleJourneyRef, StartDate, EndDate) VALUES ('96807', 1500163200, 1500249599);
INSERT INTO DayOfOperation (VehicleJourneyRef, StartDate, EndDate) VALUES ('96807', 1500768000, 1500854399);
INSERT INTO DayOfOperation (VehicleJourneyRef, StartDate, EndDate) VALUES ('96807', 1501372800, 1501459199);
INSERT INTO DayOfOperation (VehicleJourneyRef, StartDate, EndDate) VALUES ('96807', 1501977600, 1502063999);
INSERT INTO DayOfOperation (VehicleJourneyRef, StartDate, EndDate) VALUES ('96807', 1502582400, 1502668799);
INSERT INTO DayOfOperation (VehicleJourneyRef, StartDate, EndDate) VALUES ('96807', 1503187200, 1503273599);
INSERT INTO DayOfOperation (VehicleJourneyRef, StartDate, EndDate) VALUES ('96807', 1503792000, 1503878399);
INSERT INTO DayOfOperation (VehicleJourneyRef, StartDate, EndDate) VALUES ('96807', 1504396800, 1504483199);
INSERT INTO DayOfOperation (VehicleJourneyRef, StartDate, EndDate) VALUES ('96807', 1505001600, 1505087999);
INSERT INTO DayOfOperation (VehicleJourneyRef, StartDate, EndDate) VALUES ('96807', 1505606400, 1505692799);
INSERT INTO DayOfOperation (VehicleJourneyRef, StartDate, EndDate) VALUES ('96807', 1506211200, 1506297599);
INSERT INTO DayOfOperation (VehicleJourneyRef, StartDate, EndDate) VALUES ('96807', 1506816000, 1506902399);
INSERT INTO DayOfOperation (VehicleJourneyRef, StartDate, EndDate) VALUES ('96807', 1507420800, 1507507199);
INSERT INTO DayOfOperation (VehicleJourneyRef, StartDate, EndDate) VALUES ('96807', 1508025600, 1508111999);
INSERT INTO DayOfOperation (VehicleJourneyRef, StartDate, EndDate) VALUES ('96807', 1508630400, 1508716799);
INSERT INTO DayOfNonOperation (VehicleJourneyRef, StartDate, EndDate) VALUES ('96807', 1508716800, 2524607999);
INSERT INTO VehicleJourney (VehicleJourneyCode, ServiceRef, LineRef, JourneyPatternRef, OperatorRef, Monday, Tuesday, Wednesday, Thursday, Friday, Saturday, Sunday, DepatureHour, DepatureMinute, DepatureSecond, Note, NoteCode) VALUES ('96808', 'FSACM03', '0', 'JPS_FSACM03-4', 'CAL', 0, 0, 0, 0, 0, 0, 1, 19, 45, 0, '', '');
INSERT INTO DayOfOperation (VehicleJourneyRef, StartDate, EndDate) VALUES ('96808', 1497744000, 1497830399);
INSERT INTO DayOfOperation (VehicleJourneyRef, StartDate, EndDate) VALUES ('96808', 1498348800, 1498435199);
INSERT INTO DayOfOperation (VehicleJourneyRef, StartDate, EndDate) VALUES ('96808', 1498953600, 1499039999);
INSERT INTO DayOfOperation (VehicleJourneyRef, StartDate, EndDate) VALUES ('96808', 1499558400, 1499644799);
INSERT INTO DayOfOperation (VehicleJourneyRef, StartDate, EndDate) VALUES ('96808', 1500163200, 1500249599);
INSERT INTO DayOfOperation (VehicleJourneyRef, StartDate, EndDate) VALUES ('96808', 1500768000, 1500854399);
INSERT INTO DayOfOperation (VehicleJourneyRef, StartDate, EndDate) VALUES ('96808', 1501372800, 1501459199);
INSERT INTO DayOfOperation (VehicleJourneyRef, StartDate, EndDate) VALUES ('96808', 1501977600, 1502063999);
INSERT INTO DayOfOperation (VehicleJourneyRef, StartDate, EndDate) VALUES ('96808', 1502582400, 1502668799);
INSERT INTO DayOfOperation (VehicleJourneyRef, StartDate, EndDate) VALUES ('96808', 1503187200, 1503273599);
INSERT INTO DayOfOperation (VehicleJourneyRef, StartDate, EndDate) VALUES ('96808', 1503792000, 1503878399);
INSERT INTO DayOfOperation (VehicleJourneyRef, StartDate, EndDate) VALUES ('96808', 1504396800, 1504483199);
INSERT INTO DayOfOperation (VehicleJourneyRef, StartDate, EndDate) VALUES ('96808', 1505001600, 1505087999);
INSERT INTO DayOfOperation (VehicleJourneyRef, StartDate, EndDate) VALUES ('96808', 1505606400, 1505692799);
INSERT INTO DayOfOperation (VehicleJourneyRef, StartDate, EndDate) VALUES ('96808', 1506211200, 1506297599);
INSERT INTO DayOfOperation (VehicleJourneyRef, StartDate, EndDate) VALUES ('96808', 1506816000, 1506902399);
INSERT INTO DayOfOperation (VehicleJourneyRef, StartDate, EndDate) VALUES ('96808', 1507420800, 1507507199);
INSERT INTO DayOfOperation (VehicleJourneyRef, StartDate, EndDate) VALUES ('96808', 1508025600, 1508111999);
INSERT INTO DayOfOperation (VehicleJourneyRef, StartDate, EndDate) VALUES ('96808', 1508630400, 1508716799);
INSERT INTO DayOfNonOperation (VehicleJourneyRef, StartDate, EndDate) VALUES ('96808', 1508716800, 2524607999);
INSERT INTO VehicleJourney (VehicleJourneyCode, ServiceRef, LineRef, JourneyPatternRef, OperatorRef, Monday, Tuesday, Wednesday, Thursday, Friday, Saturday, Sunday, DepatureHour, DepatureMinute, DepatureSecond, Note, NoteCode) VALUES ('96809', 'FSACM03', '0', 'JPS_FSACM03-4', 'CAL', 0, 0, 0, 0, 0, 0, 1, 20, 45, 0, '', '');
INSERT INTO DayOfOperation (VehicleJourneyRef, StartDate, EndDate) VALUES ('96809', 1497744000, 1497830399);
INSERT INTO DayOfOperation (VehicleJourneyRef, StartDate, EndDate) VALUES ('96809', 1498348800, 1498435199);
INSERT INTO DayOfOperation (VehicleJourneyRef, StartDate, EndDate) VALUES ('96809', 1498953600, 1499039999);
INSERT INTO DayOfOperation (VehicleJourneyRef, StartDate, EndDate) VALUES ('96809', 1499558400, 1499644799);
INSERT INTO DayOfOperation (VehicleJourneyRef, StartDate, EndDate) VALUES ('96809', 1500163200, 1500249599);
INSERT INTO DayOfOperation (VehicleJourneyRef, StartDate, EndDate) VALUES ('96809', 1500768000, 1500854399);
INSERT INTO DayOfOperation (VehicleJourneyRef, StartDate, EndDate) VALUES ('96809', 1501372800, 1501459199);
INSERT INTO DayOfOperation (VehicleJourneyRef, StartDate, EndDate) VALUES ('96809', 1501977600, 1502063999);
INSERT INTO DayOfOperation (VehicleJourneyRef, StartDate, EndDate) VALUES ('96809', 1502582400, 1502668799);
INSERT INTO DayOfOperation (VehicleJourneyRef, StartDate, EndDate) VALUES ('96809', 1503187200, 1503273599);
INSERT INTO DayOfOperation (VehicleJourneyRef, StartDate, EndDate) VALUES ('96809', 1503792000, 1503878399);
INSERT INTO DayOfOperation (VehicleJourneyRef, StartDate, EndDate) VALUES ('96809', 1504396800, 1504483199);
INSERT INTO DayOfOperation (VehicleJourneyRef, StartDate, EndDate) VALUES ('96809', 1505001600, 1505087999);
INSERT INTO DayOfOperation (VehicleJourneyRef, StartDate, EndDate) VALUES ('96809', 1505606400, 1505692799);
INSERT INTO DayOfOperation (VehicleJourneyRef, StartDate, EndDate) VALUES ('96809', 1506211200, 1506297599);
INSERT INTO DayOfOperation (VehicleJourneyRef, StartDate, EndDate) VALUES ('96809', 1506816000, 1506902399);
INSERT INTO DayOfOperation (VehicleJourneyRef, StartDate, EndDate) VALUES ('96809', 1507420800, 1507507199);
INSERT INTO DayOfOperation (VehicleJourneyRef, StartDate, EndDate) VALUES ('96809', 1508025600, 1508111999);
INSERT INTO DayOfOperation (VehicleJourneyRef, StartDate, EndDate) VALUES ('96809', 1508630400, 1508716799);
INSERT INTO DayOfNonOperation (VehicleJourneyRef, StartDate, EndDate) VALUES ('96809', 1508716800, 2524607999);
INSERT INTO VehicleJourney (VehicleJourneyCode, ServiceRef, LineRef, JourneyPatternRef, OperatorRef, Monday, Tuesday, Wednesday, Thursday, Friday, Saturday, Sunday, DepatureHour, DepatureMinute, DepatureSecond, Note, NoteCode) VALUES ('96667', 'FSACM03', '0', 'JPS_FSACM03-3', 'CAL', 0, 0, 0, 0, 0, 1, 0, 21, 10, 0, '', '');
INSERT INTO DayOfOperation (VehicleJourneyRef, StartDate, EndDate) VALUES ('96667', 1497657600, 1497743999);
INSERT INTO DayOfOperation (VehicleJourneyRef, StartDate, EndDate) VALUES ('96667', 1498262400, 1498348799);
INSERT INTO DayOfOperation (VehicleJourneyRef, StartDate, EndDate) VALUES ('96667', 1498867200, 1498953599);
INSERT INTO DayOfOperation (VehicleJourneyRef, StartDate, EndDate) VALUES ('96667', 1499472000, 1499558399);
INSERT INTO DayOfOperation (VehicleJourneyRef, StartDate, EndDate) VALUES ('96667', 1500076800, 1500163199);
INSERT INTO DayOfOperation (VehicleJourneyRef, StartDate, EndDate) VALUES ('96667', 1500681600, 1500767999);
INSERT INTO DayOfOperation (VehicleJourneyRef, StartDate, EndDate) VALUES ('96667', 1501286400, 1501372799);
INSERT INTO DayOfOperation (VehicleJourneyRef, StartDate, EndDate) VALUES ('96667', 1501891200, 1501977599);
INSERT INTO DayOfOperation (VehicleJourneyRef, StartDate, EndDate) VALUES ('96667', 1502496000, 1502582399);
INSERT INTO DayOfOperation (VehicleJourneyRef, StartDate, EndDate) VALUES ('96667', 1503100800, 1503187199);
INSERT INTO DayOfNonOperation (VehicleJourneyRef, StartDate, EndDate) VALUES ('96667', 1490918400, 1496447999);
INSERT INTO DayOfNonOperation (VehicleJourneyRef, StartDate, EndDate) VALUES ('96667', 1503187200, 2524607999);
INSERT INTO VehicleJourney (VehicleJourneyCode, ServiceRef, LineRef, JourneyPatternRef, OperatorRef, Monday, Tuesday, Wednesday, Thursday, Friday, Saturday, Sunday, DepatureHour, DepatureMinute, DepatureSecond, Note, NoteCode) VALUES ('96781', 'FSACM03', '0', 'JPS_FSACM03-4', 'CAL', 0, 0, 0, 0, 0, 1, 0, 22, 0, 0, '', '');
INSERT INTO DayOfOperation (VehicleJourneyRef, StartDate, EndDate) VALUES ('96781', 1497657600, 1497743999);
INSERT INTO DayOfOperation (VehicleJourneyRef, StartDate, EndDate) VALUES ('96781', 1498262400, 1498348799);
INSERT INTO DayOfOperation (VehicleJourneyRef, StartDate, EndDate) VALUES ('96781', 1498867200, 1498953599);
INSERT INTO DayOfOperation (VehicleJourneyRef, StartDate, EndDate) VALUES ('96781', 1499472000, 1499558399);
INSERT INTO DayOfOperation (VehicleJourneyRef, StartDate, EndDate) VALUES ('96781', 1500076800, 1500163199);
INSERT INTO DayOfOperation (VehicleJourneyRef, StartDate, EndDate) VALUES ('96781', 1500681600, 1500767999);
INSERT INTO DayOfOperation (VehicleJourneyRef, StartDate, EndDate) VALUES ('96781', 1501286400, 1501372799);
INSERT INTO DayOfOperation (VehicleJourneyRef, StartDate, EndDate) VALUES ('96781', 1501891200, 1501977599);
INSERT INTO DayOfOperation (VehicleJourneyRef, StartDate, EndDate) VALUES ('96781', 1502496000, 1502582399);
INSERT INTO DayOfOperation (VehicleJourneyRef, StartDate, EndDate) VALUES ('96781', 1503100800, 1503187199);
INSERT INTO DayOfNonOperation (VehicleJourneyRef, StartDate, EndDate) VALUES ('96781', 1490918400, 1496447999);
INSERT INTO DayOfNonOperation (VehicleJourneyRef, StartDate, EndDate) VALUES ('96781', 1503187200, 2524607999);
INSERT INTO VehicleJourney (VehicleJourneyCode, ServiceRef, LineRef, JourneyPatternRef, OperatorRef, Monday, Tuesday, Wednesday, Thursday, Friday, Saturday, Sunday, DepatureHour, DepatureMinute, DepatureSecond, Note, NoteCode) VALUES ('96635', 'FSACM03', '0', 'JPS_FSACM03-3', 'CAL', 1, 1, 1, 1, 1, 0, 0, 6, 25, 0, '', '');
INSERT INTO DayOfNonOperation (VehicleJourneyRef, StartDate, EndDate) VALUES ('96635', 1490918400, 1508716799);
INSERT INTO DayOfNonOperation (VehicleJourneyRef, StartDate, EndDate) VALUES ('96635', 1514160000, 1514332799);
INSERT INTO DayOfNonOperation (VehicleJourneyRef, StartDate, EndDate) VALUES ('96635', 1514764800, 1514937599);
INSERT INTO VehicleJourney (VehicleJourneyCode, ServiceRef, LineRef, JourneyPatternRef, OperatorRef, Monday, Tuesday, Wednesday, Thursday, Friday, Saturday, Sunday, DepatureHour, DepatureMinute, DepatureSecond, Note, NoteCode) VALUES ('96636', 'FSACM03', '0', 'JPS_FSACM03-3', 'CAL', 1, 1, 1, 1, 1, 0, 0, 7, 0, 0, '', '');
INSERT INTO DayOfNonOperation (VehicleJourneyRef, StartDate, EndDate) VALUES ('96636', 1490918400, 1508716799);
INSERT INTO DayOfNonOperation (VehicleJourneyRef, StartDate, EndDate) VALUES ('96636', 1514160000, 1514332799);
INSERT INTO DayOfNonOperation (VehicleJourneyRef, StartDate, EndDate) VALUES ('96636', 1514764800, 1514937599);
INSERT INTO VehicleJourney (VehicleJourneyCode, ServiceRef, LineRef, JourneyPatternRef, OperatorRef, Monday, Tuesday, Wednesday, Thursday, Friday, Saturday, Sunday, DepatureHour, DepatureMinute, DepatureSecond, Note, NoteCode) VALUES ('96637', 'FSACM03', '0', 'JPS_FSACM03-3', 'CAL', 1, 1, 1, 1, 1, 0, 0, 8, 0, 0, '', '');
INSERT INTO DayOfNonOperation (VehicleJourneyRef, StartDate, EndDate) VALUES ('96637', 1490918400, 1508716799);
INSERT INTO DayOfNonOperation (VehicleJourneyRef, StartDate, EndDate) VALUES ('96637', 1514160000, 1514332799);
INSERT INTO DayOfNonOperation (VehicleJourneyRef, StartDate, EndDate) VALUES ('96637', 1514764800, 1514937599);
INSERT INTO VehicleJourney (VehicleJourneyCode, ServiceRef, LineRef, JourneyPatternRef, OperatorRef, Monday, Tuesday, Wednesday, Thursday, Friday, Saturday, Sunday, DepatureHour, DepatureMinute, DepatureSecond, Note, NoteCode) VALUES ('96638', 'FSACM03', '0', 'JPS_FSACM03-3', 'CAL', 1, 1, 1, 1, 1, 0, 0, 8, 40, 0, '', '');
INSERT INTO DayOfNonOperation (VehicleJourneyRef, StartDate, EndDate) VALUES ('96638', 1490918400, 1508716799);
INSERT INTO DayOfNonOperation (VehicleJourneyRef, StartDate, EndDate) VALUES ('96638', 1514160000, 1514332799);
INSERT INTO DayOfNonOperation (VehicleJourneyRef, StartDate, EndDate) VALUES ('96638', 1514764800, 1514937599);
INSERT INTO VehicleJourney (VehicleJourneyCode, ServiceRef, LineRef, JourneyPatternRef, OperatorRef, Monday, Tuesday, Wednesday, Thursday, Friday, Saturday, Sunday, DepatureHour, DepatureMinute, DepatureSecond, Note, NoteCode) VALUES ('96639', 'FSACM03', '0', 'JPS_FSACM03-3', 'CAL', 1, 1, 1, 1, 1, 0, 0, 9, 30, 0, '', '');
INSERT INTO DayOfNonOperation (VehicleJourneyRef, StartDate, EndDate) VALUES ('96639', 1490918400, 1508716799);
INSERT INTO DayOfNonOperation (VehicleJourneyRef, StartDate, EndDate) VALUES ('96639', 1514160000, 1514332799);
INSERT INTO DayOfNonOperation (VehicleJourneyRef, StartDate, EndDate) VALUES ('96639', 1514764800, 1514937599);
INSERT INTO VehicleJourney (VehicleJourneyCode, ServiceRef, LineRef, JourneyPatternRef, OperatorRef, Monday, Tuesday, Wednesday, Thursday, Friday, Saturday, Sunday, DepatureHour, DepatureMinute, DepatureSecond, Note, NoteCode) VALUES ('96640', 'FSACM03', '0', 'JPS_FSACM03-3', 'CAL', 1, 1, 1, 1, 1, 0, 0, 10, 10, 0, '', '');
INSERT INTO DayOfNonOperation (VehicleJourneyRef, StartDate, EndDate) VALUES ('96640', 1490918400, 1508716799);
INSERT INTO DayOfNonOperation (VehicleJourneyRef, StartDate, EndDate) VALUES ('96640', 1514160000, 1514332799);
INSERT INTO DayOfNonOperation (VehicleJourneyRef, StartDate, EndDate) VALUES ('96640', 1514764800, 1514937599);
INSERT INTO VehicleJourney (VehicleJourneyCode, ServiceRef, LineRef, JourneyPatternRef, OperatorRef, Monday, Tuesday, Wednesday, Thursday, Friday, Saturday, Sunday, DepatureHour, DepatureMinute, DepatureSecond, Note, NoteCode) VALUES ('96641', 'FSACM03', '0', 'JPS_FSACM03-3', 'CAL', 1, 1, 1, 1, 1, 0, 0, 11, 0, 0, '', '');
INSERT INTO DayOfNonOperation (VehicleJourneyRef, StartDate, EndDate) VALUES ('96641', 1490918400, 1508716799);
INSERT INTO DayOfNonOperation (VehicleJourneyRef, StartDate, EndDate) VALUES ('96641', 1514160000, 1514332799);
INSERT INTO DayOfNonOperation (VehicleJourneyRef, StartDate, EndDate) VALUES ('96641', 1514764800, 1514937599);
INSERT INTO VehicleJourney (VehicleJourneyCode, ServiceRef, LineRef, JourneyPatternRef, OperatorRef, Monday, Tuesday, Wednesday, Thursday, Friday, Saturday, Sunday, DepatureHour, DepatureMinute, DepatureSecond, Note, NoteCode) VALUES ('96642', 'FSACM03', '0', 'JPS_FSACM03-3', 'CAL', 1, 1, 1, 1, 1, 0, 0, 12, 0, 0, '', '');
INSERT INTO DayOfNonOperation (VehicleJourneyRef, StartDate, EndDate) VALUES ('96642', 1490918400, 1508716799);
INSERT INTO DayOfNonOperation (VehicleJourneyRef, StartDate, EndDate) VALUES ('96642', 1514160000, 1514332799);
INSERT INTO DayOfNonOperation (VehicleJourneyRef, StartDate, EndDate) VALUES ('96642', 1514764800, 1514937599);
INSERT INTO VehicleJourney (VehicleJourneyCode, ServiceRef, LineRef, JourneyPatternRef, OperatorRef, Monday, Tuesday, Wednesday, Thursday, Friday, Saturday, Sunday, DepatureHour, DepatureMinute, DepatureSecond, Note, NoteCode) VALUES ('96643', 'FSACM03', '0', 'JPS_FSACM03-3', 'CAL', 1, 1, 1, 1, 1, 0, 0, 13, 0, 0, '', '');
INSERT INTO DayOfNonOperation (VehicleJourneyRef, StartDate, EndDate) VALUES ('96643', 1490918400, 1508716799);
INSERT INTO DayOfNonOperation (VehicleJourneyRef, StartDate, EndDate) VALUES ('96643', 1514160000, 1514332799);
INSERT INTO DayOfNonOperation (VehicleJourneyRef, StartDate, EndDate) VALUES ('96643', 1514764800, 1514937599);
INSERT INTO VehicleJourney (VehicleJourneyCode, ServiceRef, LineRef, JourneyPatternRef, OperatorRef, Monday, Tuesday, Wednesday, Thursday, Friday, Saturday, Sunday, DepatureHour, DepatureMinute, DepatureSecond, Note, NoteCode) VALUES ('96644', 'FSACM03', '0', 'JPS_FSACM03-3', 'CAL', 1, 1, 1, 1, 1, 0, 0, 14, 0, 0, '', '');
INSERT INTO DayOfNonOperation (VehicleJourneyRef, StartDate, EndDate) VALUES ('96644', 1490918400, 1508716799);
INSERT INTO DayOfNonOperation (VehicleJourneyRef, StartDate, EndDate) VALUES ('96644', 1514160000, 1514332799);
INSERT INTO DayOfNonOperation (VehicleJourneyRef, StartDate, EndDate) VALUES ('96644', 1514764800, 1514937599);
INSERT INTO VehicleJourney (VehicleJourneyCode, ServiceRef, LineRef, JourneyPatternRef, OperatorRef, Monday, Tuesday, Wednesday, Thursday, Friday, Saturday, Sunday, DepatureHour, DepatureMinute, DepatureSecond, Note, NoteCode) VALUES ('96645', 'FSACM03', '0', 'JPS_FSACM03-3', 'CAL', 1, 1, 1, 1, 1, 0, 0, 15, 0, 0, '', '');
INSERT INTO DayOfNonOperation (VehicleJourneyRef, StartDate, EndDate) VALUES ('96645', 1490918400, 1508716799);
INSERT INTO DayOfNonOperation (VehicleJourneyRef, StartDate, EndDate) VALUES ('96645', 1514160000, 1514332799);
INSERT INTO DayOfNonOperation (VehicleJourneyRef, StartDate, EndDate) VALUES ('96645', 1514764800, 1514937599);
INSERT INTO VehicleJourney (VehicleJourneyCode, ServiceRef, LineRef, JourneyPatternRef, OperatorRef, Monday, Tuesday, Wednesday, Thursday, Friday, Saturday, Sunday, DepatureHour, DepatureMinute, DepatureSecond, Note, NoteCode) VALUES ('96646', 'FSACM03', '0', 'JPS_FSACM03-3', 'CAL', 1, 1, 1, 1, 1, 0, 0, 16, 0, 0, '', '');
INSERT INTO DayOfNonOperation (VehicleJourneyRef, StartDate, EndDate) VALUES ('96646', 1490918400, 1508716799);
INSERT INTO DayOfNonOperation (VehicleJourneyRef, StartDate, EndDate) VALUES ('96646', 1514160000, 1514332799);
INSERT INTO DayOfNonOperation (VehicleJourneyRef, StartDate, EndDate) VALUES ('96646', 1514764800, 1514937599);
INSERT INTO VehicleJourney (VehicleJourneyCode, ServiceRef, LineRef, JourneyPatternRef, OperatorRef, Monday, Tuesday, Wednesday, Thursday, Friday, Saturday, Sunday, DepatureHour, DepatureMinute, DepatureSecond, Note, NoteCode) VALUES ('96647', 'FSACM03', '0', 'JPS_FSACM03-3', 'CAL', 1, 1, 1, 1, 1, 0, 0, 16, 45, 0, '', '');
INSERT INTO DayOfNonOperation (VehicleJourneyRef, StartDate, EndDate) VALUES ('96647', 1490918400, 1508716799);
INSERT INTO DayOfNonOperation (VehicleJourneyRef, StartDate, EndDate) VALUES ('96647', 1514160000, 1514332799);
INSERT INTO DayOfNonOperation (VehicleJourneyRef, StartDate, EndDate) VALUES ('96647', 1514764800, 1514937599);
INSERT INTO VehicleJourney (VehicleJourneyCode, ServiceRef, LineRef, JourneyPatternRef, OperatorRef, Monday, Tuesday, Wednesday, Thursday, Friday, Saturday, Sunday, DepatureHour, DepatureMinute, DepatureSecond, Note, NoteCode) VALUES ('96648', 'FSACM03', '0', 'JPS_FSACM03-3', 'CAL', 1, 1, 1, 1, 1, 0, 0, 17, 30, 0, '', '');
INSERT INTO DayOfNonOperation (VehicleJourneyRef, StartDate, EndDate) VALUES ('96648', 1490918400, 1508716799);
INSERT INTO DayOfNonOperation (VehicleJourneyRef, StartDate, EndDate) VALUES ('96648', 1514160000, 1514332799);
INSERT INTO DayOfNonOperation (VehicleJourneyRef, StartDate, EndDate) VALUES ('96648', 1514764800, 1514937599);
INSERT INTO VehicleJourney (VehicleJourneyCode, ServiceRef, LineRef, JourneyPatternRef, OperatorRef, Monday, Tuesday, Wednesday, Thursday, Friday, Saturday, Sunday, DepatureHour, DepatureMinute, DepatureSecond, Note, NoteCode) VALUES ('96649', 'FSACM03', '0', 'JPS_FSACM03-3', 'CAL', 1, 1, 1, 1, 1, 0, 0, 18, 15, 0, '', '');
INSERT INTO DayOfNonOperation (VehicleJourneyRef, StartDate, EndDate) VALUES ('96649', 1490918400, 1508716799);
INSERT INTO DayOfNonOperation (VehicleJourneyRef, StartDate, EndDate) VALUES ('96649', 1514160000, 1514332799);
INSERT INTO DayOfNonOperation (VehicleJourneyRef, StartDate, EndDate) VALUES ('96649', 1514764800, 1514937599);
INSERT INTO VehicleJourney (VehicleJourneyCode, ServiceRef, LineRef, JourneyPatternRef, OperatorRef, Monday, Tuesday, Wednesday, Thursday, Friday, Saturday, Sunday, DepatureHour, DepatureMinute, DepatureSecond, Note, NoteCode) VALUES ('96650', 'FSACM03', '0', 'JPS_FSACM03-3', 'CAL', 1, 1, 1, 1, 1, 0, 0, 19, 0, 0, '', '');
INSERT INTO DayOfNonOperation (VehicleJourneyRef, StartDate, EndDate) VALUES ('96650', 1490918400, 1508716799);
INSERT INTO DayOfNonOperation (VehicleJourneyRef, StartDate, EndDate) VALUES ('96650', 1514160000, 1514332799);
INSERT INTO DayOfNonOperation (VehicleJourneyRef, StartDate, EndDate) VALUES ('96650', 1514764800, 1514937599);
INSERT INTO VehicleJourney (VehicleJourneyCode, ServiceRef, LineRef, JourneyPatternRef, OperatorRef, Monday, Tuesday, Wednesday, Thursday, Friday, Saturday, Sunday, DepatureHour, DepatureMinute, DepatureSecond, Note, NoteCode) VALUES ('96668', 'FSACM03', '0', 'JPS_FSACM03-3', 'CAL', 0, 0, 0, 0, 0, 1, 0, 8, 0, 0, '', '');
INSERT INTO DayOfOperation (VehicleJourneyRef, StartDate, EndDate) VALUES ('96668', 1509148800, 1509235199);
INSERT INTO DayOfOperation (VehicleJourneyRef, StartDate, EndDate) VALUES ('96668', 1509753600, 1509839999);
INSERT INTO DayOfOperation (VehicleJourneyRef, StartDate, EndDate) VALUES ('96668', 1510358400, 1510444799);
INSERT INTO DayOfOperation (VehicleJourneyRef, StartDate, EndDate) VALUES ('96668', 1510963200, 1511049599);
INSERT INTO DayOfOperation (VehicleJourneyRef, StartDate, EndDate) VALUES ('96668', 1511568000, 1511654399);
INSERT INTO DayOfOperation (VehicleJourneyRef, StartDate, EndDate) VALUES ('96668', 1512172800, 1512259199);
INSERT INTO DayOfOperation (VehicleJourneyRef, StartDate, EndDate) VALUES ('96668', 1512777600, 1512863999);
INSERT INTO DayOfOperation (VehicleJourneyRef, StartDate, EndDate) VALUES ('96668', 1513382400, 1513468799);
INSERT INTO DayOfOperation (VehicleJourneyRef, StartDate, EndDate) VALUES ('96668', 1513987200, 1514073599);
INSERT INTO DayOfOperation (VehicleJourneyRef, StartDate, EndDate) VALUES ('96668', 1514592000, 1514678399);
INSERT INTO DayOfOperation (VehicleJourneyRef, StartDate, EndDate) VALUES ('96668', 1515196800, 1515283199);
INSERT INTO DayOfOperation (VehicleJourneyRef, StartDate, EndDate) VALUES ('96668', 1515801600, 1515887999);
INSERT INTO DayOfOperation (VehicleJourneyRef, StartDate, EndDate) VALUES ('96668', 1516406400, 1516492799);
INSERT INTO DayOfOperation (VehicleJourneyRef, StartDate, EndDate) VALUES ('96668', 1517011200, 1517097599);
INSERT INTO DayOfOperation (VehicleJourneyRef, StartDate, EndDate) VALUES ('96668', 1517616000, 1517702399);
INSERT INTO DayOfOperation (VehicleJourneyRef, StartDate, EndDate) VALUES ('96668', 1518220800, 1518307199);
INSERT INTO DayOfOperation (VehicleJourneyRef, StartDate, EndDate) VALUES ('96668', 1518825600, 1518911999);
INSERT INTO DayOfOperation (VehicleJourneyRef, StartDate, EndDate) VALUES ('96668', 1519430400, 1519516799);
INSERT INTO DayOfOperation (VehicleJourneyRef, StartDate, EndDate) VALUES ('96668', 1520035200, 1520121599);
INSERT INTO DayOfOperation (VehicleJourneyRef, StartDate, EndDate) VALUES ('96668', 1520640000, 1520726399);
INSERT INTO DayOfOperation (VehicleJourneyRef, StartDate, EndDate) VALUES ('96668', 1521244800, 1521331199);
INSERT INTO DayOfOperation (VehicleJourneyRef, StartDate, EndDate) VALUES ('96668', 1521849600, 1521935999);
INSERT INTO DayOfOperation (VehicleJourneyRef, StartDate, EndDate) VALUES ('96668', 1522454400, 1522540799);
INSERT INTO DayOfOperation (VehicleJourneyRef, StartDate, EndDate) VALUES ('96668', 1523059200, 1523145599);
INSERT INTO DayOfOperation (VehicleJourneyRef, StartDate, EndDate) VALUES ('96668', 1523664000, 1523750399);
INSERT INTO DayOfOperation (VehicleJourneyRef, StartDate, EndDate) VALUES ('96668', 1524268800, 1524355199);
INSERT INTO DayOfOperation (VehicleJourneyRef, StartDate, EndDate) VALUES ('96668', 1524873600, 1524959999);
INSERT INTO DayOfOperation (VehicleJourneyRef, StartDate, EndDate) VALUES ('96668', 1525478400, 1525564799);
INSERT INTO DayOfOperation (VehicleJourneyRef, StartDate, EndDate) VALUES ('96668', 1526083200, 1526169599);
INSERT INTO DayOfOperation (VehicleJourneyRef, StartDate, EndDate) VALUES ('96668', 1526688000, 1526774399);
INSERT INTO DayOfOperation (VehicleJourneyRef, StartDate, EndDate) VALUES ('96668', 1527292800, 1527379199);
INSERT INTO DayOfOperation (VehicleJourneyRef, StartDate, EndDate) VALUES ('96668', 1527897600, 1527983999);
INSERT INTO DayOfOperation (VehicleJourneyRef, StartDate, EndDate) VALUES ('96668', 1528502400, 1528588799);
INSERT INTO DayOfNonOperation (VehicleJourneyRef, StartDate, EndDate) VALUES ('96668', 1490918400, 1508716799);
INSERT INTO VehicleJourney (VehicleJourneyCode, ServiceRef, LineRef, JourneyPatternRef, OperatorRef, Monday, Tuesday, Wednesday, Thursday, Friday, Saturday, Sunday, DepatureHour, DepatureMinute, DepatureSecond, Note, NoteCode) VALUES ('96669', 'FSACM03', '0', 'JPS_FSACM03-3', 'CAL', 0, 0, 0, 0, 0, 1, 0, 8, 40, 0, '', '');
INSERT INTO DayOfOperation (VehicleJourneyRef, StartDate, EndDate) VALUES ('96669', 1509148800, 1509235199);
INSERT INTO DayOfOperation (VehicleJourneyRef, StartDate, EndDate) VALUES ('96669', 1509753600, 1509839999);
INSERT INTO DayOfOperation (VehicleJourneyRef, StartDate, EndDate) VALUES ('96669', 1510358400, 1510444799);
INSERT INTO DayOfOperation (VehicleJourneyRef, StartDate, EndDate) VALUES ('96669', 1510963200, 1511049599);
INSERT INTO DayOfOperation (VehicleJourneyRef, StartDate, EndDate) VALUES ('96669', 1511568000, 1511654399);
INSERT INTO DayOfOperation (VehicleJourneyRef, StartDate, EndDate) VALUES ('96669', 1512172800, 1512259199);
INSERT INTO DayOfOperation (VehicleJourneyRef, StartDate, EndDate) VALUES ('96669', 1512777600, 1512863999);
INSERT INTO DayOfOperation (VehicleJourneyRef, StartDate, EndDate) VALUES ('96669', 1513382400, 1513468799);
INSERT INTO DayOfOperation (VehicleJourneyRef, StartDate, EndDate) VALUES ('96669', 1513987200, 1514073599);
INSERT INTO DayOfOperation (VehicleJourneyRef, StartDate, EndDate) VALUES ('96669', 1514592000, 1514678399);
INSERT INTO DayOfOperation (VehicleJourneyRef, StartDate, EndDate) VALUES ('96669', 1515196800, 1515283199);
INSERT INTO DayOfOperation (VehicleJourneyRef, StartDate, EndDate) VALUES ('96669', 1515801600, 1515887999);
INSERT INTO DayOfOperation (VehicleJourneyRef, StartDate, EndDate) VALUES ('96669', 1516406400, 1516492799);
INSERT INTO DayOfOperation (VehicleJourneyRef, StartDate, EndDate) VALUES ('96669', 1517011200, 1517097599);
INSERT INTO DayOfOperation (VehicleJourneyRef, StartDate, EndDate) VALUES ('96669', 1517616000, 1517702399);
INSERT INTO DayOfOperation (VehicleJourneyRef, StartDate, EndDate) VALUES ('96669', 1518220800, 1518307199);
INSERT INTO DayOfOperation (VehicleJourneyRef, StartDate, EndDate) VALUES ('96669', 1518825600, 1518911999);
INSERT INTO DayOfOperation (VehicleJourneyRef, StartDate, EndDate) VALUES ('96669', 1519430400, 1519516799);
INSERT INTO DayOfOperation (VehicleJourneyRef, StartDate, EndDate) VALUES ('96669', 1520035200, 1520121599);
INSERT INTO DayOfOperation (VehicleJourneyRef, StartDate, EndDate) VALUES ('96669', 1520640000, 1520726399);
INSERT INTO DayOfOperation (VehicleJourneyRef, StartDate, EndDate) VALUES ('96669', 1521244800, 1521331199);
INSERT INTO DayOfOperation (VehicleJourneyRef, StartDate, EndDate) VALUES ('96669', 1521849600, 1521935999);
INSERT INTO DayOfOperation (VehicleJourneyRef, StartDate, EndDate) VALUES ('96669', 1522454400, 1522540799);
INSERT INTO DayOfOperation (VehicleJourneyRef, StartDate, EndDate) VALUES ('96669', 1523059200, 1523145599);
INSERT INTO DayOfOperation (VehicleJourneyRef, StartDate, EndDate) VALUES ('96669', 1523664000, 1523750399);
INSERT INTO DayOfOperation (VehicleJourneyRef, StartDate, EndDate) VALUES ('96669', 1524268800, 1524355199);
INSERT INTO DayOfOperation (VehicleJourneyRef, StartDate, EndDate) VALUES ('96669', 1524873600, 1524959999);
INSERT INTO DayOfOperation (VehicleJourneyRef, StartDate, EndDate) VALUES ('96669', 1525478400, 1525564799);
INSERT INTO DayOfOperation (VehicleJourneyRef, StartDate, EndDate) VALUES ('96669', 1526083200, 1526169599);
INSERT INTO DayOfOperation (VehicleJourneyRef, StartDate, EndDate) VALUES ('96669', 1526688000, 1526774399);
INSERT INTO DayOfOperation (VehicleJourneyRef, StartDate, EndDate) VALUES ('96669', 1527292800, 1527379199);
INSERT INTO DayOfOperation (VehicleJourneyRef, StartDate, EndDate) VALUES ('96669', 1527897600, 1527983999);
INSERT INTO DayOfOperation (VehicleJourneyRef, StartDate, EndDate) VALUES ('96669', 1528502400, 1528588799);
INSERT INTO DayOfNonOperation (VehicleJourneyRef, StartDate, EndDate) VALUES ('96669', 1490918400, 1508716799);
INSERT INTO VehicleJourney (VehicleJourneyCode, ServiceRef, LineRef, JourneyPatternRef, OperatorRef, Monday, Tuesday, Wednesday, Thursday, Friday, Saturday, Sunday, DepatureHour, DepatureMinute, DepatureSecond, Note, NoteCode) VALUES ('96670', 'FSACM03', '0', 'JPS_FSACM03-3', 'CAL', 0, 0, 0, 0, 0, 1, 0, 9, 30, 0, '', '');
INSERT INTO DayOfOperation (VehicleJourneyRef, StartDate, EndDate) VALUES ('96670', 1509148800, 1509235199);
INSERT INTO DayOfOperation (VehicleJourneyRef, StartDate, EndDate) VALUES ('96670', 1509753600, 1509839999);
INSERT INTO DayOfOperation (VehicleJourneyRef, StartDate, EndDate) VALUES ('96670', 1510358400, 1510444799);
INSERT INTO DayOfOperation (VehicleJourneyRef, StartDate, EndDate) VALUES ('96670', 1510963200, 1511049599);
INSERT INTO DayOfOperation (VehicleJourneyRef, StartDate, EndDate) VALUES ('96670', 1511568000, 1511654399);
INSERT INTO DayOfOperation (VehicleJourneyRef, StartDate, EndDate) VALUES ('96670', 1512172800, 1512259199);
INSERT INTO DayOfOperation (VehicleJourneyRef, StartDate, EndDate) VALUES ('96670', 1512777600, 1512863999);
INSERT INTO DayOfOperation (VehicleJourneyRef, StartDate, EndDate) VALUES ('96670', 1513382400, 1513468799);
INSERT INTO DayOfOperation (VehicleJourneyRef, StartDate, EndDate) VALUES ('96670', 1513987200, 1514073599);
INSERT INTO DayOfOperation (VehicleJourneyRef, StartDate, EndDate) VALUES ('96670', 1514592000, 1514678399);
INSERT INTO DayOfOperation (VehicleJourneyRef, StartDate, EndDate) VALUES ('96670', 1515196800, 1515283199);
INSERT INTO DayOfOperation (VehicleJourneyRef, StartDate, EndDate) VALUES ('96670', 1515801600, 1515887999);
INSERT INTO DayOfOperation (VehicleJourneyRef, StartDate, EndDate) VALUES ('96670', 1516406400, 1516492799);
INSERT INTO DayOfOperation (VehicleJourneyRef, StartDate, EndDate) VALUES ('96670', 1517011200, 1517097599);
INSERT INTO DayOfOperation (VehicleJourneyRef, StartDate, EndDate) VALUES ('96670', 1517616000, 1517702399);
INSERT INTO DayOfOperation (VehicleJourneyRef, StartDate, EndDate) VALUES ('96670', 1518220800, 1518307199);
INSERT INTO DayOfOperation (VehicleJourneyRef, StartDate, EndDate) VALUES ('96670', 1518825600, 1518911999);
INSERT INTO DayOfOperation (VehicleJourneyRef, StartDate, EndDate) VALUES ('96670', 1519430400, 1519516799);
INSERT INTO DayOfOperation (VehicleJourneyRef, StartDate, EndDate) VALUES ('96670', 1520035200, 1520121599);
INSERT INTO DayOfOperation (VehicleJourneyRef, StartDate, EndDate) VALUES ('96670', 1520640000, 1520726399);
INSERT INTO DayOfOperation (VehicleJourneyRef, StartDate, EndDate) VALUES ('96670', 1521244800, 1521331199);
INSERT INTO DayOfOperation (VehicleJourneyRef, StartDate, EndDate) VALUES ('96670', 1521849600, 1521935999);
INSERT INTO DayOfOperation (VehicleJourneyRef, StartDate, EndDate) VALUES ('96670', 1522454400, 1522540799);
INSERT INTO DayOfOperation (VehicleJourneyRef, StartDate, EndDate) VALUES ('96670', 1523059200, 1523145599);
INSERT INTO DayOfOperation (VehicleJourneyRef, StartDate, EndDate) VALUES ('96670', 1523664000, 1523750399);
INSERT INTO DayOfOperation (VehicleJourneyRef, StartDate, EndDate) VALUES ('96670', 1524268800, 1524355199);
INSERT INTO DayOfOperation (VehicleJourneyRef, StartDate, EndDate) VALUES ('96670', 1524873600, 1524959999);
INSERT INTO DayOfOperation (VehicleJourneyRef, StartDate, EndDate) VALUES ('96670', 1525478400, 1525564799);
INSERT INTO DayOfOperation (VehicleJourneyRef, StartDate, EndDate) VALUES ('96670', 1526083200, 1526169599);
INSERT INTO DayOfOperation (VehicleJourneyRef, StartDate, EndDate) VALUES ('96670', 1526688000, 1526774399);
INSERT INTO DayOfOperation (VehicleJourneyRef, StartDate, EndDate) VALUES ('96670', 1527292800, 1527379199);
INSERT INTO DayOfOperation (VehicleJourneyRef, StartDate, EndDate) VALUES ('96670', 1527897600, 1527983999);
INSERT INTO DayOfOperation (VehicleJourneyRef, StartDate, EndDate) VALUES ('96670', 1528502400, 1528588799);
INSERT INTO DayOfNonOperation (VehicleJourneyRef, StartDate, EndDate) VALUES ('96670', 1490918400, 1508716799);
INSERT INTO VehicleJourney (VehicleJourneyCode, ServiceRef, LineRef, JourneyPatternRef, OperatorRef, Monday, Tuesday, Wednesday, Thursday, Friday, Saturday, Sunday, DepatureHour, DepatureMinute, DepatureSecond, Note, NoteCode) VALUES ('96671', 'FSACM03', '0', 'JPS_FSACM03-3', 'CAL', 0, 0, 0, 0, 0, 1, 0, 10, 10, 0, '', '');
INSERT INTO DayOfOperation (VehicleJourneyRef, StartDate, EndDate) VALUES ('96671', 1509148800, 1509235199);
INSERT INTO DayOfOperation (VehicleJourneyRef, StartDate, EndDate) VALUES ('96671', 1509753600, 1509839999);
INSERT INTO DayOfOperation (VehicleJourneyRef, StartDate, EndDate) VALUES ('96671', 1510358400, 1510444799);
INSERT INTO DayOfOperation (VehicleJourneyRef, StartDate, EndDate) VALUES ('96671', 1510963200, 1511049599);
INSERT INTO DayOfOperation (VehicleJourneyRef, StartDate, EndDate) VALUES ('96671', 1511568000, 1511654399);
INSERT INTO DayOfOperation (VehicleJourneyRef, StartDate, EndDate) VALUES ('96671', 1512172800, 1512259199);
INSERT INTO DayOfOperation (VehicleJourneyRef, StartDate, EndDate) VALUES ('96671', 1512777600, 1512863999);
INSERT INTO DayOfOperation (VehicleJourneyRef, StartDate, EndDate) VALUES ('96671', 1513382400, 1513468799);
INSERT INTO DayOfOperation (VehicleJourneyRef, StartDate, EndDate) VALUES ('96671', 1513987200, 1514073599);
INSERT INTO DayOfOperation (VehicleJourneyRef, StartDate, EndDate) VALUES ('96671', 1514592000, 1514678399);
INSERT INTO DayOfOperation (VehicleJourneyRef, StartDate, EndDate) VALUES ('96671', 1515196800, 1515283199);
INSERT INTO DayOfOperation (VehicleJourneyRef, StartDate, EndDate) VALUES ('96671', 1515801600, 1515887999);
INSERT INTO DayOfOperation (VehicleJourneyRef, StartDate, EndDate) VALUES ('96671', 1516406400, 1516492799);
INSERT INTO DayOfOperation (VehicleJourneyRef, StartDate, EndDate) VALUES ('96671', 1517011200, 1517097599);
INSERT INTO DayOfOperation (VehicleJourneyRef, StartDate, EndDate) VALUES ('96671', 1517616000, 1517702399);
INSERT INTO DayOfOperation (VehicleJourneyRef, StartDate, EndDate) VALUES ('96671', 1518220800, 1518307199);
INSERT INTO DayOfOperation (VehicleJourneyRef, StartDate, EndDate) VALUES ('96671', 1518825600, 1518911999);
INSERT INTO DayOfOperation (VehicleJourneyRef, StartDate, EndDate) VALUES ('96671', 1519430400, 1519516799);
INSERT INTO DayOfOperation (VehicleJourneyRef, StartDate, EndDate) VALUES ('96671', 1520035200, 1520121599);
INSERT INTO DayOfOperation (VehicleJourneyRef, StartDate, EndDate) VALUES ('96671', 1520640000, 1520726399);
INSERT INTO DayOfOperation (VehicleJourneyRef, StartDate, EndDate) VALUES ('96671', 1521244800, 1521331199);
INSERT INTO DayOfOperation (VehicleJourneyRef, StartDate, EndDate) VALUES ('96671', 1521849600, 1521935999);
INSERT INTO DayOfOperation (VehicleJourneyRef, StartDate, EndDate) VALUES ('96671', 1522454400, 1522540799);
INSERT INTO DayOfOperation (VehicleJourneyRef, StartDate, EndDate) VALUES ('96671', 1523059200, 1523145599);
INSERT INTO DayOfOperation (VehicleJourneyRef, StartDate, EndDate) VALUES ('96671', 1523664000, 1523750399);
INSERT INTO DayOfOperation (VehicleJourneyRef, StartDate, EndDate) VALUES ('96671', 1524268800, 1524355199);
INSERT INTO DayOfOperation (VehicleJourneyRef, StartDate, EndDate) VALUES ('96671', 1524873600, 1524959999);
INSERT INTO DayOfOperation (VehicleJourneyRef, StartDate, EndDate) VALUES ('96671', 1525478400, 1525564799);
INSERT INTO DayOfOperation (VehicleJourneyRef, StartDate, EndDate) VALUES ('96671', 1526083200, 1526169599);
INSERT INTO DayOfOperation (VehicleJourneyRef, StartDate, EndDate) VALUES ('96671', 1526688000, 1526774399);
INSERT INTO DayOfOperation (VehicleJourneyRef, StartDate, EndDate) VALUES ('96671', 1527292800, 1527379199);
INSERT INTO DayOfOperation (VehicleJourneyRef, StartDate, EndDate) VALUES ('96671', 1527897600, 1527983999);
INSERT INTO DayOfOperation (VehicleJourneyRef, StartDate, EndDate) VALUES ('96671', 1528502400, 1528588799);
INSERT INTO DayOfNonOperation (VehicleJourneyRef, StartDate, EndDate) VALUES ('96671', 1490918400, 1508716799);
INSERT INTO VehicleJourney (VehicleJourneyCode, ServiceRef, LineRef, JourneyPatternRef, OperatorRef, Monday, Tuesday, Wednesday, Thursday, Friday, Saturday, Sunday, DepatureHour, DepatureMinute, DepatureSecond, Note, NoteCode) VALUES ('96672', 'FSACM03', '0', 'JPS_FSACM03-3', 'CAL', 0, 0, 0, 0, 0, 1, 0, 11, 0, 0, '', '');
INSERT INTO DayOfOperation (VehicleJourneyRef, StartDate, EndDate) VALUES ('96672', 1509148800, 1509235199);
INSERT INTO DayOfOperation (VehicleJourneyRef, StartDate, EndDate) VALUES ('96672', 1509753600, 1509839999);
INSERT INTO DayOfOperation (VehicleJourneyRef, StartDate, EndDate) VALUES ('96672', 1510358400, 1510444799);
INSERT INTO DayOfOperation (VehicleJourneyRef, StartDate, EndDate) VALUES ('96672', 1510963200, 1511049599);
INSERT INTO DayOfOperation (VehicleJourneyRef, StartDate, EndDate) VALUES ('96672', 1511568000, 1511654399);
INSERT INTO DayOfOperation (VehicleJourneyRef, StartDate, EndDate) VALUES ('96672', 1512172800, 1512259199);
INSERT INTO DayOfOperation (VehicleJourneyRef, StartDate, EndDate) VALUES ('96672', 1512777600, 1512863999);
INSERT INTO DayOfOperation (VehicleJourneyRef, StartDate, EndDate) VALUES ('96672', 1513382400, 1513468799);
INSERT INTO DayOfOperation (VehicleJourneyRef, StartDate, EndDate) VALUES ('96672', 1513987200, 1514073599);
INSERT INTO DayOfOperation (VehicleJourneyRef, StartDate, EndDate) VALUES ('96672', 1514592000, 1514678399);
INSERT INTO DayOfOperation (VehicleJourneyRef, StartDate, EndDate) VALUES ('96672', 1515196800, 1515283199);
INSERT INTO DayOfOperation (VehicleJourneyRef, StartDate, EndDate) VALUES ('96672', 1515801600, 1515887999);
INSERT INTO DayOfOperation (VehicleJourneyRef, StartDate, EndDate) VALUES ('96672', 1516406400, 1516492799);
INSERT INTO DayOfOperation (VehicleJourneyRef, StartDate, EndDate) VALUES ('96672', 1517011200, 1517097599);
INSERT INTO DayOfOperation (VehicleJourneyRef, StartDate, EndDate) VALUES ('96672', 1517616000, 1517702399);
INSERT INTO DayOfOperation (VehicleJourneyRef, StartDate, EndDate) VALUES ('96672', 1518220800, 1518307199);
INSERT INTO DayOfOperation (VehicleJourneyRef, StartDate, EndDate) VALUES ('96672', 1518825600, 1518911999);
INSERT INTO DayOfOperation (VehicleJourneyRef, StartDate, EndDate) VALUES ('96672', 1519430400, 1519516799);
INSERT INTO DayOfOperation (VehicleJourneyRef, StartDate, EndDate) VALUES ('96672', 1520035200, 1520121599);
INSERT INTO DayOfOperation (VehicleJourneyRef, StartDate, EndDate) VALUES ('96672', 1520640000, 1520726399);
INSERT INTO DayOfOperation (VehicleJourneyRef, StartDate, EndDate) VALUES ('96672', 1521244800, 1521331199);
INSERT INTO DayOfOperation (VehicleJourneyRef, StartDate, EndDate) VALUES ('96672', 1521849600, 1521935999);
INSERT INTO DayOfOperation (VehicleJourneyRef, StartDate, EndDate) VALUES ('96672', 1522454400, 1522540799);
INSERT INTO DayOfOperation (VehicleJourneyRef, StartDate, EndDate) VALUES ('96672', 1523059200, 1523145599);
INSERT INTO DayOfOperation (VehicleJourneyRef, StartDate, EndDate) VALUES ('96672', 1523664000, 1523750399);
INSERT INTO DayOfOperation (VehicleJourneyRef, StartDate, EndDate) VALUES ('96672', 1524268800, 1524355199);
INSERT INTO DayOfOperation (VehicleJourneyRef, StartDate, EndDate) VALUES ('96672', 1524873600, 1524959999);
INSERT INTO DayOfOperation (VehicleJourneyRef, StartDate, EndDate) VALUES ('96672', 1525478400, 1525564799);
INSERT INTO DayOfOperation (VehicleJourneyRef, StartDate, EndDate) VALUES ('96672', 1526083200, 1526169599);
INSERT INTO DayOfOperation (VehicleJourneyRef, StartDate, EndDate) VALUES ('96672', 1526688000, 1526774399);
INSERT INTO DayOfOperation (VehicleJourneyRef, StartDate, EndDate) VALUES ('96672', 1527292800, 1527379199);
INSERT INTO DayOfOperation (VehicleJourneyRef, StartDate, EndDate) VALUES ('96672', 1527897600, 1527983999);
INSERT INTO DayOfOperation (VehicleJourneyRef, StartDate, EndDate) VALUES ('96672', 1528502400, 1528588799);
INSERT INTO DayOfNonOperation (VehicleJourneyRef, StartDate, EndDate) VALUES ('96672', 1490918400, 1508716799);
INSERT INTO VehicleJourney (VehicleJourneyCode, ServiceRef, LineRef, JourneyPatternRef, OperatorRef, Monday, Tuesday, Wednesday, Thursday, Friday, Saturday, Sunday, DepatureHour, DepatureMinute, DepatureSecond, Note, NoteCode) VALUES ('96673', 'FSACM03', '0', 'JPS_FSACM03-3', 'CAL', 0, 0, 0, 0, 0, 1, 0, 12, 0, 0, '', '');
INSERT INTO DayOfOperation (VehicleJourneyRef, StartDate, EndDate) VALUES ('96673', 1509148800, 1509235199);
INSERT INTO DayOfOperation (VehicleJourneyRef, StartDate, EndDate) VALUES ('96673', 1509753600, 1509839999);
INSERT INTO DayOfOperation (VehicleJourneyRef, StartDate, EndDate) VALUES ('96673', 1510358400, 1510444799);
INSERT INTO DayOfOperation (VehicleJourneyRef, StartDate, EndDate) VALUES ('96673', 1510963200, 1511049599);
INSERT INTO DayOfOperation (VehicleJourneyRef, StartDate, EndDate) VALUES ('96673', 1511568000, 1511654399);
INSERT INTO DayOfOperation (VehicleJourneyRef, StartDate, EndDate) VALUES ('96673', 1512172800, 1512259199);
INSERT INTO DayOfOperation (VehicleJourneyRef, StartDate, EndDate) VALUES ('96673', 1512777600, 1512863999);
INSERT INTO DayOfOperation (VehicleJourneyRef, StartDate, EndDate) VALUES ('96673', 1513382400, 1513468799);
INSERT INTO DayOfOperation (VehicleJourneyRef, StartDate, EndDate) VALUES ('96673', 1513987200, 1514073599);
INSERT INTO DayOfOperation (VehicleJourneyRef, StartDate, EndDate) VALUES ('96673', 1514592000, 1514678399);
INSERT INTO DayOfOperation (VehicleJourneyRef, StartDate, EndDate) VALUES ('96673', 1515196800, 1515283199);
INSERT INTO DayOfOperation (VehicleJourneyRef, StartDate, EndDate) VALUES ('96673', 1515801600, 1515887999);
INSERT INTO DayOfOperation (VehicleJourneyRef, StartDate, EndDate) VALUES ('96673', 1516406400, 1516492799);
INSERT INTO DayOfOperation (VehicleJourneyRef, StartDate, EndDate) VALUES ('96673', 1517011200, 1517097599);
INSERT INTO DayOfOperation (VehicleJourneyRef, StartDate, EndDate) VALUES ('96673', 1517616000, 1517702399);
INSERT INTO DayOfOperation (VehicleJourneyRef, StartDate, EndDate) VALUES ('96673', 1518220800, 1518307199);
INSERT INTO DayOfOperation (VehicleJourneyRef, StartDate, EndDate) VALUES ('96673', 1518825600, 1518911999);
INSERT INTO DayOfOperation (VehicleJourneyRef, StartDate, EndDate) VALUES ('96673', 1519430400, 1519516799);
INSERT INTO DayOfOperation (VehicleJourneyRef, StartDate, EndDate) VALUES ('96673', 1520035200, 1520121599);
INSERT INTO DayOfOperation (VehicleJourneyRef, StartDate, EndDate) VALUES ('96673', 1520640000, 1520726399);
INSERT INTO DayOfOperation (VehicleJourneyRef, StartDate, EndDate) VALUES ('96673', 1521244800, 1521331199);
INSERT INTO DayOfOperation (VehicleJourneyRef, StartDate, EndDate) VALUES ('96673', 1521849600, 1521935999);
INSERT INTO DayOfOperation (VehicleJourneyRef, StartDate, EndDate) VALUES ('96673', 1522454400, 1522540799);
INSERT INTO DayOfOperation (VehicleJourneyRef, StartDate, EndDate) VALUES ('96673', 1523059200, 1523145599);
INSERT INTO DayOfOperation (VehicleJourneyRef, StartDate, EndDate) VALUES ('96673', 1523664000, 1523750399);
INSERT INTO DayOfOperation (VehicleJourneyRef, StartDate, EndDate) VALUES ('96673', 1524268800, 1524355199);
INSERT INTO DayOfOperation (VehicleJourneyRef, StartDate, EndDate) VALUES ('96673', 1524873600, 1524959999);
INSERT INTO DayOfOperation (VehicleJourneyRef, StartDate, EndDate) VALUES ('96673', 1525478400, 1525564799);
INSERT INTO DayOfOperation (VehicleJourneyRef, StartDate, EndDate) VALUES ('96673', 1526083200, 1526169599);
INSERT INTO DayOfOperation (VehicleJourneyRef, StartDate, EndDate) VALUES ('96673', 1526688000, 1526774399);
INSERT INTO DayOfOperation (VehicleJourneyRef, StartDate, EndDate) VALUES ('96673', 1527292800, 1527379199);
INSERT INTO DayOfOperation (VehicleJourneyRef, StartDate, EndDate) VALUES ('96673', 1527897600, 1527983999);
INSERT INTO DayOfOperation (VehicleJourneyRef, StartDate, EndDate) VALUES ('96673', 1528502400, 1528588799);
INSERT INTO DayOfNonOperation (VehicleJourneyRef, StartDate, EndDate) VALUES ('96673', 1490918400, 1508716799);
INSERT INTO VehicleJourney (VehicleJourneyCode, ServiceRef, LineRef, JourneyPatternRef, OperatorRef, Monday, Tuesday, Wednesday, Thursday, Friday, Saturday, Sunday, DepatureHour, DepatureMinute, DepatureSecond, Note, NoteCode) VALUES ('96674', 'FSACM03', '0', 'JPS_FSACM03-3', 'CAL', 0, 0, 0, 0, 0, 1, 0, 13, 0, 0, '', '');
INSERT INTO DayOfOperation (VehicleJourneyRef, StartDate, EndDate) VALUES ('96674', 1509148800, 1509235199);
INSERT INTO DayOfOperation (VehicleJourneyRef, StartDate, EndDate) VALUES ('96674', 1509753600, 1509839999);
INSERT INTO DayOfOperation (VehicleJourneyRef, StartDate, EndDate) VALUES ('96674', 1510358400, 1510444799);
INSERT INTO DayOfOperation (VehicleJourneyRef, StartDate, EndDate) VALUES ('96674', 1510963200, 1511049599);
INSERT INTO DayOfOperation (VehicleJourneyRef, StartDate, EndDate) VALUES ('96674', 1511568000, 1511654399);
INSERT INTO DayOfOperation (VehicleJourneyRef, StartDate, EndDate) VALUES ('96674', 1512172800, 1512259199);
INSERT INTO DayOfOperation (VehicleJourneyRef, StartDate, EndDate) VALUES ('96674', 1512777600, 1512863999);
INSERT INTO DayOfOperation (VehicleJourneyRef, StartDate, EndDate) VALUES ('96674', 1513382400, 1513468799);
INSERT INTO DayOfOperation (VehicleJourneyRef, StartDate, EndDate) VALUES ('96674', 1513987200, 1514073599);
INSERT INTO DayOfOperation (VehicleJourneyRef, StartDate, EndDate) VALUES ('96674', 1514592000, 1514678399);
INSERT INTO DayOfOperation (VehicleJourneyRef, StartDate, EndDate) VALUES ('96674', 1515196800, 1515283199);
INSERT INTO DayOfOperation (VehicleJourneyRef, StartDate, EndDate) VALUES ('96674', 1515801600, 1515887999);
INSERT INTO DayOfOperation (VehicleJourneyRef, StartDate, EndDate) VALUES ('96674', 1516406400, 1516492799);
INSERT INTO DayOfOperation (VehicleJourneyRef, StartDate, EndDate) VALUES ('96674', 1517011200, 1517097599);
INSERT INTO DayOfOperation (VehicleJourneyRef, StartDate, EndDate) VALUES ('96674', 1517616000, 1517702399);
INSERT INTO DayOfOperation (VehicleJourneyRef, StartDate, EndDate) VALUES ('96674', 1518220800, 1518307199);
INSERT INTO DayOfOperation (VehicleJourneyRef, StartDate, EndDate) VALUES ('96674', 1518825600, 1518911999);
INSERT INTO DayOfOperation (VehicleJourneyRef, StartDate, EndDate) VALUES ('96674', 1519430400, 1519516799);
INSERT INTO DayOfOperation (VehicleJourneyRef, StartDate, EndDate) VALUES ('96674', 1520035200, 1520121599);
INSERT INTO DayOfOperation (VehicleJourneyRef, StartDate, EndDate) VALUES ('96674', 1520640000, 1520726399);
INSERT INTO DayOfOperation (VehicleJourneyRef, StartDate, EndDate) VALUES ('96674', 1521244800, 1521331199);
INSERT INTO DayOfOperation (VehicleJourneyRef, StartDate, EndDate) VALUES ('96674', 1521849600, 1521935999);
INSERT INTO DayOfOperation (VehicleJourneyRef, StartDate, EndDate) VALUES ('96674', 1522454400, 1522540799);
INSERT INTO DayOfOperation (VehicleJourneyRef, StartDate, EndDate) VALUES ('96674', 1523059200, 1523145599);
INSERT INTO DayOfOperation (VehicleJourneyRef, StartDate, EndDate) VALUES ('96674', 1523664000, 1523750399);
INSERT INTO DayOfOperation (VehicleJourneyRef, StartDate, EndDate) VALUES ('96674', 1524268800, 1524355199);
INSERT INTO DayOfOperation (VehicleJourneyRef, StartDate, EndDate) VALUES ('96674', 1524873600, 1524959999);
INSERT INTO DayOfOperation (VehicleJourneyRef, StartDate, EndDate) VALUES ('96674', 1525478400, 1525564799);
INSERT INTO DayOfOperation (VehicleJourneyRef, StartDate, EndDate) VALUES ('96674', 1526083200, 1526169599);
INSERT INTO DayOfOperation (VehicleJourneyRef, StartDate, EndDate) VALUES ('96674', 1526688000, 1526774399);
INSERT INTO DayOfOperation (VehicleJourneyRef, StartDate, EndDate) VALUES ('96674', 1527292800, 1527379199);
INSERT INTO DayOfOperation (VehicleJourneyRef, StartDate, EndDate) VALUES ('96674', 1527897600, 1527983999);
INSERT INTO DayOfOperation (VehicleJourneyRef, StartDate, EndDate) VALUES ('96674', 1528502400, 1528588799);
INSERT INTO DayOfNonOperation (VehicleJourneyRef, StartDate, EndDate) VALUES ('96674', 1490918400, 1508716799);
INSERT INTO VehicleJourney (VehicleJourneyCode, ServiceRef, LineRef, JourneyPatternRef, OperatorRef, Monday, Tuesday, Wednesday, Thursday, Friday, Saturday, Sunday, DepatureHour, DepatureMinute, DepatureSecond, Note, NoteCode) VALUES ('96675', 'FSACM03', '0', 'JPS_FSACM03-3', 'CAL', 0, 0, 0, 0, 0, 1, 0, 14, 0, 0, '', '');
INSERT INTO DayOfOperation (VehicleJourneyRef, StartDate, EndDate) VALUES ('96675', 1509148800, 1509235199);
INSERT INTO DayOfOperation (VehicleJourneyRef, StartDate, EndDate) VALUES ('96675', 1509753600, 1509839999);
INSERT INTO DayOfOperation (VehicleJourneyRef, StartDate, EndDate) VALUES ('96675', 1510358400, 1510444799);
INSERT INTO DayOfOperation (VehicleJourneyRef, StartDate, EndDate) VALUES ('96675', 1510963200, 1511049599);
INSERT INTO DayOfOperation (VehicleJourneyRef, StartDate, EndDate) VALUES ('96675', 1511568000, 1511654399);
INSERT INTO DayOfOperation (VehicleJourneyRef, StartDate, EndDate) VALUES ('96675', 1512172800, 1512259199);
INSERT INTO DayOfOperation (VehicleJourneyRef, StartDate, EndDate) VALUES ('96675', 1512777600, 1512863999);
INSERT INTO DayOfOperation (VehicleJourneyRef, StartDate, EndDate) VALUES ('96675', 1513382400, 1513468799);
INSERT INTO DayOfOperation (VehicleJourneyRef, StartDate, EndDate) VALUES ('96675', 1513987200, 1514073599);
INSERT INTO DayOfOperation (VehicleJourneyRef, StartDate, EndDate) VALUES ('96675', 1514592000, 1514678399);
INSERT INTO DayOfOperation (VehicleJourneyRef, StartDate, EndDate) VALUES ('96675', 1515196800, 1515283199);
INSERT INTO DayOfOperation (VehicleJourneyRef, StartDate, EndDate) VALUES ('96675', 1515801600, 1515887999);
INSERT INTO DayOfOperation (VehicleJourneyRef, StartDate, EndDate) VALUES ('96675', 1516406400, 1516492799);
INSERT INTO DayOfOperation (VehicleJourneyRef, StartDate, EndDate) VALUES ('96675', 1517011200, 1517097599);
INSERT INTO DayOfOperation (VehicleJourneyRef, StartDate, EndDate) VALUES ('96675', 1517616000, 1517702399);
INSERT INTO DayOfOperation (VehicleJourneyRef, StartDate, EndDate) VALUES ('96675', 1518220800, 1518307199);
INSERT INTO DayOfOperation (VehicleJourneyRef, StartDate, EndDate) VALUES ('96675', 1518825600, 1518911999);
INSERT INTO DayOfOperation (VehicleJourneyRef, StartDate, EndDate) VALUES ('96675', 1519430400, 1519516799);
INSERT INTO DayOfOperation (VehicleJourneyRef, StartDate, EndDate) VALUES ('96675', 1520035200, 1520121599);
INSERT INTO DayOfOperation (VehicleJourneyRef, StartDate, EndDate) VALUES ('96675', 1520640000, 1520726399);
INSERT INTO DayOfOperation (VehicleJourneyRef, StartDate, EndDate) VALUES ('96675', 1521244800, 1521331199);
INSERT INTO DayOfOperation (VehicleJourneyRef, StartDate, EndDate) VALUES ('96675', 1521849600, 1521935999);
INSERT INTO DayOfOperation (VehicleJourneyRef, StartDate, EndDate) VALUES ('96675', 1522454400, 1522540799);
INSERT INTO DayOfOperation (VehicleJourneyRef, StartDate, EndDate) VALUES ('96675', 1523059200, 1523145599);
INSERT INTO DayOfOperation (VehicleJourneyRef, StartDate, EndDate) VALUES ('96675', 1523664000, 1523750399);
INSERT INTO DayOfOperation (VehicleJourneyRef, StartDate, EndDate) VALUES ('96675', 1524268800, 1524355199);
INSERT INTO DayOfOperation (VehicleJourneyRef, StartDate, EndDate) VALUES ('96675', 1524873600, 1524959999);
INSERT INTO DayOfOperation (VehicleJourneyRef, StartDate, EndDate) VALUES ('96675', 1525478400, 1525564799);
INSERT INTO DayOfOperation (VehicleJourneyRef, StartDate, EndDate) VALUES ('96675', 1526083200, 1526169599);
INSERT INTO DayOfOperation (VehicleJourneyRef, StartDate, EndDate) VALUES ('96675', 1526688000, 1526774399);
INSERT INTO DayOfOperation (VehicleJourneyRef, StartDate, EndDate) VALUES ('96675', 1527292800, 1527379199);
INSERT INTO DayOfOperation (VehicleJourneyRef, StartDate, EndDate) VALUES ('96675', 1527897600, 1527983999);
INSERT INTO DayOfOperation (VehicleJourneyRef, StartDate, EndDate) VALUES ('96675', 1528502400, 1528588799);
INSERT INTO DayOfNonOperation (VehicleJourneyRef, StartDate, EndDate) VALUES ('96675', 1490918400, 1508716799);
INSERT INTO VehicleJourney (VehicleJourneyCode, ServiceRef, LineRef, JourneyPatternRef, OperatorRef, Monday, Tuesday, Wednesday, Thursday, Friday, Saturday, Sunday, DepatureHour, DepatureMinute, DepatureSecond, Note, NoteCode) VALUES ('96676', 'FSACM03', '0', 'JPS_FSACM03-3', 'CAL', 0, 0, 0, 0, 0, 1, 0, 15, 0, 0, '', '');
INSERT INTO DayOfOperation (VehicleJourneyRef, StartDate, EndDate) VALUES ('96676', 1509148800, 1509235199);
INSERT INTO DayOfOperation (VehicleJourneyRef, StartDate, EndDate) VALUES ('96676', 1509753600, 1509839999);
INSERT INTO DayOfOperation (VehicleJourneyRef, StartDate, EndDate) VALUES ('96676', 1510358400, 1510444799);
INSERT INTO DayOfOperation (VehicleJourneyRef, StartDate, EndDate) VALUES ('96676', 1510963200, 1511049599);
INSERT INTO DayOfOperation (VehicleJourneyRef, StartDate, EndDate) VALUES ('96676', 1511568000, 1511654399);
INSERT INTO DayOfOperation (VehicleJourneyRef, StartDate, EndDate) VALUES ('96676', 1512172800, 1512259199);
INSERT INTO DayOfOperation (VehicleJourneyRef, StartDate, EndDate) VALUES ('96676', 1512777600, 1512863999);
INSERT INTO DayOfOperation (VehicleJourneyRef, StartDate, EndDate) VALUES ('96676', 1513382400, 1513468799);
INSERT INTO DayOfOperation (VehicleJourneyRef, StartDate, EndDate) VALUES ('96676', 1513987200, 1514073599);
INSERT INTO DayOfOperation (VehicleJourneyRef, StartDate, EndDate) VALUES ('96676', 1514592000, 1514678399);
INSERT INTO DayOfOperation (VehicleJourneyRef, StartDate, EndDate) VALUES ('96676', 1515196800, 1515283199);
INSERT INTO DayOfOperation (VehicleJourneyRef, StartDate, EndDate) VALUES ('96676', 1515801600, 1515887999);
INSERT INTO DayOfOperation (VehicleJourneyRef, StartDate, EndDate) VALUES ('96676', 1516406400, 1516492799);
INSERT INTO DayOfOperation (VehicleJourneyRef, StartDate, EndDate) VALUES ('96676', 1517011200, 1517097599);
INSERT INTO DayOfOperation (VehicleJourneyRef, StartDate, EndDate) VALUES ('96676', 1517616000, 1517702399);
INSERT INTO DayOfOperation (VehicleJourneyRef, StartDate, EndDate) VALUES ('96676', 1518220800, 1518307199);
INSERT INTO DayOfOperation (VehicleJourneyRef, StartDate, EndDate) VALUES ('96676', 1518825600, 1518911999);
INSERT INTO DayOfOperation (VehicleJourneyRef, StartDate, EndDate) VALUES ('96676', 1519430400, 1519516799);
INSERT INTO DayOfOperation (VehicleJourneyRef, StartDate, EndDate) VALUES ('96676', 1520035200, 1520121599);
INSERT INTO DayOfOperation (VehicleJourneyRef, StartDate, EndDate) VALUES ('96676', 1520640000, 1520726399);
INSERT INTO DayOfOperation (VehicleJourneyRef, StartDate, EndDate) VALUES ('96676', 1521244800, 1521331199);
INSERT INTO DayOfOperation (VehicleJourneyRef, StartDate, EndDate) VALUES ('96676', 1521849600, 1521935999);
INSERT INTO DayOfOperation (VehicleJourneyRef, StartDate, EndDate) VALUES ('96676', 1522454400, 1522540799);
INSERT INTO DayOfOperation (VehicleJourneyRef, StartDate, EndDate) VALUES ('96676', 1523059200, 1523145599);
INSERT INTO DayOfOperation (VehicleJourneyRef, StartDate, EndDate) VALUES ('96676', 1523664000, 1523750399);
INSERT INTO DayOfOperation (VehicleJourneyRef, StartDate, EndDate) VALUES ('96676', 1524268800, 1524355199);
INSERT INTO DayOfOperation (VehicleJourneyRef, StartDate, EndDate) VALUES ('96676', 1524873600, 1524959999);
INSERT INTO DayOfOperation (VehicleJourneyRef, StartDate, EndDate) VALUES ('96676', 1525478400, 1525564799);
INSERT INTO DayOfOperation (VehicleJourneyRef, StartDate, EndDate) VALUES ('96676', 1526083200, 1526169599);
INSERT INTO DayOfOperation (VehicleJourneyRef, StartDate, EndDate) VALUES ('96676', 1526688000, 1526774399);
INSERT INTO DayOfOperation (VehicleJourneyRef, StartDate, EndDate) VALUES ('96676', 1527292800, 1527379199);
INSERT INTO DayOfOperation (VehicleJourneyRef, StartDate, EndDate) VALUES ('96676', 1527897600, 1527983999);
INSERT INTO DayOfOperation (VehicleJourneyRef, StartDate, EndDate) VALUES ('96676', 1528502400, 1528588799);
INSERT INTO DayOfNonOperation (VehicleJourneyRef, StartDate, EndDate) VALUES ('96676', 1490918400, 1508716799);
INSERT INTO VehicleJourney (VehicleJourneyCode, ServiceRef, LineRef, JourneyPatternRef, OperatorRef, Monday, Tuesday, Wednesday, Thursday, Friday, Saturday, Sunday, DepatureHour, DepatureMinute, DepatureSecond, Note, NoteCode) VALUES ('96677', 'FSACM03', '0', 'JPS_FSACM03-3', 'CAL', 0, 0, 0, 0, 0, 1, 0, 16, 0, 0, '', '');
INSERT INTO DayOfOperation (VehicleJourneyRef, StartDate, EndDate) VALUES ('96677', 1509148800, 1509235199);
INSERT INTO DayOfOperation (VehicleJourneyRef, StartDate, EndDate) VALUES ('96677', 1509753600, 1509839999);
INSERT INTO DayOfOperation (VehicleJourneyRef, StartDate, EndDate) VALUES ('96677', 1510358400, 1510444799);
INSERT INTO DayOfOperation (VehicleJourneyRef, StartDate, EndDate) VALUES ('96677', 1510963200, 1511049599);
INSERT INTO DayOfOperation (VehicleJourneyRef, StartDate, EndDate) VALUES ('96677', 1511568000, 1511654399);
INSERT INTO DayOfOperation (VehicleJourneyRef, StartDate, EndDate) VALUES ('96677', 1512172800, 1512259199);
INSERT INTO DayOfOperation (VehicleJourneyRef, StartDate, EndDate) VALUES ('96677', 1512777600, 1512863999);
INSERT INTO DayOfOperation (VehicleJourneyRef, StartDate, EndDate) VALUES ('96677', 1513382400, 1513468799);
INSERT INTO DayOfOperation (VehicleJourneyRef, StartDate, EndDate) VALUES ('96677', 1513987200, 1514073599);
INSERT INTO DayOfOperation (VehicleJourneyRef, StartDate, EndDate) VALUES ('96677', 1514592000, 1514678399);
INSERT INTO DayOfOperation (VehicleJourneyRef, StartDate, EndDate) VALUES ('96677', 1515196800, 1515283199);
INSERT INTO DayOfOperation (VehicleJourneyRef, StartDate, EndDate) VALUES ('96677', 1515801600, 1515887999);
INSERT INTO DayOfOperation (VehicleJourneyRef, StartDate, EndDate) VALUES ('96677', 1516406400, 1516492799);
INSERT INTO DayOfOperation (VehicleJourneyRef, StartDate, EndDate) VALUES ('96677', 1517011200, 1517097599);
INSERT INTO DayOfOperation (VehicleJourneyRef, StartDate, EndDate) VALUES ('96677', 1517616000, 1517702399);
INSERT INTO DayOfOperation (VehicleJourneyRef, StartDate, EndDate) VALUES ('96677', 1518220800, 1518307199);
INSERT INTO DayOfOperation (VehicleJourneyRef, StartDate, EndDate) VALUES ('96677', 1518825600, 1518911999);
INSERT INTO DayOfOperation (VehicleJourneyRef, StartDate, EndDate) VALUES ('96677', 1519430400, 1519516799);
INSERT INTO DayOfOperation (VehicleJourneyRef, StartDate, EndDate) VALUES ('96677', 1520035200, 1520121599);
INSERT INTO DayOfOperation (VehicleJourneyRef, StartDate, EndDate) VALUES ('96677', 1520640000, 1520726399);
INSERT INTO DayOfOperation (VehicleJourneyRef, StartDate, EndDate) VALUES ('96677', 1521244800, 1521331199);
INSERT INTO DayOfOperation (VehicleJourneyRef, StartDate, EndDate) VALUES ('96677', 1521849600, 1521935999);
INSERT INTO DayOfOperation (VehicleJourneyRef, StartDate, EndDate) VALUES ('96677', 1522454400, 1522540799);
INSERT INTO DayOfOperation (VehicleJourneyRef, StartDate, EndDate) VALUES ('96677', 1523059200, 1523145599);
INSERT INTO DayOfOperation (VehicleJourneyRef, StartDate, EndDate) VALUES ('96677', 1523664000, 1523750399);
INSERT INTO DayOfOperation (VehicleJourneyRef, StartDate, EndDate) VALUES ('96677', 1524268800, 1524355199);
INSERT INTO DayOfOperation (VehicleJourneyRef, StartDate, EndDate) VALUES ('96677', 1524873600, 1524959999);
INSERT INTO DayOfOperation (VehicleJourneyRef, StartDate, EndDate) VALUES ('96677', 1525478400, 1525564799);
INSERT INTO DayOfOperation (VehicleJourneyRef, StartDate, EndDate) VALUES ('96677', 1526083200, 1526169599);
INSERT INTO DayOfOperation (VehicleJourneyRef, StartDate, EndDate) VALUES ('96677', 1526688000, 1526774399);
INSERT INTO DayOfOperation (VehicleJourneyRef, StartDate, EndDate) VALUES ('96677', 1527292800, 1527379199);
INSERT INTO DayOfOperation (VehicleJourneyRef, StartDate, EndDate) VALUES ('96677', 1527897600, 1527983999);
INSERT INTO DayOfOperation (VehicleJourneyRef, StartDate, EndDate) VALUES ('96677', 1528502400, 1528588799);
INSERT INTO DayOfNonOperation (VehicleJourneyRef, StartDate, EndDate) VALUES ('96677', 1490918400, 1508716799);
INSERT INTO VehicleJourney (VehicleJourneyCode, ServiceRef, LineRef, JourneyPatternRef, OperatorRef, Monday, Tuesday, Wednesday, Thursday, Friday, Saturday, Sunday, DepatureHour, DepatureMinute, DepatureSecond, Note, NoteCode) VALUES ('96678', 'FSACM03', '0', 'JPS_FSACM03-3', 'CAL', 0, 0, 0, 0, 0, 1, 0, 16, 45, 0, '', '');
INSERT INTO DayOfOperation (VehicleJourneyRef, StartDate, EndDate) VALUES ('96678', 1509148800, 1509235199);
INSERT INTO DayOfOperation (VehicleJourneyRef, StartDate, EndDate) VALUES ('96678', 1509753600, 1509839999);
INSERT INTO DayOfOperation (VehicleJourneyRef, StartDate, EndDate) VALUES ('96678', 1510358400, 1510444799);
INSERT INTO DayOfOperation (VehicleJourneyRef, StartDate, EndDate) VALUES ('96678', 1510963200, 1511049599);
INSERT INTO DayOfOperation (VehicleJourneyRef, StartDate, EndDate) VALUES ('96678', 1511568000, 1511654399);
INSERT INTO DayOfOperation (VehicleJourneyRef, StartDate, EndDate) VALUES ('96678', 1512172800, 1512259199);
INSERT INTO DayOfOperation (VehicleJourneyRef, StartDate, EndDate) VALUES ('96678', 1512777600, 1512863999);
INSERT INTO DayOfOperation (VehicleJourneyRef, StartDate, EndDate) VALUES ('96678', 1513382400, 1513468799);
INSERT INTO DayOfOperation (VehicleJourneyRef, StartDate, EndDate) VALUES ('96678', 1513987200, 1514073599);
INSERT INTO DayOfOperation (VehicleJourneyRef, StartDate, EndDate) VALUES ('96678', 1514592000, 1514678399);
INSERT INTO DayOfOperation (VehicleJourneyRef, StartDate, EndDate) VALUES ('96678', 1515196800, 1515283199);
INSERT INTO DayOfOperation (VehicleJourneyRef, StartDate, EndDate) VALUES ('96678', 1515801600, 1515887999);
INSERT INTO DayOfOperation (VehicleJourneyRef, StartDate, EndDate) VALUES ('96678', 1516406400, 1516492799);
INSERT INTO DayOfOperation (VehicleJourneyRef, StartDate, EndDate) VALUES ('96678', 1517011200, 1517097599);
INSERT INTO DayOfOperation (VehicleJourneyRef, StartDate, EndDate) VALUES ('96678', 1517616000, 1517702399);
INSERT INTO DayOfOperation (VehicleJourneyRef, StartDate, EndDate) VALUES ('96678', 1518220800, 1518307199);
INSERT INTO DayOfOperation (VehicleJourneyRef, StartDate, EndDate) VALUES ('96678', 1518825600, 1518911999);
INSERT INTO DayOfOperation (VehicleJourneyRef, StartDate, EndDate) VALUES ('96678', 1519430400, 1519516799);
INSERT INTO DayOfOperation (VehicleJourneyRef, StartDate, EndDate) VALUES ('96678', 1520035200, 1520121599);
INSERT INTO DayOfOperation (VehicleJourneyRef, StartDate, EndDate) VALUES ('96678', 1520640000, 1520726399);
INSERT INTO DayOfOperation (VehicleJourneyRef, StartDate, EndDate) VALUES ('96678', 1521244800, 1521331199);
INSERT INTO DayOfOperation (VehicleJourneyRef, StartDate, EndDate) VALUES ('96678', 1521849600, 1521935999);
INSERT INTO DayOfOperation (VehicleJourneyRef, StartDate, EndDate) VALUES ('96678', 1522454400, 1522540799);
INSERT INTO DayOfOperation (VehicleJourneyRef, StartDate, EndDate) VALUES ('96678', 1523059200, 1523145599);
INSERT INTO DayOfOperation (VehicleJourneyRef, StartDate, EndDate) VALUES ('96678', 1523664000, 1523750399);
INSERT INTO DayOfOperation (VehicleJourneyRef, StartDate, EndDate) VALUES ('96678', 1524268800, 1524355199);
INSERT INTO DayOfOperation (VehicleJourneyRef, StartDate, EndDate) VALUES ('96678', 1524873600, 1524959999);
INSERT INTO DayOfOperation (VehicleJourneyRef, StartDate, EndDate) VALUES ('96678', 1525478400, 1525564799);
INSERT INTO DayOfOperation (VehicleJourneyRef, StartDate, EndDate) VALUES ('96678', 1526083200, 1526169599);
INSERT INTO DayOfOperation (VehicleJourneyRef, StartDate, EndDate) VALUES ('96678', 1526688000, 1526774399);
INSERT INTO DayOfOperation (VehicleJourneyRef, StartDate, EndDate) VALUES ('96678', 1527292800, 1527379199);
INSERT INTO DayOfOperation (VehicleJourneyRef, StartDate, EndDate) VALUES ('96678', 1527897600, 1527983999);
INSERT INTO DayOfOperation (VehicleJourneyRef, StartDate, EndDate) VALUES ('96678', 1528502400, 1528588799);
INSERT INTO DayOfNonOperation (VehicleJourneyRef, StartDate, EndDate) VALUES ('96678', 1490918400, 1508716799);
INSERT INTO VehicleJourney (VehicleJourneyCode, ServiceRef, LineRef, JourneyPatternRef, OperatorRef, Monday, Tuesday, Wednesday, Thursday, Friday, Saturday, Sunday, DepatureHour, DepatureMinute, DepatureSecond, Note, NoteCode) VALUES ('96679', 'FSACM03', '0', 'JPS_FSACM03-3', 'CAL', 0, 0, 0, 0, 0, 1, 0, 17, 30, 0, '', '');
INSERT INTO DayOfOperation (VehicleJourneyRef, StartDate, EndDate) VALUES ('96679', 1509148800, 1509235199);
INSERT INTO DayOfOperation (VehicleJourneyRef, StartDate, EndDate) VALUES ('96679', 1509753600, 1509839999);
INSERT INTO DayOfOperation (VehicleJourneyRef, StartDate, EndDate) VALUES ('96679', 1510358400, 1510444799);
INSERT INTO DayOfOperation (VehicleJourneyRef, StartDate, EndDate) VALUES ('96679', 1510963200, 1511049599);
INSERT INTO DayOfOperation (VehicleJourneyRef, StartDate, EndDate) VALUES ('96679', 1511568000, 1511654399);
INSERT INTO DayOfOperation (VehicleJourneyRef, StartDate, EndDate) VALUES ('96679', 1512172800, 1512259199);
INSERT INTO DayOfOperation (VehicleJourneyRef, StartDate, EndDate) VALUES ('96679', 1512777600, 1512863999);
INSERT INTO DayOfOperation (VehicleJourneyRef, StartDate, EndDate) VALUES ('96679', 1513382400, 1513468799);
INSERT INTO DayOfOperation (VehicleJourneyRef, StartDate, EndDate) VALUES ('96679', 1513987200, 1514073599);
INSERT INTO DayOfOperation (VehicleJourneyRef, StartDate, EndDate) VALUES ('96679', 1514592000, 1514678399);
INSERT INTO DayOfOperation (VehicleJourneyRef, StartDate, EndDate) VALUES ('96679', 1515196800, 1515283199);
INSERT INTO DayOfOperation (VehicleJourneyRef, StartDate, EndDate) VALUES ('96679', 1515801600, 1515887999);
INSERT INTO DayOfOperation (VehicleJourneyRef, StartDate, EndDate) VALUES ('96679', 1516406400, 1516492799);
INSERT INTO DayOfOperation (VehicleJourneyRef, StartDate, EndDate) VALUES ('96679', 1517011200, 1517097599);
INSERT INTO DayOfOperation (VehicleJourneyRef, StartDate, EndDate) VALUES ('96679', 1517616000, 1517702399);
INSERT INTO DayOfOperation (VehicleJourneyRef, StartDate, EndDate) VALUES ('96679', 1518220800, 1518307199);
INSERT INTO DayOfOperation (VehicleJourneyRef, StartDate, EndDate) VALUES ('96679', 1518825600, 1518911999);
INSERT INTO DayOfOperation (VehicleJourneyRef, StartDate, EndDate) VALUES ('96679', 1519430400, 1519516799);
INSERT INTO DayOfOperation (VehicleJourneyRef, StartDate, EndDate) VALUES ('96679', 1520035200, 1520121599);
INSERT INTO DayOfOperation (VehicleJourneyRef, StartDate, EndDate) VALUES ('96679', 1520640000, 1520726399);
INSERT INTO DayOfOperation (VehicleJourneyRef, StartDate, EndDate) VALUES ('96679', 1521244800, 1521331199);
INSERT INTO DayOfOperation (VehicleJourneyRef, StartDate, EndDate) VALUES ('96679', 1521849600, 1521935999);
INSERT INTO DayOfOperation (VehicleJourneyRef, StartDate, EndDate) VALUES ('96679', 1522454400, 1522540799);
INSERT INTO DayOfOperation (VehicleJourneyRef, StartDate, EndDate) VALUES ('96679', 1523059200, 1523145599);
INSERT INTO DayOfOperation (VehicleJourneyRef, StartDate, EndDate) VALUES ('96679', 1523664000, 1523750399);
INSERT INTO DayOfOperation (VehicleJourneyRef, StartDate, EndDate) VALUES ('96679', 1524268800, 1524355199);
INSERT INTO DayOfOperation (VehicleJourneyRef, StartDate, EndDate) VALUES ('96679', 1524873600, 1524959999);
INSERT INTO DayOfOperation (VehicleJourneyRef, StartDate, EndDate) VALUES ('96679', 1525478400, 1525564799);
INSERT INTO DayOfOperation (VehicleJourneyRef, StartDate, EndDate) VALUES ('96679', 1526083200, 1526169599);
INSERT INTO DayOfOperation (VehicleJourneyRef, StartDate, EndDate) VALUES ('96679', 1526688000, 1526774399);
INSERT INTO DayOfOperation (VehicleJourneyRef, StartDate, EndDate) VALUES ('96679', 1527292800, 1527379199);
INSERT INTO DayOfOperation (VehicleJourneyRef, StartDate, EndDate) VALUES ('96679', 1527897600, 1527983999);
INSERT INTO DayOfOperation (VehicleJourneyRef, StartDate, EndDate) VALUES ('96679', 1528502400, 1528588799);
INSERT INTO DayOfNonOperation (VehicleJourneyRef, StartDate, EndDate) VALUES ('96679', 1490918400, 1508716799);
INSERT INTO VehicleJourney (VehicleJourneyCode, ServiceRef, LineRef, JourneyPatternRef, OperatorRef, Monday, Tuesday, Wednesday, Thursday, Friday, Saturday, Sunday, DepatureHour, DepatureMinute, DepatureSecond, Note, NoteCode) VALUES ('96680', 'FSACM03', '0', 'JPS_FSACM03-3', 'CAL', 0, 0, 0, 0, 0, 1, 0, 18, 15, 0, '', '');
INSERT INTO DayOfOperation (VehicleJourneyRef, StartDate, EndDate) VALUES ('96680', 1509148800, 1509235199);
INSERT INTO DayOfOperation (VehicleJourneyRef, StartDate, EndDate) VALUES ('96680', 1509753600, 1509839999);
INSERT INTO DayOfOperation (VehicleJourneyRef, StartDate, EndDate) VALUES ('96680', 1510358400, 1510444799);
INSERT INTO DayOfOperation (VehicleJourneyRef, StartDate, EndDate) VALUES ('96680', 1510963200, 1511049599);
INSERT INTO DayOfOperation (VehicleJourneyRef, StartDate, EndDate) VALUES ('96680', 1511568000, 1511654399);
INSERT INTO DayOfOperation (VehicleJourneyRef, StartDate, EndDate) VALUES ('96680', 1512172800, 1512259199);
INSERT INTO DayOfOperation (VehicleJourneyRef, StartDate, EndDate) VALUES ('96680', 1512777600, 1512863999);
INSERT INTO DayOfOperation (VehicleJourneyRef, StartDate, EndDate) VALUES ('96680', 1513382400, 1513468799);
INSERT INTO DayOfOperation (VehicleJourneyRef, StartDate, EndDate) VALUES ('96680', 1513987200, 1514073599);
INSERT INTO DayOfOperation (VehicleJourneyRef, StartDate, EndDate) VALUES ('96680', 1514592000, 1514678399);
INSERT INTO DayOfOperation (VehicleJourneyRef, StartDate, EndDate) VALUES ('96680', 1515196800, 1515283199);
INSERT INTO DayOfOperation (VehicleJourneyRef, StartDate, EndDate) VALUES ('96680', 1515801600, 1515887999);
INSERT INTO DayOfOperation (VehicleJourneyRef, StartDate, EndDate) VALUES ('96680', 1516406400, 1516492799);
INSERT INTO DayOfOperation (VehicleJourneyRef, StartDate, EndDate) VALUES ('96680', 1517011200, 1517097599);
INSERT INTO DayOfOperation (VehicleJourneyRef, StartDate, EndDate) VALUES ('96680', 1517616000, 1517702399);
INSERT INTO DayOfOperation (VehicleJourneyRef, StartDate, EndDate) VALUES ('96680', 1518220800, 1518307199);
INSERT INTO DayOfOperation (VehicleJourneyRef, StartDate, EndDate) VALUES ('96680', 1518825600, 1518911999);
INSERT INTO DayOfOperation (VehicleJourneyRef, StartDate, EndDate) VALUES ('96680', 1519430400, 1519516799);
INSERT INTO DayOfOperation (VehicleJourneyRef, StartDate, EndDate) VALUES ('96680', 1520035200, 1520121599);
INSERT INTO DayOfOperation (VehicleJourneyRef, StartDate, EndDate) VALUES ('96680', 1520640000, 1520726399);
INSERT INTO DayOfOperation (VehicleJourneyRef, StartDate, EndDate) VALUES ('96680', 1521244800, 1521331199);
INSERT INTO DayOfOperation (VehicleJourneyRef, StartDate, EndDate) VALUES ('96680', 1521849600, 1521935999);
INSERT INTO DayOfOperation (VehicleJourneyRef, StartDate, EndDate) VALUES ('96680', 1522454400, 1522540799);
INSERT INTO DayOfOperation (VehicleJourneyRef, StartDate, EndDate) VALUES ('96680', 1523059200, 1523145599);
INSERT INTO DayOfOperation (VehicleJourneyRef, StartDate, EndDate) VALUES ('96680', 1523664000, 1523750399);
INSERT INTO DayOfOperation (VehicleJourneyRef, StartDate, EndDate) VALUES ('96680', 1524268800, 1524355199);
INSERT INTO DayOfOperation (VehicleJourneyRef, StartDate, EndDate) VALUES ('96680', 1524873600, 1524959999);
INSERT INTO DayOfOperation (VehicleJourneyRef, StartDate, EndDate) VALUES ('96680', 1525478400, 1525564799);
INSERT INTO DayOfOperation (VehicleJourneyRef, StartDate, EndDate) VALUES ('96680', 1526083200, 1526169599);
INSERT INTO DayOfOperation (VehicleJourneyRef, StartDate, EndDate) VALUES ('96680', 1526688000, 1526774399);
INSERT INTO DayOfOperation (VehicleJourneyRef, StartDate, EndDate) VALUES ('96680', 1527292800, 1527379199);
INSERT INTO DayOfOperation (VehicleJourneyRef, StartDate, EndDate) VALUES ('96680', 1527897600, 1527983999);
INSERT INTO DayOfOperation (VehicleJourneyRef, StartDate, EndDate) VALUES ('96680', 1528502400, 1528588799);
INSERT INTO DayOfNonOperation (VehicleJourneyRef, StartDate, EndDate) VALUES ('96680', 1490918400, 1508716799);
INSERT INTO VehicleJourney (VehicleJourneyCode, ServiceRef, LineRef, JourneyPatternRef, OperatorRef, Monday, Tuesday, Wednesday, Thursday, Friday, Saturday, Sunday, DepatureHour, DepatureMinute, DepatureSecond, Note, NoteCode) VALUES ('96681', 'FSACM03', '0', 'JPS_FSACM03-3', 'CAL', 0, 0, 0, 0, 0, 1, 0, 19, 0, 0, '', '');
INSERT INTO DayOfOperation (VehicleJourneyRef, StartDate, EndDate) VALUES ('96681', 1509148800, 1509235199);
INSERT INTO DayOfOperation (VehicleJourneyRef, StartDate, EndDate) VALUES ('96681', 1509753600, 1509839999);
INSERT INTO DayOfOperation (VehicleJourneyRef, StartDate, EndDate) VALUES ('96681', 1510358400, 1510444799);
INSERT INTO DayOfOperation (VehicleJourneyRef, StartDate, EndDate) VALUES ('96681', 1510963200, 1511049599);
INSERT INTO DayOfOperation (VehicleJourneyRef, StartDate, EndDate) VALUES ('96681', 1511568000, 1511654399);
INSERT INTO DayOfOperation (VehicleJourneyRef, StartDate, EndDate) VALUES ('96681', 1512172800, 1512259199);
INSERT INTO DayOfOperation (VehicleJourneyRef, StartDate, EndDate) VALUES ('96681', 1512777600, 1512863999);
INSERT INTO DayOfOperation (VehicleJourneyRef, StartDate, EndDate) VALUES ('96681', 1513382400, 1513468799);
INSERT INTO DayOfOperation (VehicleJourneyRef, StartDate, EndDate) VALUES ('96681', 1513987200, 1514073599);
INSERT INTO DayOfOperation (VehicleJourneyRef, StartDate, EndDate) VALUES ('96681', 1514592000, 1514678399);
INSERT INTO DayOfOperation (VehicleJourneyRef, StartDate, EndDate) VALUES ('96681', 1515196800, 1515283199);
INSERT INTO DayOfOperation (VehicleJourneyRef, StartDate, EndDate) VALUES ('96681', 1515801600, 1515887999);
INSERT INTO DayOfOperation (VehicleJourneyRef, StartDate, EndDate) VALUES ('96681', 1516406400, 1516492799);
INSERT INTO DayOfOperation (VehicleJourneyRef, StartDate, EndDate) VALUES ('96681', 1517011200, 1517097599);
INSERT INTO DayOfOperation (VehicleJourneyRef, StartDate, EndDate) VALUES ('96681', 1517616000, 1517702399);
INSERT INTO DayOfOperation (VehicleJourneyRef, StartDate, EndDate) VALUES ('96681', 1518220800, 1518307199);
INSERT INTO DayOfOperation (VehicleJourneyRef, StartDate, EndDate) VALUES ('96681', 1518825600, 1518911999);
INSERT INTO DayOfOperation (VehicleJourneyRef, StartDate, EndDate) VALUES ('96681', 1519430400, 1519516799);
INSERT INTO DayOfOperation (VehicleJourneyRef, StartDate, EndDate) VALUES ('96681', 1520035200, 1520121599);
INSERT INTO DayOfOperation (VehicleJourneyRef, StartDate, EndDate) VALUES ('96681', 1520640000, 1520726399);
INSERT INTO DayOfOperation (VehicleJourneyRef, StartDate, EndDate) VALUES ('96681', 1521244800, 1521331199);
INSERT INTO DayOfOperation (VehicleJourneyRef, StartDate, EndDate) VALUES ('96681', 1521849600, 1521935999);
INSERT INTO DayOfOperation (VehicleJourneyRef, StartDate, EndDate) VALUES ('96681', 1522454400, 1522540799);
INSERT INTO DayOfOperation (VehicleJourneyRef, StartDate, EndDate) VALUES ('96681', 1523059200, 1523145599);
INSERT INTO DayOfOperation (VehicleJourneyRef, StartDate, EndDate) VALUES ('96681', 1523664000, 1523750399);
INSERT INTO DayOfOperation (VehicleJourneyRef, StartDate, EndDate) VALUES ('96681', 1524268800, 1524355199);
INSERT INTO DayOfOperation (VehicleJourneyRef, StartDate, EndDate) VALUES ('96681', 1524873600, 1524959999);
INSERT INTO DayOfOperation (VehicleJourneyRef, StartDate, EndDate) VALUES ('96681', 1525478400, 1525564799);
INSERT INTO DayOfOperation (VehicleJourneyRef, StartDate, EndDate) VALUES ('96681', 1526083200, 1526169599);
INSERT INTO DayOfOperation (VehicleJourneyRef, StartDate, EndDate) VALUES ('96681', 1526688000, 1526774399);
INSERT INTO DayOfOperation (VehicleJourneyRef, StartDate, EndDate) VALUES ('96681', 1527292800, 1527379199);
INSERT INTO DayOfOperation (VehicleJourneyRef, StartDate, EndDate) VALUES ('96681', 1527897600, 1527983999);
INSERT INTO DayOfOperation (VehicleJourneyRef, StartDate, EndDate) VALUES ('96681', 1528502400, 1528588799);
INSERT INTO DayOfNonOperation (VehicleJourneyRef, StartDate, EndDate) VALUES ('96681', 1490918400, 1508716799);
INSERT INTO VehicleJourney (VehicleJourneyCode, ServiceRef, LineRef, JourneyPatternRef, OperatorRef, Monday, Tuesday, Wednesday, Thursday, Friday, Saturday, Sunday, DepatureHour, DepatureMinute, DepatureSecond, Note, NoteCode) VALUES ('96696', 'FSACM03', '0', 'JPS_FSACM03-3', 'CAL', 0, 0, 0, 0, 0, 0, 1, 8, 0, 0, '', '');
INSERT INTO DayOfOperation (VehicleJourneyRef, StartDate, EndDate) VALUES ('96696', 1509235200, 1509321599);
INSERT INTO DayOfOperation (VehicleJourneyRef, StartDate, EndDate) VALUES ('96696', 1509840000, 1509926399);
INSERT INTO DayOfOperation (VehicleJourneyRef, StartDate, EndDate) VALUES ('96696', 1510444800, 1510531199);
INSERT INTO DayOfOperation (VehicleJourneyRef, StartDate, EndDate) VALUES ('96696', 1511049600, 1511135999);
INSERT INTO DayOfOperation (VehicleJourneyRef, StartDate, EndDate) VALUES ('96696', 1511654400, 1511740799);
INSERT INTO DayOfOperation (VehicleJourneyRef, StartDate, EndDate) VALUES ('96696', 1512259200, 1512345599);
INSERT INTO DayOfOperation (VehicleJourneyRef, StartDate, EndDate) VALUES ('96696', 1512864000, 1512950399);
INSERT INTO DayOfOperation (VehicleJourneyRef, StartDate, EndDate) VALUES ('96696', 1513468800, 1513555199);
INSERT INTO DayOfOperation (VehicleJourneyRef, StartDate, EndDate) VALUES ('96696', 1514073600, 1514159999);
INSERT INTO DayOfOperation (VehicleJourneyRef, StartDate, EndDate) VALUES ('96696', 1514678400, 1514764799);
INSERT INTO DayOfOperation (VehicleJourneyRef, StartDate, EndDate) VALUES ('96696', 1515283200, 1515369599);
INSERT INTO DayOfOperation (VehicleJourneyRef, StartDate, EndDate) VALUES ('96696', 1515888000, 1515974399);
INSERT INTO DayOfOperation (VehicleJourneyRef, StartDate, EndDate) VALUES ('96696', 1516492800, 1516579199);
INSERT INTO DayOfOperation (VehicleJourneyRef, StartDate, EndDate) VALUES ('96696', 1517097600, 1517183999);
INSERT INTO DayOfOperation (VehicleJourneyRef, StartDate, EndDate) VALUES ('96696', 1517702400, 1517788799);
INSERT INTO DayOfOperation (VehicleJourneyRef, StartDate, EndDate) VALUES ('96696', 1518307200, 1518393599);
INSERT INTO DayOfOperation (VehicleJourneyRef, StartDate, EndDate) VALUES ('96696', 1518912000, 1518998399);
INSERT INTO DayOfOperation (VehicleJourneyRef, StartDate, EndDate) VALUES ('96696', 1519516800, 1519603199);
INSERT INTO DayOfOperation (VehicleJourneyRef, StartDate, EndDate) VALUES ('96696', 1520121600, 1520207999);
INSERT INTO DayOfOperation (VehicleJourneyRef, StartDate, EndDate) VALUES ('96696', 1520726400, 1520812799);
INSERT INTO DayOfOperation (VehicleJourneyRef, StartDate, EndDate) VALUES ('96696', 1521331200, 1521417599);
INSERT INTO DayOfOperation (VehicleJourneyRef, StartDate, EndDate) VALUES ('96696', 1521936000, 1522022399);
INSERT INTO DayOfOperation (VehicleJourneyRef, StartDate, EndDate) VALUES ('96696', 1522540800, 1522627199);
INSERT INTO DayOfOperation (VehicleJourneyRef, StartDate, EndDate) VALUES ('96696', 1523145600, 1523231999);
INSERT INTO DayOfOperation (VehicleJourneyRef, StartDate, EndDate) VALUES ('96696', 1523750400, 1523836799);
INSERT INTO DayOfOperation (VehicleJourneyRef, StartDate, EndDate) VALUES ('96696', 1524355200, 1524441599);
INSERT INTO DayOfOperation (VehicleJourneyRef, StartDate, EndDate) VALUES ('96696', 1524960000, 1525046399);
INSERT INTO DayOfOperation (VehicleJourneyRef, StartDate, EndDate) VALUES ('96696', 1525564800, 1525651199);
INSERT INTO DayOfOperation (VehicleJourneyRef, StartDate, EndDate) VALUES ('96696', 1526169600, 1526255999);
INSERT INTO DayOfOperation (VehicleJourneyRef, StartDate, EndDate) VALUES ('96696', 1526774400, 1526860799);
INSERT INTO DayOfOperation (VehicleJourneyRef, StartDate, EndDate) VALUES ('96696', 1527379200, 1527465599);
INSERT INTO DayOfOperation (VehicleJourneyRef, StartDate, EndDate) VALUES ('96696', 1527984000, 1528070399);
INSERT INTO DayOfOperation (VehicleJourneyRef, StartDate, EndDate) VALUES ('96696', 1528588800, 1528675199);
INSERT INTO DayOfNonOperation (VehicleJourneyRef, StartDate, EndDate) VALUES ('96696', 1490918400, 1508716799);
INSERT INTO VehicleJourney (VehicleJourneyCode, ServiceRef, LineRef, JourneyPatternRef, OperatorRef, Monday, Tuesday, Wednesday, Thursday, Friday, Saturday, Sunday, DepatureHour, DepatureMinute, DepatureSecond, Note, NoteCode) VALUES ('96697', 'FSACM03', '0', 'JPS_FSACM03-3', 'CAL', 0, 0, 0, 0, 0, 0, 1, 9, 30, 0, '', '');
INSERT INTO DayOfOperation (VehicleJourneyRef, StartDate, EndDate) VALUES ('96697', 1509235200, 1509321599);
INSERT INTO DayOfOperation (VehicleJourneyRef, StartDate, EndDate) VALUES ('96697', 1509840000, 1509926399);
INSERT INTO DayOfOperation (VehicleJourneyRef, StartDate, EndDate) VALUES ('96697', 1510444800, 1510531199);
INSERT INTO DayOfOperation (VehicleJourneyRef, StartDate, EndDate) VALUES ('96697', 1511049600, 1511135999);
INSERT INTO DayOfOperation (VehicleJourneyRef, StartDate, EndDate) VALUES ('96697', 1511654400, 1511740799);
INSERT INTO DayOfOperation (VehicleJourneyRef, StartDate, EndDate) VALUES ('96697', 1512259200, 1512345599);
INSERT INTO DayOfOperation (VehicleJourneyRef, StartDate, EndDate) VALUES ('96697', 1512864000, 1512950399);
INSERT INTO DayOfOperation (VehicleJourneyRef, StartDate, EndDate) VALUES ('96697', 1513468800, 1513555199);
INSERT INTO DayOfOperation (VehicleJourneyRef, StartDate, EndDate) VALUES ('96697', 1514073600, 1514159999);
INSERT INTO DayOfOperation (VehicleJourneyRef, StartDate, EndDate) VALUES ('96697', 1514678400, 1514764799);
INSERT INTO DayOfOperation (VehicleJourneyRef, StartDate, EndDate) VALUES ('96697', 1515283200, 1515369599);
INSERT INTO DayOfOperation (VehicleJourneyRef, StartDate, EndDate) VALUES ('96697', 1515888000, 1515974399);
INSERT INTO DayOfOperation (VehicleJourneyRef, StartDate, EndDate) VALUES ('96697', 1516492800, 1516579199);
INSERT INTO DayOfOperation (VehicleJourneyRef, StartDate, EndDate) VALUES ('96697', 1517097600, 1517183999);
INSERT INTO DayOfOperation (VehicleJourneyRef, StartDate, EndDate) VALUES ('96697', 1517702400, 1517788799);
INSERT INTO DayOfOperation (VehicleJourneyRef, StartDate, EndDate) VALUES ('96697', 1518307200, 1518393599);
INSERT INTO DayOfOperation (VehicleJourneyRef, StartDate, EndDate) VALUES ('96697', 1518912000, 1518998399);
INSERT INTO DayOfOperation (VehicleJourneyRef, StartDate, EndDate) VALUES ('96697', 1519516800, 1519603199);
INSERT INTO DayOfOperation (VehicleJourneyRef, StartDate, EndDate) VALUES ('96697', 1520121600, 1520207999);
INSERT INTO DayOfOperation (VehicleJourneyRef, StartDate, EndDate) VALUES ('96697', 1520726400, 1520812799);
INSERT INTO DayOfOperation (VehicleJourneyRef, StartDate, EndDate) VALUES ('96697', 1521331200, 1521417599);
INSERT INTO DayOfOperation (VehicleJourneyRef, StartDate, EndDate) VALUES ('96697', 1521936000, 1522022399);
INSERT INTO DayOfOperation (VehicleJourneyRef, StartDate, EndDate) VALUES ('96697', 1522540800, 1522627199);
INSERT INTO DayOfOperation (VehicleJourneyRef, StartDate, EndDate) VALUES ('96697', 1523145600, 1523231999);
INSERT INTO DayOfOperation (VehicleJourneyRef, StartDate, EndDate) VALUES ('96697', 1523750400, 1523836799);
INSERT INTO DayOfOperation (VehicleJourneyRef, StartDate, EndDate) VALUES ('96697', 1524355200, 1524441599);
INSERT INTO DayOfOperation (VehicleJourneyRef, StartDate, EndDate) VALUES ('96697', 1524960000, 1525046399);
INSERT INTO DayOfOperation (VehicleJourneyRef, StartDate, EndDate) VALUES ('96697', 1525564800, 1525651199);
INSERT INTO DayOfOperation (VehicleJourneyRef, StartDate, EndDate) VALUES ('96697', 1526169600, 1526255999);
INSERT INTO DayOfOperation (VehicleJourneyRef, StartDate, EndDate) VALUES ('96697', 1526774400, 1526860799);
INSERT INTO DayOfOperation (VehicleJourneyRef, StartDate, EndDate) VALUES ('96697', 1527379200, 1527465599);
INSERT INTO DayOfOperation (VehicleJourneyRef, StartDate, EndDate) VALUES ('96697', 1527984000, 1528070399);
INSERT INTO DayOfOperation (VehicleJourneyRef, StartDate, EndDate) VALUES ('96697', 1528588800, 1528675199);
INSERT INTO DayOfNonOperation (VehicleJourneyRef, StartDate, EndDate) VALUES ('96697', 1490918400, 1508716799);
INSERT INTO VehicleJourney (VehicleJourneyCode, ServiceRef, LineRef, JourneyPatternRef, OperatorRef, Monday, Tuesday, Wednesday, Thursday, Friday, Saturday, Sunday, DepatureHour, DepatureMinute, DepatureSecond, Note, NoteCode) VALUES ('96698', 'FSACM03', '0', 'JPS_FSACM03-3', 'CAL', 0, 0, 0, 0, 0, 0, 1, 10, 45, 0, '', '');
INSERT INTO DayOfOperation (VehicleJourneyRef, StartDate, EndDate) VALUES ('96698', 1509235200, 1509321599);
INSERT INTO DayOfOperation (VehicleJourneyRef, StartDate, EndDate) VALUES ('96698', 1509840000, 1509926399);
INSERT INTO DayOfOperation (VehicleJourneyRef, StartDate, EndDate) VALUES ('96698', 1510444800, 1510531199);
INSERT INTO DayOfOperation (VehicleJourneyRef, StartDate, EndDate) VALUES ('96698', 1511049600, 1511135999);
INSERT INTO DayOfOperation (VehicleJourneyRef, StartDate, EndDate) VALUES ('96698', 1511654400, 1511740799);
INSERT INTO DayOfOperation (VehicleJourneyRef, StartDate, EndDate) VALUES ('96698', 1512259200, 1512345599);
INSERT INTO DayOfOperation (VehicleJourneyRef, StartDate, EndDate) VALUES ('96698', 1512864000, 1512950399);
INSERT INTO DayOfOperation (VehicleJourneyRef, StartDate, EndDate) VALUES ('96698', 1513468800, 1513555199);
INSERT INTO DayOfOperation (VehicleJourneyRef, StartDate, EndDate) VALUES ('96698', 1514073600, 1514159999);
INSERT INTO DayOfOperation (VehicleJourneyRef, StartDate, EndDate) VALUES ('96698', 1514678400, 1514764799);
INSERT INTO DayOfOperation (VehicleJourneyRef, StartDate, EndDate) VALUES ('96698', 1515283200, 1515369599);
INSERT INTO DayOfOperation (VehicleJourneyRef, StartDate, EndDate) VALUES ('96698', 1515888000, 1515974399);
INSERT INTO DayOfOperation (VehicleJourneyRef, StartDate, EndDate) VALUES ('96698', 1516492800, 1516579199);
INSERT INTO DayOfOperation (VehicleJourneyRef, StartDate, EndDate) VALUES ('96698', 1517097600, 1517183999);
INSERT INTO DayOfOperation (VehicleJourneyRef, StartDate, EndDate) VALUES ('96698', 1517702400, 1517788799);
INSERT INTO DayOfOperation (VehicleJourneyRef, StartDate, EndDate) VALUES ('96698', 1518307200, 1518393599);
INSERT INTO DayOfOperation (VehicleJourneyRef, StartDate, EndDate) VALUES ('96698', 1518912000, 1518998399);
INSERT INTO DayOfOperation (VehicleJourneyRef, StartDate, EndDate) VALUES ('96698', 1519516800, 1519603199);
INSERT INTO DayOfOperation (VehicleJourneyRef, StartDate, EndDate) VALUES ('96698', 1520121600, 1520207999);
INSERT INTO DayOfOperation (VehicleJourneyRef, StartDate, EndDate) VALUES ('96698', 1520726400, 1520812799);
INSERT INTO DayOfOperation (VehicleJourneyRef, StartDate, EndDate) VALUES ('96698', 1521331200, 1521417599);
INSERT INTO DayOfOperation (VehicleJourneyRef, StartDate, EndDate) VALUES ('96698', 1521936000, 1522022399);
INSERT INTO DayOfOperation (VehicleJourneyRef, StartDate, EndDate) VALUES ('96698', 1522540800, 1522627199);
INSERT INTO DayOfOperation (VehicleJourneyRef, StartDate, EndDate) VALUES ('96698', 1523145600, 1523231999);
INSERT INTO DayOfOperation (VehicleJourneyRef, StartDate, EndDate) VALUES ('96698', 1523750400, 1523836799);
INSERT INTO DayOfOperation (VehicleJourneyRef, StartDate, EndDate) VALUES ('96698', 1524355200, 1524441599);
INSERT INTO DayOfOperation (VehicleJourneyRef, StartDate, EndDate) VALUES ('96698', 1524960000, 1525046399);
INSERT INTO DayOfOperation (VehicleJourneyRef, StartDate, EndDate) VALUES ('96698', 1525564800, 1525651199);
INSERT INTO DayOfOperation (VehicleJourneyRef, StartDate, EndDate) VALUES ('96698', 1526169600, 1526255999);
INSERT INTO DayOfOperation (VehicleJourneyRef, StartDate, EndDate) VALUES ('96698', 1526774400, 1526860799);
INSERT INTO DayOfOperation (VehicleJourneyRef, StartDate, EndDate) VALUES ('96698', 1527379200, 1527465599);
INSERT INTO DayOfOperation (VehicleJourneyRef, StartDate, EndDate) VALUES ('96698', 1527984000, 1528070399);
INSERT INTO DayOfOperation (VehicleJourneyRef, StartDate, EndDate) VALUES ('96698', 1528588800, 1528675199);
INSERT INTO DayOfNonOperation (VehicleJourneyRef, StartDate, EndDate) VALUES ('96698', 1490918400, 1508716799);
INSERT INTO VehicleJourney (VehicleJourneyCode, ServiceRef, LineRef, JourneyPatternRef, OperatorRef, Monday, Tuesday, Wednesday, Thursday, Friday, Saturday, Sunday, DepatureHour, DepatureMinute, DepatureSecond, Note, NoteCode) VALUES ('96699', 'FSACM03', '0', 'JPS_FSACM03-3', 'CAL', 0, 0, 0, 0, 0, 0, 1, 12, 0, 0, '', '');
INSERT INTO DayOfOperation (VehicleJourneyRef, StartDate, EndDate) VALUES ('96699', 1509235200, 1509321599);
INSERT INTO DayOfOperation (VehicleJourneyRef, StartDate, EndDate) VALUES ('96699', 1509840000, 1509926399);
INSERT INTO DayOfOperation (VehicleJourneyRef, StartDate, EndDate) VALUES ('96699', 1510444800, 1510531199);
INSERT INTO DayOfOperation (VehicleJourneyRef, StartDate, EndDate) VALUES ('96699', 1511049600, 1511135999);
INSERT INTO DayOfOperation (VehicleJourneyRef, StartDate, EndDate) VALUES ('96699', 1511654400, 1511740799);
INSERT INTO DayOfOperation (VehicleJourneyRef, StartDate, EndDate) VALUES ('96699', 1512259200, 1512345599);
INSERT INTO DayOfOperation (VehicleJourneyRef, StartDate, EndDate) VALUES ('96699', 1512864000, 1512950399);
INSERT INTO DayOfOperation (VehicleJourneyRef, StartDate, EndDate) VALUES ('96699', 1513468800, 1513555199);
INSERT INTO DayOfOperation (VehicleJourneyRef, StartDate, EndDate) VALUES ('96699', 1514073600, 1514159999);
INSERT INTO DayOfOperation (VehicleJourneyRef, StartDate, EndDate) VALUES ('96699', 1514678400, 1514764799);
INSERT INTO DayOfOperation (VehicleJourneyRef, StartDate, EndDate) VALUES ('96699', 1515283200, 1515369599);
INSERT INTO DayOfOperation (VehicleJourneyRef, StartDate, EndDate) VALUES ('96699', 1515888000, 1515974399);
INSERT INTO DayOfOperation (VehicleJourneyRef, StartDate, EndDate) VALUES ('96699', 1516492800, 1516579199);
INSERT INTO DayOfOperation (VehicleJourneyRef, StartDate, EndDate) VALUES ('96699', 1517097600, 1517183999);
INSERT INTO DayOfOperation (VehicleJourneyRef, StartDate, EndDate) VALUES ('96699', 1517702400, 1517788799);
INSERT INTO DayOfOperation (VehicleJourneyRef, StartDate, EndDate) VALUES ('96699', 1518307200, 1518393599);
INSERT INTO DayOfOperation (VehicleJourneyRef, StartDate, EndDate) VALUES ('96699', 1518912000, 1518998399);
INSERT INTO DayOfOperation (VehicleJourneyRef, StartDate, EndDate) VALUES ('96699', 1519516800, 1519603199);
INSERT INTO DayOfOperation (VehicleJourneyRef, StartDate, EndDate) VALUES ('96699', 1520121600, 1520207999);
INSERT INTO DayOfOperation (VehicleJourneyRef, StartDate, EndDate) VALUES ('96699', 1520726400, 1520812799);
INSERT INTO DayOfOperation (VehicleJourneyRef, StartDate, EndDate) VALUES ('96699', 1521331200, 1521417599);
INSERT INTO DayOfOperation (VehicleJourneyRef, StartDate, EndDate) VALUES ('96699', 1521936000, 1522022399);
INSERT INTO DayOfOperation (VehicleJourneyRef, StartDate, EndDate) VALUES ('96699', 1522540800, 1522627199);
INSERT INTO DayOfOperation (VehicleJourneyRef, StartDate, EndDate) VALUES ('96699', 1523145600, 1523231999);
INSERT INTO DayOfOperation (VehicleJourneyRef, StartDate, EndDate) VALUES ('96699', 1523750400, 1523836799);
INSERT INTO DayOfOperation (VehicleJourneyRef, StartDate, EndDate) VALUES ('96699', 1524355200, 1524441599);
INSERT INTO DayOfOperation (VehicleJourneyRef, StartDate, EndDate) VALUES ('96699', 1524960000, 1525046399);
INSERT INTO DayOfOperation (VehicleJourneyRef, StartDate, EndDate) VALUES ('96699', 1525564800, 1525651199);
INSERT INTO DayOfOperation (VehicleJourneyRef, StartDate, EndDate) VALUES ('96699', 1526169600, 1526255999);
INSERT INTO DayOfOperation (VehicleJourneyRef, StartDate, EndDate) VALUES ('96699', 1526774400, 1526860799);
INSERT INTO DayOfOperation (VehicleJourneyRef, StartDate, EndDate) VALUES ('96699', 1527379200, 1527465599);
INSERT INTO DayOfOperation (VehicleJourneyRef, StartDate, EndDate) VALUES ('96699', 1527984000, 1528070399);
INSERT INTO DayOfOperation (VehicleJourneyRef, StartDate, EndDate) VALUES ('96699', 1528588800, 1528675199);
INSERT INTO DayOfNonOperation (VehicleJourneyRef, StartDate, EndDate) VALUES ('96699', 1490918400, 1508716799);
INSERT INTO VehicleJourney (VehicleJourneyCode, ServiceRef, LineRef, JourneyPatternRef, OperatorRef, Monday, Tuesday, Wednesday, Thursday, Friday, Saturday, Sunday, DepatureHour, DepatureMinute, DepatureSecond, Note, NoteCode) VALUES ('96700', 'FSACM03', '0', 'JPS_FSACM03-3', 'CAL', 0, 0, 0, 0, 0, 0, 1, 13, 0, 0, '', '');
INSERT INTO DayOfOperation (VehicleJourneyRef, StartDate, EndDate) VALUES ('96700', 1509235200, 1509321599);
INSERT INTO DayOfOperation (VehicleJourneyRef, StartDate, EndDate) VALUES ('96700', 1509840000, 1509926399);
INSERT INTO DayOfOperation (VehicleJourneyRef, StartDate, EndDate) VALUES ('96700', 1510444800, 1510531199);
INSERT INTO DayOfOperation (VehicleJourneyRef, StartDate, EndDate) VALUES ('96700', 1511049600, 1511135999);
INSERT INTO DayOfOperation (VehicleJourneyRef, StartDate, EndDate) VALUES ('96700', 1511654400, 1511740799);
INSERT INTO DayOfOperation (VehicleJourneyRef, StartDate, EndDate) VALUES ('96700', 1512259200, 1512345599);
INSERT INTO DayOfOperation (VehicleJourneyRef, StartDate, EndDate) VALUES ('96700', 1512864000, 1512950399);
INSERT INTO DayOfOperation (VehicleJourneyRef, StartDate, EndDate) VALUES ('96700', 1513468800, 1513555199);
INSERT INTO DayOfOperation (VehicleJourneyRef, StartDate, EndDate) VALUES ('96700', 1514073600, 1514159999);
INSERT INTO DayOfOperation (VehicleJourneyRef, StartDate, EndDate) VALUES ('96700', 1514678400, 1514764799);
INSERT INTO DayOfOperation (VehicleJourneyRef, StartDate, EndDate) VALUES ('96700', 1515283200, 1515369599);
INSERT INTO DayOfOperation (VehicleJourneyRef, StartDate, EndDate) VALUES ('96700', 1515888000, 1515974399);
INSERT INTO DayOfOperation (VehicleJourneyRef, StartDate, EndDate) VALUES ('96700', 1516492800, 1516579199);
INSERT INTO DayOfOperation (VehicleJourneyRef, StartDate, EndDate) VALUES ('96700', 1517097600, 1517183999);
INSERT INTO DayOfOperation (VehicleJourneyRef, StartDate, EndDate) VALUES ('96700', 1517702400, 1517788799);
INSERT INTO DayOfOperation (VehicleJourneyRef, StartDate, EndDate) VALUES ('96700', 1518307200, 1518393599);
INSERT INTO DayOfOperation (VehicleJourneyRef, StartDate, EndDate) VALUES ('96700', 1518912000, 1518998399);
INSERT INTO DayOfOperation (VehicleJourneyRef, StartDate, EndDate) VALUES ('96700', 1519516800, 1519603199);
INSERT INTO DayOfOperation (VehicleJourneyRef, StartDate, EndDate) VALUES ('96700', 1520121600, 1520207999);
INSERT INTO DayOfOperation (VehicleJourneyRef, StartDate, EndDate) VALUES ('96700', 1520726400, 1520812799);
INSERT INTO DayOfOperation (VehicleJourneyRef, StartDate, EndDate) VALUES ('96700', 1521331200, 1521417599);
INSERT INTO DayOfOperation (VehicleJourneyRef, StartDate, EndDate) VALUES ('96700', 1521936000, 1522022399);
INSERT INTO DayOfOperation (VehicleJourneyRef, StartDate, EndDate) VALUES ('96700', 1522540800, 1522627199);
INSERT INTO DayOfOperation (VehicleJourneyRef, StartDate, EndDate) VALUES ('96700', 1523145600, 1523231999);
INSERT INTO DayOfOperation (VehicleJourneyRef, StartDate, EndDate) VALUES ('96700', 1523750400, 1523836799);
INSERT INTO DayOfOperation (VehicleJourneyRef, StartDate, EndDate) VALUES ('96700', 1524355200, 1524441599);
INSERT INTO DayOfOperation (VehicleJourneyRef, StartDate, EndDate) VALUES ('96700', 1524960000, 1525046399);
INSERT INTO DayOfOperation (VehicleJourneyRef, StartDate, EndDate) VALUES ('96700', 1525564800, 1525651199);
INSERT INTO DayOfOperation (VehicleJourneyRef, StartDate, EndDate) VALUES ('96700', 1526169600, 1526255999);
INSERT INTO DayOfOperation (VehicleJourneyRef, StartDate, EndDate) VALUES ('96700', 1526774400, 1526860799);
INSERT INTO DayOfOperation (VehicleJourneyRef, StartDate, EndDate) VALUES ('96700', 1527379200, 1527465599);
INSERT INTO DayOfOperation (VehicleJourneyRef, StartDate, EndDate) VALUES ('96700', 1527984000, 1528070399);
INSERT INTO DayOfOperation (VehicleJourneyRef, StartDate, EndDate) VALUES ('96700', 1528588800, 1528675199);
INSERT INTO DayOfNonOperation (VehicleJourneyRef, StartDate, EndDate) VALUES ('96700', 1490918400, 1508716799);
INSERT INTO VehicleJourney (VehicleJourneyCode, ServiceRef, LineRef, JourneyPatternRef, OperatorRef, Monday, Tuesday, Wednesday, Thursday, Friday, Saturday, Sunday, DepatureHour, DepatureMinute, DepatureSecond, Note, NoteCode) VALUES ('96701', 'FSACM03', '0', 'JPS_FSACM03-3', 'CAL', 0, 0, 0, 0, 0, 0, 1, 14, 0, 0, '', '');
INSERT INTO DayOfOperation (VehicleJourneyRef, StartDate, EndDate) VALUES ('96701', 1509235200, 1509321599);
INSERT INTO DayOfOperation (VehicleJourneyRef, StartDate, EndDate) VALUES ('96701', 1509840000, 1509926399);
INSERT INTO DayOfOperation (VehicleJourneyRef, StartDate, EndDate) VALUES ('96701', 1510444800, 1510531199);
INSERT INTO DayOfOperation (VehicleJourneyRef, StartDate, EndDate) VALUES ('96701', 1511049600, 1511135999);
INSERT INTO DayOfOperation (VehicleJourneyRef, StartDate, EndDate) VALUES ('96701', 1511654400, 1511740799);
INSERT INTO DayOfOperation (VehicleJourneyRef, StartDate, EndDate) VALUES ('96701', 1512259200, 1512345599);
INSERT INTO DayOfOperation (VehicleJourneyRef, StartDate, EndDate) VALUES ('96701', 1512864000, 1512950399);
INSERT INTO DayOfOperation (VehicleJourneyRef, StartDate, EndDate) VALUES ('96701', 1513468800, 1513555199);
INSERT INTO DayOfOperation (VehicleJourneyRef, StartDate, EndDate) VALUES ('96701', 1514073600, 1514159999);
INSERT INTO DayOfOperation (VehicleJourneyRef, StartDate, EndDate) VALUES ('96701', 1514678400, 1514764799);
INSERT INTO DayOfOperation (VehicleJourneyRef, StartDate, EndDate) VALUES ('96701', 1515283200, 1515369599);
INSERT INTO DayOfOperation (VehicleJourneyRef, StartDate, EndDate) VALUES ('96701', 1515888000, 1515974399);
INSERT INTO DayOfOperation (VehicleJourneyRef, StartDate, EndDate) VALUES ('96701', 1516492800, 1516579199);
INSERT INTO DayOfOperation (VehicleJourneyRef, StartDate, EndDate) VALUES ('96701', 1517097600, 1517183999);
INSERT INTO DayOfOperation (VehicleJourneyRef, StartDate, EndDate) VALUES ('96701', 1517702400, 1517788799);
INSERT INTO DayOfOperation (VehicleJourneyRef, StartDate, EndDate) VALUES ('96701', 1518307200, 1518393599);
INSERT INTO DayOfOperation (VehicleJourneyRef, StartDate, EndDate) VALUES ('96701', 1518912000, 1518998399);
INSERT INTO DayOfOperation (VehicleJourneyRef, StartDate, EndDate) VALUES ('96701', 1519516800, 1519603199);
INSERT INTO DayOfOperation (VehicleJourneyRef, StartDate, EndDate) VALUES ('96701', 1520121600, 1520207999);
INSERT INTO DayOfOperation (VehicleJourneyRef, StartDate, EndDate) VALUES ('96701', 1520726400, 1520812799);
INSERT INTO DayOfOperation (VehicleJourneyRef, StartDate, EndDate) VALUES ('96701', 1521331200, 1521417599);
INSERT INTO DayOfOperation (VehicleJourneyRef, StartDate, EndDate) VALUES ('96701', 1521936000, 1522022399);
INSERT INTO DayOfOperation (VehicleJourneyRef, StartDate, EndDate) VALUES ('96701', 1522540800, 1522627199);
INSERT INTO DayOfOperation (VehicleJourneyRef, StartDate, EndDate) VALUES ('96701', 1523145600, 1523231999);
INSERT INTO DayOfOperation (VehicleJourneyRef, StartDate, EndDate) VALUES ('96701', 1523750400, 1523836799);
INSERT INTO DayOfOperation (VehicleJourneyRef, StartDate, EndDate) VALUES ('96701', 1524355200, 1524441599);
INSERT INTO DayOfOperation (VehicleJourneyRef, StartDate, EndDate) VALUES ('96701', 1524960000, 1525046399);
INSERT INTO DayOfOperation (VehicleJourneyRef, StartDate, EndDate) VALUES ('96701', 1525564800, 1525651199);
INSERT INTO DayOfOperation (VehicleJourneyRef, StartDate, EndDate) VALUES ('96701', 1526169600, 1526255999);
INSERT INTO DayOfOperation (VehicleJourneyRef, StartDate, EndDate) VALUES ('96701', 1526774400, 1526860799);
INSERT INTO DayOfOperation (VehicleJourneyRef, StartDate, EndDate) VALUES ('96701', 1527379200, 1527465599);
INSERT INTO DayOfOperation (VehicleJourneyRef, StartDate, EndDate) VALUES ('96701', 1527984000, 1528070399);
INSERT INTO DayOfOperation (VehicleJourneyRef, StartDate, EndDate) VALUES ('96701', 1528588800, 1528675199);
INSERT INTO DayOfNonOperation (VehicleJourneyRef, StartDate, EndDate) VALUES ('96701', 1490918400, 1508716799);
INSERT INTO VehicleJourney (VehicleJourneyCode, ServiceRef, LineRef, JourneyPatternRef, OperatorRef, Monday, Tuesday, Wednesday, Thursday, Friday, Saturday, Sunday, DepatureHour, DepatureMinute, DepatureSecond, Note, NoteCode) VALUES ('96702', 'FSACM03', '0', 'JPS_FSACM03-3', 'CAL', 0, 0, 0, 0, 0, 0, 1, 15, 0, 0, '', '');
INSERT INTO DayOfOperation (VehicleJourneyRef, StartDate, EndDate) VALUES ('96702', 1509235200, 1509321599);
INSERT INTO DayOfOperation (VehicleJourneyRef, StartDate, EndDate) VALUES ('96702', 1509840000, 1509926399);
INSERT INTO DayOfOperation (VehicleJourneyRef, StartDate, EndDate) VALUES ('96702', 1510444800, 1510531199);
INSERT INTO DayOfOperation (VehicleJourneyRef, StartDate, EndDate) VALUES ('96702', 1511049600, 1511135999);
INSERT INTO DayOfOperation (VehicleJourneyRef, StartDate, EndDate) VALUES ('96702', 1511654400, 1511740799);
INSERT INTO DayOfOperation (VehicleJourneyRef, StartDate, EndDate) VALUES ('96702', 1512259200, 1512345599);
INSERT INTO DayOfOperation (VehicleJourneyRef, StartDate, EndDate) VALUES ('96702', 1512864000, 1512950399);
INSERT INTO DayOfOperation (VehicleJourneyRef, StartDate, EndDate) VALUES ('96702', 1513468800, 1513555199);
INSERT INTO DayOfOperation (VehicleJourneyRef, StartDate, EndDate) VALUES ('96702', 1514073600, 1514159999);
INSERT INTO DayOfOperation (VehicleJourneyRef, StartDate, EndDate) VALUES ('96702', 1514678400, 1514764799);
INSERT INTO DayOfOperation (VehicleJourneyRef, StartDate, EndDate) VALUES ('96702', 1515283200, 1515369599);
INSERT INTO DayOfOperation (VehicleJourneyRef, StartDate, EndDate) VALUES ('96702', 1515888000, 1515974399);
INSERT INTO DayOfOperation (VehicleJourneyRef, StartDate, EndDate) VALUES ('96702', 1516492800, 1516579199);
INSERT INTO DayOfOperation (VehicleJourneyRef, StartDate, EndDate) VALUES ('96702', 1517097600, 1517183999);
INSERT INTO DayOfOperation (VehicleJourneyRef, StartDate, EndDate) VALUES ('96702', 1517702400, 1517788799);
INSERT INTO DayOfOperation (VehicleJourneyRef, StartDate, EndDate) VALUES ('96702', 1518307200, 1518393599);
INSERT INTO DayOfOperation (VehicleJourneyRef, StartDate, EndDate) VALUES ('96702', 1518912000, 1518998399);
INSERT INTO DayOfOperation (VehicleJourneyRef, StartDate, EndDate) VALUES ('96702', 1519516800, 1519603199);
INSERT INTO DayOfOperation (VehicleJourneyRef, StartDate, EndDate) VALUES ('96702', 1520121600, 1520207999);
INSERT INTO DayOfOperation (VehicleJourneyRef, StartDate, EndDate) VALUES ('96702', 1520726400, 1520812799);
INSERT INTO DayOfOperation (VehicleJourneyRef, StartDate, EndDate) VALUES ('96702', 1521331200, 1521417599);
INSERT INTO DayOfOperation (VehicleJourneyRef, StartDate, EndDate) VALUES ('96702', 1521936000, 1522022399);
INSERT INTO DayOfOperation (VehicleJourneyRef, StartDate, EndDate) VALUES ('96702', 1522540800, 1522627199);
INSERT INTO DayOfOperation (VehicleJourneyRef, StartDate, EndDate) VALUES ('96702', 1523145600, 1523231999);
INSERT INTO DayOfOperation (VehicleJourneyRef, StartDate, EndDate) VALUES ('96702', 1523750400, 1523836799);
INSERT INTO DayOfOperation (VehicleJourneyRef, StartDate, EndDate) VALUES ('96702', 1524355200, 1524441599);
INSERT INTO DayOfOperation (VehicleJourneyRef, StartDate, EndDate) VALUES ('96702', 1524960000, 1525046399);
INSERT INTO DayOfOperation (VehicleJourneyRef, StartDate, EndDate) VALUES ('96702', 1525564800, 1525651199);
INSERT INTO DayOfOperation (VehicleJourneyRef, StartDate, EndDate) VALUES ('96702', 1526169600, 1526255999);
INSERT INTO DayOfOperation (VehicleJourneyRef, StartDate, EndDate) VALUES ('96702', 1526774400, 1526860799);
INSERT INTO DayOfOperation (VehicleJourneyRef, StartDate, EndDate) VALUES ('96702', 1527379200, 1527465599);
INSERT INTO DayOfOperation (VehicleJourneyRef, StartDate, EndDate) VALUES ('96702', 1527984000, 1528070399);
INSERT INTO DayOfOperation (VehicleJourneyRef, StartDate, EndDate) VALUES ('96702', 1528588800, 1528675199);
INSERT INTO DayOfNonOperation (VehicleJourneyRef, StartDate, EndDate) VALUES ('96702', 1490918400, 1508716799);
INSERT INTO VehicleJourney (VehicleJourneyCode, ServiceRef, LineRef, JourneyPatternRef, OperatorRef, Monday, Tuesday, Wednesday, Thursday, Friday, Saturday, Sunday, DepatureHour, DepatureMinute, DepatureSecond, Note, NoteCode) VALUES ('96703', 'FSACM03', '0', 'JPS_FSACM03-3', 'CAL', 0, 0, 0, 0, 0, 0, 1, 16, 0, 0, '', '');
INSERT INTO DayOfOperation (VehicleJourneyRef, StartDate, EndDate) VALUES ('96703', 1509235200, 1509321599);
INSERT INTO DayOfOperation (VehicleJourneyRef, StartDate, EndDate) VALUES ('96703', 1509840000, 1509926399);
INSERT INTO DayOfOperation (VehicleJourneyRef, StartDate, EndDate) VALUES ('96703', 1510444800, 1510531199);
INSERT INTO DayOfOperation (VehicleJourneyRef, StartDate, EndDate) VALUES ('96703', 1511049600, 1511135999);
INSERT INTO DayOfOperation (VehicleJourneyRef, StartDate, EndDate) VALUES ('96703', 1511654400, 1511740799);
INSERT INTO DayOfOperation (VehicleJourneyRef, StartDate, EndDate) VALUES ('96703', 1512259200, 1512345599);
INSERT INTO DayOfOperation (VehicleJourneyRef, StartDate, EndDate) VALUES ('96703', 1512864000, 1512950399);
INSERT INTO DayOfOperation (VehicleJourneyRef, StartDate, EndDate) VALUES ('96703', 1513468800, 1513555199);
INSERT INTO DayOfOperation (VehicleJourneyRef, StartDate, EndDate) VALUES ('96703', 1514073600, 1514159999);
INSERT INTO DayOfOperation (VehicleJourneyRef, StartDate, EndDate) VALUES ('96703', 1514678400, 1514764799);
INSERT INTO DayOfOperation (VehicleJourneyRef, StartDate, EndDate) VALUES ('96703', 1515283200, 1515369599);
INSERT INTO DayOfOperation (VehicleJourneyRef, StartDate, EndDate) VALUES ('96703', 1515888000, 1515974399);
INSERT INTO DayOfOperation (VehicleJourneyRef, StartDate, EndDate) VALUES ('96703', 1516492800, 1516579199);
INSERT INTO DayOfOperation (VehicleJourneyRef, StartDate, EndDate) VALUES ('96703', 1517097600, 1517183999);
INSERT INTO DayOfOperation (VehicleJourneyRef, StartDate, EndDate) VALUES ('96703', 1517702400, 1517788799);
INSERT INTO DayOfOperation (VehicleJourneyRef, StartDate, EndDate) VALUES ('96703', 1518307200, 1518393599);
INSERT INTO DayOfOperation (VehicleJourneyRef, StartDate, EndDate) VALUES ('96703', 1518912000, 1518998399);
INSERT INTO DayOfOperation (VehicleJourneyRef, StartDate, EndDate) VALUES ('96703', 1519516800, 1519603199);
INSERT INTO DayOfOperation (VehicleJourneyRef, StartDate, EndDate) VALUES ('96703', 1520121600, 1520207999);
INSERT INTO DayOfOperation (VehicleJourneyRef, StartDate, EndDate) VALUES ('96703', 1520726400, 1520812799);
INSERT INTO DayOfOperation (VehicleJourneyRef, StartDate, EndDate) VALUES ('96703', 1521331200, 1521417599);
INSERT INTO DayOfOperation (VehicleJourneyRef, StartDate, EndDate) VALUES ('96703', 1521936000, 1522022399);
INSERT INTO DayOfOperation (VehicleJourneyRef, StartDate, EndDate) VALUES ('96703', 1522540800, 1522627199);
INSERT INTO DayOfOperation (VehicleJourneyRef, StartDate, EndDate) VALUES ('96703', 1523145600, 1523231999);
INSERT INTO DayOfOperation (VehicleJourneyRef, StartDate, EndDate) VALUES ('96703', 1523750400, 1523836799);
INSERT INTO DayOfOperation (VehicleJourneyRef, StartDate, EndDate) VALUES ('96703', 1524355200, 1524441599);
INSERT INTO DayOfOperation (VehicleJourneyRef, StartDate, EndDate) VALUES ('96703', 1524960000, 1525046399);
INSERT INTO DayOfOperation (VehicleJourneyRef, StartDate, EndDate) VALUES ('96703', 1525564800, 1525651199);
INSERT INTO DayOfOperation (VehicleJourneyRef, StartDate, EndDate) VALUES ('96703', 1526169600, 1526255999);
INSERT INTO DayOfOperation (VehicleJourneyRef, StartDate, EndDate) VALUES ('96703', 1526774400, 1526860799);
INSERT INTO DayOfOperation (VehicleJourneyRef, StartDate, EndDate) VALUES ('96703', 1527379200, 1527465599);
INSERT INTO DayOfOperation (VehicleJourneyRef, StartDate, EndDate) VALUES ('96703', 1527984000, 1528070399);
INSERT INTO DayOfOperation (VehicleJourneyRef, StartDate, EndDate) VALUES ('96703', 1528588800, 1528675199);
INSERT INTO DayOfNonOperation (VehicleJourneyRef, StartDate, EndDate) VALUES ('96703', 1490918400, 1508716799);
INSERT INTO VehicleJourney (VehicleJourneyCode, ServiceRef, LineRef, JourneyPatternRef, OperatorRef, Monday, Tuesday, Wednesday, Thursday, Friday, Saturday, Sunday, DepatureHour, DepatureMinute, DepatureSecond, Note, NoteCode) VALUES ('96704', 'FSACM03', '0', 'JPS_FSACM03-3', 'CAL', 0, 0, 0, 0, 0, 0, 1, 17, 0, 0, '', '');
INSERT INTO DayOfOperation (VehicleJourneyRef, StartDate, EndDate) VALUES ('96704', 1509235200, 1509321599);
INSERT INTO DayOfOperation (VehicleJourneyRef, StartDate, EndDate) VALUES ('96704', 1509840000, 1509926399);
INSERT INTO DayOfOperation (VehicleJourneyRef, StartDate, EndDate) VALUES ('96704', 1510444800, 1510531199);
INSERT INTO DayOfOperation (VehicleJourneyRef, StartDate, EndDate) VALUES ('96704', 1511049600, 1511135999);
INSERT INTO DayOfOperation (VehicleJourneyRef, StartDate, EndDate) VALUES ('96704', 1511654400, 1511740799);
INSERT INTO DayOfOperation (VehicleJourneyRef, StartDate, EndDate) VALUES ('96704', 1512259200, 1512345599);
INSERT INTO DayOfOperation (VehicleJourneyRef, StartDate, EndDate) VALUES ('96704', 1512864000, 1512950399);
INSERT INTO DayOfOperation (VehicleJourneyRef, StartDate, EndDate) VALUES ('96704', 1513468800, 1513555199);
INSERT INTO DayOfOperation (VehicleJourneyRef, StartDate, EndDate) VALUES ('96704', 1514073600, 1514159999);
INSERT INTO DayOfOperation (VehicleJourneyRef, StartDate, EndDate) VALUES ('96704', 1514678400, 1514764799);
INSERT INTO DayOfOperation (VehicleJourneyRef, StartDate, EndDate) VALUES ('96704', 1515283200, 1515369599);
INSERT INTO DayOfOperation (VehicleJourneyRef, StartDate, EndDate) VALUES ('96704', 1515888000, 1515974399);
INSERT INTO DayOfOperation (VehicleJourneyRef, StartDate, EndDate) VALUES ('96704', 1516492800, 1516579199);
INSERT INTO DayOfOperation (VehicleJourneyRef, StartDate, EndDate) VALUES ('96704', 1517097600, 1517183999);
INSERT INTO DayOfOperation (VehicleJourneyRef, StartDate, EndDate) VALUES ('96704', 1517702400, 1517788799);
INSERT INTO DayOfOperation (VehicleJourneyRef, StartDate, EndDate) VALUES ('96704', 1518307200, 1518393599);
INSERT INTO DayOfOperation (VehicleJourneyRef, StartDate, EndDate) VALUES ('96704', 1518912000, 1518998399);
INSERT INTO DayOfOperation (VehicleJourneyRef, StartDate, EndDate) VALUES ('96704', 1519516800, 1519603199);
INSERT INTO DayOfOperation (VehicleJourneyRef, StartDate, EndDate) VALUES ('96704', 1520121600, 1520207999);
INSERT INTO DayOfOperation (VehicleJourneyRef, StartDate, EndDate) VALUES ('96704', 1520726400, 1520812799);
INSERT INTO DayOfOperation (VehicleJourneyRef, StartDate, EndDate) VALUES ('96704', 1521331200, 1521417599);
INSERT INTO DayOfOperation (VehicleJourneyRef, StartDate, EndDate) VALUES ('96704', 1521936000, 1522022399);
INSERT INTO DayOfOperation (VehicleJourneyRef, StartDate, EndDate) VALUES ('96704', 1522540800, 1522627199);
INSERT INTO DayOfOperation (VehicleJourneyRef, StartDate, EndDate) VALUES ('96704', 1523145600, 1523231999);
INSERT INTO DayOfOperation (VehicleJourneyRef, StartDate, EndDate) VALUES ('96704', 1523750400, 1523836799);
INSERT INTO DayOfOperation (VehicleJourneyRef, StartDate, EndDate) VALUES ('96704', 1524355200, 1524441599);
INSERT INTO DayOfOperation (VehicleJourneyRef, StartDate, EndDate) VALUES ('96704', 1524960000, 1525046399);
INSERT INTO DayOfOperation (VehicleJourneyRef, StartDate, EndDate) VALUES ('96704', 1525564800, 1525651199);
INSERT INTO DayOfOperation (VehicleJourneyRef, StartDate, EndDate) VALUES ('96704', 1526169600, 1526255999);
INSERT INTO DayOfOperation (VehicleJourneyRef, StartDate, EndDate) VALUES ('96704', 1526774400, 1526860799);
INSERT INTO DayOfOperation (VehicleJourneyRef, StartDate, EndDate) VALUES ('96704', 1527379200, 1527465599);
INSERT INTO DayOfOperation (VehicleJourneyRef, StartDate, EndDate) VALUES ('96704', 1527984000, 1528070399);
INSERT INTO DayOfOperation (VehicleJourneyRef, StartDate, EndDate) VALUES ('96704', 1528588800, 1528675199);
INSERT INTO DayOfNonOperation (VehicleJourneyRef, StartDate, EndDate) VALUES ('96704', 1490918400, 1508716799);
INSERT INTO VehicleJourney (VehicleJourneyCode, ServiceRef, LineRef, JourneyPatternRef, OperatorRef, Monday, Tuesday, Wednesday, Thursday, Friday, Saturday, Sunday, DepatureHour, DepatureMinute, DepatureSecond, Note, NoteCode) VALUES ('96705', 'FSACM03', '0', 'JPS_FSACM03-3', 'CAL', 0, 0, 0, 0, 0, 0, 1, 18, 0, 0, '', '');
INSERT INTO DayOfOperation (VehicleJourneyRef, StartDate, EndDate) VALUES ('96705', 1509235200, 1509321599);
INSERT INTO DayOfOperation (VehicleJourneyRef, StartDate, EndDate) VALUES ('96705', 1509840000, 1509926399);
INSERT INTO DayOfOperation (VehicleJourneyRef, StartDate, EndDate) VALUES ('96705', 1510444800, 1510531199);
INSERT INTO DayOfOperation (VehicleJourneyRef, StartDate, EndDate) VALUES ('96705', 1511049600, 1511135999);
INSERT INTO DayOfOperation (VehicleJourneyRef, StartDate, EndDate) VALUES ('96705', 1511654400, 1511740799);
INSERT INTO DayOfOperation (VehicleJourneyRef, StartDate, EndDate) VALUES ('96705', 1512259200, 1512345599);
INSERT INTO DayOfOperation (VehicleJourneyRef, StartDate, EndDate) VALUES ('96705', 1512864000, 1512950399);
INSERT INTO DayOfOperation (VehicleJourneyRef, StartDate, EndDate) VALUES ('96705', 1513468800, 1513555199);
INSERT INTO DayOfOperation (VehicleJourneyRef, StartDate, EndDate) VALUES ('96705', 1514073600, 1514159999);
INSERT INTO DayOfOperation (VehicleJourneyRef, StartDate, EndDate) VALUES ('96705', 1514678400, 1514764799);
INSERT INTO DayOfOperation (VehicleJourneyRef, StartDate, EndDate) VALUES ('96705', 1515283200, 1515369599);
INSERT INTO DayOfOperation (VehicleJourneyRef, StartDate, EndDate) VALUES ('96705', 1515888000, 1515974399);
INSERT INTO DayOfOperation (VehicleJourneyRef, StartDate, EndDate) VALUES ('96705', 1516492800, 1516579199);
INSERT INTO DayOfOperation (VehicleJourneyRef, StartDate, EndDate) VALUES ('96705', 1517097600, 1517183999);
INSERT INTO DayOfOperation (VehicleJourneyRef, StartDate, EndDate) VALUES ('96705', 1517702400, 1517788799);
INSERT INTO DayOfOperation (VehicleJourneyRef, StartDate, EndDate) VALUES ('96705', 1518307200, 1518393599);
INSERT INTO DayOfOperation (VehicleJourneyRef, StartDate, EndDate) VALUES ('96705', 1518912000, 1518998399);
INSERT INTO DayOfOperation (VehicleJourneyRef, StartDate, EndDate) VALUES ('96705', 1519516800, 1519603199);
INSERT INTO DayOfOperation (VehicleJourneyRef, StartDate, EndDate) VALUES ('96705', 1520121600, 1520207999);
INSERT INTO DayOfOperation (VehicleJourneyRef, StartDate, EndDate) VALUES ('96705', 1520726400, 1520812799);
INSERT INTO DayOfOperation (VehicleJourneyRef, StartDate, EndDate) VALUES ('96705', 1521331200, 1521417599);
INSERT INTO DayOfOperation (VehicleJourneyRef, StartDate, EndDate) VALUES ('96705', 1521936000, 1522022399);
INSERT INTO DayOfOperation (VehicleJourneyRef, StartDate, EndDate) VALUES ('96705', 1522540800, 1522627199);
INSERT INTO DayOfOperation (VehicleJourneyRef, StartDate, EndDate) VALUES ('96705', 1523145600, 1523231999);
INSERT INTO DayOfOperation (VehicleJourneyRef, StartDate, EndDate) VALUES ('96705', 1523750400, 1523836799);
INSERT INTO DayOfOperation (VehicleJourneyRef, StartDate, EndDate) VALUES ('96705', 1524355200, 1524441599);
INSERT INTO DayOfOperation (VehicleJourneyRef, StartDate, EndDate) VALUES ('96705', 1524960000, 1525046399);
INSERT INTO DayOfOperation (VehicleJourneyRef, StartDate, EndDate) VALUES ('96705', 1525564800, 1525651199);
INSERT INTO DayOfOperation (VehicleJourneyRef, StartDate, EndDate) VALUES ('96705', 1526169600, 1526255999);
INSERT INTO DayOfOperation (VehicleJourneyRef, StartDate, EndDate) VALUES ('96705', 1526774400, 1526860799);
INSERT INTO DayOfOperation (VehicleJourneyRef, StartDate, EndDate) VALUES ('96705', 1527379200, 1527465599);
INSERT INTO DayOfOperation (VehicleJourneyRef, StartDate, EndDate) VALUES ('96705', 1527984000, 1528070399);
INSERT INTO DayOfOperation (VehicleJourneyRef, StartDate, EndDate) VALUES ('96705', 1528588800, 1528675199);
INSERT INTO DayOfNonOperation (VehicleJourneyRef, StartDate, EndDate) VALUES ('96705', 1490918400, 1508716799);
INSERT INTO VehicleJourney (VehicleJourneyCode, ServiceRef, LineRef, JourneyPatternRef, OperatorRef, Monday, Tuesday, Wednesday, Thursday, Friday, Saturday, Sunday, DepatureHour, DepatureMinute, DepatureSecond, Note, NoteCode) VALUES ('96706', 'FSACM03', '0', 'JPS_FSACM03-3', 'CAL', 0, 0, 0, 0, 0, 0, 1, 19, 0, 0, '', '');
INSERT INTO DayOfOperation (VehicleJourneyRef, StartDate, EndDate) VALUES ('96706', 1509235200, 1509321599);
INSERT INTO DayOfOperation (VehicleJourneyRef, StartDate, EndDate) VALUES ('96706', 1509840000, 1509926399);
INSERT INTO DayOfOperation (VehicleJourneyRef, StartDate, EndDate) VALUES ('96706', 1510444800, 1510531199);
INSERT INTO DayOfOperation (VehicleJourneyRef, StartDate, EndDate) VALUES ('96706', 1511049600, 1511135999);
INSERT INTO DayOfOperation (VehicleJourneyRef, StartDate, EndDate) VALUES ('96706', 1511654400, 1511740799);
INSERT INTO DayOfOperation (VehicleJourneyRef, StartDate, EndDate) VALUES ('96706', 1512259200, 1512345599);
INSERT INTO DayOfOperation (VehicleJourneyRef, StartDate, EndDate) VALUES ('96706', 1512864000, 1512950399);
INSERT INTO DayOfOperation (VehicleJourneyRef, StartDate, EndDate) VALUES ('96706', 1513468800, 1513555199);
INSERT INTO DayOfOperation (VehicleJourneyRef, StartDate, EndDate) VALUES ('96706', 1514073600, 1514159999);
INSERT INTO DayOfOperation (VehicleJourneyRef, StartDate, EndDate) VALUES ('96706', 1514678400, 1514764799);
INSERT INTO DayOfOperation (VehicleJourneyRef, StartDate, EndDate) VALUES ('96706', 1515283200, 1515369599);
INSERT INTO DayOfOperation (VehicleJourneyRef, StartDate, EndDate) VALUES ('96706', 1515888000, 1515974399);
INSERT INTO DayOfOperation (VehicleJourneyRef, StartDate, EndDate) VALUES ('96706', 1516492800, 1516579199);
INSERT INTO DayOfOperation (VehicleJourneyRef, StartDate, EndDate) VALUES ('96706', 1517097600, 1517183999);
INSERT INTO DayOfOperation (VehicleJourneyRef, StartDate, EndDate) VALUES ('96706', 1517702400, 1517788799);
INSERT INTO DayOfOperation (VehicleJourneyRef, StartDate, EndDate) VALUES ('96706', 1518307200, 1518393599);
INSERT INTO DayOfOperation (VehicleJourneyRef, StartDate, EndDate) VALUES ('96706', 1518912000, 1518998399);
INSERT INTO DayOfOperation (VehicleJourneyRef, StartDate, EndDate) VALUES ('96706', 1519516800, 1519603199);
INSERT INTO DayOfOperation (VehicleJourneyRef, StartDate, EndDate) VALUES ('96706', 1520121600, 1520207999);
INSERT INTO DayOfOperation (VehicleJourneyRef, StartDate, EndDate) VALUES ('96706', 1520726400, 1520812799);
INSERT INTO DayOfOperation (VehicleJourneyRef, StartDate, EndDate) VALUES ('96706', 1521331200, 1521417599);
INSERT INTO DayOfOperation (VehicleJourneyRef, StartDate, EndDate) VALUES ('96706', 1521936000, 1522022399);
INSERT INTO DayOfOperation (VehicleJourneyRef, StartDate, EndDate) VALUES ('96706', 1522540800, 1522627199);
INSERT INTO DayOfOperation (VehicleJourneyRef, StartDate, EndDate) VALUES ('96706', 1523145600, 1523231999);
INSERT INTO DayOfOperation (VehicleJourneyRef, StartDate, EndDate) VALUES ('96706', 1523750400, 1523836799);
INSERT INTO DayOfOperation (VehicleJourneyRef, StartDate, EndDate) VALUES ('96706', 1524355200, 1524441599);
INSERT INTO DayOfOperation (VehicleJourneyRef, StartDate, EndDate) VALUES ('96706', 1524960000, 1525046399);
INSERT INTO DayOfOperation (VehicleJourneyRef, StartDate, EndDate) VALUES ('96706', 1525564800, 1525651199);
INSERT INTO DayOfOperation (VehicleJourneyRef, StartDate, EndDate) VALUES ('96706', 1526169600, 1526255999);
INSERT INTO DayOfOperation (VehicleJourneyRef, StartDate, EndDate) VALUES ('96706', 1526774400, 1526860799);
INSERT INTO DayOfOperation (VehicleJourneyRef, StartDate, EndDate) VALUES ('96706', 1527379200, 1527465599);
INSERT INTO DayOfOperation (VehicleJourneyRef, StartDate, EndDate) VALUES ('96706', 1527984000, 1528070399);
INSERT INTO DayOfOperation (VehicleJourneyRef, StartDate, EndDate) VALUES ('96706', 1528588800, 1528675199);
INSERT INTO DayOfNonOperation (VehicleJourneyRef, StartDate, EndDate) VALUES ('96706', 1490918400, 1508716799);
INSERT INTO VehicleJourney (VehicleJourneyCode, ServiceRef, LineRef, JourneyPatternRef, OperatorRef, Monday, Tuesday, Wednesday, Thursday, Friday, Saturday, Sunday, DepatureHour, DepatureMinute, DepatureSecond, Note, NoteCode) VALUES ('96749', 'FSACM03', '0', 'JPS_FSACM03-4', 'CAL', 1, 1, 1, 1, 1, 0, 0, 7, 15, 0, '', '');
INSERT INTO DayOfNonOperation (VehicleJourneyRef, StartDate, EndDate) VALUES ('96749', 1490918400, 1508716799);
INSERT INTO DayOfNonOperation (VehicleJourneyRef, StartDate, EndDate) VALUES ('96749', 1514160000, 1514332799);
INSERT INTO DayOfNonOperation (VehicleJourneyRef, StartDate, EndDate) VALUES ('96749', 1514764800, 1514937599);
INSERT INTO VehicleJourney (VehicleJourneyCode, ServiceRef, LineRef, JourneyPatternRef, OperatorRef, Monday, Tuesday, Wednesday, Thursday, Friday, Saturday, Sunday, DepatureHour, DepatureMinute, DepatureSecond, Note, NoteCode) VALUES ('96750', 'FSACM03', '0', 'JPS_FSACM03-4', 'CAL', 1, 1, 1, 1, 1, 0, 0, 7, 55, 0, '', '');
INSERT INTO DayOfNonOperation (VehicleJourneyRef, StartDate, EndDate) VALUES ('96750', 1490918400, 1508716799);
INSERT INTO DayOfNonOperation (VehicleJourneyRef, StartDate, EndDate) VALUES ('96750', 1514160000, 1514332799);
INSERT INTO DayOfNonOperation (VehicleJourneyRef, StartDate, EndDate) VALUES ('96750', 1514764800, 1514937599);
INSERT INTO VehicleJourney (VehicleJourneyCode, ServiceRef, LineRef, JourneyPatternRef, OperatorRef, Monday, Tuesday, Wednesday, Thursday, Friday, Saturday, Sunday, DepatureHour, DepatureMinute, DepatureSecond, Note, NoteCode) VALUES ('96751', 'FSACM03', '0', 'JPS_FSACM03-4', 'CAL', 1, 1, 1, 1, 1, 0, 0, 8, 45, 0, '', '');
INSERT INTO DayOfNonOperation (VehicleJourneyRef, StartDate, EndDate) VALUES ('96751', 1490918400, 1508716799);
INSERT INTO DayOfNonOperation (VehicleJourneyRef, StartDate, EndDate) VALUES ('96751', 1514160000, 1514332799);
INSERT INTO DayOfNonOperation (VehicleJourneyRef, StartDate, EndDate) VALUES ('96751', 1514764800, 1514937599);
INSERT INTO VehicleJourney (VehicleJourneyCode, ServiceRef, LineRef, JourneyPatternRef, OperatorRef, Monday, Tuesday, Wednesday, Thursday, Friday, Saturday, Sunday, DepatureHour, DepatureMinute, DepatureSecond, Note, NoteCode) VALUES ('96752', 'FSACM03', '0', 'JPS_FSACM03-4', 'CAL', 1, 1, 1, 1, 1, 0, 0, 9, 25, 0, '', '');
INSERT INTO DayOfNonOperation (VehicleJourneyRef, StartDate, EndDate) VALUES ('96752', 1490918400, 1508716799);
INSERT INTO DayOfNonOperation (VehicleJourneyRef, StartDate, EndDate) VALUES ('96752', 1514160000, 1514332799);
INSERT INTO DayOfNonOperation (VehicleJourneyRef, StartDate, EndDate) VALUES ('96752', 1514764800, 1514937599);
INSERT INTO VehicleJourney (VehicleJourneyCode, ServiceRef, LineRef, JourneyPatternRef, OperatorRef, Monday, Tuesday, Wednesday, Thursday, Friday, Saturday, Sunday, DepatureHour, DepatureMinute, DepatureSecond, Note, NoteCode) VALUES ('96753', 'FSACM03', '0', 'JPS_FSACM03-4', 'CAL', 1, 1, 1, 1, 1, 0, 0, 10, 15, 0, '', '');
INSERT INTO DayOfNonOperation (VehicleJourneyRef, StartDate, EndDate) VALUES ('96753', 1490918400, 1508716799);
INSERT INTO DayOfNonOperation (VehicleJourneyRef, StartDate, EndDate) VALUES ('96753', 1514160000, 1514332799);
INSERT INTO DayOfNonOperation (VehicleJourneyRef, StartDate, EndDate) VALUES ('96753', 1514764800, 1514937599);
INSERT INTO VehicleJourney (VehicleJourneyCode, ServiceRef, LineRef, JourneyPatternRef, OperatorRef, Monday, Tuesday, Wednesday, Thursday, Friday, Saturday, Sunday, DepatureHour, DepatureMinute, DepatureSecond, Note, NoteCode) VALUES ('96754', 'FSACM03', '0', 'JPS_FSACM03-4', 'CAL', 1, 1, 1, 1, 1, 0, 0, 11, 0, 0, '', '');
INSERT INTO DayOfNonOperation (VehicleJourneyRef, StartDate, EndDate) VALUES ('96754', 1490918400, 1508716799);
INSERT INTO DayOfNonOperation (VehicleJourneyRef, StartDate, EndDate) VALUES ('96754', 1514160000, 1514332799);
INSERT INTO DayOfNonOperation (VehicleJourneyRef, StartDate, EndDate) VALUES ('96754', 1514764800, 1514937599);
INSERT INTO VehicleJourney (VehicleJourneyCode, ServiceRef, LineRef, JourneyPatternRef, OperatorRef, Monday, Tuesday, Wednesday, Thursday, Friday, Saturday, Sunday, DepatureHour, DepatureMinute, DepatureSecond, Note, NoteCode) VALUES ('96755', 'FSACM03', '0', 'JPS_FSACM03-4', 'CAL', 1, 1, 1, 1, 1, 0, 0, 12, 0, 0, '', '');
INSERT INTO DayOfNonOperation (VehicleJourneyRef, StartDate, EndDate) VALUES ('96755', 1490918400, 1508716799);
INSERT INTO DayOfNonOperation (VehicleJourneyRef, StartDate, EndDate) VALUES ('96755', 1514160000, 1514332799);
INSERT INTO DayOfNonOperation (VehicleJourneyRef, StartDate, EndDate) VALUES ('96755', 1514764800, 1514937599);
INSERT INTO VehicleJourney (VehicleJourneyCode, ServiceRef, LineRef, JourneyPatternRef, OperatorRef, Monday, Tuesday, Wednesday, Thursday, Friday, Saturday, Sunday, DepatureHour, DepatureMinute, DepatureSecond, Note, NoteCode) VALUES ('96756', 'FSACM03', '0', 'JPS_FSACM03-4', 'CAL', 1, 1, 1, 1, 1, 0, 0, 13, 5, 0, '', '');
INSERT INTO DayOfNonOperation (VehicleJourneyRef, StartDate, EndDate) VALUES ('96756', 1490918400, 1508716799);
INSERT INTO DayOfNonOperation (VehicleJourneyRef, StartDate, EndDate) VALUES ('96756', 1514160000, 1514332799);
INSERT INTO DayOfNonOperation (VehicleJourneyRef, StartDate, EndDate) VALUES ('96756', 1514764800, 1514937599);
INSERT INTO VehicleJourney (VehicleJourneyCode, ServiceRef, LineRef, JourneyPatternRef, OperatorRef, Monday, Tuesday, Wednesday, Thursday, Friday, Saturday, Sunday, DepatureHour, DepatureMinute, DepatureSecond, Note, NoteCode) VALUES ('96757', 'FSACM03', '0', 'JPS_FSACM03-4', 'CAL', 1, 1, 1, 1, 1, 0, 0, 14, 5, 0, '', '');
INSERT INTO DayOfNonOperation (VehicleJourneyRef, StartDate, EndDate) VALUES ('96757', 1490918400, 1508716799);
INSERT INTO DayOfNonOperation (VehicleJourneyRef, StartDate, EndDate) VALUES ('96757', 1514160000, 1514332799);
INSERT INTO DayOfNonOperation (VehicleJourneyRef, StartDate, EndDate) VALUES ('96757', 1514764800, 1514937599);
INSERT INTO VehicleJourney (VehicleJourneyCode, ServiceRef, LineRef, JourneyPatternRef, OperatorRef, Monday, Tuesday, Wednesday, Thursday, Friday, Saturday, Sunday, DepatureHour, DepatureMinute, DepatureSecond, Note, NoteCode) VALUES ('96758', 'FSACM03', '0', 'JPS_FSACM03-4', 'CAL', 1, 1, 1, 1, 1, 0, 0, 15, 0, 0, '', '');
INSERT INTO DayOfNonOperation (VehicleJourneyRef, StartDate, EndDate) VALUES ('96758', 1490918400, 1508716799);
INSERT INTO DayOfNonOperation (VehicleJourneyRef, StartDate, EndDate) VALUES ('96758', 1514160000, 1514332799);
INSERT INTO DayOfNonOperation (VehicleJourneyRef, StartDate, EndDate) VALUES ('96758', 1514764800, 1514937599);
INSERT INTO VehicleJourney (VehicleJourneyCode, ServiceRef, LineRef, JourneyPatternRef, OperatorRef, Monday, Tuesday, Wednesday, Thursday, Friday, Saturday, Sunday, DepatureHour, DepatureMinute, DepatureSecond, Note, NoteCode) VALUES ('96759', 'FSACM03', '0', 'JPS_FSACM03-4', 'CAL', 1, 1, 1, 1, 1, 0, 0, 16, 0, 0, '', '');
INSERT INTO DayOfNonOperation (VehicleJourneyRef, StartDate, EndDate) VALUES ('96759', 1490918400, 1508716799);
INSERT INTO DayOfNonOperation (VehicleJourneyRef, StartDate, EndDate) VALUES ('96759', 1514160000, 1514332799);
INSERT INTO DayOfNonOperation (VehicleJourneyRef, StartDate, EndDate) VALUES ('96759', 1514764800, 1514937599);
INSERT INTO VehicleJourney (VehicleJourneyCode, ServiceRef, LineRef, JourneyPatternRef, OperatorRef, Monday, Tuesday, Wednesday, Thursday, Friday, Saturday, Sunday, DepatureHour, DepatureMinute, DepatureSecond, Note, NoteCode) VALUES ('96760', 'FSACM03', '0', 'JPS_FSACM03-4', 'CAL', 1, 1, 1, 1, 1, 0, 0, 16, 45, 0, '', '');
INSERT INTO DayOfNonOperation (VehicleJourneyRef, StartDate, EndDate) VALUES ('96760', 1490918400, 1508716799);
INSERT INTO DayOfNonOperation (VehicleJourneyRef, StartDate, EndDate) VALUES ('96760', 1514160000, 1514332799);
INSERT INTO DayOfNonOperation (VehicleJourneyRef, StartDate, EndDate) VALUES ('96760', 1514764800, 1514937599);
INSERT INTO VehicleJourney (VehicleJourneyCode, ServiceRef, LineRef, JourneyPatternRef, OperatorRef, Monday, Tuesday, Wednesday, Thursday, Friday, Saturday, Sunday, DepatureHour, DepatureMinute, DepatureSecond, Note, NoteCode) VALUES ('96761', 'FSACM03', '0', 'JPS_FSACM03-4', 'CAL', 1, 1, 1, 1, 1, 0, 0, 17, 30, 0, '', '');
INSERT INTO DayOfNonOperation (VehicleJourneyRef, StartDate, EndDate) VALUES ('96761', 1490918400, 1508716799);
INSERT INTO DayOfNonOperation (VehicleJourneyRef, StartDate, EndDate) VALUES ('96761', 1514160000, 1514332799);
INSERT INTO DayOfNonOperation (VehicleJourneyRef, StartDate, EndDate) VALUES ('96761', 1514764800, 1514937599);
INSERT INTO VehicleJourney (VehicleJourneyCode, ServiceRef, LineRef, JourneyPatternRef, OperatorRef, Monday, Tuesday, Wednesday, Thursday, Friday, Saturday, Sunday, DepatureHour, DepatureMinute, DepatureSecond, Note, NoteCode) VALUES ('96762', 'FSACM03', '0', 'JPS_FSACM03-4', 'CAL', 1, 1, 1, 1, 1, 0, 0, 18, 15, 0, '', '');
INSERT INTO DayOfNonOperation (VehicleJourneyRef, StartDate, EndDate) VALUES ('96762', 1490918400, 1508716799);
INSERT INTO DayOfNonOperation (VehicleJourneyRef, StartDate, EndDate) VALUES ('96762', 1514160000, 1514332799);
INSERT INTO DayOfNonOperation (VehicleJourneyRef, StartDate, EndDate) VALUES ('96762', 1514764800, 1514937599);
INSERT INTO VehicleJourney (VehicleJourneyCode, ServiceRef, LineRef, JourneyPatternRef, OperatorRef, Monday, Tuesday, Wednesday, Thursday, Friday, Saturday, Sunday, DepatureHour, DepatureMinute, DepatureSecond, Note, NoteCode) VALUES ('96763', 'FSACM03', '0', 'JPS_FSACM03-4', 'CAL', 1, 1, 1, 1, 1, 0, 0, 19, 0, 0, '', '');
INSERT INTO DayOfNonOperation (VehicleJourneyRef, StartDate, EndDate) VALUES ('96763', 1490918400, 1508716799);
INSERT INTO DayOfNonOperation (VehicleJourneyRef, StartDate, EndDate) VALUES ('96763', 1514160000, 1514332799);
INSERT INTO DayOfNonOperation (VehicleJourneyRef, StartDate, EndDate) VALUES ('96763', 1514764800, 1514937599);
INSERT INTO VehicleJourney (VehicleJourneyCode, ServiceRef, LineRef, JourneyPatternRef, OperatorRef, Monday, Tuesday, Wednesday, Thursday, Friday, Saturday, Sunday, DepatureHour, DepatureMinute, DepatureSecond, Note, NoteCode) VALUES ('96764', 'FSACM03', '0', 'JPS_FSACM03-4', 'CAL', 1, 1, 1, 1, 1, 0, 0, 19, 45, 0, '', '');
INSERT INTO DayOfNonOperation (VehicleJourneyRef, StartDate, EndDate) VALUES ('96764', 1490918400, 1508716799);
INSERT INTO DayOfNonOperation (VehicleJourneyRef, StartDate, EndDate) VALUES ('96764', 1514160000, 1514332799);
INSERT INTO DayOfNonOperation (VehicleJourneyRef, StartDate, EndDate) VALUES ('96764', 1514764800, 1514937599);
INSERT INTO VehicleJourney (VehicleJourneyCode, ServiceRef, LineRef, JourneyPatternRef, OperatorRef, Monday, Tuesday, Wednesday, Thursday, Friday, Saturday, Sunday, DepatureHour, DepatureMinute, DepatureSecond, Note, NoteCode) VALUES ('96782', 'FSACM03', '0', 'JPS_FSACM03-4', 'CAL', 0, 0, 0, 0, 0, 1, 0, 8, 45, 0, '', '');
INSERT INTO DayOfOperation (VehicleJourneyRef, StartDate, EndDate) VALUES ('96782', 1509148800, 1509235199);
INSERT INTO DayOfOperation (VehicleJourneyRef, StartDate, EndDate) VALUES ('96782', 1509753600, 1509839999);
INSERT INTO DayOfOperation (VehicleJourneyRef, StartDate, EndDate) VALUES ('96782', 1510358400, 1510444799);
INSERT INTO DayOfOperation (VehicleJourneyRef, StartDate, EndDate) VALUES ('96782', 1510963200, 1511049599);
INSERT INTO DayOfOperation (VehicleJourneyRef, StartDate, EndDate) VALUES ('96782', 1511568000, 1511654399);
INSERT INTO DayOfOperation (VehicleJourneyRef, StartDate, EndDate) VALUES ('96782', 1512172800, 1512259199);
INSERT INTO DayOfOperation (VehicleJourneyRef, StartDate, EndDate) VALUES ('96782', 1512777600, 1512863999);
INSERT INTO DayOfOperation (VehicleJourneyRef, StartDate, EndDate) VALUES ('96782', 1513382400, 1513468799);
INSERT INTO DayOfOperation (VehicleJourneyRef, StartDate, EndDate) VALUES ('96782', 1513987200, 1514073599);
INSERT INTO DayOfOperation (VehicleJourneyRef, StartDate, EndDate) VALUES ('96782', 1514592000, 1514678399);
INSERT INTO DayOfOperation (VehicleJourneyRef, StartDate, EndDate) VALUES ('96782', 1515196800, 1515283199);
INSERT INTO DayOfOperation (VehicleJourneyRef, StartDate, EndDate) VALUES ('96782', 1515801600, 1515887999);
INSERT INTO DayOfOperation (VehicleJourneyRef, StartDate, EndDate) VALUES ('96782', 1516406400, 1516492799);
INSERT INTO DayOfOperation (VehicleJourneyRef, StartDate, EndDate) VALUES ('96782', 1517011200, 1517097599);
INSERT INTO DayOfOperation (VehicleJourneyRef, StartDate, EndDate) VALUES ('96782', 1517616000, 1517702399);
INSERT INTO DayOfOperation (VehicleJourneyRef, StartDate, EndDate) VALUES ('96782', 1518220800, 1518307199);
INSERT INTO DayOfOperation (VehicleJourneyRef, StartDate, EndDate) VALUES ('96782', 1518825600, 1518911999);
INSERT INTO DayOfOperation (VehicleJourneyRef, StartDate, EndDate) VALUES ('96782', 1519430400, 1519516799);
INSERT INTO DayOfOperation (VehicleJourneyRef, StartDate, EndDate) VALUES ('96782', 1520035200, 1520121599);
INSERT INTO DayOfOperation (VehicleJourneyRef, StartDate, EndDate) VALUES ('96782', 1520640000, 1520726399);
INSERT INTO DayOfOperation (VehicleJourneyRef, StartDate, EndDate) VALUES ('96782', 1521244800, 1521331199);
INSERT INTO DayOfOperation (VehicleJourneyRef, StartDate, EndDate) VALUES ('96782', 1521849600, 1521935999);
INSERT INTO DayOfOperation (VehicleJourneyRef, StartDate, EndDate) VALUES ('96782', 1522454400, 1522540799);
INSERT INTO DayOfOperation (VehicleJourneyRef, StartDate, EndDate) VALUES ('96782', 1523059200, 1523145599);
INSERT INTO DayOfOperation (VehicleJourneyRef, StartDate, EndDate) VALUES ('96782', 1523664000, 1523750399);
INSERT INTO DayOfOperation (VehicleJourneyRef, StartDate, EndDate) VALUES ('96782', 1524268800, 1524355199);
INSERT INTO DayOfOperation (VehicleJourneyRef, StartDate, EndDate) VALUES ('96782', 1524873600, 1524959999);
INSERT INTO DayOfOperation (VehicleJourneyRef, StartDate, EndDate) VALUES ('96782', 1525478400, 1525564799);
INSERT INTO DayOfOperation (VehicleJourneyRef, StartDate, EndDate) VALUES ('96782', 1526083200, 1526169599);
INSERT INTO DayOfOperation (VehicleJourneyRef, StartDate, EndDate) VALUES ('96782', 1526688000, 1526774399);
INSERT INTO DayOfOperation (VehicleJourneyRef, StartDate, EndDate) VALUES ('96782', 1527292800, 1527379199);
INSERT INTO DayOfOperation (VehicleJourneyRef, StartDate, EndDate) VALUES ('96782', 1527897600, 1527983999);
INSERT INTO DayOfOperation (VehicleJourneyRef, StartDate, EndDate) VALUES ('96782', 1528502400, 1528588799);
INSERT INTO DayOfNonOperation (VehicleJourneyRef, StartDate, EndDate) VALUES ('96782', 1490918400, 1508716799);
INSERT INTO VehicleJourney (VehicleJourneyCode, ServiceRef, LineRef, JourneyPatternRef, OperatorRef, Monday, Tuesday, Wednesday, Thursday, Friday, Saturday, Sunday, DepatureHour, DepatureMinute, DepatureSecond, Note, NoteCode) VALUES ('96783', 'FSACM03', '0', 'JPS_FSACM03-4', 'CAL', 0, 0, 0, 0, 0, 1, 0, 9, 25, 0, '', '');
INSERT INTO DayOfOperation (VehicleJourneyRef, StartDate, EndDate) VALUES ('96783', 1509148800, 1509235199);
INSERT INTO DayOfOperation (VehicleJourneyRef, StartDate, EndDate) VALUES ('96783', 1509753600, 1509839999);
INSERT INTO DayOfOperation (VehicleJourneyRef, StartDate, EndDate) VALUES ('96783', 1510358400, 1510444799);
INSERT INTO DayOfOperation (VehicleJourneyRef, StartDate, EndDate) VALUES ('96783', 1510963200, 1511049599);
INSERT INTO DayOfOperation (VehicleJourneyRef, StartDate, EndDate) VALUES ('96783', 1511568000, 1511654399);
INSERT INTO DayOfOperation (VehicleJourneyRef, StartDate, EndDate) VALUES ('96783', 1512172800, 1512259199);
INSERT INTO DayOfOperation (VehicleJourneyRef, StartDate, EndDate) VALUES ('96783', 1512777600, 1512863999);
INSERT INTO DayOfOperation (VehicleJourneyRef, StartDate, EndDate) VALUES ('96783', 1513382400, 1513468799);
INSERT INTO DayOfOperation (VehicleJourneyRef, StartDate, EndDate) VALUES ('96783', 1513987200, 1514073599);
INSERT INTO DayOfOperation (VehicleJourneyRef, StartDate, EndDate) VALUES ('96783', 1514592000, 1514678399);
INSERT INTO DayOfOperation (VehicleJourneyRef, StartDate, EndDate) VALUES ('96783', 1515196800, 1515283199);
INSERT INTO DayOfOperation (VehicleJourneyRef, StartDate, EndDate) VALUES ('96783', 1515801600, 1515887999);
INSERT INTO DayOfOperation (VehicleJourneyRef, StartDate, EndDate) VALUES ('96783', 1516406400, 1516492799);
INSERT INTO DayOfOperation (VehicleJourneyRef, StartDate, EndDate) VALUES ('96783', 1517011200, 1517097599);
INSERT INTO DayOfOperation (VehicleJourneyRef, StartDate, EndDate) VALUES ('96783', 1517616000, 1517702399);
INSERT INTO DayOfOperation (VehicleJourneyRef, StartDate, EndDate) VALUES ('96783', 1518220800, 1518307199);
INSERT INTO DayOfOperation (VehicleJourneyRef, StartDate, EndDate) VALUES ('96783', 1518825600, 1518911999);
INSERT INTO DayOfOperation (VehicleJourneyRef, StartDate, EndDate) VALUES ('96783', 1519430400, 1519516799);
INSERT INTO DayOfOperation (VehicleJourneyRef, StartDate, EndDate) VALUES ('96783', 1520035200, 1520121599);
INSERT INTO DayOfOperation (VehicleJourneyRef, StartDate, EndDate) VALUES ('96783', 1520640000, 1520726399);
INSERT INTO DayOfOperation (VehicleJourneyRef, StartDate, EndDate) VALUES ('96783', 1521244800, 1521331199);
INSERT INTO DayOfOperation (VehicleJourneyRef, StartDate, EndDate) VALUES ('96783', 1521849600, 1521935999);
INSERT INTO DayOfOperation (VehicleJourneyRef, StartDate, EndDate) VALUES ('96783', 1522454400, 1522540799);
INSERT INTO DayOfOperation (VehicleJourneyRef, StartDate, EndDate) VALUES ('96783', 1523059200, 1523145599);
INSERT INTO DayOfOperation (VehicleJourneyRef, StartDate, EndDate) VALUES ('96783', 1523664000, 1523750399);
INSERT INTO DayOfOperation (VehicleJourneyRef, StartDate, EndDate) VALUES ('96783', 1524268800, 1524355199);
INSERT INTO DayOfOperation (VehicleJourneyRef, StartDate, EndDate) VALUES ('96783', 1524873600, 1524959999);
INSERT INTO DayOfOperation (VehicleJourneyRef, StartDate, EndDate) VALUES ('96783', 1525478400, 1525564799);
INSERT INTO DayOfOperation (VehicleJourneyRef, StartDate, EndDate) VALUES ('96783', 1526083200, 1526169599);
INSERT INTO DayOfOperation (VehicleJourneyRef, StartDate, EndDate) VALUES ('96783', 1526688000, 1526774399);
INSERT INTO DayOfOperation (VehicleJourneyRef, StartDate, EndDate) VALUES ('96783', 1527292800, 1527379199);
INSERT INTO DayOfOperation (VehicleJourneyRef, StartDate, EndDate) VALUES ('96783', 1527897600, 1527983999);
INSERT INTO DayOfOperation (VehicleJourneyRef, StartDate, EndDate) VALUES ('96783', 1528502400, 1528588799);
INSERT INTO DayOfNonOperation (VehicleJourneyRef, StartDate, EndDate) VALUES ('96783', 1490918400, 1508716799);
INSERT INTO VehicleJourney (VehicleJourneyCode, ServiceRef, LineRef, JourneyPatternRef, OperatorRef, Monday, Tuesday, Wednesday, Thursday, Friday, Saturday, Sunday, DepatureHour, DepatureMinute, DepatureSecond, Note, NoteCode) VALUES ('96784', 'FSACM03', '0', 'JPS_FSACM03-4', 'CAL', 0, 0, 0, 0, 0, 1, 0, 10, 15, 0, '', '');
INSERT INTO DayOfOperation (VehicleJourneyRef, StartDate, EndDate) VALUES ('96784', 1509148800, 1509235199);
INSERT INTO DayOfOperation (VehicleJourneyRef, StartDate, EndDate) VALUES ('96784', 1509753600, 1509839999);
INSERT INTO DayOfOperation (VehicleJourneyRef, StartDate, EndDate) VALUES ('96784', 1510358400, 1510444799);
INSERT INTO DayOfOperation (VehicleJourneyRef, StartDate, EndDate) VALUES ('96784', 1510963200, 1511049599);
INSERT INTO DayOfOperation (VehicleJourneyRef, StartDate, EndDate) VALUES ('96784', 1511568000, 1511654399);
INSERT INTO DayOfOperation (VehicleJourneyRef, StartDate, EndDate) VALUES ('96784', 1512172800, 1512259199);
INSERT INTO DayOfOperation (VehicleJourneyRef, StartDate, EndDate) VALUES ('96784', 1512777600, 1512863999);
INSERT INTO DayOfOperation (VehicleJourneyRef, StartDate, EndDate) VALUES ('96784', 1513382400, 1513468799);
INSERT INTO DayOfOperation (VehicleJourneyRef, StartDate, EndDate) VALUES ('96784', 1513987200, 1514073599);
INSERT INTO DayOfOperation (VehicleJourneyRef, StartDate, EndDate) VALUES ('96784', 1514592000, 1514678399);
INSERT INTO DayOfOperation (VehicleJourneyRef, StartDate, EndDate) VALUES ('96784', 1515196800, 1515283199);
INSERT INTO DayOfOperation (VehicleJourneyRef, StartDate, EndDate) VALUES ('96784', 1515801600, 1515887999);
INSERT INTO DayOfOperation (VehicleJourneyRef, StartDate, EndDate) VALUES ('96784', 1516406400, 1516492799);
INSERT INTO DayOfOperation (VehicleJourneyRef, StartDate, EndDate) VALUES ('96784', 1517011200, 1517097599);
INSERT INTO DayOfOperation (VehicleJourneyRef, StartDate, EndDate) VALUES ('96784', 1517616000, 1517702399);
INSERT INTO DayOfOperation (VehicleJourneyRef, StartDate, EndDate) VALUES ('96784', 1518220800, 1518307199);
INSERT INTO DayOfOperation (VehicleJourneyRef, StartDate, EndDate) VALUES ('96784', 1518825600, 1518911999);
INSERT INTO DayOfOperation (VehicleJourneyRef, StartDate, EndDate) VALUES ('96784', 1519430400, 1519516799);
INSERT INTO DayOfOperation (VehicleJourneyRef, StartDate, EndDate) VALUES ('96784', 1520035200, 1520121599);
INSERT INTO DayOfOperation (VehicleJourneyRef, StartDate, EndDate) VALUES ('96784', 1520640000, 1520726399);
INSERT INTO DayOfOperation (VehicleJourneyRef, StartDate, EndDate) VALUES ('96784', 1521244800, 1521331199);
INSERT INTO DayOfOperation (VehicleJourneyRef, StartDate, EndDate) VALUES ('96784', 1521849600, 1521935999);
INSERT INTO DayOfOperation (VehicleJourneyRef, StartDate, EndDate) VALUES ('96784', 1522454400, 1522540799);
INSERT INTO DayOfOperation (VehicleJourneyRef, StartDate, EndDate) VALUES ('96784', 1523059200, 1523145599);
INSERT INTO DayOfOperation (VehicleJourneyRef, StartDate, EndDate) VALUES ('96784', 1523664000, 1523750399);
INSERT INTO DayOfOperation (VehicleJourneyRef, StartDate, EndDate) VALUES ('96784', 1524268800, 1524355199);
INSERT INTO DayOfOperation (VehicleJourneyRef, StartDate, EndDate) VALUES ('96784', 1524873600, 1524959999);
INSERT INTO DayOfOperation (VehicleJourneyRef, StartDate, EndDate) VALUES ('96784', 1525478400, 1525564799);
INSERT INTO DayOfOperation (VehicleJourneyRef, StartDate, EndDate) VALUES ('96784', 1526083200, 1526169599);
INSERT INTO DayOfOperation (VehicleJourneyRef, StartDate, EndDate) VALUES ('96784', 1526688000, 1526774399);
INSERT INTO DayOfOperation (VehicleJourneyRef, StartDate, EndDate) VALUES ('96784', 1527292800, 1527379199);
INSERT INTO DayOfOperation (VehicleJourneyRef, StartDate, EndDate) VALUES ('96784', 1527897600, 1527983999);
INSERT INTO DayOfOperation (VehicleJourneyRef, StartDate, EndDate) VALUES ('96784', 1528502400, 1528588799);
INSERT INTO DayOfNonOperation (VehicleJourneyRef, StartDate, EndDate) VALUES ('96784', 1490918400, 1508716799);
INSERT INTO VehicleJourney (VehicleJourneyCode, ServiceRef, LineRef, JourneyPatternRef, OperatorRef, Monday, Tuesday, Wednesday, Thursday, Friday, Saturday, Sunday, DepatureHour, DepatureMinute, DepatureSecond, Note, NoteCode) VALUES ('96785', 'FSACM03', '0', 'JPS_FSACM03-4', 'CAL', 0, 0, 0, 0, 0, 1, 0, 11, 0, 0, '', '');
INSERT INTO DayOfOperation (VehicleJourneyRef, StartDate, EndDate) VALUES ('96785', 1509148800, 1509235199);
INSERT INTO DayOfOperation (VehicleJourneyRef, StartDate, EndDate) VALUES ('96785', 1509753600, 1509839999);
INSERT INTO DayOfOperation (VehicleJourneyRef, StartDate, EndDate) VALUES ('96785', 1510358400, 1510444799);
INSERT INTO DayOfOperation (VehicleJourneyRef, StartDate, EndDate) VALUES ('96785', 1510963200, 1511049599);
INSERT INTO DayOfOperation (VehicleJourneyRef, StartDate, EndDate) VALUES ('96785', 1511568000, 1511654399);
INSERT INTO DayOfOperation (VehicleJourneyRef, StartDate, EndDate) VALUES ('96785', 1512172800, 1512259199);
INSERT INTO DayOfOperation (VehicleJourneyRef, StartDate, EndDate) VALUES ('96785', 1512777600, 1512863999);
INSERT INTO DayOfOperation (VehicleJourneyRef, StartDate, EndDate) VALUES ('96785', 1513382400, 1513468799);
INSERT INTO DayOfOperation (VehicleJourneyRef, StartDate, EndDate) VALUES ('96785', 1513987200, 1514073599);
INSERT INTO DayOfOperation (VehicleJourneyRef, StartDate, EndDate) VALUES ('96785', 1514592000, 1514678399);
INSERT INTO DayOfOperation (VehicleJourneyRef, StartDate, EndDate) VALUES ('96785', 1515196800, 1515283199);
INSERT INTO DayOfOperation (VehicleJourneyRef, StartDate, EndDate) VALUES ('96785', 1515801600, 1515887999);
INSERT INTO DayOfOperation (VehicleJourneyRef, StartDate, EndDate) VALUES ('96785', 1516406400, 1516492799);
INSERT INTO DayOfOperation (VehicleJourneyRef, StartDate, EndDate) VALUES ('96785', 1517011200, 1517097599);
INSERT INTO DayOfOperation (VehicleJourneyRef, StartDate, EndDate) VALUES ('96785', 1517616000, 1517702399);
INSERT INTO DayOfOperation (VehicleJourneyRef, StartDate, EndDate) VALUES ('96785', 1518220800, 1518307199);
INSERT INTO DayOfOperation (VehicleJourneyRef, StartDate, EndDate) VALUES ('96785', 1518825600, 1518911999);
INSERT INTO DayOfOperation (VehicleJourneyRef, StartDate, EndDate) VALUES ('96785', 1519430400, 1519516799);
INSERT INTO DayOfOperation (VehicleJourneyRef, StartDate, EndDate) VALUES ('96785', 1520035200, 1520121599);
INSERT INTO DayOfOperation (VehicleJourneyRef, StartDate, EndDate) VALUES ('96785', 1520640000, 1520726399);
INSERT INTO DayOfOperation (VehicleJourneyRef, StartDate, EndDate) VALUES ('96785', 1521244800, 1521331199);
INSERT INTO DayOfOperation (VehicleJourneyRef, StartDate, EndDate) VALUES ('96785', 1521849600, 1521935999);
INSERT INTO DayOfOperation (VehicleJourneyRef, StartDate, EndDate) VALUES ('96785', 1522454400, 1522540799);
INSERT INTO DayOfOperation (VehicleJourneyRef, StartDate, EndDate) VALUES ('96785', 1523059200, 1523145599);
INSERT INTO DayOfOperation (VehicleJourneyRef, StartDate, EndDate) VALUES ('96785', 1523664000, 1523750399);
INSERT INTO DayOfOperation (VehicleJourneyRef, StartDate, EndDate) VALUES ('96785', 1524268800, 1524355199);
INSERT INTO DayOfOperation (VehicleJourneyRef, StartDate, EndDate) VALUES ('96785', 1524873600, 1524959999);
INSERT INTO DayOfOperation (VehicleJourneyRef, StartDate, EndDate) VALUES ('96785', 1525478400, 1525564799);
INSERT INTO DayOfOperation (VehicleJourneyRef, StartDate, EndDate) VALUES ('96785', 1526083200, 1526169599);
INSERT INTO DayOfOperation (VehicleJourneyRef, StartDate, EndDate) VALUES ('96785', 1526688000, 1526774399);
INSERT INTO DayOfOperation (VehicleJourneyRef, StartDate, EndDate) VALUES ('96785', 1527292800, 1527379199);
INSERT INTO DayOfOperation (VehicleJourneyRef, StartDate, EndDate) VALUES ('96785', 1527897600, 1527983999);
INSERT INTO DayOfOperation (VehicleJourneyRef, StartDate, EndDate) VALUES ('96785', 1528502400, 1528588799);
INSERT INTO DayOfNonOperation (VehicleJourneyRef, StartDate, EndDate) VALUES ('96785', 1490918400, 1508716799);
INSERT INTO VehicleJourney (VehicleJourneyCode, ServiceRef, LineRef, JourneyPatternRef, OperatorRef, Monday, Tuesday, Wednesday, Thursday, Friday, Saturday, Sunday, DepatureHour, DepatureMinute, DepatureSecond, Note, NoteCode) VALUES ('96786', 'FSACM03', '0', 'JPS_FSACM03-4', 'CAL', 0, 0, 0, 0, 0, 1, 0, 12, 0, 0, '', '');
INSERT INTO DayOfOperation (VehicleJourneyRef, StartDate, EndDate) VALUES ('96786', 1509148800, 1509235199);
INSERT INTO DayOfOperation (VehicleJourneyRef, StartDate, EndDate) VALUES ('96786', 1509753600, 1509839999);
INSERT INTO DayOfOperation (VehicleJourneyRef, StartDate, EndDate) VALUES ('96786', 1510358400, 1510444799);
INSERT INTO DayOfOperation (VehicleJourneyRef, StartDate, EndDate) VALUES ('96786', 1510963200, 1511049599);
INSERT INTO DayOfOperation (VehicleJourneyRef, StartDate, EndDate) VALUES ('96786', 1511568000, 1511654399);
INSERT INTO DayOfOperation (VehicleJourneyRef, StartDate, EndDate) VALUES ('96786', 1512172800, 1512259199);
INSERT INTO DayOfOperation (VehicleJourneyRef, StartDate, EndDate) VALUES ('96786', 1512777600, 1512863999);
INSERT INTO DayOfOperation (VehicleJourneyRef, StartDate, EndDate) VALUES ('96786', 1513382400, 1513468799);
INSERT INTO DayOfOperation (VehicleJourneyRef, StartDate, EndDate) VALUES ('96786', 1513987200, 1514073599);
INSERT INTO DayOfOperation (VehicleJourneyRef, StartDate, EndDate) VALUES ('96786', 1514592000, 1514678399);
INSERT INTO DayOfOperation (VehicleJourneyRef, StartDate, EndDate) VALUES ('96786', 1515196800, 1515283199);
INSERT INTO DayOfOperation (VehicleJourneyRef, StartDate, EndDate) VALUES ('96786', 1515801600, 1515887999);
INSERT INTO DayOfOperation (VehicleJourneyRef, StartDate, EndDate) VALUES ('96786', 1516406400, 1516492799);
INSERT INTO DayOfOperation (VehicleJourneyRef, StartDate, EndDate) VALUES ('96786', 1517011200, 1517097599);
INSERT INTO DayOfOperation (VehicleJourneyRef, StartDate, EndDate) VALUES ('96786', 1517616000, 1517702399);
INSERT INTO DayOfOperation (VehicleJourneyRef, StartDate, EndDate) VALUES ('96786', 1518220800, 1518307199);
INSERT INTO DayOfOperation (VehicleJourneyRef, StartDate, EndDate) VALUES ('96786', 1518825600, 1518911999);
INSERT INTO DayOfOperation (VehicleJourneyRef, StartDate, EndDate) VALUES ('96786', 1519430400, 1519516799);
INSERT INTO DayOfOperation (VehicleJourneyRef, StartDate, EndDate) VALUES ('96786', 1520035200, 1520121599);
INSERT INTO DayOfOperation (VehicleJourneyRef, StartDate, EndDate) VALUES ('96786', 1520640000, 1520726399);
INSERT INTO DayOfOperation (VehicleJourneyRef, StartDate, EndDate) VALUES ('96786', 1521244800, 1521331199);
INSERT INTO DayOfOperation (VehicleJourneyRef, StartDate, EndDate) VALUES ('96786', 1521849600, 1521935999);
INSERT INTO DayOfOperation (VehicleJourneyRef, StartDate, EndDate) VALUES ('96786', 1522454400, 1522540799);
INSERT INTO DayOfOperation (VehicleJourneyRef, StartDate, EndDate) VALUES ('96786', 1523059200, 1523145599);
INSERT INTO DayOfOperation (VehicleJourneyRef, StartDate, EndDate) VALUES ('96786', 1523664000, 1523750399);
INSERT INTO DayOfOperation (VehicleJourneyRef, StartDate, EndDate) VALUES ('96786', 1524268800, 1524355199);
INSERT INTO DayOfOperation (VehicleJourneyRef, StartDate, EndDate) VALUES ('96786', 1524873600, 1524959999);
INSERT INTO DayOfOperation (VehicleJourneyRef, StartDate, EndDate) VALUES ('96786', 1525478400, 1525564799);
INSERT INTO DayOfOperation (VehicleJourneyRef, StartDate, EndDate) VALUES ('96786', 1526083200, 1526169599);
INSERT INTO DayOfOperation (VehicleJourneyRef, StartDate, EndDate) VALUES ('96786', 1526688000, 1526774399);
INSERT INTO DayOfOperation (VehicleJourneyRef, StartDate, EndDate) VALUES ('96786', 1527292800, 1527379199);
INSERT INTO DayOfOperation (VehicleJourneyRef, StartDate, EndDate) VALUES ('96786', 1527897600, 1527983999);
INSERT INTO DayOfOperation (VehicleJourneyRef, StartDate, EndDate) VALUES ('96786', 1528502400, 1528588799);
INSERT INTO DayOfNonOperation (VehicleJourneyRef, StartDate, EndDate) VALUES ('96786', 1490918400, 1508716799);
INSERT INTO VehicleJourney (VehicleJourneyCode, ServiceRef, LineRef, JourneyPatternRef, OperatorRef, Monday, Tuesday, Wednesday, Thursday, Friday, Saturday, Sunday, DepatureHour, DepatureMinute, DepatureSecond, Note, NoteCode) VALUES ('96787', 'FSACM03', '0', 'JPS_FSACM03-4', 'CAL', 0, 0, 0, 0, 0, 1, 0, 13, 5, 0, '', '');
INSERT INTO DayOfOperation (VehicleJourneyRef, StartDate, EndDate) VALUES ('96787', 1509148800, 1509235199);
INSERT INTO DayOfOperation (VehicleJourneyRef, StartDate, EndDate) VALUES ('96787', 1509753600, 1509839999);
INSERT INTO DayOfOperation (VehicleJourneyRef, StartDate, EndDate) VALUES ('96787', 1510358400, 1510444799);
INSERT INTO DayOfOperation (VehicleJourneyRef, StartDate, EndDate) VALUES ('96787', 1510963200, 1511049599);
INSERT INTO DayOfOperation (VehicleJourneyRef, StartDate, EndDate) VALUES ('96787', 1511568000, 1511654399);
INSERT INTO DayOfOperation (VehicleJourneyRef, StartDate, EndDate) VALUES ('96787', 1512172800, 1512259199);
INSERT INTO DayOfOperation (VehicleJourneyRef, StartDate, EndDate) VALUES ('96787', 1512777600, 1512863999);
INSERT INTO DayOfOperation (VehicleJourneyRef, StartDate, EndDate) VALUES ('96787', 1513382400, 1513468799);
INSERT INTO DayOfOperation (VehicleJourneyRef, StartDate, EndDate) VALUES ('96787', 1513987200, 1514073599);
INSERT INTO DayOfOperation (VehicleJourneyRef, StartDate, EndDate) VALUES ('96787', 1514592000, 1514678399);
INSERT INTO DayOfOperation (VehicleJourneyRef, StartDate, EndDate) VALUES ('96787', 1515196800, 1515283199);
INSERT INTO DayOfOperation (VehicleJourneyRef, StartDate, EndDate) VALUES ('96787', 1515801600, 1515887999);
INSERT INTO DayOfOperation (VehicleJourneyRef, StartDate, EndDate) VALUES ('96787', 1516406400, 1516492799);
INSERT INTO DayOfOperation (VehicleJourneyRef, StartDate, EndDate) VALUES ('96787', 1517011200, 1517097599);
INSERT INTO DayOfOperation (VehicleJourneyRef, StartDate, EndDate) VALUES ('96787', 1517616000, 1517702399);
INSERT INTO DayOfOperation (VehicleJourneyRef, StartDate, EndDate) VALUES ('96787', 1518220800, 1518307199);
INSERT INTO DayOfOperation (VehicleJourneyRef, StartDate, EndDate) VALUES ('96787', 1518825600, 1518911999);
INSERT INTO DayOfOperation (VehicleJourneyRef, StartDate, EndDate) VALUES ('96787', 1519430400, 1519516799);
INSERT INTO DayOfOperation (VehicleJourneyRef, StartDate, EndDate) VALUES ('96787', 1520035200, 1520121599);
INSERT INTO DayOfOperation (VehicleJourneyRef, StartDate, EndDate) VALUES ('96787', 1520640000, 1520726399);
INSERT INTO DayOfOperation (VehicleJourneyRef, StartDate, EndDate) VALUES ('96787', 1521244800, 1521331199);
INSERT INTO DayOfOperation (VehicleJourneyRef, StartDate, EndDate) VALUES ('96787', 1521849600, 1521935999);
INSERT INTO DayOfOperation (VehicleJourneyRef, StartDate, EndDate) VALUES ('96787', 1522454400, 1522540799);
INSERT INTO DayOfOperation (VehicleJourneyRef, StartDate, EndDate) VALUES ('96787', 1523059200, 1523145599);
INSERT INTO DayOfOperation (VehicleJourneyRef, StartDate, EndDate) VALUES ('96787', 1523664000, 1523750399);
INSERT INTO DayOfOperation (VehicleJourneyRef, StartDate, EndDate) VALUES ('96787', 1524268800, 1524355199);
INSERT INTO DayOfOperation (VehicleJourneyRef, StartDate, EndDate) VALUES ('96787', 1524873600, 1524959999);
INSERT INTO DayOfOperation (VehicleJourneyRef, StartDate, EndDate) VALUES ('96787', 1525478400, 1525564799);
INSERT INTO DayOfOperation (VehicleJourneyRef, StartDate, EndDate) VALUES ('96787', 1526083200, 1526169599);
INSERT INTO DayOfOperation (VehicleJourneyRef, StartDate, EndDate) VALUES ('96787', 1526688000, 1526774399);
INSERT INTO DayOfOperation (VehicleJourneyRef, StartDate, EndDate) VALUES ('96787', 1527292800, 1527379199);
INSERT INTO DayOfOperation (VehicleJourneyRef, StartDate, EndDate) VALUES ('96787', 1527897600, 1527983999);
INSERT INTO DayOfOperation (VehicleJourneyRef, StartDate, EndDate) VALUES ('96787', 1528502400, 1528588799);
INSERT INTO DayOfNonOperation (VehicleJourneyRef, StartDate, EndDate) VALUES ('96787', 1490918400, 1508716799);
INSERT INTO VehicleJourney (VehicleJourneyCode, ServiceRef, LineRef, JourneyPatternRef, OperatorRef, Monday, Tuesday, Wednesday, Thursday, Friday, Saturday, Sunday, DepatureHour, DepatureMinute, DepatureSecond, Note, NoteCode) VALUES ('96788', 'FSACM03', '0', 'JPS_FSACM03-4', 'CAL', 0, 0, 0, 0, 0, 1, 0, 14, 5, 0, '', '');
INSERT INTO DayOfOperation (VehicleJourneyRef, StartDate, EndDate) VALUES ('96788', 1509148800, 1509235199);
INSERT INTO DayOfOperation (VehicleJourneyRef, StartDate, EndDate) VALUES ('96788', 1509753600, 1509839999);
INSERT INTO DayOfOperation (VehicleJourneyRef, StartDate, EndDate) VALUES ('96788', 1510358400, 1510444799);
INSERT INTO DayOfOperation (VehicleJourneyRef, StartDate, EndDate) VALUES ('96788', 1510963200, 1511049599);
INSERT INTO DayOfOperation (VehicleJourneyRef, StartDate, EndDate) VALUES ('96788', 1511568000, 1511654399);
INSERT INTO DayOfOperation (VehicleJourneyRef, StartDate, EndDate) VALUES ('96788', 1512172800, 1512259199);
INSERT INTO DayOfOperation (VehicleJourneyRef, StartDate, EndDate) VALUES ('96788', 1512777600, 1512863999);
INSERT INTO DayOfOperation (VehicleJourneyRef, StartDate, EndDate) VALUES ('96788', 1513382400, 1513468799);
INSERT INTO DayOfOperation (VehicleJourneyRef, StartDate, EndDate) VALUES ('96788', 1513987200, 1514073599);
INSERT INTO DayOfOperation (VehicleJourneyRef, StartDate, EndDate) VALUES ('96788', 1514592000, 1514678399);
INSERT INTO DayOfOperation (VehicleJourneyRef, StartDate, EndDate) VALUES ('96788', 1515196800, 1515283199);
INSERT INTO DayOfOperation (VehicleJourneyRef, StartDate, EndDate) VALUES ('96788', 1515801600, 1515887999);
INSERT INTO DayOfOperation (VehicleJourneyRef, StartDate, EndDate) VALUES ('96788', 1516406400, 1516492799);
INSERT INTO DayOfOperation (VehicleJourneyRef, StartDate, EndDate) VALUES ('96788', 1517011200, 1517097599);
INSERT INTO DayOfOperation (VehicleJourneyRef, StartDate, EndDate) VALUES ('96788', 1517616000, 1517702399);
INSERT INTO DayOfOperation (VehicleJourneyRef, StartDate, EndDate) VALUES ('96788', 1518220800, 1518307199);
INSERT INTO DayOfOperation (VehicleJourneyRef, StartDate, EndDate) VALUES ('96788', 1518825600, 1518911999);
INSERT INTO DayOfOperation (VehicleJourneyRef, StartDate, EndDate) VALUES ('96788', 1519430400, 1519516799);
INSERT INTO DayOfOperation (VehicleJourneyRef, StartDate, EndDate) VALUES ('96788', 1520035200, 1520121599);
INSERT INTO DayOfOperation (VehicleJourneyRef, StartDate, EndDate) VALUES ('96788', 1520640000, 1520726399);
INSERT INTO DayOfOperation (VehicleJourneyRef, StartDate, EndDate) VALUES ('96788', 1521244800, 1521331199);
INSERT INTO DayOfOperation (VehicleJourneyRef, StartDate, EndDate) VALUES ('96788', 1521849600, 1521935999);
INSERT INTO DayOfOperation (VehicleJourneyRef, StartDate, EndDate) VALUES ('96788', 1522454400, 1522540799);
INSERT INTO DayOfOperation (VehicleJourneyRef, StartDate, EndDate) VALUES ('96788', 1523059200, 1523145599);
INSERT INTO DayOfOperation (VehicleJourneyRef, StartDate, EndDate) VALUES ('96788', 1523664000, 1523750399);
INSERT INTO DayOfOperation (VehicleJourneyRef, StartDate, EndDate) VALUES ('96788', 1524268800, 1524355199);
INSERT INTO DayOfOperation (VehicleJourneyRef, StartDate, EndDate) VALUES ('96788', 1524873600, 1524959999);
INSERT INTO DayOfOperation (VehicleJourneyRef, StartDate, EndDate) VALUES ('96788', 1525478400, 1525564799);
INSERT INTO DayOfOperation (VehicleJourneyRef, StartDate, EndDate) VALUES ('96788', 1526083200, 1526169599);
INSERT INTO DayOfOperation (VehicleJourneyRef, StartDate, EndDate) VALUES ('96788', 1526688000, 1526774399);
INSERT INTO DayOfOperation (VehicleJourneyRef, StartDate, EndDate) VALUES ('96788', 1527292800, 1527379199);
INSERT INTO DayOfOperation (VehicleJourneyRef, StartDate, EndDate) VALUES ('96788', 1527897600, 1527983999);
INSERT INTO DayOfOperation (VehicleJourneyRef, StartDate, EndDate) VALUES ('96788', 1528502400, 1528588799);
INSERT INTO DayOfNonOperation (VehicleJourneyRef, StartDate, EndDate) VALUES ('96788', 1490918400, 1508716799);
INSERT INTO VehicleJourney (VehicleJourneyCode, ServiceRef, LineRef, JourneyPatternRef, OperatorRef, Monday, Tuesday, Wednesday, Thursday, Friday, Saturday, Sunday, DepatureHour, DepatureMinute, DepatureSecond, Note, NoteCode) VALUES ('96789', 'FSACM03', '0', 'JPS_FSACM03-4', 'CAL', 0, 0, 0, 0, 0, 1, 0, 15, 0, 0, '', '');
INSERT INTO DayOfOperation (VehicleJourneyRef, StartDate, EndDate) VALUES ('96789', 1509148800, 1509235199);
INSERT INTO DayOfOperation (VehicleJourneyRef, StartDate, EndDate) VALUES ('96789', 1509753600, 1509839999);
INSERT INTO DayOfOperation (VehicleJourneyRef, StartDate, EndDate) VALUES ('96789', 1510358400, 1510444799);
INSERT INTO DayOfOperation (VehicleJourneyRef, StartDate, EndDate) VALUES ('96789', 1510963200, 1511049599);
INSERT INTO DayOfOperation (VehicleJourneyRef, StartDate, EndDate) VALUES ('96789', 1511568000, 1511654399);
INSERT INTO DayOfOperation (VehicleJourneyRef, StartDate, EndDate) VALUES ('96789', 1512172800, 1512259199);
INSERT INTO DayOfOperation (VehicleJourneyRef, StartDate, EndDate) VALUES ('96789', 1512777600, 1512863999);
INSERT INTO DayOfOperation (VehicleJourneyRef, StartDate, EndDate) VALUES ('96789', 1513382400, 1513468799);
INSERT INTO DayOfOperation (VehicleJourneyRef, StartDate, EndDate) VALUES ('96789', 1513987200, 1514073599);
INSERT INTO DayOfOperation (VehicleJourneyRef, StartDate, EndDate) VALUES ('96789', 1514592000, 1514678399);
INSERT INTO DayOfOperation (VehicleJourneyRef, StartDate, EndDate) VALUES ('96789', 1515196800, 1515283199);
INSERT INTO DayOfOperation (VehicleJourneyRef, StartDate, EndDate) VALUES ('96789', 1515801600, 1515887999);
INSERT INTO DayOfOperation (VehicleJourneyRef, StartDate, EndDate) VALUES ('96789', 1516406400, 1516492799);
INSERT INTO DayOfOperation (VehicleJourneyRef, StartDate, EndDate) VALUES ('96789', 1517011200, 1517097599);
INSERT INTO DayOfOperation (VehicleJourneyRef, StartDate, EndDate) VALUES ('96789', 1517616000, 1517702399);
INSERT INTO DayOfOperation (VehicleJourneyRef, StartDate, EndDate) VALUES ('96789', 1518220800, 1518307199);
INSERT INTO DayOfOperation (VehicleJourneyRef, StartDate, EndDate) VALUES ('96789', 1518825600, 1518911999);
INSERT INTO DayOfOperation (VehicleJourneyRef, StartDate, EndDate) VALUES ('96789', 1519430400, 1519516799);
INSERT INTO DayOfOperation (VehicleJourneyRef, StartDate, EndDate) VALUES ('96789', 1520035200, 1520121599);
INSERT INTO DayOfOperation (VehicleJourneyRef, StartDate, EndDate) VALUES ('96789', 1520640000, 1520726399);
INSERT INTO DayOfOperation (VehicleJourneyRef, StartDate, EndDate) VALUES ('96789', 1521244800, 1521331199);
INSERT INTO DayOfOperation (VehicleJourneyRef, StartDate, EndDate) VALUES ('96789', 1521849600, 1521935999);
INSERT INTO DayOfOperation (VehicleJourneyRef, StartDate, EndDate) VALUES ('96789', 1522454400, 1522540799);
INSERT INTO DayOfOperation (VehicleJourneyRef, StartDate, EndDate) VALUES ('96789', 1523059200, 1523145599);
INSERT INTO DayOfOperation (VehicleJourneyRef, StartDate, EndDate) VALUES ('96789', 1523664000, 1523750399);
INSERT INTO DayOfOperation (VehicleJourneyRef, StartDate, EndDate) VALUES ('96789', 1524268800, 1524355199);
INSERT INTO DayOfOperation (VehicleJourneyRef, StartDate, EndDate) VALUES ('96789', 1524873600, 1524959999);
INSERT INTO DayOfOperation (VehicleJourneyRef, StartDate, EndDate) VALUES ('96789', 1525478400, 1525564799);
INSERT INTO DayOfOperation (VehicleJourneyRef, StartDate, EndDate) VALUES ('96789', 1526083200, 1526169599);
INSERT INTO DayOfOperation (VehicleJourneyRef, StartDate, EndDate) VALUES ('96789', 1526688000, 1526774399);
INSERT INTO DayOfOperation (VehicleJourneyRef, StartDate, EndDate) VALUES ('96789', 1527292800, 1527379199);
INSERT INTO DayOfOperation (VehicleJourneyRef, StartDate, EndDate) VALUES ('96789', 1527897600, 1527983999);
INSERT INTO DayOfOperation (VehicleJourneyRef, StartDate, EndDate) VALUES ('96789', 1528502400, 1528588799);
INSERT INTO DayOfNonOperation (VehicleJourneyRef, StartDate, EndDate) VALUES ('96789', 1490918400, 1508716799);
INSERT INTO VehicleJourney (VehicleJourneyCode, ServiceRef, LineRef, JourneyPatternRef, OperatorRef, Monday, Tuesday, Wednesday, Thursday, Friday, Saturday, Sunday, DepatureHour, DepatureMinute, DepatureSecond, Note, NoteCode) VALUES ('96790', 'FSACM03', '0', 'JPS_FSACM03-4', 'CAL', 0, 0, 0, 0, 0, 1, 0, 16, 0, 0, '', '');
INSERT INTO DayOfOperation (VehicleJourneyRef, StartDate, EndDate) VALUES ('96790', 1509148800, 1509235199);
INSERT INTO DayOfOperation (VehicleJourneyRef, StartDate, EndDate) VALUES ('96790', 1509753600, 1509839999);
INSERT INTO DayOfOperation (VehicleJourneyRef, StartDate, EndDate) VALUES ('96790', 1510358400, 1510444799);
INSERT INTO DayOfOperation (VehicleJourneyRef, StartDate, EndDate) VALUES ('96790', 1510963200, 1511049599);
INSERT INTO DayOfOperation (VehicleJourneyRef, StartDate, EndDate) VALUES ('96790', 1511568000, 1511654399);
INSERT INTO DayOfOperation (VehicleJourneyRef, StartDate, EndDate) VALUES ('96790', 1512172800, 1512259199);
INSERT INTO DayOfOperation (VehicleJourneyRef, StartDate, EndDate) VALUES ('96790', 1512777600, 1512863999);
INSERT INTO DayOfOperation (VehicleJourneyRef, StartDate, EndDate) VALUES ('96790', 1513382400, 1513468799);
INSERT INTO DayOfOperation (VehicleJourneyRef, StartDate, EndDate) VALUES ('96790', 1513987200, 1514073599);
INSERT INTO DayOfOperation (VehicleJourneyRef, StartDate, EndDate) VALUES ('96790', 1514592000, 1514678399);
INSERT INTO DayOfOperation (VehicleJourneyRef, StartDate, EndDate) VALUES ('96790', 1515196800, 1515283199);
INSERT INTO DayOfOperation (VehicleJourneyRef, StartDate, EndDate) VALUES ('96790', 1515801600, 1515887999);
INSERT INTO DayOfOperation (VehicleJourneyRef, StartDate, EndDate) VALUES ('96790', 1516406400, 1516492799);
INSERT INTO DayOfOperation (VehicleJourneyRef, StartDate, EndDate) VALUES ('96790', 1517011200, 1517097599);
INSERT INTO DayOfOperation (VehicleJourneyRef, StartDate, EndDate) VALUES ('96790', 1517616000, 1517702399);
INSERT INTO DayOfOperation (VehicleJourneyRef, StartDate, EndDate) VALUES ('96790', 1518220800, 1518307199);
INSERT INTO DayOfOperation (VehicleJourneyRef, StartDate, EndDate) VALUES ('96790', 1518825600, 1518911999);
INSERT INTO DayOfOperation (VehicleJourneyRef, StartDate, EndDate) VALUES ('96790', 1519430400, 1519516799);
INSERT INTO DayOfOperation (VehicleJourneyRef, StartDate, EndDate) VALUES ('96790', 1520035200, 1520121599);
INSERT INTO DayOfOperation (VehicleJourneyRef, StartDate, EndDate) VALUES ('96790', 1520640000, 1520726399);
INSERT INTO DayOfOperation (VehicleJourneyRef, StartDate, EndDate) VALUES ('96790', 1521244800, 1521331199);
INSERT INTO DayOfOperation (VehicleJourneyRef, StartDate, EndDate) VALUES ('96790', 1521849600, 1521935999);
INSERT INTO DayOfOperation (VehicleJourneyRef, StartDate, EndDate) VALUES ('96790', 1522454400, 1522540799);
INSERT INTO DayOfOperation (VehicleJourneyRef, StartDate, EndDate) VALUES ('96790', 1523059200, 1523145599);
INSERT INTO DayOfOperation (VehicleJourneyRef, StartDate, EndDate) VALUES ('96790', 1523664000, 1523750399);
INSERT INTO DayOfOperation (VehicleJourneyRef, StartDate, EndDate) VALUES ('96790', 1524268800, 1524355199);
INSERT INTO DayOfOperation (VehicleJourneyRef, StartDate, EndDate) VALUES ('96790', 1524873600, 1524959999);
INSERT INTO DayOfOperation (VehicleJourneyRef, StartDate, EndDate) VALUES ('96790', 1525478400, 1525564799);
INSERT INTO DayOfOperation (VehicleJourneyRef, StartDate, EndDate) VALUES ('96790', 1526083200, 1526169599);
INSERT INTO DayOfOperation (VehicleJourneyRef, StartDate, EndDate) VALUES ('96790', 1526688000, 1526774399);
INSERT INTO DayOfOperation (VehicleJourneyRef, StartDate, EndDate) VALUES ('96790', 1527292800, 1527379199);
INSERT INTO DayOfOperation (VehicleJourneyRef, StartDate, EndDate) VALUES ('96790', 1527897600, 1527983999);
INSERT INTO DayOfOperation (VehicleJourneyRef, StartDate, EndDate) VALUES ('96790', 1528502400, 1528588799);
INSERT INTO DayOfNonOperation (VehicleJourneyRef, StartDate, EndDate) VALUES ('96790', 1490918400, 1508716799);
INSERT INTO VehicleJourney (VehicleJourneyCode, ServiceRef, LineRef, JourneyPatternRef, OperatorRef, Monday, Tuesday, Wednesday, Thursday, Friday, Saturday, Sunday, DepatureHour, DepatureMinute, DepatureSecond, Note, NoteCode) VALUES ('96791', 'FSACM03', '0', 'JPS_FSACM03-4', 'CAL', 0, 0, 0, 0, 0, 1, 0, 16, 45, 0, '', '');
INSERT INTO DayOfOperation (VehicleJourneyRef, StartDate, EndDate) VALUES ('96791', 1509148800, 1509235199);
INSERT INTO DayOfOperation (VehicleJourneyRef, StartDate, EndDate) VALUES ('96791', 1509753600, 1509839999);
INSERT INTO DayOfOperation (VehicleJourneyRef, StartDate, EndDate) VALUES ('96791', 1510358400, 1510444799);
INSERT INTO DayOfOperation (VehicleJourneyRef, StartDate, EndDate) VALUES ('96791', 1510963200, 1511049599);
INSERT INTO DayOfOperation (VehicleJourneyRef, StartDate, EndDate) VALUES ('96791', 1511568000, 1511654399);
INSERT INTO DayOfOperation (VehicleJourneyRef, StartDate, EndDate) VALUES ('96791', 1512172800, 1512259199);
INSERT INTO DayOfOperation (VehicleJourneyRef, StartDate, EndDate) VALUES ('96791', 1512777600, 1512863999);
INSERT INTO DayOfOperation (VehicleJourneyRef, StartDate, EndDate) VALUES ('96791', 1513382400, 1513468799);
INSERT INTO DayOfOperation (VehicleJourneyRef, StartDate, EndDate) VALUES ('96791', 1513987200, 1514073599);
INSERT INTO DayOfOperation (VehicleJourneyRef, StartDate, EndDate) VALUES ('96791', 1514592000, 1514678399);
INSERT INTO DayOfOperation (VehicleJourneyRef, StartDate, EndDate) VALUES ('96791', 1515196800, 1515283199);
INSERT INTO DayOfOperation (VehicleJourneyRef, StartDate, EndDate) VALUES ('96791', 1515801600, 1515887999);
INSERT INTO DayOfOperation (VehicleJourneyRef, StartDate, EndDate) VALUES ('96791', 1516406400, 1516492799);
INSERT INTO DayOfOperation (VehicleJourneyRef, StartDate, EndDate) VALUES ('96791', 1517011200, 1517097599);
INSERT INTO DayOfOperation (VehicleJourneyRef, StartDate, EndDate) VALUES ('96791', 1517616000, 1517702399);
INSERT INTO DayOfOperation (VehicleJourneyRef, StartDate, EndDate) VALUES ('96791', 1518220800, 1518307199);
INSERT INTO DayOfOperation (VehicleJourneyRef, StartDate, EndDate) VALUES ('96791', 1518825600, 1518911999);
INSERT INTO DayOfOperation (VehicleJourneyRef, StartDate, EndDate) VALUES ('96791', 1519430400, 1519516799);
INSERT INTO DayOfOperation (VehicleJourneyRef, StartDate, EndDate) VALUES ('96791', 1520035200, 1520121599);
INSERT INTO DayOfOperation (VehicleJourneyRef, StartDate, EndDate) VALUES ('96791', 1520640000, 1520726399);
INSERT INTO DayOfOperation (VehicleJourneyRef, StartDate, EndDate) VALUES ('96791', 1521244800, 1521331199);
INSERT INTO DayOfOperation (VehicleJourneyRef, StartDate, EndDate) VALUES ('96791', 1521849600, 1521935999);
INSERT INTO DayOfOperation (VehicleJourneyRef, StartDate, EndDate) VALUES ('96791', 1522454400, 1522540799);
INSERT INTO DayOfOperation (VehicleJourneyRef, StartDate, EndDate) VALUES ('96791', 1523059200, 1523145599);
INSERT INTO DayOfOperation (VehicleJourneyRef, StartDate, EndDate) VALUES ('96791', 1523664000, 1523750399);
INSERT INTO DayOfOperation (VehicleJourneyRef, StartDate, EndDate) VALUES ('96791', 1524268800, 1524355199);
INSERT INTO DayOfOperation (VehicleJourneyRef, StartDate, EndDate) VALUES ('96791', 1524873600, 1524959999);
INSERT INTO DayOfOperation (VehicleJourneyRef, StartDate, EndDate) VALUES ('96791', 1525478400, 1525564799);
INSERT INTO DayOfOperation (VehicleJourneyRef, StartDate, EndDate) VALUES ('96791', 1526083200, 1526169599);
INSERT INTO DayOfOperation (VehicleJourneyRef, StartDate, EndDate) VALUES ('96791', 1526688000, 1526774399);
INSERT INTO DayOfOperation (VehicleJourneyRef, StartDate, EndDate) VALUES ('96791', 1527292800, 1527379199);
INSERT INTO DayOfOperation (VehicleJourneyRef, StartDate, EndDate) VALUES ('96791', 1527897600, 1527983999);
INSERT INTO DayOfOperation (VehicleJourneyRef, StartDate, EndDate) VALUES ('96791', 1528502400, 1528588799);
INSERT INTO DayOfNonOperation (VehicleJourneyRef, StartDate, EndDate) VALUES ('96791', 1490918400, 1508716799);
INSERT INTO VehicleJourney (VehicleJourneyCode, ServiceRef, LineRef, JourneyPatternRef, OperatorRef, Monday, Tuesday, Wednesday, Thursday, Friday, Saturday, Sunday, DepatureHour, DepatureMinute, DepatureSecond, Note, NoteCode) VALUES ('96792', 'FSACM03', '0', 'JPS_FSACM03-4', 'CAL', 0, 0, 0, 0, 0, 1, 0, 17, 30, 0, '', '');
INSERT INTO DayOfOperation (VehicleJourneyRef, StartDate, EndDate) VALUES ('96792', 1509148800, 1509235199);
INSERT INTO DayOfOperation (VehicleJourneyRef, StartDate, EndDate) VALUES ('96792', 1509753600, 1509839999);
INSERT INTO DayOfOperation (VehicleJourneyRef, StartDate, EndDate) VALUES ('96792', 1510358400, 1510444799);
INSERT INTO DayOfOperation (VehicleJourneyRef, StartDate, EndDate) VALUES ('96792', 1510963200, 1511049599);
INSERT INTO DayOfOperation (VehicleJourneyRef, StartDate, EndDate) VALUES ('96792', 1511568000, 1511654399);
INSERT INTO DayOfOperation (VehicleJourneyRef, StartDate, EndDate) VALUES ('96792', 1512172800, 1512259199);
INSERT INTO DayOfOperation (VehicleJourneyRef, StartDate, EndDate) VALUES ('96792', 1512777600, 1512863999);
INSERT INTO DayOfOperation (VehicleJourneyRef, StartDate, EndDate) VALUES ('96792', 1513382400, 1513468799);
INSERT INTO DayOfOperation (VehicleJourneyRef, StartDate, EndDate) VALUES ('96792', 1513987200, 1514073599);
INSERT INTO DayOfOperation (VehicleJourneyRef, StartDate, EndDate) VALUES ('96792', 1514592000, 1514678399);
INSERT INTO DayOfOperation (VehicleJourneyRef, StartDate, EndDate) VALUES ('96792', 1515196800, 1515283199);
INSERT INTO DayOfOperation (VehicleJourneyRef, StartDate, EndDate) VALUES ('96792', 1515801600, 1515887999);
INSERT INTO DayOfOperation (VehicleJourneyRef, StartDate, EndDate) VALUES ('96792', 1516406400, 1516492799);
INSERT INTO DayOfOperation (VehicleJourneyRef, StartDate, EndDate) VALUES ('96792', 1517011200, 1517097599);
INSERT INTO DayOfOperation (VehicleJourneyRef, StartDate, EndDate) VALUES ('96792', 1517616000, 1517702399);
INSERT INTO DayOfOperation (VehicleJourneyRef, StartDate, EndDate) VALUES ('96792', 1518220800, 1518307199);
INSERT INTO DayOfOperation (VehicleJourneyRef, StartDate, EndDate) VALUES ('96792', 1518825600, 1518911999);
INSERT INTO DayOfOperation (VehicleJourneyRef, StartDate, EndDate) VALUES ('96792', 1519430400, 1519516799);
INSERT INTO DayOfOperation (VehicleJourneyRef, StartDate, EndDate) VALUES ('96792', 1520035200, 1520121599);
INSERT INTO DayOfOperation (VehicleJourneyRef, StartDate, EndDate) VALUES ('96792', 1520640000, 1520726399);
INSERT INTO DayOfOperation (VehicleJourneyRef, StartDate, EndDate) VALUES ('96792', 1521244800, 1521331199);
INSERT INTO DayOfOperation (VehicleJourneyRef, StartDate, EndDate) VALUES ('96792', 1521849600, 1521935999);
INSERT INTO DayOfOperation (VehicleJourneyRef, StartDate, EndDate) VALUES ('96792', 1522454400, 1522540799);
INSERT INTO DayOfOperation (VehicleJourneyRef, StartDate, EndDate) VALUES ('96792', 1523059200, 1523145599);
INSERT INTO DayOfOperation (VehicleJourneyRef, StartDate, EndDate) VALUES ('96792', 1523664000, 1523750399);
INSERT INTO DayOfOperation (VehicleJourneyRef, StartDate, EndDate) VALUES ('96792', 1524268800, 1524355199);
INSERT INTO DayOfOperation (VehicleJourneyRef, StartDate, EndDate) VALUES ('96792', 1524873600, 1524959999);
INSERT INTO DayOfOperation (VehicleJourneyRef, StartDate, EndDate) VALUES ('96792', 1525478400, 1525564799);
INSERT INTO DayOfOperation (VehicleJourneyRef, StartDate, EndDate) VALUES ('96792', 1526083200, 1526169599);
INSERT INTO DayOfOperation (VehicleJourneyRef, StartDate, EndDate) VALUES ('96792', 1526688000, 1526774399);
INSERT INTO DayOfOperation (VehicleJourneyRef, StartDate, EndDate) VALUES ('96792', 1527292800, 1527379199);
INSERT INTO DayOfOperation (VehicleJourneyRef, StartDate, EndDate) VALUES ('96792', 1527897600, 1527983999);
INSERT INTO DayOfOperation (VehicleJourneyRef, StartDate, EndDate) VALUES ('96792', 1528502400, 1528588799);
INSERT INTO DayOfNonOperation (VehicleJourneyRef, StartDate, EndDate) VALUES ('96792', 1490918400, 1508716799);
INSERT INTO VehicleJourney (VehicleJourneyCode, ServiceRef, LineRef, JourneyPatternRef, OperatorRef, Monday, Tuesday, Wednesday, Thursday, Friday, Saturday, Sunday, DepatureHour, DepatureMinute, DepatureSecond, Note, NoteCode) VALUES ('96793', 'FSACM03', '0', 'JPS_FSACM03-4', 'CAL', 0, 0, 0, 0, 0, 1, 0, 18, 15, 0, '', '');
INSERT INTO DayOfOperation (VehicleJourneyRef, StartDate, EndDate) VALUES ('96793', 1509148800, 1509235199);
INSERT INTO DayOfOperation (VehicleJourneyRef, StartDate, EndDate) VALUES ('96793', 1509753600, 1509839999);
INSERT INTO DayOfOperation (VehicleJourneyRef, StartDate, EndDate) VALUES ('96793', 1510358400, 1510444799);
INSERT INTO DayOfOperation (VehicleJourneyRef, StartDate, EndDate) VALUES ('96793', 1510963200, 1511049599);
INSERT INTO DayOfOperation (VehicleJourneyRef, StartDate, EndDate) VALUES ('96793', 1511568000, 1511654399);
INSERT INTO DayOfOperation (VehicleJourneyRef, StartDate, EndDate) VALUES ('96793', 1512172800, 1512259199);
INSERT INTO DayOfOperation (VehicleJourneyRef, StartDate, EndDate) VALUES ('96793', 1512777600, 1512863999);
INSERT INTO DayOfOperation (VehicleJourneyRef, StartDate, EndDate) VALUES ('96793', 1513382400, 1513468799);
INSERT INTO DayOfOperation (VehicleJourneyRef, StartDate, EndDate) VALUES ('96793', 1513987200, 1514073599);
INSERT INTO DayOfOperation (VehicleJourneyRef, StartDate, EndDate) VALUES ('96793', 1514592000, 1514678399);
INSERT INTO DayOfOperation (VehicleJourneyRef, StartDate, EndDate) VALUES ('96793', 1515196800, 1515283199);
INSERT INTO DayOfOperation (VehicleJourneyRef, StartDate, EndDate) VALUES ('96793', 1515801600, 1515887999);
INSERT INTO DayOfOperation (VehicleJourneyRef, StartDate, EndDate) VALUES ('96793', 1516406400, 1516492799);
INSERT INTO DayOfOperation (VehicleJourneyRef, StartDate, EndDate) VALUES ('96793', 1517011200, 1517097599);
INSERT INTO DayOfOperation (VehicleJourneyRef, StartDate, EndDate) VALUES ('96793', 1517616000, 1517702399);
INSERT INTO DayOfOperation (VehicleJourneyRef, StartDate, EndDate) VALUES ('96793', 1518220800, 1518307199);
INSERT INTO DayOfOperation (VehicleJourneyRef, StartDate, EndDate) VALUES ('96793', 1518825600, 1518911999);
INSERT INTO DayOfOperation (VehicleJourneyRef, StartDate, EndDate) VALUES ('96793', 1519430400, 1519516799);
INSERT INTO DayOfOperation (VehicleJourneyRef, StartDate, EndDate) VALUES ('96793', 1520035200, 1520121599);
INSERT INTO DayOfOperation (VehicleJourneyRef, StartDate, EndDate) VALUES ('96793', 1520640000, 1520726399);
INSERT INTO DayOfOperation (VehicleJourneyRef, StartDate, EndDate) VALUES ('96793', 1521244800, 1521331199);
INSERT INTO DayOfOperation (VehicleJourneyRef, StartDate, EndDate) VALUES ('96793', 1521849600, 1521935999);
INSERT INTO DayOfOperation (VehicleJourneyRef, StartDate, EndDate) VALUES ('96793', 1522454400, 1522540799);
INSERT INTO DayOfOperation (VehicleJourneyRef, StartDate, EndDate) VALUES ('96793', 1523059200, 1523145599);
INSERT INTO DayOfOperation (VehicleJourneyRef, StartDate, EndDate) VALUES ('96793', 1523664000, 1523750399);
INSERT INTO DayOfOperation (VehicleJourneyRef, StartDate, EndDate) VALUES ('96793', 1524268800, 1524355199);
INSERT INTO DayOfOperation (VehicleJourneyRef, StartDate, EndDate) VALUES ('96793', 1524873600, 1524959999);
INSERT INTO DayOfOperation (VehicleJourneyRef, StartDate, EndDate) VALUES ('96793', 1525478400, 1525564799);
INSERT INTO DayOfOperation (VehicleJourneyRef, StartDate, EndDate) VALUES ('96793', 1526083200, 1526169599);
INSERT INTO DayOfOperation (VehicleJourneyRef, StartDate, EndDate) VALUES ('96793', 1526688000, 1526774399);
INSERT INTO DayOfOperation (VehicleJourneyRef, StartDate, EndDate) VALUES ('96793', 1527292800, 1527379199);
INSERT INTO DayOfOperation (VehicleJourneyRef, StartDate, EndDate) VALUES ('96793', 1527897600, 1527983999);
INSERT INTO DayOfOperation (VehicleJourneyRef, StartDate, EndDate) VALUES ('96793', 1528502400, 1528588799);
INSERT INTO DayOfNonOperation (VehicleJourneyRef, StartDate, EndDate) VALUES ('96793', 1490918400, 1508716799);
INSERT INTO VehicleJourney (VehicleJourneyCode, ServiceRef, LineRef, JourneyPatternRef, OperatorRef, Monday, Tuesday, Wednesday, Thursday, Friday, Saturday, Sunday, DepatureHour, DepatureMinute, DepatureSecond, Note, NoteCode) VALUES ('96794', 'FSACM03', '0', 'JPS_FSACM03-4', 'CAL', 0, 0, 0, 0, 0, 1, 0, 19, 0, 0, '', '');
INSERT INTO DayOfOperation (VehicleJourneyRef, StartDate, EndDate) VALUES ('96794', 1509148800, 1509235199);
INSERT INTO DayOfOperation (VehicleJourneyRef, StartDate, EndDate) VALUES ('96794', 1509753600, 1509839999);
INSERT INTO DayOfOperation (VehicleJourneyRef, StartDate, EndDate) VALUES ('96794', 1510358400, 1510444799);
INSERT INTO DayOfOperation (VehicleJourneyRef, StartDate, EndDate) VALUES ('96794', 1510963200, 1511049599);
INSERT INTO DayOfOperation (VehicleJourneyRef, StartDate, EndDate) VALUES ('96794', 1511568000, 1511654399);
INSERT INTO DayOfOperation (VehicleJourneyRef, StartDate, EndDate) VALUES ('96794', 1512172800, 1512259199);
INSERT INTO DayOfOperation (VehicleJourneyRef, StartDate, EndDate) VALUES ('96794', 1512777600, 1512863999);
INSERT INTO DayOfOperation (VehicleJourneyRef, StartDate, EndDate) VALUES ('96794', 1513382400, 1513468799);
INSERT INTO DayOfOperation (VehicleJourneyRef, StartDate, EndDate) VALUES ('96794', 1513987200, 1514073599);
INSERT INTO DayOfOperation (VehicleJourneyRef, StartDate, EndDate) VALUES ('96794', 1514592000, 1514678399);
INSERT INTO DayOfOperation (VehicleJourneyRef, StartDate, EndDate) VALUES ('96794', 1515196800, 1515283199);
INSERT INTO DayOfOperation (VehicleJourneyRef, StartDate, EndDate) VALUES ('96794', 1515801600, 1515887999);
INSERT INTO DayOfOperation (VehicleJourneyRef, StartDate, EndDate) VALUES ('96794', 1516406400, 1516492799);
INSERT INTO DayOfOperation (VehicleJourneyRef, StartDate, EndDate) VALUES ('96794', 1517011200, 1517097599);
INSERT INTO DayOfOperation (VehicleJourneyRef, StartDate, EndDate) VALUES ('96794', 1517616000, 1517702399);
INSERT INTO DayOfOperation (VehicleJourneyRef, StartDate, EndDate) VALUES ('96794', 1518220800, 1518307199);
INSERT INTO DayOfOperation (VehicleJourneyRef, StartDate, EndDate) VALUES ('96794', 1518825600, 1518911999);
INSERT INTO DayOfOperation (VehicleJourneyRef, StartDate, EndDate) VALUES ('96794', 1519430400, 1519516799);
INSERT INTO DayOfOperation (VehicleJourneyRef, StartDate, EndDate) VALUES ('96794', 1520035200, 1520121599);
INSERT INTO DayOfOperation (VehicleJourneyRef, StartDate, EndDate) VALUES ('96794', 1520640000, 1520726399);
INSERT INTO DayOfOperation (VehicleJourneyRef, StartDate, EndDate) VALUES ('96794', 1521244800, 1521331199);
INSERT INTO DayOfOperation (VehicleJourneyRef, StartDate, EndDate) VALUES ('96794', 1521849600, 1521935999);
INSERT INTO DayOfOperation (VehicleJourneyRef, StartDate, EndDate) VALUES ('96794', 1522454400, 1522540799);
INSERT INTO DayOfOperation (VehicleJourneyRef, StartDate, EndDate) VALUES ('96794', 1523059200, 1523145599);
INSERT INTO DayOfOperation (VehicleJourneyRef, StartDate, EndDate) VALUES ('96794', 1523664000, 1523750399);
INSERT INTO DayOfOperation (VehicleJourneyRef, StartDate, EndDate) VALUES ('96794', 1524268800, 1524355199);
INSERT INTO DayOfOperation (VehicleJourneyRef, StartDate, EndDate) VALUES ('96794', 1524873600, 1524959999);
INSERT INTO DayOfOperation (VehicleJourneyRef, StartDate, EndDate) VALUES ('96794', 1525478400, 1525564799);
INSERT INTO DayOfOperation (VehicleJourneyRef, StartDate, EndDate) VALUES ('96794', 1526083200, 1526169599);
INSERT INTO DayOfOperation (VehicleJourneyRef, StartDate, EndDate) VALUES ('96794', 1526688000, 1526774399);
INSERT INTO DayOfOperation (VehicleJourneyRef, StartDate, EndDate) VALUES ('96794', 1527292800, 1527379199);
INSERT INTO DayOfOperation (VehicleJourneyRef, StartDate, EndDate) VALUES ('96794', 1527897600, 1527983999);
INSERT INTO DayOfOperation (VehicleJourneyRef, StartDate, EndDate) VALUES ('96794', 1528502400, 1528588799);
INSERT INTO DayOfNonOperation (VehicleJourneyRef, StartDate, EndDate) VALUES ('96794', 1490918400, 1508716799);
INSERT INTO VehicleJourney (VehicleJourneyCode, ServiceRef, LineRef, JourneyPatternRef, OperatorRef, Monday, Tuesday, Wednesday, Thursday, Friday, Saturday, Sunday, DepatureHour, DepatureMinute, DepatureSecond, Note, NoteCode) VALUES ('96795', 'FSACM03', '0', 'JPS_FSACM03-4', 'CAL', 0, 0, 0, 0, 0, 1, 0, 19, 45, 0, '', '');
INSERT INTO DayOfOperation (VehicleJourneyRef, StartDate, EndDate) VALUES ('96795', 1509148800, 1509235199);
INSERT INTO DayOfOperation (VehicleJourneyRef, StartDate, EndDate) VALUES ('96795', 1509753600, 1509839999);
INSERT INTO DayOfOperation (VehicleJourneyRef, StartDate, EndDate) VALUES ('96795', 1510358400, 1510444799);
INSERT INTO DayOfOperation (VehicleJourneyRef, StartDate, EndDate) VALUES ('96795', 1510963200, 1511049599);
INSERT INTO DayOfOperation (VehicleJourneyRef, StartDate, EndDate) VALUES ('96795', 1511568000, 1511654399);
INSERT INTO DayOfOperation (VehicleJourneyRef, StartDate, EndDate) VALUES ('96795', 1512172800, 1512259199);
INSERT INTO DayOfOperation (VehicleJourneyRef, StartDate, EndDate) VALUES ('96795', 1512777600, 1512863999);
INSERT INTO DayOfOperation (VehicleJourneyRef, StartDate, EndDate) VALUES ('96795', 1513382400, 1513468799);
INSERT INTO DayOfOperation (VehicleJourneyRef, StartDate, EndDate) VALUES ('96795', 1513987200, 1514073599);
INSERT INTO DayOfOperation (VehicleJourneyRef, StartDate, EndDate) VALUES ('96795', 1514592000, 1514678399);
INSERT INTO DayOfOperation (VehicleJourneyRef, StartDate, EndDate) VALUES ('96795', 1515196800, 1515283199);
INSERT INTO DayOfOperation (VehicleJourneyRef, StartDate, EndDate) VALUES ('96795', 1515801600, 1515887999);
INSERT INTO DayOfOperation (VehicleJourneyRef, StartDate, EndDate) VALUES ('96795', 1516406400, 1516492799);
INSERT INTO DayOfOperation (VehicleJourneyRef, StartDate, EndDate) VALUES ('96795', 1517011200, 1517097599);
INSERT INTO DayOfOperation (VehicleJourneyRef, StartDate, EndDate) VALUES ('96795', 1517616000, 1517702399);
INSERT INTO DayOfOperation (VehicleJourneyRef, StartDate, EndDate) VALUES ('96795', 1518220800, 1518307199);
INSERT INTO DayOfOperation (VehicleJourneyRef, StartDate, EndDate) VALUES ('96795', 1518825600, 1518911999);
INSERT INTO DayOfOperation (VehicleJourneyRef, StartDate, EndDate) VALUES ('96795', 1519430400, 1519516799);
INSERT INTO DayOfOperation (VehicleJourneyRef, StartDate, EndDate) VALUES ('96795', 1520035200, 1520121599);
INSERT INTO DayOfOperation (VehicleJourneyRef, StartDate, EndDate) VALUES ('96795', 1520640000, 1520726399);
INSERT INTO DayOfOperation (VehicleJourneyRef, StartDate, EndDate) VALUES ('96795', 1521244800, 1521331199);
INSERT INTO DayOfOperation (VehicleJourneyRef, StartDate, EndDate) VALUES ('96795', 1521849600, 1521935999);
INSERT INTO DayOfOperation (VehicleJourneyRef, StartDate, EndDate) VALUES ('96795', 1522454400, 1522540799);
INSERT INTO DayOfOperation (VehicleJourneyRef, StartDate, EndDate) VALUES ('96795', 1523059200, 1523145599);
INSERT INTO DayOfOperation (VehicleJourneyRef, StartDate, EndDate) VALUES ('96795', 1523664000, 1523750399);
INSERT INTO DayOfOperation (VehicleJourneyRef, StartDate, EndDate) VALUES ('96795', 1524268800, 1524355199);
INSERT INTO DayOfOperation (VehicleJourneyRef, StartDate, EndDate) VALUES ('96795', 1524873600, 1524959999);
INSERT INTO DayOfOperation (VehicleJourneyRef, StartDate, EndDate) VALUES ('96795', 1525478400, 1525564799);
INSERT INTO DayOfOperation (VehicleJourneyRef, StartDate, EndDate) VALUES ('96795', 1526083200, 1526169599);
INSERT INTO DayOfOperation (VehicleJourneyRef, StartDate, EndDate) VALUES ('96795', 1526688000, 1526774399);
INSERT INTO DayOfOperation (VehicleJourneyRef, StartDate, EndDate) VALUES ('96795', 1527292800, 1527379199);
INSERT INTO DayOfOperation (VehicleJourneyRef, StartDate, EndDate) VALUES ('96795', 1527897600, 1527983999);
INSERT INTO DayOfOperation (VehicleJourneyRef, StartDate, EndDate) VALUES ('96795', 1528502400, 1528588799);
INSERT INTO DayOfNonOperation (VehicleJourneyRef, StartDate, EndDate) VALUES ('96795', 1490918400, 1508716799);
INSERT INTO VehicleJourney (VehicleJourneyCode, ServiceRef, LineRef, JourneyPatternRef, OperatorRef, Monday, Tuesday, Wednesday, Thursday, Friday, Saturday, Sunday, DepatureHour, DepatureMinute, DepatureSecond, Note, NoteCode) VALUES ('96810', 'FSACM03', '0', 'JPS_FSACM03-4', 'CAL', 0, 0, 0, 0, 0, 0, 1, 8, 45, 0, '', '');
INSERT INTO DayOfOperation (VehicleJourneyRef, StartDate, EndDate) VALUES ('96810', 1509235200, 1509321599);
INSERT INTO DayOfOperation (VehicleJourneyRef, StartDate, EndDate) VALUES ('96810', 1509840000, 1509926399);
INSERT INTO DayOfOperation (VehicleJourneyRef, StartDate, EndDate) VALUES ('96810', 1510444800, 1510531199);
INSERT INTO DayOfOperation (VehicleJourneyRef, StartDate, EndDate) VALUES ('96810', 1511049600, 1511135999);
INSERT INTO DayOfOperation (VehicleJourneyRef, StartDate, EndDate) VALUES ('96810', 1511654400, 1511740799);
INSERT INTO DayOfOperation (VehicleJourneyRef, StartDate, EndDate) VALUES ('96810', 1512259200, 1512345599);
INSERT INTO DayOfOperation (VehicleJourneyRef, StartDate, EndDate) VALUES ('96810', 1512864000, 1512950399);
INSERT INTO DayOfOperation (VehicleJourneyRef, StartDate, EndDate) VALUES ('96810', 1513468800, 1513555199);
INSERT INTO DayOfOperation (VehicleJourneyRef, StartDate, EndDate) VALUES ('96810', 1514073600, 1514159999);
INSERT INTO DayOfOperation (VehicleJourneyRef, StartDate, EndDate) VALUES ('96810', 1514678400, 1514764799);
INSERT INTO DayOfOperation (VehicleJourneyRef, StartDate, EndDate) VALUES ('96810', 1515283200, 1515369599);
INSERT INTO DayOfOperation (VehicleJourneyRef, StartDate, EndDate) VALUES ('96810', 1515888000, 1515974399);
INSERT INTO DayOfOperation (VehicleJourneyRef, StartDate, EndDate) VALUES ('96810', 1516492800, 1516579199);
INSERT INTO DayOfOperation (VehicleJourneyRef, StartDate, EndDate) VALUES ('96810', 1517097600, 1517183999);
INSERT INTO DayOfOperation (VehicleJourneyRef, StartDate, EndDate) VALUES ('96810', 1517702400, 1517788799);
INSERT INTO DayOfOperation (VehicleJourneyRef, StartDate, EndDate) VALUES ('96810', 1518307200, 1518393599);
INSERT INTO DayOfOperation (VehicleJourneyRef, StartDate, EndDate) VALUES ('96810', 1518912000, 1518998399);
INSERT INTO DayOfOperation (VehicleJourneyRef, StartDate, EndDate) VALUES ('96810', 1519516800, 1519603199);
INSERT INTO DayOfOperation (VehicleJourneyRef, StartDate, EndDate) VALUES ('96810', 1520121600, 1520207999);
INSERT INTO DayOfOperation (VehicleJourneyRef, StartDate, EndDate) VALUES ('96810', 1520726400, 1520812799);
INSERT INTO DayOfOperation (VehicleJourneyRef, StartDate, EndDate) VALUES ('96810', 1521331200, 1521417599);
INSERT INTO DayOfOperation (VehicleJourneyRef, StartDate, EndDate) VALUES ('96810', 1521936000, 1522022399);
INSERT INTO DayOfOperation (VehicleJourneyRef, StartDate, EndDate) VALUES ('96810', 1522540800, 1522627199);
INSERT INTO DayOfOperation (VehicleJourneyRef, StartDate, EndDate) VALUES ('96810', 1523145600, 1523231999);
INSERT INTO DayOfOperation (VehicleJourneyRef, StartDate, EndDate) VALUES ('96810', 1523750400, 1523836799);
INSERT INTO DayOfOperation (VehicleJourneyRef, StartDate, EndDate) VALUES ('96810', 1524355200, 1524441599);
INSERT INTO DayOfOperation (VehicleJourneyRef, StartDate, EndDate) VALUES ('96810', 1524960000, 1525046399);
INSERT INTO DayOfOperation (VehicleJourneyRef, StartDate, EndDate) VALUES ('96810', 1525564800, 1525651199);
INSERT INTO DayOfOperation (VehicleJourneyRef, StartDate, EndDate) VALUES ('96810', 1526169600, 1526255999);
INSERT INTO DayOfOperation (VehicleJourneyRef, StartDate, EndDate) VALUES ('96810', 1526774400, 1526860799);
INSERT INTO DayOfOperation (VehicleJourneyRef, StartDate, EndDate) VALUES ('96810', 1527379200, 1527465599);
INSERT INTO DayOfOperation (VehicleJourneyRef, StartDate, EndDate) VALUES ('96810', 1527984000, 1528070399);
INSERT INTO DayOfOperation (VehicleJourneyRef, StartDate, EndDate) VALUES ('96810', 1528588800, 1528675199);
INSERT INTO DayOfNonOperation (VehicleJourneyRef, StartDate, EndDate) VALUES ('96810', 1490918400, 1508716799);
INSERT INTO VehicleJourney (VehicleJourneyCode, ServiceRef, LineRef, JourneyPatternRef, OperatorRef, Monday, Tuesday, Wednesday, Thursday, Friday, Saturday, Sunday, DepatureHour, DepatureMinute, DepatureSecond, Note, NoteCode) VALUES ('96811', 'FSACM03', '0', 'JPS_FSACM03-4', 'CAL', 0, 0, 0, 0, 0, 0, 1, 10, 15, 0, '', '');
INSERT INTO DayOfOperation (VehicleJourneyRef, StartDate, EndDate) VALUES ('96811', 1509235200, 1509321599);
INSERT INTO DayOfOperation (VehicleJourneyRef, StartDate, EndDate) VALUES ('96811', 1509840000, 1509926399);
INSERT INTO DayOfOperation (VehicleJourneyRef, StartDate, EndDate) VALUES ('96811', 1510444800, 1510531199);
INSERT INTO DayOfOperation (VehicleJourneyRef, StartDate, EndDate) VALUES ('96811', 1511049600, 1511135999);
INSERT INTO DayOfOperation (VehicleJourneyRef, StartDate, EndDate) VALUES ('96811', 1511654400, 1511740799);
INSERT INTO DayOfOperation (VehicleJourneyRef, StartDate, EndDate) VALUES ('96811', 1512259200, 1512345599);
INSERT INTO DayOfOperation (VehicleJourneyRef, StartDate, EndDate) VALUES ('96811', 1512864000, 1512950399);
INSERT INTO DayOfOperation (VehicleJourneyRef, StartDate, EndDate) VALUES ('96811', 1513468800, 1513555199);
INSERT INTO DayOfOperation (VehicleJourneyRef, StartDate, EndDate) VALUES ('96811', 1514073600, 1514159999);
INSERT INTO DayOfOperation (VehicleJourneyRef, StartDate, EndDate) VALUES ('96811', 1514678400, 1514764799);
INSERT INTO DayOfOperation (VehicleJourneyRef, StartDate, EndDate) VALUES ('96811', 1515283200, 1515369599);
INSERT INTO DayOfOperation (VehicleJourneyRef, StartDate, EndDate) VALUES ('96811', 1515888000, 1515974399);
INSERT INTO DayOfOperation (VehicleJourneyRef, StartDate, EndDate) VALUES ('96811', 1516492800, 1516579199);
INSERT INTO DayOfOperation (VehicleJourneyRef, StartDate, EndDate) VALUES ('96811', 1517097600, 1517183999);
INSERT INTO DayOfOperation (VehicleJourneyRef, StartDate, EndDate) VALUES ('96811', 1517702400, 1517788799);
INSERT INTO DayOfOperation (VehicleJourneyRef, StartDate, EndDate) VALUES ('96811', 1518307200, 1518393599);
INSERT INTO DayOfOperation (VehicleJourneyRef, StartDate, EndDate) VALUES ('96811', 1518912000, 1518998399);
INSERT INTO DayOfOperation (VehicleJourneyRef, StartDate, EndDate) VALUES ('96811', 1519516800, 1519603199);
INSERT INTO DayOfOperation (VehicleJourneyRef, StartDate, EndDate) VALUES ('96811', 1520121600, 1520207999);
INSERT INTO DayOfOperation (VehicleJourneyRef, StartDate, EndDate) VALUES ('96811', 1520726400, 1520812799);
INSERT INTO DayOfOperation (VehicleJourneyRef, StartDate, EndDate) VALUES ('96811', 1521331200, 1521417599);
INSERT INTO DayOfOperation (VehicleJourneyRef, StartDate, EndDate) VALUES ('96811', 1521936000, 1522022399);
INSERT INTO DayOfOperation (VehicleJourneyRef, StartDate, EndDate) VALUES ('96811', 1522540800, 1522627199);
INSERT INTO DayOfOperation (VehicleJourneyRef, StartDate, EndDate) VALUES ('96811', 1523145600, 1523231999);
INSERT INTO DayOfOperation (VehicleJourneyRef, StartDate, EndDate) VALUES ('96811', 1523750400, 1523836799);
INSERT INTO DayOfOperation (VehicleJourneyRef, StartDate, EndDate) VALUES ('96811', 1524355200, 1524441599);
INSERT INTO DayOfOperation (VehicleJourneyRef, StartDate, EndDate) VALUES ('96811', 1524960000, 1525046399);
INSERT INTO DayOfOperation (VehicleJourneyRef, StartDate, EndDate) VALUES ('96811', 1525564800, 1525651199);
INSERT INTO DayOfOperation (VehicleJourneyRef, StartDate, EndDate) VALUES ('96811', 1526169600, 1526255999);
INSERT INTO DayOfOperation (VehicleJourneyRef, StartDate, EndDate) VALUES ('96811', 1526774400, 1526860799);
INSERT INTO DayOfOperation (VehicleJourneyRef, StartDate, EndDate) VALUES ('96811', 1527379200, 1527465599);
INSERT INTO DayOfOperation (VehicleJourneyRef, StartDate, EndDate) VALUES ('96811', 1527984000, 1528070399);
INSERT INTO DayOfOperation (VehicleJourneyRef, StartDate, EndDate) VALUES ('96811', 1528588800, 1528675199);
INSERT INTO DayOfNonOperation (VehicleJourneyRef, StartDate, EndDate) VALUES ('96811', 1490918400, 1508716799);
INSERT INTO VehicleJourney (VehicleJourneyCode, ServiceRef, LineRef, JourneyPatternRef, OperatorRef, Monday, Tuesday, Wednesday, Thursday, Friday, Saturday, Sunday, DepatureHour, DepatureMinute, DepatureSecond, Note, NoteCode) VALUES ('96812', 'FSACM03', '0', 'JPS_FSACM03-4', 'CAL', 0, 0, 0, 0, 0, 0, 1, 12, 0, 0, '', '');
INSERT INTO DayOfOperation (VehicleJourneyRef, StartDate, EndDate) VALUES ('96812', 1509235200, 1509321599);
INSERT INTO DayOfOperation (VehicleJourneyRef, StartDate, EndDate) VALUES ('96812', 1509840000, 1509926399);
INSERT INTO DayOfOperation (VehicleJourneyRef, StartDate, EndDate) VALUES ('96812', 1510444800, 1510531199);
INSERT INTO DayOfOperation (VehicleJourneyRef, StartDate, EndDate) VALUES ('96812', 1511049600, 1511135999);
INSERT INTO DayOfOperation (VehicleJourneyRef, StartDate, EndDate) VALUES ('96812', 1511654400, 1511740799);
INSERT INTO DayOfOperation (VehicleJourneyRef, StartDate, EndDate) VALUES ('96812', 1512259200, 1512345599);
INSERT INTO DayOfOperation (VehicleJourneyRef, StartDate, EndDate) VALUES ('96812', 1512864000, 1512950399);
INSERT INTO DayOfOperation (VehicleJourneyRef, StartDate, EndDate) VALUES ('96812', 1513468800, 1513555199);
INSERT INTO DayOfOperation (VehicleJourneyRef, StartDate, EndDate) VALUES ('96812', 1514073600, 1514159999);
INSERT INTO DayOfOperation (VehicleJourneyRef, StartDate, EndDate) VALUES ('96812', 1514678400, 1514764799);
INSERT INTO DayOfOperation (VehicleJourneyRef, StartDate, EndDate) VALUES ('96812', 1515283200, 1515369599);
INSERT INTO DayOfOperation (VehicleJourneyRef, StartDate, EndDate) VALUES ('96812', 1515888000, 1515974399);
INSERT INTO DayOfOperation (VehicleJourneyRef, StartDate, EndDate) VALUES ('96812', 1516492800, 1516579199);
INSERT INTO DayOfOperation (VehicleJourneyRef, StartDate, EndDate) VALUES ('96812', 1517097600, 1517183999);
INSERT INTO DayOfOperation (VehicleJourneyRef, StartDate, EndDate) VALUES ('96812', 1517702400, 1517788799);
INSERT INTO DayOfOperation (VehicleJourneyRef, StartDate, EndDate) VALUES ('96812', 1518307200, 1518393599);
INSERT INTO DayOfOperation (VehicleJourneyRef, StartDate, EndDate) VALUES ('96812', 1518912000, 1518998399);
INSERT INTO DayOfOperation (VehicleJourneyRef, StartDate, EndDate) VALUES ('96812', 1519516800, 1519603199);
INSERT INTO DayOfOperation (VehicleJourneyRef, StartDate, EndDate) VALUES ('96812', 1520121600, 1520207999);
INSERT INTO DayOfOperation (VehicleJourneyRef, StartDate, EndDate) VALUES ('96812', 1520726400, 1520812799);
INSERT INTO DayOfOperation (VehicleJourneyRef, StartDate, EndDate) VALUES ('96812', 1521331200, 1521417599);
INSERT INTO DayOfOperation (VehicleJourneyRef, StartDate, EndDate) VALUES ('96812', 1521936000, 1522022399);
INSERT INTO DayOfOperation (VehicleJourneyRef, StartDate, EndDate) VALUES ('96812', 1522540800, 1522627199);
INSERT INTO DayOfOperation (VehicleJourneyRef, StartDate, EndDate) VALUES ('96812', 1523145600, 1523231999);
INSERT INTO DayOfOperation (VehicleJourneyRef, StartDate, EndDate) VALUES ('96812', 1523750400, 1523836799);
INSERT INTO DayOfOperation (VehicleJourneyRef, StartDate, EndDate) VALUES ('96812', 1524355200, 1524441599);
INSERT INTO DayOfOperation (VehicleJourneyRef, StartDate, EndDate) VALUES ('96812', 1524960000, 1525046399);
INSERT INTO DayOfOperation (VehicleJourneyRef, StartDate, EndDate) VALUES ('96812', 1525564800, 1525651199);
INSERT INTO DayOfOperation (VehicleJourneyRef, StartDate, EndDate) VALUES ('96812', 1526169600, 1526255999);
INSERT INTO DayOfOperation (VehicleJourneyRef, StartDate, EndDate) VALUES ('96812', 1526774400, 1526860799);
INSERT INTO DayOfOperation (VehicleJourneyRef, StartDate, EndDate) VALUES ('96812', 1527379200, 1527465599);
INSERT INTO DayOfOperation (VehicleJourneyRef, StartDate, EndDate) VALUES ('96812', 1527984000, 1528070399);
INSERT INTO DayOfOperation (VehicleJourneyRef, StartDate, EndDate) VALUES ('96812', 1528588800, 1528675199);
INSERT INTO DayOfNonOperation (VehicleJourneyRef, StartDate, EndDate) VALUES ('96812', 1490918400, 1508716799);
INSERT INTO VehicleJourney (VehicleJourneyCode, ServiceRef, LineRef, JourneyPatternRef, OperatorRef, Monday, Tuesday, Wednesday, Thursday, Friday, Saturday, Sunday, DepatureHour, DepatureMinute, DepatureSecond, Note, NoteCode) VALUES ('96813', 'FSACM03', '0', 'JPS_FSACM03-4', 'CAL', 0, 0, 0, 0, 0, 0, 1, 13, 0, 0, '', '');
INSERT INTO DayOfOperation (VehicleJourneyRef, StartDate, EndDate) VALUES ('96813', 1509235200, 1509321599);
INSERT INTO DayOfOperation (VehicleJourneyRef, StartDate, EndDate) VALUES ('96813', 1509840000, 1509926399);
INSERT INTO DayOfOperation (VehicleJourneyRef, StartDate, EndDate) VALUES ('96813', 1510444800, 1510531199);
INSERT INTO DayOfOperation (VehicleJourneyRef, StartDate, EndDate) VALUES ('96813', 1511049600, 1511135999);
INSERT INTO DayOfOperation (VehicleJourneyRef, StartDate, EndDate) VALUES ('96813', 1511654400, 1511740799);
INSERT INTO DayOfOperation (VehicleJourneyRef, StartDate, EndDate) VALUES ('96813', 1512259200, 1512345599);
INSERT INTO DayOfOperation (VehicleJourneyRef, StartDate, EndDate) VALUES ('96813', 1512864000, 1512950399);
INSERT INTO DayOfOperation (VehicleJourneyRef, StartDate, EndDate) VALUES ('96813', 1513468800, 1513555199);
INSERT INTO DayOfOperation (VehicleJourneyRef, StartDate, EndDate) VALUES ('96813', 1514073600, 1514159999);
INSERT INTO DayOfOperation (VehicleJourneyRef, StartDate, EndDate) VALUES ('96813', 1514678400, 1514764799);
INSERT INTO DayOfOperation (VehicleJourneyRef, StartDate, EndDate) VALUES ('96813', 1515283200, 1515369599);
INSERT INTO DayOfOperation (VehicleJourneyRef, StartDate, EndDate) VALUES ('96813', 1515888000, 1515974399);
INSERT INTO DayOfOperation (VehicleJourneyRef, StartDate, EndDate) VALUES ('96813', 1516492800, 1516579199);
INSERT INTO DayOfOperation (VehicleJourneyRef, StartDate, EndDate) VALUES ('96813', 1517097600, 1517183999);
INSERT INTO DayOfOperation (VehicleJourneyRef, StartDate, EndDate) VALUES ('96813', 1517702400, 1517788799);
INSERT INTO DayOfOperation (VehicleJourneyRef, StartDate, EndDate) VALUES ('96813', 1518307200, 1518393599);
INSERT INTO DayOfOperation (VehicleJourneyRef, StartDate, EndDate) VALUES ('96813', 1518912000, 1518998399);
INSERT INTO DayOfOperation (VehicleJourneyRef, StartDate, EndDate) VALUES ('96813', 1519516800, 1519603199);
INSERT INTO DayOfOperation (VehicleJourneyRef, StartDate, EndDate) VALUES ('96813', 1520121600, 1520207999);
INSERT INTO DayOfOperation (VehicleJourneyRef, StartDate, EndDate) VALUES ('96813', 1520726400, 1520812799);
INSERT INTO DayOfOperation (VehicleJourneyRef, StartDate, EndDate) VALUES ('96813', 1521331200, 1521417599);
INSERT INTO DayOfOperation (VehicleJourneyRef, StartDate, EndDate) VALUES ('96813', 1521936000, 1522022399);
INSERT INTO DayOfOperation (VehicleJourneyRef, StartDate, EndDate) VALUES ('96813', 1522540800, 1522627199);
INSERT INTO DayOfOperation (VehicleJourneyRef, StartDate, EndDate) VALUES ('96813', 1523145600, 1523231999);
INSERT INTO DayOfOperation (VehicleJourneyRef, StartDate, EndDate) VALUES ('96813', 1523750400, 1523836799);
INSERT INTO DayOfOperation (VehicleJourneyRef, StartDate, EndDate) VALUES ('96813', 1524355200, 1524441599);
INSERT INTO DayOfOperation (VehicleJourneyRef, StartDate, EndDate) VALUES ('96813', 1524960000, 1525046399);
INSERT INTO DayOfOperation (VehicleJourneyRef, StartDate, EndDate) VALUES ('96813', 1525564800, 1525651199);
INSERT INTO DayOfOperation (VehicleJourneyRef, StartDate, EndDate) VALUES ('96813', 1526169600, 1526255999);
INSERT INTO DayOfOperation (VehicleJourneyRef, StartDate, EndDate) VALUES ('96813', 1526774400, 1526860799);
INSERT INTO DayOfOperation (VehicleJourneyRef, StartDate, EndDate) VALUES ('96813', 1527379200, 1527465599);
INSERT INTO DayOfOperation (VehicleJourneyRef, StartDate, EndDate) VALUES ('96813', 1527984000, 1528070399);
INSERT INTO DayOfOperation (VehicleJourneyRef, StartDate, EndDate) VALUES ('96813', 1528588800, 1528675199);
INSERT INTO DayOfNonOperation (VehicleJourneyRef, StartDate, EndDate) VALUES ('96813', 1490918400, 1508716799);
INSERT INTO VehicleJourney (VehicleJourneyCode, ServiceRef, LineRef, JourneyPatternRef, OperatorRef, Monday, Tuesday, Wednesday, Thursday, Friday, Saturday, Sunday, DepatureHour, DepatureMinute, DepatureSecond, Note, NoteCode) VALUES ('96814', 'FSACM03', '0', 'JPS_FSACM03-4', 'CAL', 0, 0, 0, 0, 0, 0, 1, 14, 0, 0, '', '');
INSERT INTO DayOfOperation (VehicleJourneyRef, StartDate, EndDate) VALUES ('96814', 1509235200, 1509321599);
INSERT INTO DayOfOperation (VehicleJourneyRef, StartDate, EndDate) VALUES ('96814', 1509840000, 1509926399);
INSERT INTO DayOfOperation (VehicleJourneyRef, StartDate, EndDate) VALUES ('96814', 1510444800, 1510531199);
INSERT INTO DayOfOperation (VehicleJourneyRef, StartDate, EndDate) VALUES ('96814', 1511049600, 1511135999);
INSERT INTO DayOfOperation (VehicleJourneyRef, StartDate, EndDate) VALUES ('96814', 1511654400, 1511740799);
INSERT INTO DayOfOperation (VehicleJourneyRef, StartDate, EndDate) VALUES ('96814', 1512259200, 1512345599);
INSERT INTO DayOfOperation (VehicleJourneyRef, StartDate, EndDate) VALUES ('96814', 1512864000, 1512950399);
INSERT INTO DayOfOperation (VehicleJourneyRef, StartDate, EndDate) VALUES ('96814', 1513468800, 1513555199);
INSERT INTO DayOfOperation (VehicleJourneyRef, StartDate, EndDate) VALUES ('96814', 1514073600, 1514159999);
INSERT INTO DayOfOperation (VehicleJourneyRef, StartDate, EndDate) VALUES ('96814', 1514678400, 1514764799);
INSERT INTO DayOfOperation (VehicleJourneyRef, StartDate, EndDate) VALUES ('96814', 1515283200, 1515369599);
INSERT INTO DayOfOperation (VehicleJourneyRef, StartDate, EndDate) VALUES ('96814', 1515888000, 1515974399);
INSERT INTO DayOfOperation (VehicleJourneyRef, StartDate, EndDate) VALUES ('96814', 1516492800, 1516579199);
INSERT INTO DayOfOperation (VehicleJourneyRef, StartDate, EndDate) VALUES ('96814', 1517097600, 1517183999);
INSERT INTO DayOfOperation (VehicleJourneyRef, StartDate, EndDate) VALUES ('96814', 1517702400, 1517788799);
INSERT INTO DayOfOperation (VehicleJourneyRef, StartDate, EndDate) VALUES ('96814', 1518307200, 1518393599);
INSERT INTO DayOfOperation (VehicleJourneyRef, StartDate, EndDate) VALUES ('96814', 1518912000, 1518998399);
INSERT INTO DayOfOperation (VehicleJourneyRef, StartDate, EndDate) VALUES ('96814', 1519516800, 1519603199);
INSERT INTO DayOfOperation (VehicleJourneyRef, StartDate, EndDate) VALUES ('96814', 1520121600, 1520207999);
INSERT INTO DayOfOperation (VehicleJourneyRef, StartDate, EndDate) VALUES ('96814', 1520726400, 1520812799);
INSERT INTO DayOfOperation (VehicleJourneyRef, StartDate, EndDate) VALUES ('96814', 1521331200, 1521417599);
INSERT INTO DayOfOperation (VehicleJourneyRef, StartDate, EndDate) VALUES ('96814', 1521936000, 1522022399);
INSERT INTO DayOfOperation (VehicleJourneyRef, StartDate, EndDate) VALUES ('96814', 1522540800, 1522627199);
INSERT INTO DayOfOperation (VehicleJourneyRef, StartDate, EndDate) VALUES ('96814', 1523145600, 1523231999);
INSERT INTO DayOfOperation (VehicleJourneyRef, StartDate, EndDate) VALUES ('96814', 1523750400, 1523836799);
INSERT INTO DayOfOperation (VehicleJourneyRef, StartDate, EndDate) VALUES ('96814', 1524355200, 1524441599);
INSERT INTO DayOfOperation (VehicleJourneyRef, StartDate, EndDate) VALUES ('96814', 1524960000, 1525046399);
INSERT INTO DayOfOperation (VehicleJourneyRef, StartDate, EndDate) VALUES ('96814', 1525564800, 1525651199);
INSERT INTO DayOfOperation (VehicleJourneyRef, StartDate, EndDate) VALUES ('96814', 1526169600, 1526255999);
INSERT INTO DayOfOperation (VehicleJourneyRef, StartDate, EndDate) VALUES ('96814', 1526774400, 1526860799);
INSERT INTO DayOfOperation (VehicleJourneyRef, StartDate, EndDate) VALUES ('96814', 1527379200, 1527465599);
INSERT INTO DayOfOperation (VehicleJourneyRef, StartDate, EndDate) VALUES ('96814', 1527984000, 1528070399);
INSERT INTO DayOfOperation (VehicleJourneyRef, StartDate, EndDate) VALUES ('96814', 1528588800, 1528675199);
INSERT INTO DayOfNonOperation (VehicleJourneyRef, StartDate, EndDate) VALUES ('96814', 1490918400, 1508716799);
INSERT INTO VehicleJourney (VehicleJourneyCode, ServiceRef, LineRef, JourneyPatternRef, OperatorRef, Monday, Tuesday, Wednesday, Thursday, Friday, Saturday, Sunday, DepatureHour, DepatureMinute, DepatureSecond, Note, NoteCode) VALUES ('96815', 'FSACM03', '0', 'JPS_FSACM03-4', 'CAL', 0, 0, 0, 0, 0, 0, 1, 15, 0, 0, '', '');
INSERT INTO DayOfOperation (VehicleJourneyRef, StartDate, EndDate) VALUES ('96815', 1509235200, 1509321599);
INSERT INTO DayOfOperation (VehicleJourneyRef, StartDate, EndDate) VALUES ('96815', 1509840000, 1509926399);
INSERT INTO DayOfOperation (VehicleJourneyRef, StartDate, EndDate) VALUES ('96815', 1510444800, 1510531199);
INSERT INTO DayOfOperation (VehicleJourneyRef, StartDate, EndDate) VALUES ('96815', 1511049600, 1511135999);
INSERT INTO DayOfOperation (VehicleJourneyRef, StartDate, EndDate) VALUES ('96815', 1511654400, 1511740799);
INSERT INTO DayOfOperation (VehicleJourneyRef, StartDate, EndDate) VALUES ('96815', 1512259200, 1512345599);
INSERT INTO DayOfOperation (VehicleJourneyRef, StartDate, EndDate) VALUES ('96815', 1512864000, 1512950399);
INSERT INTO DayOfOperation (VehicleJourneyRef, StartDate, EndDate) VALUES ('96815', 1513468800, 1513555199);
INSERT INTO DayOfOperation (VehicleJourneyRef, StartDate, EndDate) VALUES ('96815', 1514073600, 1514159999);
INSERT INTO DayOfOperation (VehicleJourneyRef, StartDate, EndDate) VALUES ('96815', 1514678400, 1514764799);
INSERT INTO DayOfOperation (VehicleJourneyRef, StartDate, EndDate) VALUES ('96815', 1515283200, 1515369599);
INSERT INTO DayOfOperation (VehicleJourneyRef, StartDate, EndDate) VALUES ('96815', 1515888000, 1515974399);
INSERT INTO DayOfOperation (VehicleJourneyRef, StartDate, EndDate) VALUES ('96815', 1516492800, 1516579199);
INSERT INTO DayOfOperation (VehicleJourneyRef, StartDate, EndDate) VALUES ('96815', 1517097600, 1517183999);
INSERT INTO DayOfOperation (VehicleJourneyRef, StartDate, EndDate) VALUES ('96815', 1517702400, 1517788799);
INSERT INTO DayOfOperation (VehicleJourneyRef, StartDate, EndDate) VALUES ('96815', 1518307200, 1518393599);
INSERT INTO DayOfOperation (VehicleJourneyRef, StartDate, EndDate) VALUES ('96815', 1518912000, 1518998399);
INSERT INTO DayOfOperation (VehicleJourneyRef, StartDate, EndDate) VALUES ('96815', 1519516800, 1519603199);
INSERT INTO DayOfOperation (VehicleJourneyRef, StartDate, EndDate) VALUES ('96815', 1520121600, 1520207999);
INSERT INTO DayOfOperation (VehicleJourneyRef, StartDate, EndDate) VALUES ('96815', 1520726400, 1520812799);
INSERT INTO DayOfOperation (VehicleJourneyRef, StartDate, EndDate) VALUES ('96815', 1521331200, 1521417599);
INSERT INTO DayOfOperation (VehicleJourneyRef, StartDate, EndDate) VALUES ('96815', 1521936000, 1522022399);
INSERT INTO DayOfOperation (VehicleJourneyRef, StartDate, EndDate) VALUES ('96815', 1522540800, 1522627199);
INSERT INTO DayOfOperation (VehicleJourneyRef, StartDate, EndDate) VALUES ('96815', 1523145600, 1523231999);
INSERT INTO DayOfOperation (VehicleJourneyRef, StartDate, EndDate) VALUES ('96815', 1523750400, 1523836799);
INSERT INTO DayOfOperation (VehicleJourneyRef, StartDate, EndDate) VALUES ('96815', 1524355200, 1524441599);
INSERT INTO DayOfOperation (VehicleJourneyRef, StartDate, EndDate) VALUES ('96815', 1524960000, 1525046399);
INSERT INTO DayOfOperation (VehicleJourneyRef, StartDate, EndDate) VALUES ('96815', 1525564800, 1525651199);
INSERT INTO DayOfOperation (VehicleJourneyRef, StartDate, EndDate) VALUES ('96815', 1526169600, 1526255999);
INSERT INTO DayOfOperation (VehicleJourneyRef, StartDate, EndDate) VALUES ('96815', 1526774400, 1526860799);
INSERT INTO DayOfOperation (VehicleJourneyRef, StartDate, EndDate) VALUES ('96815', 1527379200, 1527465599);
INSERT INTO DayOfOperation (VehicleJourneyRef, StartDate, EndDate) VALUES ('96815', 1527984000, 1528070399);
INSERT INTO DayOfOperation (VehicleJourneyRef, StartDate, EndDate) VALUES ('96815', 1528588800, 1528675199);
INSERT INTO DayOfNonOperation (VehicleJourneyRef, StartDate, EndDate) VALUES ('96815', 1490918400, 1508716799);
INSERT INTO VehicleJourney (VehicleJourneyCode, ServiceRef, LineRef, JourneyPatternRef, OperatorRef, Monday, Tuesday, Wednesday, Thursday, Friday, Saturday, Sunday, DepatureHour, DepatureMinute, DepatureSecond, Note, NoteCode) VALUES ('96816', 'FSACM03', '0', 'JPS_FSACM03-4', 'CAL', 0, 0, 0, 0, 0, 0, 1, 16, 0, 0, '', '');
INSERT INTO DayOfOperation (VehicleJourneyRef, StartDate, EndDate) VALUES ('96816', 1509235200, 1509321599);
INSERT INTO DayOfOperation (VehicleJourneyRef, StartDate, EndDate) VALUES ('96816', 1509840000, 1509926399);
INSERT INTO DayOfOperation (VehicleJourneyRef, StartDate, EndDate) VALUES ('96816', 1510444800, 1510531199);
INSERT INTO DayOfOperation (VehicleJourneyRef, StartDate, EndDate) VALUES ('96816', 1511049600, 1511135999);
INSERT INTO DayOfOperation (VehicleJourneyRef, StartDate, EndDate) VALUES ('96816', 1511654400, 1511740799);
INSERT INTO DayOfOperation (VehicleJourneyRef, StartDate, EndDate) VALUES ('96816', 1512259200, 1512345599);
INSERT INTO DayOfOperation (VehicleJourneyRef, StartDate, EndDate) VALUES ('96816', 1512864000, 1512950399);
INSERT INTO DayOfOperation (VehicleJourneyRef, StartDate, EndDate) VALUES ('96816', 1513468800, 1513555199);
INSERT INTO DayOfOperation (VehicleJourneyRef, StartDate, EndDate) VALUES ('96816', 1514073600, 1514159999);
INSERT INTO DayOfOperation (VehicleJourneyRef, StartDate, EndDate) VALUES ('96816', 1514678400, 1514764799);
INSERT INTO DayOfOperation (VehicleJourneyRef, StartDate, EndDate) VALUES ('96816', 1515283200, 1515369599);
INSERT INTO DayOfOperation (VehicleJourneyRef, StartDate, EndDate) VALUES ('96816', 1515888000, 1515974399);
INSERT INTO DayOfOperation (VehicleJourneyRef, StartDate, EndDate) VALUES ('96816', 1516492800, 1516579199);
INSERT INTO DayOfOperation (VehicleJourneyRef, StartDate, EndDate) VALUES ('96816', 1517097600, 1517183999);
INSERT INTO DayOfOperation (VehicleJourneyRef, StartDate, EndDate) VALUES ('96816', 1517702400, 1517788799);
INSERT INTO DayOfOperation (VehicleJourneyRef, StartDate, EndDate) VALUES ('96816', 1518307200, 1518393599);
INSERT INTO DayOfOperation (VehicleJourneyRef, StartDate, EndDate) VALUES ('96816', 1518912000, 1518998399);
INSERT INTO DayOfOperation (VehicleJourneyRef, StartDate, EndDate) VALUES ('96816', 1519516800, 1519603199);
INSERT INTO DayOfOperation (VehicleJourneyRef, StartDate, EndDate) VALUES ('96816', 1520121600, 1520207999);
INSERT INTO DayOfOperation (VehicleJourneyRef, StartDate, EndDate) VALUES ('96816', 1520726400, 1520812799);
INSERT INTO DayOfOperation (VehicleJourneyRef, StartDate, EndDate) VALUES ('96816', 1521331200, 1521417599);
INSERT INTO DayOfOperation (VehicleJourneyRef, StartDate, EndDate) VALUES ('96816', 1521936000, 1522022399);
INSERT INTO DayOfOperation (VehicleJourneyRef, StartDate, EndDate) VALUES ('96816', 1522540800, 1522627199);
INSERT INTO DayOfOperation (VehicleJourneyRef, StartDate, EndDate) VALUES ('96816', 1523145600, 1523231999);
INSERT INTO DayOfOperation (VehicleJourneyRef, StartDate, EndDate) VALUES ('96816', 1523750400, 1523836799);
INSERT INTO DayOfOperation (VehicleJourneyRef, StartDate, EndDate) VALUES ('96816', 1524355200, 1524441599);
INSERT INTO DayOfOperation (VehicleJourneyRef, StartDate, EndDate) VALUES ('96816', 1524960000, 1525046399);
INSERT INTO DayOfOperation (VehicleJourneyRef, StartDate, EndDate) VALUES ('96816', 1525564800, 1525651199);
INSERT INTO DayOfOperation (VehicleJourneyRef, StartDate, EndDate) VALUES ('96816', 1526169600, 1526255999);
INSERT INTO DayOfOperation (VehicleJourneyRef, StartDate, EndDate) VALUES ('96816', 1526774400, 1526860799);
INSERT INTO DayOfOperation (VehicleJourneyRef, StartDate, EndDate) VALUES ('96816', 1527379200, 1527465599);
INSERT INTO DayOfOperation (VehicleJourneyRef, StartDate, EndDate) VALUES ('96816', 1527984000, 1528070399);
INSERT INTO DayOfOperation (VehicleJourneyRef, StartDate, EndDate) VALUES ('96816', 1528588800, 1528675199);
INSERT INTO DayOfNonOperation (VehicleJourneyRef, StartDate, EndDate) VALUES ('96816', 1490918400, 1508716799);
INSERT INTO VehicleJourney (VehicleJourneyCode, ServiceRef, LineRef, JourneyPatternRef, OperatorRef, Monday, Tuesday, Wednesday, Thursday, Friday, Saturday, Sunday, DepatureHour, DepatureMinute, DepatureSecond, Note, NoteCode) VALUES ('96817', 'FSACM03', '0', 'JPS_FSACM03-4', 'CAL', 0, 0, 0, 0, 0, 0, 1, 17, 0, 0, '', '');
INSERT INTO DayOfOperation (VehicleJourneyRef, StartDate, EndDate) VALUES ('96817', 1509235200, 1509321599);
INSERT INTO DayOfOperation (VehicleJourneyRef, StartDate, EndDate) VALUES ('96817', 1509840000, 1509926399);
INSERT INTO DayOfOperation (VehicleJourneyRef, StartDate, EndDate) VALUES ('96817', 1510444800, 1510531199);
INSERT INTO DayOfOperation (VehicleJourneyRef, StartDate, EndDate) VALUES ('96817', 1511049600, 1511135999);
INSERT INTO DayOfOperation (VehicleJourneyRef, StartDate, EndDate) VALUES ('96817', 1511654400, 1511740799);
INSERT INTO DayOfOperation (VehicleJourneyRef, StartDate, EndDate) VALUES ('96817', 1512259200, 1512345599);
INSERT INTO DayOfOperation (VehicleJourneyRef, StartDate, EndDate) VALUES ('96817', 1512864000, 1512950399);
INSERT INTO DayOfOperation (VehicleJourneyRef, StartDate, EndDate) VALUES ('96817', 1513468800, 1513555199);
INSERT INTO DayOfOperation (VehicleJourneyRef, StartDate, EndDate) VALUES ('96817', 1514073600, 1514159999);
INSERT INTO DayOfOperation (VehicleJourneyRef, StartDate, EndDate) VALUES ('96817', 1514678400, 1514764799);
INSERT INTO DayOfOperation (VehicleJourneyRef, StartDate, EndDate) VALUES ('96817', 1515283200, 1515369599);
INSERT INTO DayOfOperation (VehicleJourneyRef, StartDate, EndDate) VALUES ('96817', 1515888000, 1515974399);
INSERT INTO DayOfOperation (VehicleJourneyRef, StartDate, EndDate) VALUES ('96817', 1516492800, 1516579199);
INSERT INTO DayOfOperation (VehicleJourneyRef, StartDate, EndDate) VALUES ('96817', 1517097600, 1517183999);
INSERT INTO DayOfOperation (VehicleJourneyRef, StartDate, EndDate) VALUES ('96817', 1517702400, 1517788799);
INSERT INTO DayOfOperation (VehicleJourneyRef, StartDate, EndDate) VALUES ('96817', 1518307200, 1518393599);
INSERT INTO DayOfOperation (VehicleJourneyRef, StartDate, EndDate) VALUES ('96817', 1518912000, 1518998399);
INSERT INTO DayOfOperation (VehicleJourneyRef, StartDate, EndDate) VALUES ('96817', 1519516800, 1519603199);
INSERT INTO DayOfOperation (VehicleJourneyRef, StartDate, EndDate) VALUES ('96817', 1520121600, 1520207999);
INSERT INTO DayOfOperation (VehicleJourneyRef, StartDate, EndDate) VALUES ('96817', 1520726400, 1520812799);
INSERT INTO DayOfOperation (VehicleJourneyRef, StartDate, EndDate) VALUES ('96817', 1521331200, 1521417599);
INSERT INTO DayOfOperation (VehicleJourneyRef, StartDate, EndDate) VALUES ('96817', 1521936000, 1522022399);
INSERT INTO DayOfOperation (VehicleJourneyRef, StartDate, EndDate) VALUES ('96817', 1522540800, 1522627199);
INSERT INTO DayOfOperation (VehicleJourneyRef, StartDate, EndDate) VALUES ('96817', 1523145600, 1523231999);
INSERT INTO DayOfOperation (VehicleJourneyRef, StartDate, EndDate) VALUES ('96817', 1523750400, 1523836799);
INSERT INTO DayOfOperation (VehicleJourneyRef, StartDate, EndDate) VALUES ('96817', 1524355200, 1524441599);
INSERT INTO DayOfOperation (VehicleJourneyRef, StartDate, EndDate) VALUES ('96817', 1524960000, 1525046399);
INSERT INTO DayOfOperation (VehicleJourneyRef, StartDate, EndDate) VALUES ('96817', 1525564800, 1525651199);
INSERT INTO DayOfOperation (VehicleJourneyRef, StartDate, EndDate) VALUES ('96817', 1526169600, 1526255999);
INSERT INTO DayOfOperation (VehicleJourneyRef, StartDate, EndDate) VALUES ('96817', 1526774400, 1526860799);
INSERT INTO DayOfOperation (VehicleJourneyRef, StartDate, EndDate) VALUES ('96817', 1527379200, 1527465599);
INSERT INTO DayOfOperation (VehicleJourneyRef, StartDate, EndDate) VALUES ('96817', 1527984000, 1528070399);
INSERT INTO DayOfOperation (VehicleJourneyRef, StartDate, EndDate) VALUES ('96817', 1528588800, 1528675199);
INSERT INTO DayOfNonOperation (VehicleJourneyRef, StartDate, EndDate) VALUES ('96817', 1490918400, 1508716799);
INSERT INTO VehicleJourney (VehicleJourneyCode, ServiceRef, LineRef, JourneyPatternRef, OperatorRef, Monday, Tuesday, Wednesday, Thursday, Friday, Saturday, Sunday, DepatureHour, DepatureMinute, DepatureSecond, Note, NoteCode) VALUES ('96818', 'FSACM03', '0', 'JPS_FSACM03-4', 'CAL', 0, 0, 0, 0, 0, 0, 1, 18, 0, 0, '', '');
INSERT INTO DayOfOperation (VehicleJourneyRef, StartDate, EndDate) VALUES ('96818', 1509235200, 1509321599);
INSERT INTO DayOfOperation (VehicleJourneyRef, StartDate, EndDate) VALUES ('96818', 1509840000, 1509926399);
INSERT INTO DayOfOperation (VehicleJourneyRef, StartDate, EndDate) VALUES ('96818', 1510444800, 1510531199);
INSERT INTO DayOfOperation (VehicleJourneyRef, StartDate, EndDate) VALUES ('96818', 1511049600, 1511135999);
INSERT INTO DayOfOperation (VehicleJourneyRef, StartDate, EndDate) VALUES ('96818', 1511654400, 1511740799);
INSERT INTO DayOfOperation (VehicleJourneyRef, StartDate, EndDate) VALUES ('96818', 1512259200, 1512345599);
INSERT INTO DayOfOperation (VehicleJourneyRef, StartDate, EndDate) VALUES ('96818', 1512864000, 1512950399);
INSERT INTO DayOfOperation (VehicleJourneyRef, StartDate, EndDate) VALUES ('96818', 1513468800, 1513555199);
INSERT INTO DayOfOperation (VehicleJourneyRef, StartDate, EndDate) VALUES ('96818', 1514073600, 1514159999);
INSERT INTO DayOfOperation (VehicleJourneyRef, StartDate, EndDate) VALUES ('96818', 1514678400, 1514764799);
INSERT INTO DayOfOperation (VehicleJourneyRef, StartDate, EndDate) VALUES ('96818', 1515283200, 1515369599);
INSERT INTO DayOfOperation (VehicleJourneyRef, StartDate, EndDate) VALUES ('96818', 1515888000, 1515974399);
INSERT INTO DayOfOperation (VehicleJourneyRef, StartDate, EndDate) VALUES ('96818', 1516492800, 1516579199);
INSERT INTO DayOfOperation (VehicleJourneyRef, StartDate, EndDate) VALUES ('96818', 1517097600, 1517183999);
INSERT INTO DayOfOperation (VehicleJourneyRef, StartDate, EndDate) VALUES ('96818', 1517702400, 1517788799);
INSERT INTO DayOfOperation (VehicleJourneyRef, StartDate, EndDate) VALUES ('96818', 1518307200, 1518393599);
INSERT INTO DayOfOperation (VehicleJourneyRef, StartDate, EndDate) VALUES ('96818', 1518912000, 1518998399);
INSERT INTO DayOfOperation (VehicleJourneyRef, StartDate, EndDate) VALUES ('96818', 1519516800, 1519603199);
INSERT INTO DayOfOperation (VehicleJourneyRef, StartDate, EndDate) VALUES ('96818', 1520121600, 1520207999);
INSERT INTO DayOfOperation (VehicleJourneyRef, StartDate, EndDate) VALUES ('96818', 1520726400, 1520812799);
INSERT INTO DayOfOperation (VehicleJourneyRef, StartDate, EndDate) VALUES ('96818', 1521331200, 1521417599);
INSERT INTO DayOfOperation (VehicleJourneyRef, StartDate, EndDate) VALUES ('96818', 1521936000, 1522022399);
INSERT INTO DayOfOperation (VehicleJourneyRef, StartDate, EndDate) VALUES ('96818', 1522540800, 1522627199);
INSERT INTO DayOfOperation (VehicleJourneyRef, StartDate, EndDate) VALUES ('96818', 1523145600, 1523231999);
INSERT INTO DayOfOperation (VehicleJourneyRef, StartDate, EndDate) VALUES ('96818', 1523750400, 1523836799);
INSERT INTO DayOfOperation (VehicleJourneyRef, StartDate, EndDate) VALUES ('96818', 1524355200, 1524441599);
INSERT INTO DayOfOperation (VehicleJourneyRef, StartDate, EndDate) VALUES ('96818', 1524960000, 1525046399);
INSERT INTO DayOfOperation (VehicleJourneyRef, StartDate, EndDate) VALUES ('96818', 1525564800, 1525651199);
INSERT INTO DayOfOperation (VehicleJourneyRef, StartDate, EndDate) VALUES ('96818', 1526169600, 1526255999);
INSERT INTO DayOfOperation (VehicleJourneyRef, StartDate, EndDate) VALUES ('96818', 1526774400, 1526860799);
INSERT INTO DayOfOperation (VehicleJourneyRef, StartDate, EndDate) VALUES ('96818', 1527379200, 1527465599);
INSERT INTO DayOfOperation (VehicleJourneyRef, StartDate, EndDate) VALUES ('96818', 1527984000, 1528070399);
INSERT INTO DayOfOperation (VehicleJourneyRef, StartDate, EndDate) VALUES ('96818', 1528588800, 1528675199);
INSERT INTO DayOfNonOperation (VehicleJourneyRef, StartDate, EndDate) VALUES ('96818', 1490918400, 1508716799);
INSERT INTO VehicleJourney (VehicleJourneyCode, ServiceRef, LineRef, JourneyPatternRef, OperatorRef, Monday, Tuesday, Wednesday, Thursday, Friday, Saturday, Sunday, DepatureHour, DepatureMinute, DepatureSecond, Note, NoteCode) VALUES ('96819', 'FSACM03', '0', 'JPS_FSACM03-4', 'CAL', 0, 0, 0, 0, 0, 0, 1, 19, 0, 0, '', '');
INSERT INTO DayOfOperation (VehicleJourneyRef, StartDate, EndDate) VALUES ('96819', 1509235200, 1509321599);
INSERT INTO DayOfOperation (VehicleJourneyRef, StartDate, EndDate) VALUES ('96819', 1509840000, 1509926399);
INSERT INTO DayOfOperation (VehicleJourneyRef, StartDate, EndDate) VALUES ('96819', 1510444800, 1510531199);
INSERT INTO DayOfOperation (VehicleJourneyRef, StartDate, EndDate) VALUES ('96819', 1511049600, 1511135999);
INSERT INTO DayOfOperation (VehicleJourneyRef, StartDate, EndDate) VALUES ('96819', 1511654400, 1511740799);
INSERT INTO DayOfOperation (VehicleJourneyRef, StartDate, EndDate) VALUES ('96819', 1512259200, 1512345599);
INSERT INTO DayOfOperation (VehicleJourneyRef, StartDate, EndDate) VALUES ('96819', 1512864000, 1512950399);
INSERT INTO DayOfOperation (VehicleJourneyRef, StartDate, EndDate) VALUES ('96819', 1513468800, 1513555199);
INSERT INTO DayOfOperation (VehicleJourneyRef, StartDate, EndDate) VALUES ('96819', 1514073600, 1514159999);
INSERT INTO DayOfOperation (VehicleJourneyRef, StartDate, EndDate) VALUES ('96819', 1514678400, 1514764799);
INSERT INTO DayOfOperation (VehicleJourneyRef, StartDate, EndDate) VALUES ('96819', 1515283200, 1515369599);
INSERT INTO DayOfOperation (VehicleJourneyRef, StartDate, EndDate) VALUES ('96819', 1515888000, 1515974399);
INSERT INTO DayOfOperation (VehicleJourneyRef, StartDate, EndDate) VALUES ('96819', 1516492800, 1516579199);
INSERT INTO DayOfOperation (VehicleJourneyRef, StartDate, EndDate) VALUES ('96819', 1517097600, 1517183999);
INSERT INTO DayOfOperation (VehicleJourneyRef, StartDate, EndDate) VALUES ('96819', 1517702400, 1517788799);
INSERT INTO DayOfOperation (VehicleJourneyRef, StartDate, EndDate) VALUES ('96819', 1518307200, 1518393599);
INSERT INTO DayOfOperation (VehicleJourneyRef, StartDate, EndDate) VALUES ('96819', 1518912000, 1518998399);
INSERT INTO DayOfOperation (VehicleJourneyRef, StartDate, EndDate) VALUES ('96819', 1519516800, 1519603199);
INSERT INTO DayOfOperation (VehicleJourneyRef, StartDate, EndDate) VALUES ('96819', 1520121600, 1520207999);
INSERT INTO DayOfOperation (VehicleJourneyRef, StartDate, EndDate) VALUES ('96819', 1520726400, 1520812799);
INSERT INTO DayOfOperation (VehicleJourneyRef, StartDate, EndDate) VALUES ('96819', 1521331200, 1521417599);
INSERT INTO DayOfOperation (VehicleJourneyRef, StartDate, EndDate) VALUES ('96819', 1521936000, 1522022399);
INSERT INTO DayOfOperation (VehicleJourneyRef, StartDate, EndDate) VALUES ('96819', 1522540800, 1522627199);
INSERT INTO DayOfOperation (VehicleJourneyRef, StartDate, EndDate) VALUES ('96819', 1523145600, 1523231999);
INSERT INTO DayOfOperation (VehicleJourneyRef, StartDate, EndDate) VALUES ('96819', 1523750400, 1523836799);
INSERT INTO DayOfOperation (VehicleJourneyRef, StartDate, EndDate) VALUES ('96819', 1524355200, 1524441599);
INSERT INTO DayOfOperation (VehicleJourneyRef, StartDate, EndDate) VALUES ('96819', 1524960000, 1525046399);
INSERT INTO DayOfOperation (VehicleJourneyRef, StartDate, EndDate) VALUES ('96819', 1525564800, 1525651199);
INSERT INTO DayOfOperation (VehicleJourneyRef, StartDate, EndDate) VALUES ('96819', 1526169600, 1526255999);
INSERT INTO DayOfOperation (VehicleJourneyRef, StartDate, EndDate) VALUES ('96819', 1526774400, 1526860799);
INSERT INTO DayOfOperation (VehicleJourneyRef, StartDate, EndDate) VALUES ('96819', 1527379200, 1527465599);
INSERT INTO DayOfOperation (VehicleJourneyRef, StartDate, EndDate) VALUES ('96819', 1527984000, 1528070399);
INSERT INTO DayOfOperation (VehicleJourneyRef, StartDate, EndDate) VALUES ('96819', 1528588800, 1528675199);
INSERT INTO DayOfNonOperation (VehicleJourneyRef, StartDate, EndDate) VALUES ('96819', 1490918400, 1508716799);
INSERT INTO VehicleJourney (VehicleJourneyCode, ServiceRef, LineRef, JourneyPatternRef, OperatorRef, Monday, Tuesday, Wednesday, Thursday, Friday, Saturday, Sunday, DepatureHour, DepatureMinute, DepatureSecond, Note, NoteCode) VALUES ('96820', 'FSACM03', '0', 'JPS_FSACM03-4', 'CAL', 0, 0, 0, 0, 0, 0, 1, 19, 45, 0, '', '');
INSERT INTO DayOfOperation (VehicleJourneyRef, StartDate, EndDate) VALUES ('96820', 1509235200, 1509321599);
INSERT INTO DayOfOperation (VehicleJourneyRef, StartDate, EndDate) VALUES ('96820', 1509840000, 1509926399);
INSERT INTO DayOfOperation (VehicleJourneyRef, StartDate, EndDate) VALUES ('96820', 1510444800, 1510531199);
INSERT INTO DayOfOperation (VehicleJourneyRef, StartDate, EndDate) VALUES ('96820', 1511049600, 1511135999);
INSERT INTO DayOfOperation (VehicleJourneyRef, StartDate, EndDate) VALUES ('96820', 1511654400, 1511740799);
INSERT INTO DayOfOperation (VehicleJourneyRef, StartDate, EndDate) VALUES ('96820', 1512259200, 1512345599);
INSERT INTO DayOfOperation (VehicleJourneyRef, StartDate, EndDate) VALUES ('96820', 1512864000, 1512950399);
INSERT INTO DayOfOperation (VehicleJourneyRef, StartDate, EndDate) VALUES ('96820', 1513468800, 1513555199);
INSERT INTO DayOfOperation (VehicleJourneyRef, StartDate, EndDate) VALUES ('96820', 1514073600, 1514159999);
INSERT INTO DayOfOperation (VehicleJourneyRef, StartDate, EndDate) VALUES ('96820', 1514678400, 1514764799);
INSERT INTO DayOfOperation (VehicleJourneyRef, StartDate, EndDate) VALUES ('96820', 1515283200, 1515369599);
INSERT INTO DayOfOperation (VehicleJourneyRef, StartDate, EndDate) VALUES ('96820', 1515888000, 1515974399);
INSERT INTO DayOfOperation (VehicleJourneyRef, StartDate, EndDate) VALUES ('96820', 1516492800, 1516579199);
INSERT INTO DayOfOperation (VehicleJourneyRef, StartDate, EndDate) VALUES ('96820', 1517097600, 1517183999);
INSERT INTO DayOfOperation (VehicleJourneyRef, StartDate, EndDate) VALUES ('96820', 1517702400, 1517788799);
INSERT INTO DayOfOperation (VehicleJourneyRef, StartDate, EndDate) VALUES ('96820', 1518307200, 1518393599);
INSERT INTO DayOfOperation (VehicleJourneyRef, StartDate, EndDate) VALUES ('96820', 1518912000, 1518998399);
INSERT INTO DayOfOperation (VehicleJourneyRef, StartDate, EndDate) VALUES ('96820', 1519516800, 1519603199);
INSERT INTO DayOfOperation (VehicleJourneyRef, StartDate, EndDate) VALUES ('96820', 1520121600, 1520207999);
INSERT INTO DayOfOperation (VehicleJourneyRef, StartDate, EndDate) VALUES ('96820', 1520726400, 1520812799);
INSERT INTO DayOfOperation (VehicleJourneyRef, StartDate, EndDate) VALUES ('96820', 1521331200, 1521417599);
INSERT INTO DayOfOperation (VehicleJourneyRef, StartDate, EndDate) VALUES ('96820', 1521936000, 1522022399);
INSERT INTO DayOfOperation (VehicleJourneyRef, StartDate, EndDate) VALUES ('96820', 1522540800, 1522627199);
INSERT INTO DayOfOperation (VehicleJourneyRef, StartDate, EndDate) VALUES ('96820', 1523145600, 1523231999);
INSERT INTO DayOfOperation (VehicleJourneyRef, StartDate, EndDate) VALUES ('96820', 1523750400, 1523836799);
INSERT INTO DayOfOperation (VehicleJourneyRef, StartDate, EndDate) VALUES ('96820', 1524355200, 1524441599);
INSERT INTO DayOfOperation (VehicleJourneyRef, StartDate, EndDate) VALUES ('96820', 1524960000, 1525046399);
INSERT INTO DayOfOperation (VehicleJourneyRef, StartDate, EndDate) VALUES ('96820', 1525564800, 1525651199);
INSERT INTO DayOfOperation (VehicleJourneyRef, StartDate, EndDate) VALUES ('96820', 1526169600, 1526255999);
INSERT INTO DayOfOperation (VehicleJourneyRef, StartDate, EndDate) VALUES ('96820', 1526774400, 1526860799);
INSERT INTO DayOfOperation (VehicleJourneyRef, StartDate, EndDate) VALUES ('96820', 1527379200, 1527465599);
INSERT INTO DayOfOperation (VehicleJourneyRef, StartDate, EndDate) VALUES ('96820', 1527984000, 1528070399);
INSERT INTO DayOfOperation (VehicleJourneyRef, StartDate, EndDate) VALUES ('96820', 1528588800, 1528675199);
INSERT INTO DayOfNonOperation (VehicleJourneyRef, StartDate, EndDate) VALUES ('96820', 1490918400, 1508716799);
INSERT INTO VehicleJourney (VehicleJourneyCode, ServiceRef, LineRef, JourneyPatternRef, OperatorRef, Monday, Tuesday, Wednesday, Thursday, Friday, Saturday, Sunday, DepatureHour, DepatureMinute, DepatureSecond, Note, NoteCode) VALUES ('96707', 'FSACM03', '0', 'JPS_FSACM03-3', 'CAL', 0, 1, 0, 0, 0, 0, 0, 8, 0, 0, '', '');
INSERT INTO DayOfNonOperation (VehicleJourneyRef, StartDate, EndDate) VALUES ('96707', 1490918400, 1514246399);
INSERT INTO DayOfNonOperation (VehicleJourneyRef, StartDate, EndDate) VALUES ('96707', 1514332800, 2524607999);
INSERT INTO VehicleJourney (VehicleJourneyCode, ServiceRef, LineRef, JourneyPatternRef, OperatorRef, Monday, Tuesday, Wednesday, Thursday, Friday, Saturday, Sunday, DepatureHour, DepatureMinute, DepatureSecond, Note, NoteCode) VALUES ('96708', 'FSACM03', '0', 'JPS_FSACM03-3', 'CAL', 0, 1, 0, 0, 0, 0, 0, 9, 30, 0, '', '');
INSERT INTO DayOfNonOperation (VehicleJourneyRef, StartDate, EndDate) VALUES ('96708', 1490918400, 1514246399);
INSERT INTO DayOfNonOperation (VehicleJourneyRef, StartDate, EndDate) VALUES ('96708', 1514332800, 2524607999);
INSERT INTO VehicleJourney (VehicleJourneyCode, ServiceRef, LineRef, JourneyPatternRef, OperatorRef, Monday, Tuesday, Wednesday, Thursday, Friday, Saturday, Sunday, DepatureHour, DepatureMinute, DepatureSecond, Note, NoteCode) VALUES ('96709', 'FSACM03', '0', 'JPS_FSACM03-3', 'CAL', 0, 1, 0, 0, 0, 0, 0, 10, 45, 0, '', '');
INSERT INTO DayOfNonOperation (VehicleJourneyRef, StartDate, EndDate) VALUES ('96709', 1490918400, 1514246399);
INSERT INTO DayOfNonOperation (VehicleJourneyRef, StartDate, EndDate) VALUES ('96709', 1514332800, 2524607999);
INSERT INTO VehicleJourney (VehicleJourneyCode, ServiceRef, LineRef, JourneyPatternRef, OperatorRef, Monday, Tuesday, Wednesday, Thursday, Friday, Saturday, Sunday, DepatureHour, DepatureMinute, DepatureSecond, Note, NoteCode) VALUES ('96710', 'FSACM03', '0', 'JPS_FSACM03-3', 'CAL', 0, 1, 0, 0, 0, 0, 0, 12, 0, 0, '', '');
INSERT INTO DayOfNonOperation (VehicleJourneyRef, StartDate, EndDate) VALUES ('96710', 1490918400, 1514246399);
INSERT INTO DayOfNonOperation (VehicleJourneyRef, StartDate, EndDate) VALUES ('96710', 1514332800, 2524607999);
INSERT INTO VehicleJourney (VehicleJourneyCode, ServiceRef, LineRef, JourneyPatternRef, OperatorRef, Monday, Tuesday, Wednesday, Thursday, Friday, Saturday, Sunday, DepatureHour, DepatureMinute, DepatureSecond, Note, NoteCode) VALUES ('96711', 'FSACM03', '0', 'JPS_FSACM03-3', 'CAL', 0, 1, 0, 0, 0, 0, 0, 13, 0, 0, '', '');
INSERT INTO DayOfNonOperation (VehicleJourneyRef, StartDate, EndDate) VALUES ('96711', 1490918400, 1514246399);
INSERT INTO DayOfNonOperation (VehicleJourneyRef, StartDate, EndDate) VALUES ('96711', 1514332800, 2524607999);
INSERT INTO VehicleJourney (VehicleJourneyCode, ServiceRef, LineRef, JourneyPatternRef, OperatorRef, Monday, Tuesday, Wednesday, Thursday, Friday, Saturday, Sunday, DepatureHour, DepatureMinute, DepatureSecond, Note, NoteCode) VALUES ('96712', 'FSACM03', '0', 'JPS_FSACM03-3', 'CAL', 0, 1, 0, 0, 0, 0, 0, 14, 0, 0, '', '');
INSERT INTO DayOfNonOperation (VehicleJourneyRef, StartDate, EndDate) VALUES ('96712', 1490918400, 1514246399);
INSERT INTO DayOfNonOperation (VehicleJourneyRef, StartDate, EndDate) VALUES ('96712', 1514332800, 2524607999);
INSERT INTO VehicleJourney (VehicleJourneyCode, ServiceRef, LineRef, JourneyPatternRef, OperatorRef, Monday, Tuesday, Wednesday, Thursday, Friday, Saturday, Sunday, DepatureHour, DepatureMinute, DepatureSecond, Note, NoteCode) VALUES ('96713', 'FSACM03', '0', 'JPS_FSACM03-3', 'CAL', 0, 1, 0, 0, 0, 0, 0, 15, 0, 0, '', '');
INSERT INTO DayOfNonOperation (VehicleJourneyRef, StartDate, EndDate) VALUES ('96713', 1490918400, 1514246399);
INSERT INTO DayOfNonOperation (VehicleJourneyRef, StartDate, EndDate) VALUES ('96713', 1514332800, 2524607999);
INSERT INTO VehicleJourney (VehicleJourneyCode, ServiceRef, LineRef, JourneyPatternRef, OperatorRef, Monday, Tuesday, Wednesday, Thursday, Friday, Saturday, Sunday, DepatureHour, DepatureMinute, DepatureSecond, Note, NoteCode) VALUES ('96714', 'FSACM03', '0', 'JPS_FSACM03-3', 'CAL', 0, 1, 0, 0, 0, 0, 0, 16, 0, 0, '', '');
INSERT INTO DayOfNonOperation (VehicleJourneyRef, StartDate, EndDate) VALUES ('96714', 1490918400, 1514246399);
INSERT INTO DayOfNonOperation (VehicleJourneyRef, StartDate, EndDate) VALUES ('96714', 1514332800, 2524607999);
INSERT INTO VehicleJourney (VehicleJourneyCode, ServiceRef, LineRef, JourneyPatternRef, OperatorRef, Monday, Tuesday, Wednesday, Thursday, Friday, Saturday, Sunday, DepatureHour, DepatureMinute, DepatureSecond, Note, NoteCode) VALUES ('96715', 'FSACM03', '0', 'JPS_FSACM03-3', 'CAL', 0, 1, 0, 0, 0, 0, 0, 17, 0, 0, '', '');
INSERT INTO DayOfNonOperation (VehicleJourneyRef, StartDate, EndDate) VALUES ('96715', 1490918400, 1514246399);
INSERT INTO DayOfNonOperation (VehicleJourneyRef, StartDate, EndDate) VALUES ('96715', 1514332800, 2524607999);
INSERT INTO VehicleJourney (VehicleJourneyCode, ServiceRef, LineRef, JourneyPatternRef, OperatorRef, Monday, Tuesday, Wednesday, Thursday, Friday, Saturday, Sunday, DepatureHour, DepatureMinute, DepatureSecond, Note, NoteCode) VALUES ('96716', 'FSACM03', '0', 'JPS_FSACM03-3', 'CAL', 0, 1, 0, 0, 0, 0, 0, 18, 0, 0, '', '');
INSERT INTO DayOfNonOperation (VehicleJourneyRef, StartDate, EndDate) VALUES ('96716', 1490918400, 1514246399);
INSERT INTO DayOfNonOperation (VehicleJourneyRef, StartDate, EndDate) VALUES ('96716', 1514332800, 2524607999);
INSERT INTO VehicleJourney (VehicleJourneyCode, ServiceRef, LineRef, JourneyPatternRef, OperatorRef, Monday, Tuesday, Wednesday, Thursday, Friday, Saturday, Sunday, DepatureHour, DepatureMinute, DepatureSecond, Note, NoteCode) VALUES ('96717', 'FSACM03', '0', 'JPS_FSACM03-3', 'CAL', 0, 1, 0, 0, 0, 0, 0, 19, 0, 0, '', '');
INSERT INTO DayOfNonOperation (VehicleJourneyRef, StartDate, EndDate) VALUES ('96717', 1490918400, 1514246399);
INSERT INTO DayOfNonOperation (VehicleJourneyRef, StartDate, EndDate) VALUES ('96717', 1514332800, 2524607999);
INSERT INTO VehicleJourney (VehicleJourneyCode, ServiceRef, LineRef, JourneyPatternRef, OperatorRef, Monday, Tuesday, Wednesday, Thursday, Friday, Saturday, Sunday, DepatureHour, DepatureMinute, DepatureSecond, Note, NoteCode) VALUES ('96821', 'FSACM03', '0', 'JPS_FSACM03-4', 'CAL', 0, 1, 0, 0, 0, 0, 0, 8, 45, 0, '', '');
INSERT INTO DayOfNonOperation (VehicleJourneyRef, StartDate, EndDate) VALUES ('96821', 1490918400, 1514246399);
INSERT INTO DayOfNonOperation (VehicleJourneyRef, StartDate, EndDate) VALUES ('96821', 1514332800, 2524607999);
INSERT INTO VehicleJourney (VehicleJourneyCode, ServiceRef, LineRef, JourneyPatternRef, OperatorRef, Monday, Tuesday, Wednesday, Thursday, Friday, Saturday, Sunday, DepatureHour, DepatureMinute, DepatureSecond, Note, NoteCode) VALUES ('96822', 'FSACM03', '0', 'JPS_FSACM03-4', 'CAL', 0, 1, 0, 0, 0, 0, 0, 10, 15, 0, '', '');
INSERT INTO DayOfNonOperation (VehicleJourneyRef, StartDate, EndDate) VALUES ('96822', 1490918400, 1514246399);
INSERT INTO DayOfNonOperation (VehicleJourneyRef, StartDate, EndDate) VALUES ('96822', 1514332800, 2524607999);
INSERT INTO VehicleJourney (VehicleJourneyCode, ServiceRef, LineRef, JourneyPatternRef, OperatorRef, Monday, Tuesday, Wednesday, Thursday, Friday, Saturday, Sunday, DepatureHour, DepatureMinute, DepatureSecond, Note, NoteCode) VALUES ('96823', 'FSACM03', '0', 'JPS_FSACM03-4', 'CAL', 0, 1, 0, 0, 0, 0, 0, 12, 0, 0, '', '');
INSERT INTO DayOfNonOperation (VehicleJourneyRef, StartDate, EndDate) VALUES ('96823', 1490918400, 1514246399);
INSERT INTO DayOfNonOperation (VehicleJourneyRef, StartDate, EndDate) VALUES ('96823', 1514332800, 2524607999);
INSERT INTO VehicleJourney (VehicleJourneyCode, ServiceRef, LineRef, JourneyPatternRef, OperatorRef, Monday, Tuesday, Wednesday, Thursday, Friday, Saturday, Sunday, DepatureHour, DepatureMinute, DepatureSecond, Note, NoteCode) VALUES ('96824', 'FSACM03', '0', 'JPS_FSACM03-4', 'CAL', 0, 1, 0, 0, 0, 0, 0, 13, 0, 0, '', '');
INSERT INTO DayOfNonOperation (VehicleJourneyRef, StartDate, EndDate) VALUES ('96824', 1490918400, 1514246399);
INSERT INTO DayOfNonOperation (VehicleJourneyRef, StartDate, EndDate) VALUES ('96824', 1514332800, 2524607999);
INSERT INTO VehicleJourney (VehicleJourneyCode, ServiceRef, LineRef, JourneyPatternRef, OperatorRef, Monday, Tuesday, Wednesday, Thursday, Friday, Saturday, Sunday, DepatureHour, DepatureMinute, DepatureSecond, Note, NoteCode) VALUES ('96825', 'FSACM03', '0', 'JPS_FSACM03-4', 'CAL', 0, 1, 0, 0, 0, 0, 0, 14, 0, 0, '', '');
INSERT INTO DayOfNonOperation (VehicleJourneyRef, StartDate, EndDate) VALUES ('96825', 1490918400, 1514246399);
INSERT INTO DayOfNonOperation (VehicleJourneyRef, StartDate, EndDate) VALUES ('96825', 1514332800, 2524607999);
INSERT INTO VehicleJourney (VehicleJourneyCode, ServiceRef, LineRef, JourneyPatternRef, OperatorRef, Monday, Tuesday, Wednesday, Thursday, Friday, Saturday, Sunday, DepatureHour, DepatureMinute, DepatureSecond, Note, NoteCode) VALUES ('96826', 'FSACM03', '0', 'JPS_FSACM03-4', 'CAL', 0, 1, 0, 0, 0, 0, 0, 15, 0, 0, '', '');
INSERT INTO DayOfNonOperation (VehicleJourneyRef, StartDate, EndDate) VALUES ('96826', 1490918400, 1514246399);
INSERT INTO DayOfNonOperation (VehicleJourneyRef, StartDate, EndDate) VALUES ('96826', 1514332800, 2524607999);
INSERT INTO VehicleJourney (VehicleJourneyCode, ServiceRef, LineRef, JourneyPatternRef, OperatorRef, Monday, Tuesday, Wednesday, Thursday, Friday, Saturday, Sunday, DepatureHour, DepatureMinute, DepatureSecond, Note, NoteCode) VALUES ('96827', 'FSACM03', '0', 'JPS_FSACM03-4', 'CAL', 0, 1, 0, 0, 0, 0, 0, 16, 0, 0, '', '');
INSERT INTO DayOfNonOperation (VehicleJourneyRef, StartDate, EndDate) VALUES ('96827', 1490918400, 1514246399);
INSERT INTO DayOfNonOperation (VehicleJourneyRef, StartDate, EndDate) VALUES ('96827', 1514332800, 2524607999);
INSERT INTO VehicleJourney (VehicleJourneyCode, ServiceRef, LineRef, JourneyPatternRef, OperatorRef, Monday, Tuesday, Wednesday, Thursday, Friday, Saturday, Sunday, DepatureHour, DepatureMinute, DepatureSecond, Note, NoteCode) VALUES ('96828', 'FSACM03', '0', 'JPS_FSACM03-4', 'CAL', 0, 1, 0, 0, 0, 0, 0, 17, 0, 0, '', '');
INSERT INTO DayOfNonOperation (VehicleJourneyRef, StartDate, EndDate) VALUES ('96828', 1490918400, 1514246399);
INSERT INTO DayOfNonOperation (VehicleJourneyRef, StartDate, EndDate) VALUES ('96828', 1514332800, 2524607999);
INSERT INTO VehicleJourney (VehicleJourneyCode, ServiceRef, LineRef, JourneyPatternRef, OperatorRef, Monday, Tuesday, Wednesday, Thursday, Friday, Saturday, Sunday, DepatureHour, DepatureMinute, DepatureSecond, Note, NoteCode) VALUES ('96829', 'FSACM03', '0', 'JPS_FSACM03-4', 'CAL', 0, 1, 0, 0, 0, 0, 0, 18, 0, 0, '', '');
INSERT INTO DayOfNonOperation (VehicleJourneyRef, StartDate, EndDate) VALUES ('96829', 1490918400, 1514246399);
INSERT INTO DayOfNonOperation (VehicleJourneyRef, StartDate, EndDate) VALUES ('96829', 1514332800, 2524607999);
INSERT INTO VehicleJourney (VehicleJourneyCode, ServiceRef, LineRef, JourneyPatternRef, OperatorRef, Monday, Tuesday, Wednesday, Thursday, Friday, Saturday, Sunday, DepatureHour, DepatureMinute, DepatureSecond, Note, NoteCode) VALUES ('96830', 'FSACM03', '0', 'JPS_FSACM03-4', 'CAL', 0, 1, 0, 0, 0, 0, 0, 19, 0, 0, '', '');
INSERT INTO DayOfNonOperation (VehicleJourneyRef, StartDate, EndDate) VALUES ('96830', 1490918400, 1514246399);
INSERT INTO DayOfNonOperation (VehicleJourneyRef, StartDate, EndDate) VALUES ('96830', 1514332800, 2524607999);
INSERT INTO VehicleJourney (VehicleJourneyCode, ServiceRef, LineRef, JourneyPatternRef, OperatorRef, Monday, Tuesday, Wednesday, Thursday, Friday, Saturday, Sunday, DepatureHour, DepatureMinute, DepatureSecond, Note, NoteCode) VALUES ('96831', 'FSACM03', '0', 'JPS_FSACM03-4', 'CAL', 0, 1, 0, 0, 0, 0, 0, 19, 45, 0, '', '');
INSERT INTO DayOfNonOperation (VehicleJourneyRef, StartDate, EndDate) VALUES ('96831', 1490918400, 1514246399);
INSERT INTO DayOfNonOperation (VehicleJourneyRef, StartDate, EndDate) VALUES ('96831', 1514332800, 2524607999);
INSERT INTO VehicleJourney (VehicleJourneyCode, ServiceRef, LineRef, JourneyPatternRef, OperatorRef, Monday, Tuesday, Wednesday, Thursday, Friday, Saturday, Sunday, DepatureHour, DepatureMinute, DepatureSecond, Note, NoteCode) VALUES ('96718', 'FSACM03', '0', 'JPS_FSACM03-3', 'CAL', 0, 1, 0, 0, 0, 0, 0, 8, 0, 0, '', '');
INSERT INTO DayOfNonOperation (VehicleJourneyRef, StartDate, EndDate) VALUES ('96718', 1490918400, 1514851199);
INSERT INTO DayOfNonOperation (VehicleJourneyRef, StartDate, EndDate) VALUES ('96718', 1514937600, 2524607999);
INSERT INTO VehicleJourney (VehicleJourneyCode, ServiceRef, LineRef, JourneyPatternRef, OperatorRef, Monday, Tuesday, Wednesday, Thursday, Friday, Saturday, Sunday, DepatureHour, DepatureMinute, DepatureSecond, Note, NoteCode) VALUES ('96719', 'FSACM03', '0', 'JPS_FSACM03-3', 'CAL', 0, 1, 0, 0, 0, 0, 0, 8, 40, 0, '', '');
INSERT INTO DayOfNonOperation (VehicleJourneyRef, StartDate, EndDate) VALUES ('96719', 1490918400, 1514851199);
INSERT INTO DayOfNonOperation (VehicleJourneyRef, StartDate, EndDate) VALUES ('96719', 1514937600, 2524607999);
INSERT INTO VehicleJourney (VehicleJourneyCode, ServiceRef, LineRef, JourneyPatternRef, OperatorRef, Monday, Tuesday, Wednesday, Thursday, Friday, Saturday, Sunday, DepatureHour, DepatureMinute, DepatureSecond, Note, NoteCode) VALUES ('96720', 'FSACM03', '0', 'JPS_FSACM03-3', 'CAL', 0, 1, 0, 0, 0, 0, 0, 9, 30, 0, '', '');
INSERT INTO DayOfNonOperation (VehicleJourneyRef, StartDate, EndDate) VALUES ('96720', 1490918400, 1514851199);
INSERT INTO DayOfNonOperation (VehicleJourneyRef, StartDate, EndDate) VALUES ('96720', 1514937600, 2524607999);
INSERT INTO VehicleJourney (VehicleJourneyCode, ServiceRef, LineRef, JourneyPatternRef, OperatorRef, Monday, Tuesday, Wednesday, Thursday, Friday, Saturday, Sunday, DepatureHour, DepatureMinute, DepatureSecond, Note, NoteCode) VALUES ('96721', 'FSACM03', '0', 'JPS_FSACM03-3', 'CAL', 0, 1, 0, 0, 0, 0, 0, 10, 10, 0, '', '');
INSERT INTO DayOfNonOperation (VehicleJourneyRef, StartDate, EndDate) VALUES ('96721', 1490918400, 1514851199);
INSERT INTO DayOfNonOperation (VehicleJourneyRef, StartDate, EndDate) VALUES ('96721', 1514937600, 2524607999);
INSERT INTO VehicleJourney (VehicleJourneyCode, ServiceRef, LineRef, JourneyPatternRef, OperatorRef, Monday, Tuesday, Wednesday, Thursday, Friday, Saturday, Sunday, DepatureHour, DepatureMinute, DepatureSecond, Note, NoteCode) VALUES ('96722', 'FSACM03', '0', 'JPS_FSACM03-3', 'CAL', 0, 1, 0, 0, 0, 0, 0, 11, 0, 0, '', '');
INSERT INTO DayOfNonOperation (VehicleJourneyRef, StartDate, EndDate) VALUES ('96722', 1490918400, 1514851199);
INSERT INTO DayOfNonOperation (VehicleJourneyRef, StartDate, EndDate) VALUES ('96722', 1514937600, 2524607999);
INSERT INTO VehicleJourney (VehicleJourneyCode, ServiceRef, LineRef, JourneyPatternRef, OperatorRef, Monday, Tuesday, Wednesday, Thursday, Friday, Saturday, Sunday, DepatureHour, DepatureMinute, DepatureSecond, Note, NoteCode) VALUES ('96723', 'FSACM03', '0', 'JPS_FSACM03-3', 'CAL', 0, 1, 0, 0, 0, 0, 0, 12, 0, 0, '', '');
INSERT INTO DayOfNonOperation (VehicleJourneyRef, StartDate, EndDate) VALUES ('96723', 1490918400, 1514851199);
INSERT INTO DayOfNonOperation (VehicleJourneyRef, StartDate, EndDate) VALUES ('96723', 1514937600, 2524607999);
INSERT INTO VehicleJourney (VehicleJourneyCode, ServiceRef, LineRef, JourneyPatternRef, OperatorRef, Monday, Tuesday, Wednesday, Thursday, Friday, Saturday, Sunday, DepatureHour, DepatureMinute, DepatureSecond, Note, NoteCode) VALUES ('96724', 'FSACM03', '0', 'JPS_FSACM03-3', 'CAL', 0, 1, 0, 0, 0, 0, 0, 13, 0, 0, '', '');
INSERT INTO DayOfNonOperation (VehicleJourneyRef, StartDate, EndDate) VALUES ('96724', 1490918400, 1514851199);
INSERT INTO DayOfNonOperation (VehicleJourneyRef, StartDate, EndDate) VALUES ('96724', 1514937600, 2524607999);
INSERT INTO VehicleJourney (VehicleJourneyCode, ServiceRef, LineRef, JourneyPatternRef, OperatorRef, Monday, Tuesday, Wednesday, Thursday, Friday, Saturday, Sunday, DepatureHour, DepatureMinute, DepatureSecond, Note, NoteCode) VALUES ('96725', 'FSACM03', '0', 'JPS_FSACM03-3', 'CAL', 0, 1, 0, 0, 0, 0, 0, 14, 0, 0, '', '');
INSERT INTO DayOfNonOperation (VehicleJourneyRef, StartDate, EndDate) VALUES ('96725', 1490918400, 1514851199);
INSERT INTO DayOfNonOperation (VehicleJourneyRef, StartDate, EndDate) VALUES ('96725', 1514937600, 2524607999);
INSERT INTO VehicleJourney (VehicleJourneyCode, ServiceRef, LineRef, JourneyPatternRef, OperatorRef, Monday, Tuesday, Wednesday, Thursday, Friday, Saturday, Sunday, DepatureHour, DepatureMinute, DepatureSecond, Note, NoteCode) VALUES ('96726', 'FSACM03', '0', 'JPS_FSACM03-3', 'CAL', 0, 1, 0, 0, 0, 0, 0, 15, 0, 0, '', '');
INSERT INTO DayOfNonOperation (VehicleJourneyRef, StartDate, EndDate) VALUES ('96726', 1490918400, 1514851199);
INSERT INTO DayOfNonOperation (VehicleJourneyRef, StartDate, EndDate) VALUES ('96726', 1514937600, 2524607999);
INSERT INTO VehicleJourney (VehicleJourneyCode, ServiceRef, LineRef, JourneyPatternRef, OperatorRef, Monday, Tuesday, Wednesday, Thursday, Friday, Saturday, Sunday, DepatureHour, DepatureMinute, DepatureSecond, Note, NoteCode) VALUES ('96727', 'FSACM03', '0', 'JPS_FSACM03-3', 'CAL', 0, 1, 0, 0, 0, 0, 0, 16, 0, 0, '', '');
INSERT INTO DayOfNonOperation (VehicleJourneyRef, StartDate, EndDate) VALUES ('96727', 1490918400, 1514851199);
INSERT INTO DayOfNonOperation (VehicleJourneyRef, StartDate, EndDate) VALUES ('96727', 1514937600, 2524607999);
INSERT INTO VehicleJourney (VehicleJourneyCode, ServiceRef, LineRef, JourneyPatternRef, OperatorRef, Monday, Tuesday, Wednesday, Thursday, Friday, Saturday, Sunday, DepatureHour, DepatureMinute, DepatureSecond, Note, NoteCode) VALUES ('96728', 'FSACM03', '0', 'JPS_FSACM03-3', 'CAL', 0, 1, 0, 0, 0, 0, 0, 16, 45, 0, '', '');
INSERT INTO DayOfNonOperation (VehicleJourneyRef, StartDate, EndDate) VALUES ('96728', 1490918400, 1514851199);
INSERT INTO DayOfNonOperation (VehicleJourneyRef, StartDate, EndDate) VALUES ('96728', 1514937600, 2524607999);
INSERT INTO VehicleJourney (VehicleJourneyCode, ServiceRef, LineRef, JourneyPatternRef, OperatorRef, Monday, Tuesday, Wednesday, Thursday, Friday, Saturday, Sunday, DepatureHour, DepatureMinute, DepatureSecond, Note, NoteCode) VALUES ('96729', 'FSACM03', '0', 'JPS_FSACM03-3', 'CAL', 0, 1, 0, 0, 0, 0, 0, 17, 30, 0, '', '');
INSERT INTO DayOfNonOperation (VehicleJourneyRef, StartDate, EndDate) VALUES ('96729', 1490918400, 1514851199);
INSERT INTO DayOfNonOperation (VehicleJourneyRef, StartDate, EndDate) VALUES ('96729', 1514937600, 2524607999);
INSERT INTO VehicleJourney (VehicleJourneyCode, ServiceRef, LineRef, JourneyPatternRef, OperatorRef, Monday, Tuesday, Wednesday, Thursday, Friday, Saturday, Sunday, DepatureHour, DepatureMinute, DepatureSecond, Note, NoteCode) VALUES ('96730', 'FSACM03', '0', 'JPS_FSACM03-3', 'CAL', 0, 1, 0, 0, 0, 0, 0, 18, 15, 0, '', '');
INSERT INTO DayOfNonOperation (VehicleJourneyRef, StartDate, EndDate) VALUES ('96730', 1490918400, 1514851199);
INSERT INTO DayOfNonOperation (VehicleJourneyRef, StartDate, EndDate) VALUES ('96730', 1514937600, 2524607999);
INSERT INTO VehicleJourney (VehicleJourneyCode, ServiceRef, LineRef, JourneyPatternRef, OperatorRef, Monday, Tuesday, Wednesday, Thursday, Friday, Saturday, Sunday, DepatureHour, DepatureMinute, DepatureSecond, Note, NoteCode) VALUES ('96731', 'FSACM03', '0', 'JPS_FSACM03-3', 'CAL', 0, 1, 0, 0, 0, 0, 0, 19, 0, 0, '', '');
INSERT INTO DayOfNonOperation (VehicleJourneyRef, StartDate, EndDate) VALUES ('96731', 1490918400, 1514851199);
INSERT INTO DayOfNonOperation (VehicleJourneyRef, StartDate, EndDate) VALUES ('96731', 1514937600, 2524607999);
INSERT INTO VehicleJourney (VehicleJourneyCode, ServiceRef, LineRef, JourneyPatternRef, OperatorRef, Monday, Tuesday, Wednesday, Thursday, Friday, Saturday, Sunday, DepatureHour, DepatureMinute, DepatureSecond, Note, NoteCode) VALUES ('96832', 'FSACM03', '0', 'JPS_FSACM03-4', 'CAL', 0, 1, 0, 0, 0, 0, 0, 8, 45, 0, '', '');
INSERT INTO DayOfNonOperation (VehicleJourneyRef, StartDate, EndDate) VALUES ('96832', 1490918400, 1514851199);
INSERT INTO DayOfNonOperation (VehicleJourneyRef, StartDate, EndDate) VALUES ('96832', 1514937600, 2524607999);
INSERT INTO VehicleJourney (VehicleJourneyCode, ServiceRef, LineRef, JourneyPatternRef, OperatorRef, Monday, Tuesday, Wednesday, Thursday, Friday, Saturday, Sunday, DepatureHour, DepatureMinute, DepatureSecond, Note, NoteCode) VALUES ('96833', 'FSACM03', '0', 'JPS_FSACM03-4', 'CAL', 0, 1, 0, 0, 0, 0, 0, 9, 25, 0, '', '');
INSERT INTO DayOfNonOperation (VehicleJourneyRef, StartDate, EndDate) VALUES ('96833', 1490918400, 1514851199);
INSERT INTO DayOfNonOperation (VehicleJourneyRef, StartDate, EndDate) VALUES ('96833', 1514937600, 2524607999);
INSERT INTO VehicleJourney (VehicleJourneyCode, ServiceRef, LineRef, JourneyPatternRef, OperatorRef, Monday, Tuesday, Wednesday, Thursday, Friday, Saturday, Sunday, DepatureHour, DepatureMinute, DepatureSecond, Note, NoteCode) VALUES ('96834', 'FSACM03', '0', 'JPS_FSACM03-4', 'CAL', 0, 1, 0, 0, 0, 0, 0, 10, 15, 0, '', '');
INSERT INTO DayOfNonOperation (VehicleJourneyRef, StartDate, EndDate) VALUES ('96834', 1490918400, 1514851199);
INSERT INTO DayOfNonOperation (VehicleJourneyRef, StartDate, EndDate) VALUES ('96834', 1514937600, 2524607999);
INSERT INTO VehicleJourney (VehicleJourneyCode, ServiceRef, LineRef, JourneyPatternRef, OperatorRef, Monday, Tuesday, Wednesday, Thursday, Friday, Saturday, Sunday, DepatureHour, DepatureMinute, DepatureSecond, Note, NoteCode) VALUES ('96835', 'FSACM03', '0', 'JPS_FSACM03-4', 'CAL', 0, 1, 0, 0, 0, 0, 0, 11, 0, 0, '', '');
INSERT INTO DayOfNonOperation (VehicleJourneyRef, StartDate, EndDate) VALUES ('96835', 1490918400, 1514851199);
INSERT INTO DayOfNonOperation (VehicleJourneyRef, StartDate, EndDate) VALUES ('96835', 1514937600, 2524607999);
INSERT INTO VehicleJourney (VehicleJourneyCode, ServiceRef, LineRef, JourneyPatternRef, OperatorRef, Monday, Tuesday, Wednesday, Thursday, Friday, Saturday, Sunday, DepatureHour, DepatureMinute, DepatureSecond, Note, NoteCode) VALUES ('96836', 'FSACM03', '0', 'JPS_FSACM03-4', 'CAL', 0, 1, 0, 0, 0, 0, 0, 12, 0, 0, '', '');
INSERT INTO DayOfNonOperation (VehicleJourneyRef, StartDate, EndDate) VALUES ('96836', 1490918400, 1514851199);
INSERT INTO DayOfNonOperation (VehicleJourneyRef, StartDate, EndDate) VALUES ('96836', 1514937600, 2524607999);
INSERT INTO VehicleJourney (VehicleJourneyCode, ServiceRef, LineRef, JourneyPatternRef, OperatorRef, Monday, Tuesday, Wednesday, Thursday, Friday, Saturday, Sunday, DepatureHour, DepatureMinute, DepatureSecond, Note, NoteCode) VALUES ('96837', 'FSACM03', '0', 'JPS_FSACM03-4', 'CAL', 0, 1, 0, 0, 0, 0, 0, 13, 5, 0, '', '');
INSERT INTO DayOfNonOperation (VehicleJourneyRef, StartDate, EndDate) VALUES ('96837', 1490918400, 1514851199);
INSERT INTO DayOfNonOperation (VehicleJourneyRef, StartDate, EndDate) VALUES ('96837', 1514937600, 2524607999);
INSERT INTO VehicleJourney (VehicleJourneyCode, ServiceRef, LineRef, JourneyPatternRef, OperatorRef, Monday, Tuesday, Wednesday, Thursday, Friday, Saturday, Sunday, DepatureHour, DepatureMinute, DepatureSecond, Note, NoteCode) VALUES ('96838', 'FSACM03', '0', 'JPS_FSACM03-4', 'CAL', 0, 1, 0, 0, 0, 0, 0, 14, 5, 0, '', '');
INSERT INTO DayOfNonOperation (VehicleJourneyRef, StartDate, EndDate) VALUES ('96838', 1490918400, 1514851199);
INSERT INTO DayOfNonOperation (VehicleJourneyRef, StartDate, EndDate) VALUES ('96838', 1514937600, 2524607999);
INSERT INTO VehicleJourney (VehicleJourneyCode, ServiceRef, LineRef, JourneyPatternRef, OperatorRef, Monday, Tuesday, Wednesday, Thursday, Friday, Saturday, Sunday, DepatureHour, DepatureMinute, DepatureSecond, Note, NoteCode) VALUES ('96839', 'FSACM03', '0', 'JPS_FSACM03-4', 'CAL', 0, 1, 0, 0, 0, 0, 0, 15, 0, 0, '', '');
INSERT INTO DayOfNonOperation (VehicleJourneyRef, StartDate, EndDate) VALUES ('96839', 1490918400, 1514851199);
INSERT INTO DayOfNonOperation (VehicleJourneyRef, StartDate, EndDate) VALUES ('96839', 1514937600, 2524607999);
INSERT INTO VehicleJourney (VehicleJourneyCode, ServiceRef, LineRef, JourneyPatternRef, OperatorRef, Monday, Tuesday, Wednesday, Thursday, Friday, Saturday, Sunday, DepatureHour, DepatureMinute, DepatureSecond, Note, NoteCode) VALUES ('96840', 'FSACM03', '0', 'JPS_FSACM03-4', 'CAL', 0, 1, 0, 0, 0, 0, 0, 16, 0, 0, '', '');
INSERT INTO DayOfNonOperation (VehicleJourneyRef, StartDate, EndDate) VALUES ('96840', 1490918400, 1514851199);
INSERT INTO DayOfNonOperation (VehicleJourneyRef, StartDate, EndDate) VALUES ('96840', 1514937600, 2524607999);
INSERT INTO VehicleJourney (VehicleJourneyCode, ServiceRef, LineRef, JourneyPatternRef, OperatorRef, Monday, Tuesday, Wednesday, Thursday, Friday, Saturday, Sunday, DepatureHour, DepatureMinute, DepatureSecond, Note, NoteCode) VALUES ('96841', 'FSACM03', '0', 'JPS_FSACM03-4', 'CAL', 0, 1, 0, 0, 0, 0, 0, 16, 45, 0, '', '');
INSERT INTO DayOfNonOperation (VehicleJourneyRef, StartDate, EndDate) VALUES ('96841', 1490918400, 1514851199);
INSERT INTO DayOfNonOperation (VehicleJourneyRef, StartDate, EndDate) VALUES ('96841', 1514937600, 2524607999);
INSERT INTO VehicleJourney (VehicleJourneyCode, ServiceRef, LineRef, JourneyPatternRef, OperatorRef, Monday, Tuesday, Wednesday, Thursday, Friday, Saturday, Sunday, DepatureHour, DepatureMinute, DepatureSecond, Note, NoteCode) VALUES ('96842', 'FSACM03', '0', 'JPS_FSACM03-4', 'CAL', 0, 1, 0, 0, 0, 0, 0, 17, 30, 0, '', '');
INSERT INTO DayOfNonOperation (VehicleJourneyRef, StartDate, EndDate) VALUES ('96842', 1490918400, 1514851199);
INSERT INTO DayOfNonOperation (VehicleJourneyRef, StartDate, EndDate) VALUES ('96842', 1514937600, 2524607999);
INSERT INTO VehicleJourney (VehicleJourneyCode, ServiceRef, LineRef, JourneyPatternRef, OperatorRef, Monday, Tuesday, Wednesday, Thursday, Friday, Saturday, Sunday, DepatureHour, DepatureMinute, DepatureSecond, Note, NoteCode) VALUES ('96843', 'FSACM03', '0', 'JPS_FSACM03-4', 'CAL', 0, 1, 0, 0, 0, 0, 0, 18, 15, 0, '', '');
INSERT INTO DayOfNonOperation (VehicleJourneyRef, StartDate, EndDate) VALUES ('96843', 1490918400, 1514851199);
INSERT INTO DayOfNonOperation (VehicleJourneyRef, StartDate, EndDate) VALUES ('96843', 1514937600, 2524607999);
INSERT INTO VehicleJourney (VehicleJourneyCode, ServiceRef, LineRef, JourneyPatternRef, OperatorRef, Monday, Tuesday, Wednesday, Thursday, Friday, Saturday, Sunday, DepatureHour, DepatureMinute, DepatureSecond, Note, NoteCode) VALUES ('96844', 'FSACM03', '0', 'JPS_FSACM03-4', 'CAL', 0, 1, 0, 0, 0, 0, 0, 19, 0, 0, '', '');
INSERT INTO DayOfNonOperation (VehicleJourneyRef, StartDate, EndDate) VALUES ('96844', 1490918400, 1514851199);
INSERT INTO DayOfNonOperation (VehicleJourneyRef, StartDate, EndDate) VALUES ('96844', 1514937600, 2524607999);
INSERT INTO VehicleJourney (VehicleJourneyCode, ServiceRef, LineRef, JourneyPatternRef, OperatorRef, Monday, Tuesday, Wednesday, Thursday, Friday, Saturday, Sunday, DepatureHour, DepatureMinute, DepatureSecond, Note, NoteCode) VALUES ('96845', 'FSACM03', '0', 'JPS_FSACM03-4', 'CAL', 0, 1, 0, 0, 0, 0, 0, 19, 45, 0, '', '');
INSERT INTO DayOfNonOperation (VehicleJourneyRef, StartDate, EndDate) VALUES ('96845', 1490918400, 1514851199);
INSERT INTO DayOfNonOperation (VehicleJourneyRef, StartDate, EndDate) VALUES ('96845', 1514937600, 2524607999);INSERT INTO AnnotatedStopPointRef (StopPointRef, CommonName, Latitude, Longitude) VALUES ('9300BRB', 'Brodick Isle of Arran Ferry Terminal', 0, 0);
INSERT INTO AnnotatedStopPointRef (StopPointRef, CommonName, Latitude, Longitude) VALUES ('9300ARD', 'Ardrossan Ferry Terminal', 0, 0);
INSERT INTO Route (RouteId, RouteDescription, RouteSectionRef) VALUES ('FSACM05_001', 'Brodick - Ardrossan
', 'FSACM05_001');
INSERT INTO Route (RouteId, RouteDescription, RouteSectionRef) VALUES ('FSACM05_002', 'Ardrossan - Brodick
', 'FSACM05_002');
INSERT INTO RouteSection (RouteSectionId) VALUES ('FSACM05_001');
INSERT INTO RouteLink (RouteLinkId, RouteSectionId, FromStopPointRef, ToStopPointRef, `Order`, RouteDirection) VALUES ('FSACM05_001_289683', 'FSACM05_001', '9300BRB', '9300ARD', 0, 'inbound');
INSERT INTO RouteSection (RouteSectionId) VALUES ('FSACM05_002');
INSERT INTO RouteLink (RouteLinkId, RouteSectionId, FromStopPointRef, ToStopPointRef, `Order`, RouteDirection) VALUES ('FSACM05_002_289685', 'FSACM05_002', '9300ARD', '9300BRB', 0, 'outbound');
INSERT INTO JourneyPatternSection (JourneyPatternSectionId) VALUES ('JPS_FSACM05-3');
INSERT INTO JourneyPatternTimingLink (JourneyPatternTimingLinkId, JourneyPatternSectionId, JourneyPatternFromStopPointRef, JourneyPatternFromTimingStatus, JourneyPatternToStopPointsRef, JourneyPatternToTimingStatus, RouteLinkRef, JourneyDirection, RunTime, WaitTime) VALUES ('JPS_FSACM05-3_289683', 'JPS_FSACM05-3', '9300BRB', 'PTP', '9300ARD', 'PTP', 'FSACM05_001_289683', 'inbound', 'PT3300S', '');
INSERT INTO JourneyPatternSection (JourneyPatternSectionId) VALUES ('JPS_FSACM05-4');
INSERT INTO JourneyPatternTimingLink (JourneyPatternTimingLinkId, JourneyPatternSectionId, JourneyPatternFromStopPointRef, JourneyPatternFromTimingStatus, JourneyPatternToStopPointsRef, JourneyPatternToTimingStatus, RouteLinkRef, JourneyDirection, RunTime, WaitTime) VALUES ('JPS_FSACM05-4_289685', 'JPS_FSACM05-4', '9300ARD', 'PTP', '9300BRB', 'PTP', 'FSACM05_002_289685', 'outbound', 'PT3300S', '');
INSERT INTO Operator (OperatorId, NationalOperatorCode, OperatorCode, OperatorShortName) VALUES ('CAL', 'CALM', 'CAL', 'Caledonian MacBrayne');
INSERT INTO Service (ServiceCode, RegisteredOperatorRef, Mode, Description, Origin, Destination, StartDate, EndDate) VALUES ('FSACM05', 'CAL', 'ferry', 'Ardrossan - Brodick', 'Ardrossan', 'Brodick', 1490918400, 2524607999);
INSERT INTO Line (LineId, ServiceRef, LineName) VALUES ('0', 'FSACM05', 'CM5');
INSERT INTO JourneyPattern (JourneyPatternId, ServiceRef, JourneyPatternSectionRef, JourneyPatternDirection) VALUES ('JPS_FSACM05-3', 'FSACM05', 'JPS_FSACM05-3', 'inbound');
INSERT INTO JourneyPattern (JourneyPatternId, ServiceRef, JourneyPatternSectionRef, JourneyPatternDirection) VALUES ('JPS_FSACM05-4', 'FSACM05', 'JPS_FSACM05-4', 'outbound');
INSERT INTO VehicleJourney (VehicleJourneyCode, ServiceRef, LineRef, JourneyPatternRef, OperatorRef, Monday, Tuesday, Wednesday, Thursday, Friday, Saturday, Sunday, DepatureHour, DepatureMinute, DepatureSecond, Note, NoteCode) VALUES ('96846', 'FSACM05', '0', 'JPS_FSACM05-3', 'CAL', 0, 0, 0, 0, 1, 0, 0, 21, 40, 0, '', '');
INSERT INTO DayOfNonOperation (VehicleJourneyRef, StartDate, EndDate) VALUES ('96846', 1508716800, 2524607999);
INSERT INTO VehicleJourney (VehicleJourneyCode, ServiceRef, LineRef, JourneyPatternRef, OperatorRef, Monday, Tuesday, Wednesday, Thursday, Friday, Saturday, Sunday, DepatureHour, DepatureMinute, DepatureSecond, Note, NoteCode) VALUES ('96847', 'FSACM05', '0', 'JPS_FSACM05-3', 'CAL', 1, 1, 1, 1, 1, 0, 0, 8, 20, 0, '', '');
INSERT INTO DayOfNonOperation (VehicleJourneyRef, StartDate, EndDate) VALUES ('96847', 1508716800, 2524607999);
INSERT INTO VehicleJourney (VehicleJourneyCode, ServiceRef, LineRef, JourneyPatternRef, OperatorRef, Monday, Tuesday, Wednesday, Thursday, Friday, Saturday, Sunday, DepatureHour, DepatureMinute, DepatureSecond, Note, NoteCode) VALUES ('96848', 'FSACM05', '0', 'JPS_FSACM05-3', 'CAL', 1, 1, 1, 1, 1, 0, 0, 11, 5, 0, '', '');
INSERT INTO DayOfNonOperation (VehicleJourneyRef, StartDate, EndDate) VALUES ('96848', 1508716800, 2524607999);
INSERT INTO VehicleJourney (VehicleJourneyCode, ServiceRef, LineRef, JourneyPatternRef, OperatorRef, Monday, Tuesday, Wednesday, Thursday, Friday, Saturday, Sunday, DepatureHour, DepatureMinute, DepatureSecond, Note, NoteCode) VALUES ('96849', 'FSACM05', '0', 'JPS_FSACM05-3', 'CAL', 1, 1, 1, 1, 1, 0, 0, 13, 55, 0, '', '');
INSERT INTO DayOfNonOperation (VehicleJourneyRef, StartDate, EndDate) VALUES ('96849', 1508716800, 2524607999);
INSERT INTO VehicleJourney (VehicleJourneyCode, ServiceRef, LineRef, JourneyPatternRef, OperatorRef, Monday, Tuesday, Wednesday, Thursday, Friday, Saturday, Sunday, DepatureHour, DepatureMinute, DepatureSecond, Note, NoteCode) VALUES ('96850', 'FSACM05', '0', 'JPS_FSACM05-3', 'CAL', 1, 1, 1, 1, 1, 0, 0, 16, 40, 0, '', '');
INSERT INTO DayOfNonOperation (VehicleJourneyRef, StartDate, EndDate) VALUES ('96850', 1508716800, 2524607999);
INSERT INTO VehicleJourney (VehicleJourneyCode, ServiceRef, LineRef, JourneyPatternRef, OperatorRef, Monday, Tuesday, Wednesday, Thursday, Friday, Saturday, Sunday, DepatureHour, DepatureMinute, DepatureSecond, Note, NoteCode) VALUES ('96851', 'FSACM05', '0', 'JPS_FSACM05-3', 'CAL', 1, 1, 1, 1, 1, 0, 0, 19, 20, 0, '', '');
INSERT INTO DayOfNonOperation (VehicleJourneyRef, StartDate, EndDate) VALUES ('96851', 1508716800, 2524607999);
INSERT INTO VehicleJourney (VehicleJourneyCode, ServiceRef, LineRef, JourneyPatternRef, OperatorRef, Monday, Tuesday, Wednesday, Thursday, Friday, Saturday, Sunday, DepatureHour, DepatureMinute, DepatureSecond, Note, NoteCode) VALUES ('96865', 'FSACM05', '0', 'JPS_FSACM05-3', 'CAL', 0, 0, 0, 0, 0, 1, 0, 8, 20, 0, '', '');
INSERT INTO DayOfOperation (VehicleJourneyRef, StartDate, EndDate) VALUES ('96865', 1497657600, 1497743999);
INSERT INTO DayOfOperation (VehicleJourneyRef, StartDate, EndDate) VALUES ('96865', 1498262400, 1498348799);
INSERT INTO DayOfOperation (VehicleJourneyRef, StartDate, EndDate) VALUES ('96865', 1498867200, 1498953599);
INSERT INTO DayOfOperation (VehicleJourneyRef, StartDate, EndDate) VALUES ('96865', 1499472000, 1499558399);
INSERT INTO DayOfOperation (VehicleJourneyRef, StartDate, EndDate) VALUES ('96865', 1500076800, 1500163199);
INSERT INTO DayOfOperation (VehicleJourneyRef, StartDate, EndDate) VALUES ('96865', 1500681600, 1500767999);
INSERT INTO DayOfOperation (VehicleJourneyRef, StartDate, EndDate) VALUES ('96865', 1501286400, 1501372799);
INSERT INTO DayOfOperation (VehicleJourneyRef, StartDate, EndDate) VALUES ('96865', 1501891200, 1501977599);
INSERT INTO DayOfOperation (VehicleJourneyRef, StartDate, EndDate) VALUES ('96865', 1502496000, 1502582399);
INSERT INTO DayOfOperation (VehicleJourneyRef, StartDate, EndDate) VALUES ('96865', 1503100800, 1503187199);
INSERT INTO DayOfOperation (VehicleJourneyRef, StartDate, EndDate) VALUES ('96865', 1503705600, 1503791999);
INSERT INTO DayOfOperation (VehicleJourneyRef, StartDate, EndDate) VALUES ('96865', 1504310400, 1504396799);
INSERT INTO DayOfOperation (VehicleJourneyRef, StartDate, EndDate) VALUES ('96865', 1504915200, 1505001599);
INSERT INTO DayOfOperation (VehicleJourneyRef, StartDate, EndDate) VALUES ('96865', 1505520000, 1505606399);
INSERT INTO DayOfOperation (VehicleJourneyRef, StartDate, EndDate) VALUES ('96865', 1506124800, 1506211199);
INSERT INTO DayOfOperation (VehicleJourneyRef, StartDate, EndDate) VALUES ('96865', 1506729600, 1506815999);
INSERT INTO DayOfOperation (VehicleJourneyRef, StartDate, EndDate) VALUES ('96865', 1507334400, 1507420799);
INSERT INTO DayOfOperation (VehicleJourneyRef, StartDate, EndDate) VALUES ('96865', 1507939200, 1508025599);
INSERT INTO DayOfOperation (VehicleJourneyRef, StartDate, EndDate) VALUES ('96865', 1508544000, 1508630399);
INSERT INTO DayOfNonOperation (VehicleJourneyRef, StartDate, EndDate) VALUES ('96865', 1508716800, 2524607999);
INSERT INTO VehicleJourney (VehicleJourneyCode, ServiceRef, LineRef, JourneyPatternRef, OperatorRef, Monday, Tuesday, Wednesday, Thursday, Friday, Saturday, Sunday, DepatureHour, DepatureMinute, DepatureSecond, Note, NoteCode) VALUES ('96866', 'FSACM05', '0', 'JPS_FSACM05-3', 'CAL', 0, 0, 0, 0, 0, 1, 0, 11, 5, 0, '', '');
INSERT INTO DayOfOperation (VehicleJourneyRef, StartDate, EndDate) VALUES ('96866', 1497657600, 1497743999);
INSERT INTO DayOfOperation (VehicleJourneyRef, StartDate, EndDate) VALUES ('96866', 1498262400, 1498348799);
INSERT INTO DayOfOperation (VehicleJourneyRef, StartDate, EndDate) VALUES ('96866', 1498867200, 1498953599);
INSERT INTO DayOfOperation (VehicleJourneyRef, StartDate, EndDate) VALUES ('96866', 1499472000, 1499558399);
INSERT INTO DayOfOperation (VehicleJourneyRef, StartDate, EndDate) VALUES ('96866', 1500076800, 1500163199);
INSERT INTO DayOfOperation (VehicleJourneyRef, StartDate, EndDate) VALUES ('96866', 1500681600, 1500767999);
INSERT INTO DayOfOperation (VehicleJourneyRef, StartDate, EndDate) VALUES ('96866', 1501286400, 1501372799);
INSERT INTO DayOfOperation (VehicleJourneyRef, StartDate, EndDate) VALUES ('96866', 1501891200, 1501977599);
INSERT INTO DayOfOperation (VehicleJourneyRef, StartDate, EndDate) VALUES ('96866', 1502496000, 1502582399);
INSERT INTO DayOfOperation (VehicleJourneyRef, StartDate, EndDate) VALUES ('96866', 1503100800, 1503187199);
INSERT INTO DayOfOperation (VehicleJourneyRef, StartDate, EndDate) VALUES ('96866', 1503705600, 1503791999);
INSERT INTO DayOfOperation (VehicleJourneyRef, StartDate, EndDate) VALUES ('96866', 1504310400, 1504396799);
INSERT INTO DayOfOperation (VehicleJourneyRef, StartDate, EndDate) VALUES ('96866', 1504915200, 1505001599);
INSERT INTO DayOfOperation (VehicleJourneyRef, StartDate, EndDate) VALUES ('96866', 1505520000, 1505606399);
INSERT INTO DayOfOperation (VehicleJourneyRef, StartDate, EndDate) VALUES ('96866', 1506124800, 1506211199);
INSERT INTO DayOfOperation (VehicleJourneyRef, StartDate, EndDate) VALUES ('96866', 1506729600, 1506815999);
INSERT INTO DayOfOperation (VehicleJourneyRef, StartDate, EndDate) VALUES ('96866', 1507334400, 1507420799);
INSERT INTO DayOfOperation (VehicleJourneyRef, StartDate, EndDate) VALUES ('96866', 1507939200, 1508025599);
INSERT INTO DayOfOperation (VehicleJourneyRef, StartDate, EndDate) VALUES ('96866', 1508544000, 1508630399);
INSERT INTO DayOfNonOperation (VehicleJourneyRef, StartDate, EndDate) VALUES ('96866', 1508716800, 2524607999);
INSERT INTO VehicleJourney (VehicleJourneyCode, ServiceRef, LineRef, JourneyPatternRef, OperatorRef, Monday, Tuesday, Wednesday, Thursday, Friday, Saturday, Sunday, DepatureHour, DepatureMinute, DepatureSecond, Note, NoteCode) VALUES ('96867', 'FSACM05', '0', 'JPS_FSACM05-3', 'CAL', 0, 0, 0, 0, 0, 1, 0, 13, 55, 0, '', '');
INSERT INTO DayOfOperation (VehicleJourneyRef, StartDate, EndDate) VALUES ('96867', 1497657600, 1497743999);
INSERT INTO DayOfOperation (VehicleJourneyRef, StartDate, EndDate) VALUES ('96867', 1498262400, 1498348799);
INSERT INTO DayOfOperation (VehicleJourneyRef, StartDate, EndDate) VALUES ('96867', 1498867200, 1498953599);
INSERT INTO DayOfOperation (VehicleJourneyRef, StartDate, EndDate) VALUES ('96867', 1499472000, 1499558399);
INSERT INTO DayOfOperation (VehicleJourneyRef, StartDate, EndDate) VALUES ('96867', 1500076800, 1500163199);
INSERT INTO DayOfOperation (VehicleJourneyRef, StartDate, EndDate) VALUES ('96867', 1500681600, 1500767999);
INSERT INTO DayOfOperation (VehicleJourneyRef, StartDate, EndDate) VALUES ('96867', 1501286400, 1501372799);
INSERT INTO DayOfOperation (VehicleJourneyRef, StartDate, EndDate) VALUES ('96867', 1501891200, 1501977599);
INSERT INTO DayOfOperation (VehicleJourneyRef, StartDate, EndDate) VALUES ('96867', 1502496000, 1502582399);
INSERT INTO DayOfOperation (VehicleJourneyRef, StartDate, EndDate) VALUES ('96867', 1503100800, 1503187199);
INSERT INTO DayOfOperation (VehicleJourneyRef, StartDate, EndDate) VALUES ('96867', 1503705600, 1503791999);
INSERT INTO DayOfOperation (VehicleJourneyRef, StartDate, EndDate) VALUES ('96867', 1504310400, 1504396799);
INSERT INTO DayOfOperation (VehicleJourneyRef, StartDate, EndDate) VALUES ('96867', 1504915200, 1505001599);
INSERT INTO DayOfOperation (VehicleJourneyRef, StartDate, EndDate) VALUES ('96867', 1505520000, 1505606399);
INSERT INTO DayOfOperation (VehicleJourneyRef, StartDate, EndDate) VALUES ('96867', 1506124800, 1506211199);
INSERT INTO DayOfOperation (VehicleJourneyRef, StartDate, EndDate) VALUES ('96867', 1506729600, 1506815999);
INSERT INTO DayOfOperation (VehicleJourneyRef, StartDate, EndDate) VALUES ('96867', 1507334400, 1507420799);
INSERT INTO DayOfOperation (VehicleJourneyRef, StartDate, EndDate) VALUES ('96867', 1507939200, 1508025599);
INSERT INTO DayOfOperation (VehicleJourneyRef, StartDate, EndDate) VALUES ('96867', 1508544000, 1508630399);
INSERT INTO DayOfNonOperation (VehicleJourneyRef, StartDate, EndDate) VALUES ('96867', 1508716800, 2524607999);
INSERT INTO VehicleJourney (VehicleJourneyCode, ServiceRef, LineRef, JourneyPatternRef, OperatorRef, Monday, Tuesday, Wednesday, Thursday, Friday, Saturday, Sunday, DepatureHour, DepatureMinute, DepatureSecond, Note, NoteCode) VALUES ('96868', 'FSACM05', '0', 'JPS_FSACM05-3', 'CAL', 0, 0, 0, 0, 0, 1, 0, 16, 40, 0, '', '');
INSERT INTO DayOfOperation (VehicleJourneyRef, StartDate, EndDate) VALUES ('96868', 1497657600, 1497743999);
INSERT INTO DayOfOperation (VehicleJourneyRef, StartDate, EndDate) VALUES ('96868', 1498262400, 1498348799);
INSERT INTO DayOfOperation (VehicleJourneyRef, StartDate, EndDate) VALUES ('96868', 1498867200, 1498953599);
INSERT INTO DayOfOperation (VehicleJourneyRef, StartDate, EndDate) VALUES ('96868', 1499472000, 1499558399);
INSERT INTO DayOfOperation (VehicleJourneyRef, StartDate, EndDate) VALUES ('96868', 1500076800, 1500163199);
INSERT INTO DayOfOperation (VehicleJourneyRef, StartDate, EndDate) VALUES ('96868', 1500681600, 1500767999);
INSERT INTO DayOfOperation (VehicleJourneyRef, StartDate, EndDate) VALUES ('96868', 1501286400, 1501372799);
INSERT INTO DayOfOperation (VehicleJourneyRef, StartDate, EndDate) VALUES ('96868', 1501891200, 1501977599);
INSERT INTO DayOfOperation (VehicleJourneyRef, StartDate, EndDate) VALUES ('96868', 1502496000, 1502582399);
INSERT INTO DayOfOperation (VehicleJourneyRef, StartDate, EndDate) VALUES ('96868', 1503100800, 1503187199);
INSERT INTO DayOfOperation (VehicleJourneyRef, StartDate, EndDate) VALUES ('96868', 1503705600, 1503791999);
INSERT INTO DayOfOperation (VehicleJourneyRef, StartDate, EndDate) VALUES ('96868', 1504310400, 1504396799);
INSERT INTO DayOfOperation (VehicleJourneyRef, StartDate, EndDate) VALUES ('96868', 1504915200, 1505001599);
INSERT INTO DayOfOperation (VehicleJourneyRef, StartDate, EndDate) VALUES ('96868', 1505520000, 1505606399);
INSERT INTO DayOfOperation (VehicleJourneyRef, StartDate, EndDate) VALUES ('96868', 1506124800, 1506211199);
INSERT INTO DayOfOperation (VehicleJourneyRef, StartDate, EndDate) VALUES ('96868', 1506729600, 1506815999);
INSERT INTO DayOfOperation (VehicleJourneyRef, StartDate, EndDate) VALUES ('96868', 1507334400, 1507420799);
INSERT INTO DayOfOperation (VehicleJourneyRef, StartDate, EndDate) VALUES ('96868', 1507939200, 1508025599);
INSERT INTO DayOfOperation (VehicleJourneyRef, StartDate, EndDate) VALUES ('96868', 1508544000, 1508630399);
INSERT INTO DayOfNonOperation (VehicleJourneyRef, StartDate, EndDate) VALUES ('96868', 1508716800, 2524607999);
INSERT INTO VehicleJourney (VehicleJourneyCode, ServiceRef, LineRef, JourneyPatternRef, OperatorRef, Monday, Tuesday, Wednesday, Thursday, Friday, Saturday, Sunday, DepatureHour, DepatureMinute, DepatureSecond, Note, NoteCode) VALUES ('96869', 'FSACM05', '0', 'JPS_FSACM05-3', 'CAL', 0, 0, 0, 0, 0, 1, 0, 19, 20, 0, '', '');
INSERT INTO DayOfOperation (VehicleJourneyRef, StartDate, EndDate) VALUES ('96869', 1497657600, 1497743999);
INSERT INTO DayOfOperation (VehicleJourneyRef, StartDate, EndDate) VALUES ('96869', 1498262400, 1498348799);
INSERT INTO DayOfOperation (VehicleJourneyRef, StartDate, EndDate) VALUES ('96869', 1498867200, 1498953599);
INSERT INTO DayOfOperation (VehicleJourneyRef, StartDate, EndDate) VALUES ('96869', 1499472000, 1499558399);
INSERT INTO DayOfOperation (VehicleJourneyRef, StartDate, EndDate) VALUES ('96869', 1500076800, 1500163199);
INSERT INTO DayOfOperation (VehicleJourneyRef, StartDate, EndDate) VALUES ('96869', 1500681600, 1500767999);
INSERT INTO DayOfOperation (VehicleJourneyRef, StartDate, EndDate) VALUES ('96869', 1501286400, 1501372799);
INSERT INTO DayOfOperation (VehicleJourneyRef, StartDate, EndDate) VALUES ('96869', 1501891200, 1501977599);
INSERT INTO DayOfOperation (VehicleJourneyRef, StartDate, EndDate) VALUES ('96869', 1502496000, 1502582399);
INSERT INTO DayOfOperation (VehicleJourneyRef, StartDate, EndDate) VALUES ('96869', 1503100800, 1503187199);
INSERT INTO DayOfOperation (VehicleJourneyRef, StartDate, EndDate) VALUES ('96869', 1503705600, 1503791999);
INSERT INTO DayOfOperation (VehicleJourneyRef, StartDate, EndDate) VALUES ('96869', 1504310400, 1504396799);
INSERT INTO DayOfOperation (VehicleJourneyRef, StartDate, EndDate) VALUES ('96869', 1504915200, 1505001599);
INSERT INTO DayOfOperation (VehicleJourneyRef, StartDate, EndDate) VALUES ('96869', 1505520000, 1505606399);
INSERT INTO DayOfOperation (VehicleJourneyRef, StartDate, EndDate) VALUES ('96869', 1506124800, 1506211199);
INSERT INTO DayOfOperation (VehicleJourneyRef, StartDate, EndDate) VALUES ('96869', 1506729600, 1506815999);
INSERT INTO DayOfOperation (VehicleJourneyRef, StartDate, EndDate) VALUES ('96869', 1507334400, 1507420799);
INSERT INTO DayOfOperation (VehicleJourneyRef, StartDate, EndDate) VALUES ('96869', 1507939200, 1508025599);
INSERT INTO DayOfOperation (VehicleJourneyRef, StartDate, EndDate) VALUES ('96869', 1508544000, 1508630399);
INSERT INTO DayOfNonOperation (VehicleJourneyRef, StartDate, EndDate) VALUES ('96869', 1508716800, 2524607999);
INSERT INTO VehicleJourney (VehicleJourneyCode, ServiceRef, LineRef, JourneyPatternRef, OperatorRef, Monday, Tuesday, Wednesday, Thursday, Friday, Saturday, Sunday, DepatureHour, DepatureMinute, DepatureSecond, Note, NoteCode) VALUES ('96880', 'FSACM05', '0', 'JPS_FSACM05-3', 'CAL', 0, 0, 0, 0, 0, 0, 1, 11, 5, 0, '', '');
INSERT INTO DayOfOperation (VehicleJourneyRef, StartDate, EndDate) VALUES ('96880', 1497744000, 1497830399);
INSERT INTO DayOfOperation (VehicleJourneyRef, StartDate, EndDate) VALUES ('96880', 1498348800, 1498435199);
INSERT INTO DayOfOperation (VehicleJourneyRef, StartDate, EndDate) VALUES ('96880', 1498953600, 1499039999);
INSERT INTO DayOfOperation (VehicleJourneyRef, StartDate, EndDate) VALUES ('96880', 1499558400, 1499644799);
INSERT INTO DayOfOperation (VehicleJourneyRef, StartDate, EndDate) VALUES ('96880', 1500163200, 1500249599);
INSERT INTO DayOfOperation (VehicleJourneyRef, StartDate, EndDate) VALUES ('96880', 1500768000, 1500854399);
INSERT INTO DayOfOperation (VehicleJourneyRef, StartDate, EndDate) VALUES ('96880', 1501372800, 1501459199);
INSERT INTO DayOfOperation (VehicleJourneyRef, StartDate, EndDate) VALUES ('96880', 1501977600, 1502063999);
INSERT INTO DayOfOperation (VehicleJourneyRef, StartDate, EndDate) VALUES ('96880', 1502582400, 1502668799);
INSERT INTO DayOfOperation (VehicleJourneyRef, StartDate, EndDate) VALUES ('96880', 1503187200, 1503273599);
INSERT INTO DayOfOperation (VehicleJourneyRef, StartDate, EndDate) VALUES ('96880', 1503792000, 1503878399);
INSERT INTO DayOfOperation (VehicleJourneyRef, StartDate, EndDate) VALUES ('96880', 1504396800, 1504483199);
INSERT INTO DayOfOperation (VehicleJourneyRef, StartDate, EndDate) VALUES ('96880', 1505001600, 1505087999);
INSERT INTO DayOfOperation (VehicleJourneyRef, StartDate, EndDate) VALUES ('96880', 1505606400, 1505692799);
INSERT INTO DayOfOperation (VehicleJourneyRef, StartDate, EndDate) VALUES ('96880', 1506211200, 1506297599);
INSERT INTO DayOfOperation (VehicleJourneyRef, StartDate, EndDate) VALUES ('96880', 1506816000, 1506902399);
INSERT INTO DayOfOperation (VehicleJourneyRef, StartDate, EndDate) VALUES ('96880', 1507420800, 1507507199);
INSERT INTO DayOfOperation (VehicleJourneyRef, StartDate, EndDate) VALUES ('96880', 1508025600, 1508111999);
INSERT INTO DayOfOperation (VehicleJourneyRef, StartDate, EndDate) VALUES ('96880', 1508630400, 1508716799);
INSERT INTO DayOfNonOperation (VehicleJourneyRef, StartDate, EndDate) VALUES ('96880', 1508716800, 2524607999);
INSERT INTO VehicleJourney (VehicleJourneyCode, ServiceRef, LineRef, JourneyPatternRef, OperatorRef, Monday, Tuesday, Wednesday, Thursday, Friday, Saturday, Sunday, DepatureHour, DepatureMinute, DepatureSecond, Note, NoteCode) VALUES ('96881', 'FSACM05', '0', 'JPS_FSACM05-3', 'CAL', 0, 0, 0, 0, 0, 0, 1, 13, 55, 0, '', '');
INSERT INTO DayOfOperation (VehicleJourneyRef, StartDate, EndDate) VALUES ('96881', 1497744000, 1497830399);
INSERT INTO DayOfOperation (VehicleJourneyRef, StartDate, EndDate) VALUES ('96881', 1498348800, 1498435199);
INSERT INTO DayOfOperation (VehicleJourneyRef, StartDate, EndDate) VALUES ('96881', 1498953600, 1499039999);
INSERT INTO DayOfOperation (VehicleJourneyRef, StartDate, EndDate) VALUES ('96881', 1499558400, 1499644799);
INSERT INTO DayOfOperation (VehicleJourneyRef, StartDate, EndDate) VALUES ('96881', 1500163200, 1500249599);
INSERT INTO DayOfOperation (VehicleJourneyRef, StartDate, EndDate) VALUES ('96881', 1500768000, 1500854399);
INSERT INTO DayOfOperation (VehicleJourneyRef, StartDate, EndDate) VALUES ('96881', 1501372800, 1501459199);
INSERT INTO DayOfOperation (VehicleJourneyRef, StartDate, EndDate) VALUES ('96881', 1501977600, 1502063999);
INSERT INTO DayOfOperation (VehicleJourneyRef, StartDate, EndDate) VALUES ('96881', 1502582400, 1502668799);
INSERT INTO DayOfOperation (VehicleJourneyRef, StartDate, EndDate) VALUES ('96881', 1503187200, 1503273599);
INSERT INTO DayOfOperation (VehicleJourneyRef, StartDate, EndDate) VALUES ('96881', 1503792000, 1503878399);
INSERT INTO DayOfOperation (VehicleJourneyRef, StartDate, EndDate) VALUES ('96881', 1504396800, 1504483199);
INSERT INTO DayOfOperation (VehicleJourneyRef, StartDate, EndDate) VALUES ('96881', 1505001600, 1505087999);
INSERT INTO DayOfOperation (VehicleJourneyRef, StartDate, EndDate) VALUES ('96881', 1505606400, 1505692799);
INSERT INTO DayOfOperation (VehicleJourneyRef, StartDate, EndDate) VALUES ('96881', 1506211200, 1506297599);
INSERT INTO DayOfOperation (VehicleJourneyRef, StartDate, EndDate) VALUES ('96881', 1506816000, 1506902399);
INSERT INTO DayOfOperation (VehicleJourneyRef, StartDate, EndDate) VALUES ('96881', 1507420800, 1507507199);
INSERT INTO DayOfOperation (VehicleJourneyRef, StartDate, EndDate) VALUES ('96881', 1508025600, 1508111999);
INSERT INTO DayOfOperation (VehicleJourneyRef, StartDate, EndDate) VALUES ('96881', 1508630400, 1508716799);
INSERT INTO DayOfNonOperation (VehicleJourneyRef, StartDate, EndDate) VALUES ('96881', 1508716800, 2524607999);
INSERT INTO VehicleJourney (VehicleJourneyCode, ServiceRef, LineRef, JourneyPatternRef, OperatorRef, Monday, Tuesday, Wednesday, Thursday, Friday, Saturday, Sunday, DepatureHour, DepatureMinute, DepatureSecond, Note, NoteCode) VALUES ('96882', 'FSACM05', '0', 'JPS_FSACM05-3', 'CAL', 0, 0, 0, 0, 0, 0, 1, 16, 40, 0, '', '');
INSERT INTO DayOfOperation (VehicleJourneyRef, StartDate, EndDate) VALUES ('96882', 1497744000, 1497830399);
INSERT INTO DayOfOperation (VehicleJourneyRef, StartDate, EndDate) VALUES ('96882', 1498348800, 1498435199);
INSERT INTO DayOfOperation (VehicleJourneyRef, StartDate, EndDate) VALUES ('96882', 1498953600, 1499039999);
INSERT INTO DayOfOperation (VehicleJourneyRef, StartDate, EndDate) VALUES ('96882', 1499558400, 1499644799);
INSERT INTO DayOfOperation (VehicleJourneyRef, StartDate, EndDate) VALUES ('96882', 1500163200, 1500249599);
INSERT INTO DayOfOperation (VehicleJourneyRef, StartDate, EndDate) VALUES ('96882', 1500768000, 1500854399);
INSERT INTO DayOfOperation (VehicleJourneyRef, StartDate, EndDate) VALUES ('96882', 1501372800, 1501459199);
INSERT INTO DayOfOperation (VehicleJourneyRef, StartDate, EndDate) VALUES ('96882', 1501977600, 1502063999);
INSERT INTO DayOfOperation (VehicleJourneyRef, StartDate, EndDate) VALUES ('96882', 1502582400, 1502668799);
INSERT INTO DayOfOperation (VehicleJourneyRef, StartDate, EndDate) VALUES ('96882', 1503187200, 1503273599);
INSERT INTO DayOfOperation (VehicleJourneyRef, StartDate, EndDate) VALUES ('96882', 1503792000, 1503878399);
INSERT INTO DayOfOperation (VehicleJourneyRef, StartDate, EndDate) VALUES ('96882', 1504396800, 1504483199);
INSERT INTO DayOfOperation (VehicleJourneyRef, StartDate, EndDate) VALUES ('96882', 1505001600, 1505087999);
INSERT INTO DayOfOperation (VehicleJourneyRef, StartDate, EndDate) VALUES ('96882', 1505606400, 1505692799);
INSERT INTO DayOfOperation (VehicleJourneyRef, StartDate, EndDate) VALUES ('96882', 1506211200, 1506297599);
INSERT INTO DayOfOperation (VehicleJourneyRef, StartDate, EndDate) VALUES ('96882', 1506816000, 1506902399);
INSERT INTO DayOfOperation (VehicleJourneyRef, StartDate, EndDate) VALUES ('96882', 1507420800, 1507507199);
INSERT INTO DayOfOperation (VehicleJourneyRef, StartDate, EndDate) VALUES ('96882', 1508025600, 1508111999);
INSERT INTO DayOfOperation (VehicleJourneyRef, StartDate, EndDate) VALUES ('96882', 1508630400, 1508716799);
INSERT INTO DayOfNonOperation (VehicleJourneyRef, StartDate, EndDate) VALUES ('96882', 1508716800, 2524607999);
INSERT INTO VehicleJourney (VehicleJourneyCode, ServiceRef, LineRef, JourneyPatternRef, OperatorRef, Monday, Tuesday, Wednesday, Thursday, Friday, Saturday, Sunday, DepatureHour, DepatureMinute, DepatureSecond, Note, NoteCode) VALUES ('96883', 'FSACM05', '0', 'JPS_FSACM05-3', 'CAL', 0, 0, 0, 0, 0, 0, 1, 19, 20, 0, '', '');
INSERT INTO DayOfOperation (VehicleJourneyRef, StartDate, EndDate) VALUES ('96883', 1497744000, 1497830399);
INSERT INTO DayOfOperation (VehicleJourneyRef, StartDate, EndDate) VALUES ('96883', 1498348800, 1498435199);
INSERT INTO DayOfOperation (VehicleJourneyRef, StartDate, EndDate) VALUES ('96883', 1498953600, 1499039999);
INSERT INTO DayOfOperation (VehicleJourneyRef, StartDate, EndDate) VALUES ('96883', 1499558400, 1499644799);
INSERT INTO DayOfOperation (VehicleJourneyRef, StartDate, EndDate) VALUES ('96883', 1500163200, 1500249599);
INSERT INTO DayOfOperation (VehicleJourneyRef, StartDate, EndDate) VALUES ('96883', 1500768000, 1500854399);
INSERT INTO DayOfOperation (VehicleJourneyRef, StartDate, EndDate) VALUES ('96883', 1501372800, 1501459199);
INSERT INTO DayOfOperation (VehicleJourneyRef, StartDate, EndDate) VALUES ('96883', 1501977600, 1502063999);
INSERT INTO DayOfOperation (VehicleJourneyRef, StartDate, EndDate) VALUES ('96883', 1502582400, 1502668799);
INSERT INTO DayOfOperation (VehicleJourneyRef, StartDate, EndDate) VALUES ('96883', 1503187200, 1503273599);
INSERT INTO DayOfOperation (VehicleJourneyRef, StartDate, EndDate) VALUES ('96883', 1503792000, 1503878399);
INSERT INTO DayOfOperation (VehicleJourneyRef, StartDate, EndDate) VALUES ('96883', 1504396800, 1504483199);
INSERT INTO DayOfOperation (VehicleJourneyRef, StartDate, EndDate) VALUES ('96883', 1505001600, 1505087999);
INSERT INTO DayOfOperation (VehicleJourneyRef, StartDate, EndDate) VALUES ('96883', 1505606400, 1505692799);
INSERT INTO DayOfOperation (VehicleJourneyRef, StartDate, EndDate) VALUES ('96883', 1506211200, 1506297599);
INSERT INTO DayOfOperation (VehicleJourneyRef, StartDate, EndDate) VALUES ('96883', 1506816000, 1506902399);
INSERT INTO DayOfOperation (VehicleJourneyRef, StartDate, EndDate) VALUES ('96883', 1507420800, 1507507199);
INSERT INTO DayOfOperation (VehicleJourneyRef, StartDate, EndDate) VALUES ('96883', 1508025600, 1508111999);
INSERT INTO DayOfOperation (VehicleJourneyRef, StartDate, EndDate) VALUES ('96883', 1508630400, 1508716799);
INSERT INTO DayOfNonOperation (VehicleJourneyRef, StartDate, EndDate) VALUES ('96883', 1508716800, 2524607999);
INSERT INTO VehicleJourney (VehicleJourneyCode, ServiceRef, LineRef, JourneyPatternRef, OperatorRef, Monday, Tuesday, Wednesday, Thursday, Friday, Saturday, Sunday, DepatureHour, DepatureMinute, DepatureSecond, Note, NoteCode) VALUES ('96894', 'FSACM05', '0', 'JPS_FSACM05-4', 'CAL', 0, 0, 0, 0, 1, 0, 0, 20, 30, 0, '', '');
INSERT INTO DayOfNonOperation (VehicleJourneyRef, StartDate, EndDate) VALUES ('96894', 1508716800, 2524607999);
INSERT INTO VehicleJourney (VehicleJourneyCode, ServiceRef, LineRef, JourneyPatternRef, OperatorRef, Monday, Tuesday, Wednesday, Thursday, Friday, Saturday, Sunday, DepatureHour, DepatureMinute, DepatureSecond, Note, NoteCode) VALUES ('96895', 'FSACM05', '0', 'JPS_FSACM05-4', 'CAL', 1, 1, 1, 1, 1, 0, 0, 7, 0, 0, '', '');
INSERT INTO DayOfNonOperation (VehicleJourneyRef, StartDate, EndDate) VALUES ('96895', 1508716800, 2524607999);
INSERT INTO VehicleJourney (VehicleJourneyCode, ServiceRef, LineRef, JourneyPatternRef, OperatorRef, Monday, Tuesday, Wednesday, Thursday, Friday, Saturday, Sunday, DepatureHour, DepatureMinute, DepatureSecond, Note, NoteCode) VALUES ('96896', 'FSACM05', '0', 'JPS_FSACM05-4', 'CAL', 1, 1, 1, 1, 1, 0, 0, 9, 45, 0, '', '');
INSERT INTO DayOfNonOperation (VehicleJourneyRef, StartDate, EndDate) VALUES ('96896', 1508716800, 2524607999);
INSERT INTO VehicleJourney (VehicleJourneyCode, ServiceRef, LineRef, JourneyPatternRef, OperatorRef, Monday, Tuesday, Wednesday, Thursday, Friday, Saturday, Sunday, DepatureHour, DepatureMinute, DepatureSecond, Note, NoteCode) VALUES ('96897', 'FSACM05', '0', 'JPS_FSACM05-4', 'CAL', 1, 1, 1, 1, 1, 0, 0, 12, 30, 0, '', '');
INSERT INTO DayOfNonOperation (VehicleJourneyRef, StartDate, EndDate) VALUES ('96897', 1508716800, 2524607999);
INSERT INTO VehicleJourney (VehicleJourneyCode, ServiceRef, LineRef, JourneyPatternRef, OperatorRef, Monday, Tuesday, Wednesday, Thursday, Friday, Saturday, Sunday, DepatureHour, DepatureMinute, DepatureSecond, Note, NoteCode) VALUES ('96898', 'FSACM05', '0', 'JPS_FSACM05-4', 'CAL', 1, 1, 1, 1, 1, 0, 0, 15, 20, 0, '', '');
INSERT INTO DayOfNonOperation (VehicleJourneyRef, StartDate, EndDate) VALUES ('96898', 1508716800, 2524607999);
INSERT INTO VehicleJourney (VehicleJourneyCode, ServiceRef, LineRef, JourneyPatternRef, OperatorRef, Monday, Tuesday, Wednesday, Thursday, Friday, Saturday, Sunday, DepatureHour, DepatureMinute, DepatureSecond, Note, NoteCode) VALUES ('96899', 'FSACM05', '0', 'JPS_FSACM05-4', 'CAL', 1, 1, 1, 1, 1, 0, 0, 18, 0, 0, '', '');
INSERT INTO DayOfNonOperation (VehicleJourneyRef, StartDate, EndDate) VALUES ('96899', 1508716800, 2524607999);
INSERT INTO VehicleJourney (VehicleJourneyCode, ServiceRef, LineRef, JourneyPatternRef, OperatorRef, Monday, Tuesday, Wednesday, Thursday, Friday, Saturday, Sunday, DepatureHour, DepatureMinute, DepatureSecond, Note, NoteCode) VALUES ('96913', 'FSACM05', '0', 'JPS_FSACM05-4', 'CAL', 0, 0, 0, 0, 0, 1, 0, 7, 0, 0, '', '');
INSERT INTO DayOfOperation (VehicleJourneyRef, StartDate, EndDate) VALUES ('96913', 1497657600, 1497743999);
INSERT INTO DayOfOperation (VehicleJourneyRef, StartDate, EndDate) VALUES ('96913', 1498262400, 1498348799);
INSERT INTO DayOfOperation (VehicleJourneyRef, StartDate, EndDate) VALUES ('96913', 1498867200, 1498953599);
INSERT INTO DayOfOperation (VehicleJourneyRef, StartDate, EndDate) VALUES ('96913', 1499472000, 1499558399);
INSERT INTO DayOfOperation (VehicleJourneyRef, StartDate, EndDate) VALUES ('96913', 1500076800, 1500163199);
INSERT INTO DayOfOperation (VehicleJourneyRef, StartDate, EndDate) VALUES ('96913', 1500681600, 1500767999);
INSERT INTO DayOfOperation (VehicleJourneyRef, StartDate, EndDate) VALUES ('96913', 1501286400, 1501372799);
INSERT INTO DayOfOperation (VehicleJourneyRef, StartDate, EndDate) VALUES ('96913', 1501891200, 1501977599);
INSERT INTO DayOfOperation (VehicleJourneyRef, StartDate, EndDate) VALUES ('96913', 1502496000, 1502582399);
INSERT INTO DayOfOperation (VehicleJourneyRef, StartDate, EndDate) VALUES ('96913', 1503100800, 1503187199);
INSERT INTO DayOfOperation (VehicleJourneyRef, StartDate, EndDate) VALUES ('96913', 1503705600, 1503791999);
INSERT INTO DayOfOperation (VehicleJourneyRef, StartDate, EndDate) VALUES ('96913', 1504310400, 1504396799);
INSERT INTO DayOfOperation (VehicleJourneyRef, StartDate, EndDate) VALUES ('96913', 1504915200, 1505001599);
INSERT INTO DayOfOperation (VehicleJourneyRef, StartDate, EndDate) VALUES ('96913', 1505520000, 1505606399);
INSERT INTO DayOfOperation (VehicleJourneyRef, StartDate, EndDate) VALUES ('96913', 1506124800, 1506211199);
INSERT INTO DayOfOperation (VehicleJourneyRef, StartDate, EndDate) VALUES ('96913', 1506729600, 1506815999);
INSERT INTO DayOfOperation (VehicleJourneyRef, StartDate, EndDate) VALUES ('96913', 1507334400, 1507420799);
INSERT INTO DayOfOperation (VehicleJourneyRef, StartDate, EndDate) VALUES ('96913', 1507939200, 1508025599);
INSERT INTO DayOfOperation (VehicleJourneyRef, StartDate, EndDate) VALUES ('96913', 1508544000, 1508630399);
INSERT INTO DayOfNonOperation (VehicleJourneyRef, StartDate, EndDate) VALUES ('96913', 1508716800, 2524607999);
INSERT INTO VehicleJourney (VehicleJourneyCode, ServiceRef, LineRef, JourneyPatternRef, OperatorRef, Monday, Tuesday, Wednesday, Thursday, Friday, Saturday, Sunday, DepatureHour, DepatureMinute, DepatureSecond, Note, NoteCode) VALUES ('96914', 'FSACM05', '0', 'JPS_FSACM05-4', 'CAL', 0, 0, 0, 0, 0, 1, 0, 9, 45, 0, '', '');
INSERT INTO DayOfOperation (VehicleJourneyRef, StartDate, EndDate) VALUES ('96914', 1497657600, 1497743999);
INSERT INTO DayOfOperation (VehicleJourneyRef, StartDate, EndDate) VALUES ('96914', 1498262400, 1498348799);
INSERT INTO DayOfOperation (VehicleJourneyRef, StartDate, EndDate) VALUES ('96914', 1498867200, 1498953599);
INSERT INTO DayOfOperation (VehicleJourneyRef, StartDate, EndDate) VALUES ('96914', 1499472000, 1499558399);
INSERT INTO DayOfOperation (VehicleJourneyRef, StartDate, EndDate) VALUES ('96914', 1500076800, 1500163199);
INSERT INTO DayOfOperation (VehicleJourneyRef, StartDate, EndDate) VALUES ('96914', 1500681600, 1500767999);
INSERT INTO DayOfOperation (VehicleJourneyRef, StartDate, EndDate) VALUES ('96914', 1501286400, 1501372799);
INSERT INTO DayOfOperation (VehicleJourneyRef, StartDate, EndDate) VALUES ('96914', 1501891200, 1501977599);
INSERT INTO DayOfOperation (VehicleJourneyRef, StartDate, EndDate) VALUES ('96914', 1502496000, 1502582399);
INSERT INTO DayOfOperation (VehicleJourneyRef, StartDate, EndDate) VALUES ('96914', 1503100800, 1503187199);
INSERT INTO DayOfOperation (VehicleJourneyRef, StartDate, EndDate) VALUES ('96914', 1503705600, 1503791999);
INSERT INTO DayOfOperation (VehicleJourneyRef, StartDate, EndDate) VALUES ('96914', 1504310400, 1504396799);
INSERT INTO DayOfOperation (VehicleJourneyRef, StartDate, EndDate) VALUES ('96914', 1504915200, 1505001599);
INSERT INTO DayOfOperation (VehicleJourneyRef, StartDate, EndDate) VALUES ('96914', 1505520000, 1505606399);
INSERT INTO DayOfOperation (VehicleJourneyRef, StartDate, EndDate) VALUES ('96914', 1506124800, 1506211199);
INSERT INTO DayOfOperation (VehicleJourneyRef, StartDate, EndDate) VALUES ('96914', 1506729600, 1506815999);
INSERT INTO DayOfOperation (VehicleJourneyRef, StartDate, EndDate) VALUES ('96914', 1507334400, 1507420799);
INSERT INTO DayOfOperation (VehicleJourneyRef, StartDate, EndDate) VALUES ('96914', 1507939200, 1508025599);
INSERT INTO DayOfOperation (VehicleJourneyRef, StartDate, EndDate) VALUES ('96914', 1508544000, 1508630399);
INSERT INTO DayOfNonOperation (VehicleJourneyRef, StartDate, EndDate) VALUES ('96914', 1508716800, 2524607999);
INSERT INTO VehicleJourney (VehicleJourneyCode, ServiceRef, LineRef, JourneyPatternRef, OperatorRef, Monday, Tuesday, Wednesday, Thursday, Friday, Saturday, Sunday, DepatureHour, DepatureMinute, DepatureSecond, Note, NoteCode) VALUES ('96915', 'FSACM05', '0', 'JPS_FSACM05-4', 'CAL', 0, 0, 0, 0, 0, 1, 0, 12, 30, 0, '', '');
INSERT INTO DayOfOperation (VehicleJourneyRef, StartDate, EndDate) VALUES ('96915', 1497657600, 1497743999);
INSERT INTO DayOfOperation (VehicleJourneyRef, StartDate, EndDate) VALUES ('96915', 1498262400, 1498348799);
INSERT INTO DayOfOperation (VehicleJourneyRef, StartDate, EndDate) VALUES ('96915', 1498867200, 1498953599);
INSERT INTO DayOfOperation (VehicleJourneyRef, StartDate, EndDate) VALUES ('96915', 1499472000, 1499558399);
INSERT INTO DayOfOperation (VehicleJourneyRef, StartDate, EndDate) VALUES ('96915', 1500076800, 1500163199);
INSERT INTO DayOfOperation (VehicleJourneyRef, StartDate, EndDate) VALUES ('96915', 1500681600, 1500767999);
INSERT INTO DayOfOperation (VehicleJourneyRef, StartDate, EndDate) VALUES ('96915', 1501286400, 1501372799);
INSERT INTO DayOfOperation (VehicleJourneyRef, StartDate, EndDate) VALUES ('96915', 1501891200, 1501977599);
INSERT INTO DayOfOperation (VehicleJourneyRef, StartDate, EndDate) VALUES ('96915', 1502496000, 1502582399);
INSERT INTO DayOfOperation (VehicleJourneyRef, StartDate, EndDate) VALUES ('96915', 1503100800, 1503187199);
INSERT INTO DayOfOperation (VehicleJourneyRef, StartDate, EndDate) VALUES ('96915', 1503705600, 1503791999);
INSERT INTO DayOfOperation (VehicleJourneyRef, StartDate, EndDate) VALUES ('96915', 1504310400, 1504396799);
INSERT INTO DayOfOperation (VehicleJourneyRef, StartDate, EndDate) VALUES ('96915', 1504915200, 1505001599);
INSERT INTO DayOfOperation (VehicleJourneyRef, StartDate, EndDate) VALUES ('96915', 1505520000, 1505606399);
INSERT INTO DayOfOperation (VehicleJourneyRef, StartDate, EndDate) VALUES ('96915', 1506124800, 1506211199);
INSERT INTO DayOfOperation (VehicleJourneyRef, StartDate, EndDate) VALUES ('96915', 1506729600, 1506815999);
INSERT INTO DayOfOperation (VehicleJourneyRef, StartDate, EndDate) VALUES ('96915', 1507334400, 1507420799);
INSERT INTO DayOfOperation (VehicleJourneyRef, StartDate, EndDate) VALUES ('96915', 1507939200, 1508025599);
INSERT INTO DayOfOperation (VehicleJourneyRef, StartDate, EndDate) VALUES ('96915', 1508544000, 1508630399);
INSERT INTO DayOfNonOperation (VehicleJourneyRef, StartDate, EndDate) VALUES ('96915', 1508716800, 2524607999);
INSERT INTO VehicleJourney (VehicleJourneyCode, ServiceRef, LineRef, JourneyPatternRef, OperatorRef, Monday, Tuesday, Wednesday, Thursday, Friday, Saturday, Sunday, DepatureHour, DepatureMinute, DepatureSecond, Note, NoteCode) VALUES ('96916', 'FSACM05', '0', 'JPS_FSACM05-4', 'CAL', 0, 0, 0, 0, 0, 1, 0, 15, 20, 0, '', '');
INSERT INTO DayOfOperation (VehicleJourneyRef, StartDate, EndDate) VALUES ('96916', 1497657600, 1497743999);
INSERT INTO DayOfOperation (VehicleJourneyRef, StartDate, EndDate) VALUES ('96916', 1498262400, 1498348799);
INSERT INTO DayOfOperation (VehicleJourneyRef, StartDate, EndDate) VALUES ('96916', 1498867200, 1498953599);
INSERT INTO DayOfOperation (VehicleJourneyRef, StartDate, EndDate) VALUES ('96916', 1499472000, 1499558399);
INSERT INTO DayOfOperation (VehicleJourneyRef, StartDate, EndDate) VALUES ('96916', 1500076800, 1500163199);
INSERT INTO DayOfOperation (VehicleJourneyRef, StartDate, EndDate) VALUES ('96916', 1500681600, 1500767999);
INSERT INTO DayOfOperation (VehicleJourneyRef, StartDate, EndDate) VALUES ('96916', 1501286400, 1501372799);
INSERT INTO DayOfOperation (VehicleJourneyRef, StartDate, EndDate) VALUES ('96916', 1501891200, 1501977599);
INSERT INTO DayOfOperation (VehicleJourneyRef, StartDate, EndDate) VALUES ('96916', 1502496000, 1502582399);
INSERT INTO DayOfOperation (VehicleJourneyRef, StartDate, EndDate) VALUES ('96916', 1503100800, 1503187199);
INSERT INTO DayOfOperation (VehicleJourneyRef, StartDate, EndDate) VALUES ('96916', 1503705600, 1503791999);
INSERT INTO DayOfOperation (VehicleJourneyRef, StartDate, EndDate) VALUES ('96916', 1504310400, 1504396799);
INSERT INTO DayOfOperation (VehicleJourneyRef, StartDate, EndDate) VALUES ('96916', 1504915200, 1505001599);
INSERT INTO DayOfOperation (VehicleJourneyRef, StartDate, EndDate) VALUES ('96916', 1505520000, 1505606399);
INSERT INTO DayOfOperation (VehicleJourneyRef, StartDate, EndDate) VALUES ('96916', 1506124800, 1506211199);
INSERT INTO DayOfOperation (VehicleJourneyRef, StartDate, EndDate) VALUES ('96916', 1506729600, 1506815999);
INSERT INTO DayOfOperation (VehicleJourneyRef, StartDate, EndDate) VALUES ('96916', 1507334400, 1507420799);
INSERT INTO DayOfOperation (VehicleJourneyRef, StartDate, EndDate) VALUES ('96916', 1507939200, 1508025599);
INSERT INTO DayOfOperation (VehicleJourneyRef, StartDate, EndDate) VALUES ('96916', 1508544000, 1508630399);
INSERT INTO DayOfNonOperation (VehicleJourneyRef, StartDate, EndDate) VALUES ('96916', 1508716800, 2524607999);
INSERT INTO VehicleJourney (VehicleJourneyCode, ServiceRef, LineRef, JourneyPatternRef, OperatorRef, Monday, Tuesday, Wednesday, Thursday, Friday, Saturday, Sunday, DepatureHour, DepatureMinute, DepatureSecond, Note, NoteCode) VALUES ('96917', 'FSACM05', '0', 'JPS_FSACM05-4', 'CAL', 0, 0, 0, 0, 0, 1, 0, 18, 0, 0, '', '');
INSERT INTO DayOfOperation (VehicleJourneyRef, StartDate, EndDate) VALUES ('96917', 1497657600, 1497743999);
INSERT INTO DayOfOperation (VehicleJourneyRef, StartDate, EndDate) VALUES ('96917', 1498262400, 1498348799);
INSERT INTO DayOfOperation (VehicleJourneyRef, StartDate, EndDate) VALUES ('96917', 1498867200, 1498953599);
INSERT INTO DayOfOperation (VehicleJourneyRef, StartDate, EndDate) VALUES ('96917', 1499472000, 1499558399);
INSERT INTO DayOfOperation (VehicleJourneyRef, StartDate, EndDate) VALUES ('96917', 1500076800, 1500163199);
INSERT INTO DayOfOperation (VehicleJourneyRef, StartDate, EndDate) VALUES ('96917', 1500681600, 1500767999);
INSERT INTO DayOfOperation (VehicleJourneyRef, StartDate, EndDate) VALUES ('96917', 1501286400, 1501372799);
INSERT INTO DayOfOperation (VehicleJourneyRef, StartDate, EndDate) VALUES ('96917', 1501891200, 1501977599);
INSERT INTO DayOfOperation (VehicleJourneyRef, StartDate, EndDate) VALUES ('96917', 1502496000, 1502582399);
INSERT INTO DayOfOperation (VehicleJourneyRef, StartDate, EndDate) VALUES ('96917', 1503100800, 1503187199);
INSERT INTO DayOfOperation (VehicleJourneyRef, StartDate, EndDate) VALUES ('96917', 1503705600, 1503791999);
INSERT INTO DayOfOperation (VehicleJourneyRef, StartDate, EndDate) VALUES ('96917', 1504310400, 1504396799);
INSERT INTO DayOfOperation (VehicleJourneyRef, StartDate, EndDate) VALUES ('96917', 1504915200, 1505001599);
INSERT INTO DayOfOperation (VehicleJourneyRef, StartDate, EndDate) VALUES ('96917', 1505520000, 1505606399);
INSERT INTO DayOfOperation (VehicleJourneyRef, StartDate, EndDate) VALUES ('96917', 1506124800, 1506211199);
INSERT INTO DayOfOperation (VehicleJourneyRef, StartDate, EndDate) VALUES ('96917', 1506729600, 1506815999);
INSERT INTO DayOfOperation (VehicleJourneyRef, StartDate, EndDate) VALUES ('96917', 1507334400, 1507420799);
INSERT INTO DayOfOperation (VehicleJourneyRef, StartDate, EndDate) VALUES ('96917', 1507939200, 1508025599);
INSERT INTO DayOfOperation (VehicleJourneyRef, StartDate, EndDate) VALUES ('96917', 1508544000, 1508630399);
INSERT INTO DayOfNonOperation (VehicleJourneyRef, StartDate, EndDate) VALUES ('96917', 1508716800, 2524607999);
INSERT INTO VehicleJourney (VehicleJourneyCode, ServiceRef, LineRef, JourneyPatternRef, OperatorRef, Monday, Tuesday, Wednesday, Thursday, Friday, Saturday, Sunday, DepatureHour, DepatureMinute, DepatureSecond, Note, NoteCode) VALUES ('96929', 'FSACM05', '0', 'JPS_FSACM05-4', 'CAL', 0, 0, 0, 0, 0, 0, 1, 9, 45, 0, '', '');
INSERT INTO DayOfOperation (VehicleJourneyRef, StartDate, EndDate) VALUES ('96929', 1497744000, 1497830399);
INSERT INTO DayOfOperation (VehicleJourneyRef, StartDate, EndDate) VALUES ('96929', 1498348800, 1498435199);
INSERT INTO DayOfOperation (VehicleJourneyRef, StartDate, EndDate) VALUES ('96929', 1498953600, 1499039999);
INSERT INTO DayOfOperation (VehicleJourneyRef, StartDate, EndDate) VALUES ('96929', 1499558400, 1499644799);
INSERT INTO DayOfOperation (VehicleJourneyRef, StartDate, EndDate) VALUES ('96929', 1500163200, 1500249599);
INSERT INTO DayOfOperation (VehicleJourneyRef, StartDate, EndDate) VALUES ('96929', 1500768000, 1500854399);
INSERT INTO DayOfOperation (VehicleJourneyRef, StartDate, EndDate) VALUES ('96929', 1501372800, 1501459199);
INSERT INTO DayOfOperation (VehicleJourneyRef, StartDate, EndDate) VALUES ('96929', 1501977600, 1502063999);
INSERT INTO DayOfOperation (VehicleJourneyRef, StartDate, EndDate) VALUES ('96929', 1502582400, 1502668799);
INSERT INTO DayOfOperation (VehicleJourneyRef, StartDate, EndDate) VALUES ('96929', 1503187200, 1503273599);
INSERT INTO DayOfOperation (VehicleJourneyRef, StartDate, EndDate) VALUES ('96929', 1503792000, 1503878399);
INSERT INTO DayOfOperation (VehicleJourneyRef, StartDate, EndDate) VALUES ('96929', 1504396800, 1504483199);
INSERT INTO DayOfOperation (VehicleJourneyRef, StartDate, EndDate) VALUES ('96929', 1505001600, 1505087999);
INSERT INTO DayOfOperation (VehicleJourneyRef, StartDate, EndDate) VALUES ('96929', 1505606400, 1505692799);
INSERT INTO DayOfOperation (VehicleJourneyRef, StartDate, EndDate) VALUES ('96929', 1506211200, 1506297599);
INSERT INTO DayOfOperation (VehicleJourneyRef, StartDate, EndDate) VALUES ('96929', 1506816000, 1506902399);
INSERT INTO DayOfOperation (VehicleJourneyRef, StartDate, EndDate) VALUES ('96929', 1507420800, 1507507199);
INSERT INTO DayOfOperation (VehicleJourneyRef, StartDate, EndDate) VALUES ('96929', 1508025600, 1508111999);
INSERT INTO DayOfOperation (VehicleJourneyRef, StartDate, EndDate) VALUES ('96929', 1508630400, 1508716799);
INSERT INTO DayOfNonOperation (VehicleJourneyRef, StartDate, EndDate) VALUES ('96929', 1508716800, 2524607999);
INSERT INTO VehicleJourney (VehicleJourneyCode, ServiceRef, LineRef, JourneyPatternRef, OperatorRef, Monday, Tuesday, Wednesday, Thursday, Friday, Saturday, Sunday, DepatureHour, DepatureMinute, DepatureSecond, Note, NoteCode) VALUES ('96930', 'FSACM05', '0', 'JPS_FSACM05-4', 'CAL', 0, 0, 0, 0, 0, 0, 1, 12, 30, 0, '', '');
INSERT INTO DayOfOperation (VehicleJourneyRef, StartDate, EndDate) VALUES ('96930', 1497744000, 1497830399);
INSERT INTO DayOfOperation (VehicleJourneyRef, StartDate, EndDate) VALUES ('96930', 1498348800, 1498435199);
INSERT INTO DayOfOperation (VehicleJourneyRef, StartDate, EndDate) VALUES ('96930', 1498953600, 1499039999);
INSERT INTO DayOfOperation (VehicleJourneyRef, StartDate, EndDate) VALUES ('96930', 1499558400, 1499644799);
INSERT INTO DayOfOperation (VehicleJourneyRef, StartDate, EndDate) VALUES ('96930', 1500163200, 1500249599);
INSERT INTO DayOfOperation (VehicleJourneyRef, StartDate, EndDate) VALUES ('96930', 1500768000, 1500854399);
INSERT INTO DayOfOperation (VehicleJourneyRef, StartDate, EndDate) VALUES ('96930', 1501372800, 1501459199);
INSERT INTO DayOfOperation (VehicleJourneyRef, StartDate, EndDate) VALUES ('96930', 1501977600, 1502063999);
INSERT INTO DayOfOperation (VehicleJourneyRef, StartDate, EndDate) VALUES ('96930', 1502582400, 1502668799);
INSERT INTO DayOfOperation (VehicleJourneyRef, StartDate, EndDate) VALUES ('96930', 1503187200, 1503273599);
INSERT INTO DayOfOperation (VehicleJourneyRef, StartDate, EndDate) VALUES ('96930', 1503792000, 1503878399);
INSERT INTO DayOfOperation (VehicleJourneyRef, StartDate, EndDate) VALUES ('96930', 1504396800, 1504483199);
INSERT INTO DayOfOperation (VehicleJourneyRef, StartDate, EndDate) VALUES ('96930', 1505001600, 1505087999);
INSERT INTO DayOfOperation (VehicleJourneyRef, StartDate, EndDate) VALUES ('96930', 1505606400, 1505692799);
INSERT INTO DayOfOperation (VehicleJourneyRef, StartDate, EndDate) VALUES ('96930', 1506211200, 1506297599);
INSERT INTO DayOfOperation (VehicleJourneyRef, StartDate, EndDate) VALUES ('96930', 1506816000, 1506902399);
INSERT INTO DayOfOperation (VehicleJourneyRef, StartDate, EndDate) VALUES ('96930', 1507420800, 1507507199);
INSERT INTO DayOfOperation (VehicleJourneyRef, StartDate, EndDate) VALUES ('96930', 1508025600, 1508111999);
INSERT INTO DayOfOperation (VehicleJourneyRef, StartDate, EndDate) VALUES ('96930', 1508630400, 1508716799);
INSERT INTO DayOfNonOperation (VehicleJourneyRef, StartDate, EndDate) VALUES ('96930', 1508716800, 2524607999);
INSERT INTO VehicleJourney (VehicleJourneyCode, ServiceRef, LineRef, JourneyPatternRef, OperatorRef, Monday, Tuesday, Wednesday, Thursday, Friday, Saturday, Sunday, DepatureHour, DepatureMinute, DepatureSecond, Note, NoteCode) VALUES ('96931', 'FSACM05', '0', 'JPS_FSACM05-4', 'CAL', 0, 0, 0, 0, 0, 0, 1, 15, 20, 0, '', '');
INSERT INTO DayOfOperation (VehicleJourneyRef, StartDate, EndDate) VALUES ('96931', 1497744000, 1497830399);
INSERT INTO DayOfOperation (VehicleJourneyRef, StartDate, EndDate) VALUES ('96931', 1498348800, 1498435199);
INSERT INTO DayOfOperation (VehicleJourneyRef, StartDate, EndDate) VALUES ('96931', 1498953600, 1499039999);
INSERT INTO DayOfOperation (VehicleJourneyRef, StartDate, EndDate) VALUES ('96931', 1499558400, 1499644799);
INSERT INTO DayOfOperation (VehicleJourneyRef, StartDate, EndDate) VALUES ('96931', 1500163200, 1500249599);
INSERT INTO DayOfOperation (VehicleJourneyRef, StartDate, EndDate) VALUES ('96931', 1500768000, 1500854399);
INSERT INTO DayOfOperation (VehicleJourneyRef, StartDate, EndDate) VALUES ('96931', 1501372800, 1501459199);
INSERT INTO DayOfOperation (VehicleJourneyRef, StartDate, EndDate) VALUES ('96931', 1501977600, 1502063999);
INSERT INTO DayOfOperation (VehicleJourneyRef, StartDate, EndDate) VALUES ('96931', 1502582400, 1502668799);
INSERT INTO DayOfOperation (VehicleJourneyRef, StartDate, EndDate) VALUES ('96931', 1503187200, 1503273599);
INSERT INTO DayOfOperation (VehicleJourneyRef, StartDate, EndDate) VALUES ('96931', 1503792000, 1503878399);
INSERT INTO DayOfOperation (VehicleJourneyRef, StartDate, EndDate) VALUES ('96931', 1504396800, 1504483199);
INSERT INTO DayOfOperation (VehicleJourneyRef, StartDate, EndDate) VALUES ('96931', 1505001600, 1505087999);
INSERT INTO DayOfOperation (VehicleJourneyRef, StartDate, EndDate) VALUES ('96931', 1505606400, 1505692799);
INSERT INTO DayOfOperation (VehicleJourneyRef, StartDate, EndDate) VALUES ('96931', 1506211200, 1506297599);
INSERT INTO DayOfOperation (VehicleJourneyRef, StartDate, EndDate) VALUES ('96931', 1506816000, 1506902399);
INSERT INTO DayOfOperation (VehicleJourneyRef, StartDate, EndDate) VALUES ('96931', 1507420800, 1507507199);
INSERT INTO DayOfOperation (VehicleJourneyRef, StartDate, EndDate) VALUES ('96931', 1508025600, 1508111999);
INSERT INTO DayOfOperation (VehicleJourneyRef, StartDate, EndDate) VALUES ('96931', 1508630400, 1508716799);
INSERT INTO DayOfNonOperation (VehicleJourneyRef, StartDate, EndDate) VALUES ('96931', 1508716800, 2524607999);
INSERT INTO VehicleJourney (VehicleJourneyCode, ServiceRef, LineRef, JourneyPatternRef, OperatorRef, Monday, Tuesday, Wednesday, Thursday, Friday, Saturday, Sunday, DepatureHour, DepatureMinute, DepatureSecond, Note, NoteCode) VALUES ('96932', 'FSACM05', '0', 'JPS_FSACM05-4', 'CAL', 0, 0, 0, 0, 0, 0, 1, 18, 0, 0, '', '');
INSERT INTO DayOfOperation (VehicleJourneyRef, StartDate, EndDate) VALUES ('96932', 1497744000, 1497830399);
INSERT INTO DayOfOperation (VehicleJourneyRef, StartDate, EndDate) VALUES ('96932', 1498348800, 1498435199);
INSERT INTO DayOfOperation (VehicleJourneyRef, StartDate, EndDate) VALUES ('96932', 1498953600, 1499039999);
INSERT INTO DayOfOperation (VehicleJourneyRef, StartDate, EndDate) VALUES ('96932', 1499558400, 1499644799);
INSERT INTO DayOfOperation (VehicleJourneyRef, StartDate, EndDate) VALUES ('96932', 1500163200, 1500249599);
INSERT INTO DayOfOperation (VehicleJourneyRef, StartDate, EndDate) VALUES ('96932', 1500768000, 1500854399);
INSERT INTO DayOfOperation (VehicleJourneyRef, StartDate, EndDate) VALUES ('96932', 1501372800, 1501459199);
INSERT INTO DayOfOperation (VehicleJourneyRef, StartDate, EndDate) VALUES ('96932', 1501977600, 1502063999);
INSERT INTO DayOfOperation (VehicleJourneyRef, StartDate, EndDate) VALUES ('96932', 1502582400, 1502668799);
INSERT INTO DayOfOperation (VehicleJourneyRef, StartDate, EndDate) VALUES ('96932', 1503187200, 1503273599);
INSERT INTO DayOfOperation (VehicleJourneyRef, StartDate, EndDate) VALUES ('96932', 1503792000, 1503878399);
INSERT INTO DayOfOperation (VehicleJourneyRef, StartDate, EndDate) VALUES ('96932', 1504396800, 1504483199);
INSERT INTO DayOfOperation (VehicleJourneyRef, StartDate, EndDate) VALUES ('96932', 1505001600, 1505087999);
INSERT INTO DayOfOperation (VehicleJourneyRef, StartDate, EndDate) VALUES ('96932', 1505606400, 1505692799);
INSERT INTO DayOfOperation (VehicleJourneyRef, StartDate, EndDate) VALUES ('96932', 1506211200, 1506297599);
INSERT INTO DayOfOperation (VehicleJourneyRef, StartDate, EndDate) VALUES ('96932', 1506816000, 1506902399);
INSERT INTO DayOfOperation (VehicleJourneyRef, StartDate, EndDate) VALUES ('96932', 1507420800, 1507507199);
INSERT INTO DayOfOperation (VehicleJourneyRef, StartDate, EndDate) VALUES ('96932', 1508025600, 1508111999);
INSERT INTO DayOfOperation (VehicleJourneyRef, StartDate, EndDate) VALUES ('96932', 1508630400, 1508716799);
INSERT INTO DayOfNonOperation (VehicleJourneyRef, StartDate, EndDate) VALUES ('96932', 1508716800, 2524607999);
INSERT INTO VehicleJourney (VehicleJourneyCode, ServiceRef, LineRef, JourneyPatternRef, OperatorRef, Monday, Tuesday, Wednesday, Thursday, Friday, Saturday, Sunday, DepatureHour, DepatureMinute, DepatureSecond, Note, NoteCode) VALUES ('96852', 'FSACM05', '0', 'JPS_FSACM05-3', 'CAL', 1, 1, 1, 1, 1, 0, 0, 12, 30, 0, '', '');
INSERT INTO DayOfNonOperation (VehicleJourneyRef, StartDate, EndDate) VALUES ('96852', 1490918400, 1493251199);
INSERT INTO DayOfNonOperation (VehicleJourneyRef, StartDate, EndDate) VALUES ('96852', 1506384000, 2524607999);
INSERT INTO VehicleJourney (VehicleJourneyCode, ServiceRef, LineRef, JourneyPatternRef, OperatorRef, Monday, Tuesday, Wednesday, Thursday, Friday, Saturday, Sunday, DepatureHour, DepatureMinute, DepatureSecond, Note, NoteCode) VALUES ('96853', 'FSACM05', '0', 'JPS_FSACM05-3', 'CAL', 1, 1, 1, 1, 1, 0, 0, 15, 15, 0, '', '');
INSERT INTO DayOfNonOperation (VehicleJourneyRef, StartDate, EndDate) VALUES ('96853', 1490918400, 1493251199);
INSERT INTO DayOfNonOperation (VehicleJourneyRef, StartDate, EndDate) VALUES ('96853', 1506384000, 2524607999);
INSERT INTO VehicleJourney (VehicleJourneyCode, ServiceRef, LineRef, JourneyPatternRef, OperatorRef, Monday, Tuesday, Wednesday, Thursday, Friday, Saturday, Sunday, DepatureHour, DepatureMinute, DepatureSecond, Note, NoteCode) VALUES ('96862', 'FSACM05', '0', 'JPS_FSACM05-3', 'CAL', 1, 1, 1, 1, 0, 0, 0, 7, 0, 0, '', '');
INSERT INTO DayOfNonOperation (VehicleJourneyRef, StartDate, EndDate) VALUES ('96862', 1490918400, 1493251199);
INSERT INTO DayOfNonOperation (VehicleJourneyRef, StartDate, EndDate) VALUES ('96862', 1506384000, 2524607999);
INSERT INTO VehicleJourney (VehicleJourneyCode, ServiceRef, LineRef, JourneyPatternRef, OperatorRef, Monday, Tuesday, Wednesday, Thursday, Friday, Saturday, Sunday, DepatureHour, DepatureMinute, DepatureSecond, Note, NoteCode) VALUES ('96863', 'FSACM05', '0', 'JPS_FSACM05-3', 'CAL', 1, 1, 1, 1, 0, 0, 0, 9, 45, 0, '', '');
INSERT INTO DayOfNonOperation (VehicleJourneyRef, StartDate, EndDate) VALUES ('96863', 1490918400, 1493251199);
INSERT INTO DayOfNonOperation (VehicleJourneyRef, StartDate, EndDate) VALUES ('96863', 1506384000, 2524607999);
INSERT INTO VehicleJourney (VehicleJourneyCode, ServiceRef, LineRef, JourneyPatternRef, OperatorRef, Monday, Tuesday, Wednesday, Thursday, Friday, Saturday, Sunday, DepatureHour, DepatureMinute, DepatureSecond, Note, NoteCode) VALUES ('96864', 'FSACM05', '0', 'JPS_FSACM05-3', 'CAL', 1, 1, 1, 0, 0, 0, 0, 18, 0, 0, '', '');
INSERT INTO DayOfNonOperation (VehicleJourneyRef, StartDate, EndDate) VALUES ('96864', 1490918400, 1493251199);
INSERT INTO DayOfNonOperation (VehicleJourneyRef, StartDate, EndDate) VALUES ('96864', 1506384000, 2524607999);
INSERT INTO VehicleJourney (VehicleJourneyCode, ServiceRef, LineRef, JourneyPatternRef, OperatorRef, Monday, Tuesday, Wednesday, Thursday, Friday, Saturday, Sunday, DepatureHour, DepatureMinute, DepatureSecond, Note, NoteCode) VALUES ('96870', 'FSACM05', '0', 'JPS_FSACM05-3', 'CAL', 0, 0, 0, 0, 0, 1, 0, 12, 30, 0, '', '');
INSERT INTO DayOfOperation (VehicleJourneyRef, StartDate, EndDate) VALUES ('96870', 1497657600, 1497743999);
INSERT INTO DayOfOperation (VehicleJourneyRef, StartDate, EndDate) VALUES ('96870', 1498262400, 1498348799);
INSERT INTO DayOfOperation (VehicleJourneyRef, StartDate, EndDate) VALUES ('96870', 1498867200, 1498953599);
INSERT INTO DayOfOperation (VehicleJourneyRef, StartDate, EndDate) VALUES ('96870', 1499472000, 1499558399);
INSERT INTO DayOfOperation (VehicleJourneyRef, StartDate, EndDate) VALUES ('96870', 1500076800, 1500163199);
INSERT INTO DayOfOperation (VehicleJourneyRef, StartDate, EndDate) VALUES ('96870', 1500681600, 1500767999);
INSERT INTO DayOfOperation (VehicleJourneyRef, StartDate, EndDate) VALUES ('96870', 1501286400, 1501372799);
INSERT INTO DayOfOperation (VehicleJourneyRef, StartDate, EndDate) VALUES ('96870', 1501891200, 1501977599);
INSERT INTO DayOfOperation (VehicleJourneyRef, StartDate, EndDate) VALUES ('96870', 1502496000, 1502582399);
INSERT INTO DayOfOperation (VehicleJourneyRef, StartDate, EndDate) VALUES ('96870', 1503100800, 1503187199);
INSERT INTO DayOfOperation (VehicleJourneyRef, StartDate, EndDate) VALUES ('96870', 1503705600, 1503791999);
INSERT INTO DayOfOperation (VehicleJourneyRef, StartDate, EndDate) VALUES ('96870', 1504310400, 1504396799);
INSERT INTO DayOfOperation (VehicleJourneyRef, StartDate, EndDate) VALUES ('96870', 1504915200, 1505001599);
INSERT INTO DayOfOperation (VehicleJourneyRef, StartDate, EndDate) VALUES ('96870', 1505520000, 1505606399);
INSERT INTO DayOfOperation (VehicleJourneyRef, StartDate, EndDate) VALUES ('96870', 1506124800, 1506211199);
INSERT INTO DayOfNonOperation (VehicleJourneyRef, StartDate, EndDate) VALUES ('96870', 1490918400, 1493251199);
INSERT INTO DayOfNonOperation (VehicleJourneyRef, StartDate, EndDate) VALUES ('96870', 1506384000, 2524607999);
INSERT INTO VehicleJourney (VehicleJourneyCode, ServiceRef, LineRef, JourneyPatternRef, OperatorRef, Monday, Tuesday, Wednesday, Thursday, Friday, Saturday, Sunday, DepatureHour, DepatureMinute, DepatureSecond, Note, NoteCode) VALUES ('96871', 'FSACM05', '0', 'JPS_FSACM05-3', 'CAL', 0, 0, 0, 0, 0, 1, 0, 15, 15, 0, '', '');
INSERT INTO DayOfOperation (VehicleJourneyRef, StartDate, EndDate) VALUES ('96871', 1497657600, 1497743999);
INSERT INTO DayOfOperation (VehicleJourneyRef, StartDate, EndDate) VALUES ('96871', 1498262400, 1498348799);
INSERT INTO DayOfOperation (VehicleJourneyRef, StartDate, EndDate) VALUES ('96871', 1498867200, 1498953599);
INSERT INTO DayOfOperation (VehicleJourneyRef, StartDate, EndDate) VALUES ('96871', 1499472000, 1499558399);
INSERT INTO DayOfOperation (VehicleJourneyRef, StartDate, EndDate) VALUES ('96871', 1500076800, 1500163199);
INSERT INTO DayOfOperation (VehicleJourneyRef, StartDate, EndDate) VALUES ('96871', 1500681600, 1500767999);
INSERT INTO DayOfOperation (VehicleJourneyRef, StartDate, EndDate) VALUES ('96871', 1501286400, 1501372799);
INSERT INTO DayOfOperation (VehicleJourneyRef, StartDate, EndDate) VALUES ('96871', 1501891200, 1501977599);
INSERT INTO DayOfOperation (VehicleJourneyRef, StartDate, EndDate) VALUES ('96871', 1502496000, 1502582399);
INSERT INTO DayOfOperation (VehicleJourneyRef, StartDate, EndDate) VALUES ('96871', 1503100800, 1503187199);
INSERT INTO DayOfOperation (VehicleJourneyRef, StartDate, EndDate) VALUES ('96871', 1503705600, 1503791999);
INSERT INTO DayOfOperation (VehicleJourneyRef, StartDate, EndDate) VALUES ('96871', 1504310400, 1504396799);
INSERT INTO DayOfOperation (VehicleJourneyRef, StartDate, EndDate) VALUES ('96871', 1504915200, 1505001599);
INSERT INTO DayOfOperation (VehicleJourneyRef, StartDate, EndDate) VALUES ('96871', 1505520000, 1505606399);
INSERT INTO DayOfOperation (VehicleJourneyRef, StartDate, EndDate) VALUES ('96871', 1506124800, 1506211199);
INSERT INTO DayOfNonOperation (VehicleJourneyRef, StartDate, EndDate) VALUES ('96871', 1490918400, 1493251199);
INSERT INTO DayOfNonOperation (VehicleJourneyRef, StartDate, EndDate) VALUES ('96871', 1506384000, 2524607999);
INSERT INTO VehicleJourney (VehicleJourneyCode, ServiceRef, LineRef, JourneyPatternRef, OperatorRef, Monday, Tuesday, Wednesday, Thursday, Friday, Saturday, Sunday, DepatureHour, DepatureMinute, DepatureSecond, Note, NoteCode) VALUES ('96872', 'FSACM05', '0', 'JPS_FSACM05-3', 'CAL', 0, 0, 0, 0, 0, 1, 0, 18, 0, 0, '', '');
INSERT INTO DayOfOperation (VehicleJourneyRef, StartDate, EndDate) VALUES ('96872', 1497657600, 1497743999);
INSERT INTO DayOfOperation (VehicleJourneyRef, StartDate, EndDate) VALUES ('96872', 1498262400, 1498348799);
INSERT INTO DayOfOperation (VehicleJourneyRef, StartDate, EndDate) VALUES ('96872', 1498867200, 1498953599);
INSERT INTO DayOfOperation (VehicleJourneyRef, StartDate, EndDate) VALUES ('96872', 1499472000, 1499558399);
INSERT INTO DayOfOperation (VehicleJourneyRef, StartDate, EndDate) VALUES ('96872', 1500076800, 1500163199);
INSERT INTO DayOfOperation (VehicleJourneyRef, StartDate, EndDate) VALUES ('96872', 1500681600, 1500767999);
INSERT INTO DayOfOperation (VehicleJourneyRef, StartDate, EndDate) VALUES ('96872', 1501286400, 1501372799);
INSERT INTO DayOfOperation (VehicleJourneyRef, StartDate, EndDate) VALUES ('96872', 1501891200, 1501977599);
INSERT INTO DayOfOperation (VehicleJourneyRef, StartDate, EndDate) VALUES ('96872', 1502496000, 1502582399);
INSERT INTO DayOfOperation (VehicleJourneyRef, StartDate, EndDate) VALUES ('96872', 1503100800, 1503187199);
INSERT INTO DayOfOperation (VehicleJourneyRef, StartDate, EndDate) VALUES ('96872', 1503705600, 1503791999);
INSERT INTO DayOfOperation (VehicleJourneyRef, StartDate, EndDate) VALUES ('96872', 1504310400, 1504396799);
INSERT INTO DayOfOperation (VehicleJourneyRef, StartDate, EndDate) VALUES ('96872', 1504915200, 1505001599);
INSERT INTO DayOfOperation (VehicleJourneyRef, StartDate, EndDate) VALUES ('96872', 1505520000, 1505606399);
INSERT INTO DayOfOperation (VehicleJourneyRef, StartDate, EndDate) VALUES ('96872', 1506124800, 1506211199);
INSERT INTO DayOfNonOperation (VehicleJourneyRef, StartDate, EndDate) VALUES ('96872', 1490918400, 1493251199);
INSERT INTO DayOfNonOperation (VehicleJourneyRef, StartDate, EndDate) VALUES ('96872', 1506384000, 2524607999);
INSERT INTO VehicleJourney (VehicleJourneyCode, ServiceRef, LineRef, JourneyPatternRef, OperatorRef, Monday, Tuesday, Wednesday, Thursday, Friday, Saturday, Sunday, DepatureHour, DepatureMinute, DepatureSecond, Note, NoteCode) VALUES ('96884', 'FSACM05', '0', 'JPS_FSACM05-3', 'CAL', 0, 0, 0, 0, 0, 0, 1, 9, 5, 0, '', '');
INSERT INTO DayOfOperation (VehicleJourneyRef, StartDate, EndDate) VALUES ('96884', 1497744000, 1497830399);
INSERT INTO DayOfOperation (VehicleJourneyRef, StartDate, EndDate) VALUES ('96884', 1498348800, 1498435199);
INSERT INTO DayOfOperation (VehicleJourneyRef, StartDate, EndDate) VALUES ('96884', 1498953600, 1499039999);
INSERT INTO DayOfOperation (VehicleJourneyRef, StartDate, EndDate) VALUES ('96884', 1499558400, 1499644799);
INSERT INTO DayOfOperation (VehicleJourneyRef, StartDate, EndDate) VALUES ('96884', 1500163200, 1500249599);
INSERT INTO DayOfOperation (VehicleJourneyRef, StartDate, EndDate) VALUES ('96884', 1500768000, 1500854399);
INSERT INTO DayOfOperation (VehicleJourneyRef, StartDate, EndDate) VALUES ('96884', 1501372800, 1501459199);
INSERT INTO DayOfOperation (VehicleJourneyRef, StartDate, EndDate) VALUES ('96884', 1501977600, 1502063999);
INSERT INTO DayOfOperation (VehicleJourneyRef, StartDate, EndDate) VALUES ('96884', 1502582400, 1502668799);
INSERT INTO DayOfOperation (VehicleJourneyRef, StartDate, EndDate) VALUES ('96884', 1503187200, 1503273599);
INSERT INTO DayOfOperation (VehicleJourneyRef, StartDate, EndDate) VALUES ('96884', 1503792000, 1503878399);
INSERT INTO DayOfOperation (VehicleJourneyRef, StartDate, EndDate) VALUES ('96884', 1504396800, 1504483199);
INSERT INTO DayOfOperation (VehicleJourneyRef, StartDate, EndDate) VALUES ('96884', 1505001600, 1505087999);
INSERT INTO DayOfOperation (VehicleJourneyRef, StartDate, EndDate) VALUES ('96884', 1505606400, 1505692799);
INSERT INTO DayOfOperation (VehicleJourneyRef, StartDate, EndDate) VALUES ('96884', 1506211200, 1506297599);
INSERT INTO DayOfNonOperation (VehicleJourneyRef, StartDate, EndDate) VALUES ('96884', 1490918400, 1493251199);
INSERT INTO DayOfNonOperation (VehicleJourneyRef, StartDate, EndDate) VALUES ('96884', 1506384000, 2524607999);
INSERT INTO VehicleJourney (VehicleJourneyCode, ServiceRef, LineRef, JourneyPatternRef, OperatorRef, Monday, Tuesday, Wednesday, Thursday, Friday, Saturday, Sunday, DepatureHour, DepatureMinute, DepatureSecond, Note, NoteCode) VALUES ('96885', 'FSACM05', '0', 'JPS_FSACM05-3', 'CAL', 0, 0, 0, 0, 0, 0, 1, 12, 30, 0, '', '');
INSERT INTO DayOfOperation (VehicleJourneyRef, StartDate, EndDate) VALUES ('96885', 1497744000, 1497830399);
INSERT INTO DayOfOperation (VehicleJourneyRef, StartDate, EndDate) VALUES ('96885', 1498348800, 1498435199);
INSERT INTO DayOfOperation (VehicleJourneyRef, StartDate, EndDate) VALUES ('96885', 1498953600, 1499039999);
INSERT INTO DayOfOperation (VehicleJourneyRef, StartDate, EndDate) VALUES ('96885', 1499558400, 1499644799);
INSERT INTO DayOfOperation (VehicleJourneyRef, StartDate, EndDate) VALUES ('96885', 1500163200, 1500249599);
INSERT INTO DayOfOperation (VehicleJourneyRef, StartDate, EndDate) VALUES ('96885', 1500768000, 1500854399);
INSERT INTO DayOfOperation (VehicleJourneyRef, StartDate, EndDate) VALUES ('96885', 1501372800, 1501459199);
INSERT INTO DayOfOperation (VehicleJourneyRef, StartDate, EndDate) VALUES ('96885', 1501977600, 1502063999);
INSERT INTO DayOfOperation (VehicleJourneyRef, StartDate, EndDate) VALUES ('96885', 1502582400, 1502668799);
INSERT INTO DayOfOperation (VehicleJourneyRef, StartDate, EndDate) VALUES ('96885', 1503187200, 1503273599);
INSERT INTO DayOfOperation (VehicleJourneyRef, StartDate, EndDate) VALUES ('96885', 1503792000, 1503878399);
INSERT INTO DayOfOperation (VehicleJourneyRef, StartDate, EndDate) VALUES ('96885', 1504396800, 1504483199);
INSERT INTO DayOfOperation (VehicleJourneyRef, StartDate, EndDate) VALUES ('96885', 1505001600, 1505087999);
INSERT INTO DayOfOperation (VehicleJourneyRef, StartDate, EndDate) VALUES ('96885', 1505606400, 1505692799);
INSERT INTO DayOfOperation (VehicleJourneyRef, StartDate, EndDate) VALUES ('96885', 1506211200, 1506297599);
INSERT INTO DayOfNonOperation (VehicleJourneyRef, StartDate, EndDate) VALUES ('96885', 1490918400, 1493251199);
INSERT INTO DayOfNonOperation (VehicleJourneyRef, StartDate, EndDate) VALUES ('96885', 1506384000, 2524607999);
INSERT INTO VehicleJourney (VehicleJourneyCode, ServiceRef, LineRef, JourneyPatternRef, OperatorRef, Monday, Tuesday, Wednesday, Thursday, Friday, Saturday, Sunday, DepatureHour, DepatureMinute, DepatureSecond, Note, NoteCode) VALUES ('96900', 'FSACM05', '0', 'JPS_FSACM05-4', 'CAL', 1, 1, 1, 1, 1, 0, 0, 11, 5, 0, '', '');
INSERT INTO DayOfNonOperation (VehicleJourneyRef, StartDate, EndDate) VALUES ('96900', 1490918400, 1493251199);
INSERT INTO DayOfNonOperation (VehicleJourneyRef, StartDate, EndDate) VALUES ('96900', 1506384000, 2524607999);
INSERT INTO VehicleJourney (VehicleJourneyCode, ServiceRef, LineRef, JourneyPatternRef, OperatorRef, Monday, Tuesday, Wednesday, Thursday, Friday, Saturday, Sunday, DepatureHour, DepatureMinute, DepatureSecond, Note, NoteCode) VALUES ('96901', 'FSACM05', '0', 'JPS_FSACM05-4', 'CAL', 1, 1, 1, 1, 1, 0, 0, 13, 50, 0, '', '');
INSERT INTO DayOfNonOperation (VehicleJourneyRef, StartDate, EndDate) VALUES ('96901', 1490918400, 1493251199);
INSERT INTO DayOfNonOperation (VehicleJourneyRef, StartDate, EndDate) VALUES ('96901', 1506384000, 2524607999);
INSERT INTO VehicleJourney (VehicleJourneyCode, ServiceRef, LineRef, JourneyPatternRef, OperatorRef, Monday, Tuesday, Wednesday, Thursday, Friday, Saturday, Sunday, DepatureHour, DepatureMinute, DepatureSecond, Note, NoteCode) VALUES ('96910', 'FSACM05', '0', 'JPS_FSACM05-4', 'CAL', 1, 1, 1, 1, 0, 0, 0, 8, 20, 0, '', '');
INSERT INTO DayOfNonOperation (VehicleJourneyRef, StartDate, EndDate) VALUES ('96910', 1490918400, 1493251199);
INSERT INTO DayOfNonOperation (VehicleJourneyRef, StartDate, EndDate) VALUES ('96910', 1506384000, 2524607999);
INSERT INTO VehicleJourney (VehicleJourneyCode, ServiceRef, LineRef, JourneyPatternRef, OperatorRef, Monday, Tuesday, Wednesday, Thursday, Friday, Saturday, Sunday, DepatureHour, DepatureMinute, DepatureSecond, Note, NoteCode) VALUES ('96911', 'FSACM05', '0', 'JPS_FSACM05-4', 'CAL', 1, 1, 1, 0, 0, 0, 0, 16, 40, 0, '', '');
INSERT INTO DayOfNonOperation (VehicleJourneyRef, StartDate, EndDate) VALUES ('96911', 1490918400, 1493251199);
INSERT INTO DayOfNonOperation (VehicleJourneyRef, StartDate, EndDate) VALUES ('96911', 1506384000, 2524607999);
INSERT INTO VehicleJourney (VehicleJourneyCode, ServiceRef, LineRef, JourneyPatternRef, OperatorRef, Monday, Tuesday, Wednesday, Thursday, Friday, Saturday, Sunday, DepatureHour, DepatureMinute, DepatureSecond, Note, NoteCode) VALUES ('96912', 'FSACM05', '0', 'JPS_FSACM05-4', 'CAL', 1, 1, 1, 0, 0, 0, 0, 19, 20, 0, '', '');
INSERT INTO DayOfNonOperation (VehicleJourneyRef, StartDate, EndDate) VALUES ('96912', 1490918400, 1493251199);
INSERT INTO DayOfNonOperation (VehicleJourneyRef, StartDate, EndDate) VALUES ('96912', 1506384000, 2524607999);
INSERT INTO VehicleJourney (VehicleJourneyCode, ServiceRef, LineRef, JourneyPatternRef, OperatorRef, Monday, Tuesday, Wednesday, Thursday, Friday, Saturday, Sunday, DepatureHour, DepatureMinute, DepatureSecond, Note, NoteCode) VALUES ('96918', 'FSACM05', '0', 'JPS_FSACM05-4', 'CAL', 0, 0, 0, 0, 0, 1, 0, 11, 5, 0, '', '');
INSERT INTO DayOfOperation (VehicleJourneyRef, StartDate, EndDate) VALUES ('96918', 1497657600, 1497743999);
INSERT INTO DayOfOperation (VehicleJourneyRef, StartDate, EndDate) VALUES ('96918', 1498262400, 1498348799);
INSERT INTO DayOfOperation (VehicleJourneyRef, StartDate, EndDate) VALUES ('96918', 1498867200, 1498953599);
INSERT INTO DayOfOperation (VehicleJourneyRef, StartDate, EndDate) VALUES ('96918', 1499472000, 1499558399);
INSERT INTO DayOfOperation (VehicleJourneyRef, StartDate, EndDate) VALUES ('96918', 1500076800, 1500163199);
INSERT INTO DayOfOperation (VehicleJourneyRef, StartDate, EndDate) VALUES ('96918', 1500681600, 1500767999);
INSERT INTO DayOfOperation (VehicleJourneyRef, StartDate, EndDate) VALUES ('96918', 1501286400, 1501372799);
INSERT INTO DayOfOperation (VehicleJourneyRef, StartDate, EndDate) VALUES ('96918', 1501891200, 1501977599);
INSERT INTO DayOfOperation (VehicleJourneyRef, StartDate, EndDate) VALUES ('96918', 1502496000, 1502582399);
INSERT INTO DayOfOperation (VehicleJourneyRef, StartDate, EndDate) VALUES ('96918', 1503100800, 1503187199);
INSERT INTO DayOfOperation (VehicleJourneyRef, StartDate, EndDate) VALUES ('96918', 1503705600, 1503791999);
INSERT INTO DayOfOperation (VehicleJourneyRef, StartDate, EndDate) VALUES ('96918', 1504310400, 1504396799);
INSERT INTO DayOfOperation (VehicleJourneyRef, StartDate, EndDate) VALUES ('96918', 1504915200, 1505001599);
INSERT INTO DayOfOperation (VehicleJourneyRef, StartDate, EndDate) VALUES ('96918', 1505520000, 1505606399);
INSERT INTO DayOfOperation (VehicleJourneyRef, StartDate, EndDate) VALUES ('96918', 1506124800, 1506211199);
INSERT INTO DayOfNonOperation (VehicleJourneyRef, StartDate, EndDate) VALUES ('96918', 1490918400, 1493251199);
INSERT INTO DayOfNonOperation (VehicleJourneyRef, StartDate, EndDate) VALUES ('96918', 1506384000, 2524607999);
INSERT INTO VehicleJourney (VehicleJourneyCode, ServiceRef, LineRef, JourneyPatternRef, OperatorRef, Monday, Tuesday, Wednesday, Thursday, Friday, Saturday, Sunday, DepatureHour, DepatureMinute, DepatureSecond, Note, NoteCode) VALUES ('96919', 'FSACM05', '0', 'JPS_FSACM05-4', 'CAL', 0, 0, 0, 0, 0, 1, 0, 13, 50, 0, '', '');
INSERT INTO DayOfOperation (VehicleJourneyRef, StartDate, EndDate) VALUES ('96919', 1497657600, 1497743999);
INSERT INTO DayOfOperation (VehicleJourneyRef, StartDate, EndDate) VALUES ('96919', 1498262400, 1498348799);
INSERT INTO DayOfOperation (VehicleJourneyRef, StartDate, EndDate) VALUES ('96919', 1498867200, 1498953599);
INSERT INTO DayOfOperation (VehicleJourneyRef, StartDate, EndDate) VALUES ('96919', 1499472000, 1499558399);
INSERT INTO DayOfOperation (VehicleJourneyRef, StartDate, EndDate) VALUES ('96919', 1500076800, 1500163199);
INSERT INTO DayOfOperation (VehicleJourneyRef, StartDate, EndDate) VALUES ('96919', 1500681600, 1500767999);
INSERT INTO DayOfOperation (VehicleJourneyRef, StartDate, EndDate) VALUES ('96919', 1501286400, 1501372799);
INSERT INTO DayOfOperation (VehicleJourneyRef, StartDate, EndDate) VALUES ('96919', 1501891200, 1501977599);
INSERT INTO DayOfOperation (VehicleJourneyRef, StartDate, EndDate) VALUES ('96919', 1502496000, 1502582399);
INSERT INTO DayOfOperation (VehicleJourneyRef, StartDate, EndDate) VALUES ('96919', 1503100800, 1503187199);
INSERT INTO DayOfOperation (VehicleJourneyRef, StartDate, EndDate) VALUES ('96919', 1503705600, 1503791999);
INSERT INTO DayOfOperation (VehicleJourneyRef, StartDate, EndDate) VALUES ('96919', 1504310400, 1504396799);
INSERT INTO DayOfOperation (VehicleJourneyRef, StartDate, EndDate) VALUES ('96919', 1504915200, 1505001599);
INSERT INTO DayOfOperation (VehicleJourneyRef, StartDate, EndDate) VALUES ('96919', 1505520000, 1505606399);
INSERT INTO DayOfOperation (VehicleJourneyRef, StartDate, EndDate) VALUES ('96919', 1506124800, 1506211199);
INSERT INTO DayOfNonOperation (VehicleJourneyRef, StartDate, EndDate) VALUES ('96919', 1490918400, 1493251199);
INSERT INTO DayOfNonOperation (VehicleJourneyRef, StartDate, EndDate) VALUES ('96919', 1506384000, 2524607999);
INSERT INTO VehicleJourney (VehicleJourneyCode, ServiceRef, LineRef, JourneyPatternRef, OperatorRef, Monday, Tuesday, Wednesday, Thursday, Friday, Saturday, Sunday, DepatureHour, DepatureMinute, DepatureSecond, Note, NoteCode) VALUES ('96920', 'FSACM05', '0', 'JPS_FSACM05-4', 'CAL', 0, 0, 0, 0, 0, 1, 0, 16, 40, 0, '', '');
INSERT INTO DayOfOperation (VehicleJourneyRef, StartDate, EndDate) VALUES ('96920', 1497657600, 1497743999);
INSERT INTO DayOfOperation (VehicleJourneyRef, StartDate, EndDate) VALUES ('96920', 1498262400, 1498348799);
INSERT INTO DayOfOperation (VehicleJourneyRef, StartDate, EndDate) VALUES ('96920', 1498867200, 1498953599);
INSERT INTO DayOfOperation (VehicleJourneyRef, StartDate, EndDate) VALUES ('96920', 1499472000, 1499558399);
INSERT INTO DayOfOperation (VehicleJourneyRef, StartDate, EndDate) VALUES ('96920', 1500076800, 1500163199);
INSERT INTO DayOfOperation (VehicleJourneyRef, StartDate, EndDate) VALUES ('96920', 1500681600, 1500767999);
INSERT INTO DayOfOperation (VehicleJourneyRef, StartDate, EndDate) VALUES ('96920', 1501286400, 1501372799);
INSERT INTO DayOfOperation (VehicleJourneyRef, StartDate, EndDate) VALUES ('96920', 1501891200, 1501977599);
INSERT INTO DayOfOperation (VehicleJourneyRef, StartDate, EndDate) VALUES ('96920', 1502496000, 1502582399);
INSERT INTO DayOfOperation (VehicleJourneyRef, StartDate, EndDate) VALUES ('96920', 1503100800, 1503187199);
INSERT INTO DayOfOperation (VehicleJourneyRef, StartDate, EndDate) VALUES ('96920', 1503705600, 1503791999);
INSERT INTO DayOfOperation (VehicleJourneyRef, StartDate, EndDate) VALUES ('96920', 1504310400, 1504396799);
INSERT INTO DayOfOperation (VehicleJourneyRef, StartDate, EndDate) VALUES ('96920', 1504915200, 1505001599);
INSERT INTO DayOfOperation (VehicleJourneyRef, StartDate, EndDate) VALUES ('96920', 1505520000, 1505606399);
INSERT INTO DayOfOperation (VehicleJourneyRef, StartDate, EndDate) VALUES ('96920', 1506124800, 1506211199);
INSERT INTO DayOfNonOperation (VehicleJourneyRef, StartDate, EndDate) VALUES ('96920', 1490918400, 1493251199);
INSERT INTO DayOfNonOperation (VehicleJourneyRef, StartDate, EndDate) VALUES ('96920', 1506384000, 2524607999);
INSERT INTO VehicleJourney (VehicleJourneyCode, ServiceRef, LineRef, JourneyPatternRef, OperatorRef, Monday, Tuesday, Wednesday, Thursday, Friday, Saturday, Sunday, DepatureHour, DepatureMinute, DepatureSecond, Note, NoteCode) VALUES ('96921', 'FSACM05', '0', 'JPS_FSACM05-4', 'CAL', 0, 0, 0, 0, 0, 1, 0, 22, 0, 0, '', '');
INSERT INTO DayOfOperation (VehicleJourneyRef, StartDate, EndDate) VALUES ('96921', 1497657600, 1497743999);
INSERT INTO DayOfOperation (VehicleJourneyRef, StartDate, EndDate) VALUES ('96921', 1498262400, 1498348799);
INSERT INTO DayOfOperation (VehicleJourneyRef, StartDate, EndDate) VALUES ('96921', 1498867200, 1498953599);
INSERT INTO DayOfOperation (VehicleJourneyRef, StartDate, EndDate) VALUES ('96921', 1499472000, 1499558399);
INSERT INTO DayOfOperation (VehicleJourneyRef, StartDate, EndDate) VALUES ('96921', 1500076800, 1500163199);
INSERT INTO DayOfOperation (VehicleJourneyRef, StartDate, EndDate) VALUES ('96921', 1500681600, 1500767999);
INSERT INTO DayOfOperation (VehicleJourneyRef, StartDate, EndDate) VALUES ('96921', 1501286400, 1501372799);
INSERT INTO DayOfOperation (VehicleJourneyRef, StartDate, EndDate) VALUES ('96921', 1501891200, 1501977599);
INSERT INTO DayOfOperation (VehicleJourneyRef, StartDate, EndDate) VALUES ('96921', 1502496000, 1502582399);
INSERT INTO DayOfOperation (VehicleJourneyRef, StartDate, EndDate) VALUES ('96921', 1503100800, 1503187199);
INSERT INTO DayOfOperation (VehicleJourneyRef, StartDate, EndDate) VALUES ('96921', 1503705600, 1503791999);
INSERT INTO DayOfOperation (VehicleJourneyRef, StartDate, EndDate) VALUES ('96921', 1504310400, 1504396799);
INSERT INTO DayOfOperation (VehicleJourneyRef, StartDate, EndDate) VALUES ('96921', 1504915200, 1505001599);
INSERT INTO DayOfOperation (VehicleJourneyRef, StartDate, EndDate) VALUES ('96921', 1505520000, 1505606399);
INSERT INTO DayOfOperation (VehicleJourneyRef, StartDate, EndDate) VALUES ('96921', 1506124800, 1506211199);
INSERT INTO DayOfNonOperation (VehicleJourneyRef, StartDate, EndDate) VALUES ('96921', 1490918400, 1493251199);
INSERT INTO DayOfNonOperation (VehicleJourneyRef, StartDate, EndDate) VALUES ('96921', 1506384000, 2524607999);
INSERT INTO VehicleJourney (VehicleJourneyCode, ServiceRef, LineRef, JourneyPatternRef, OperatorRef, Monday, Tuesday, Wednesday, Thursday, Friday, Saturday, Sunday, DepatureHour, DepatureMinute, DepatureSecond, Note, NoteCode) VALUES ('96933', 'FSACM05', '0', 'JPS_FSACM05-4', 'CAL', 0, 0, 0, 0, 0, 0, 1, 11, 5, 0, '', '');
INSERT INTO DayOfOperation (VehicleJourneyRef, StartDate, EndDate) VALUES ('96933', 1497744000, 1497830399);
INSERT INTO DayOfOperation (VehicleJourneyRef, StartDate, EndDate) VALUES ('96933', 1498348800, 1498435199);
INSERT INTO DayOfOperation (VehicleJourneyRef, StartDate, EndDate) VALUES ('96933', 1498953600, 1499039999);
INSERT INTO DayOfOperation (VehicleJourneyRef, StartDate, EndDate) VALUES ('96933', 1499558400, 1499644799);
INSERT INTO DayOfOperation (VehicleJourneyRef, StartDate, EndDate) VALUES ('96933', 1500163200, 1500249599);
INSERT INTO DayOfOperation (VehicleJourneyRef, StartDate, EndDate) VALUES ('96933', 1500768000, 1500854399);
INSERT INTO DayOfOperation (VehicleJourneyRef, StartDate, EndDate) VALUES ('96933', 1501372800, 1501459199);
INSERT INTO DayOfOperation (VehicleJourneyRef, StartDate, EndDate) VALUES ('96933', 1501977600, 1502063999);
INSERT INTO DayOfOperation (VehicleJourneyRef, StartDate, EndDate) VALUES ('96933', 1502582400, 1502668799);
INSERT INTO DayOfOperation (VehicleJourneyRef, StartDate, EndDate) VALUES ('96933', 1503187200, 1503273599);
INSERT INTO DayOfOperation (VehicleJourneyRef, StartDate, EndDate) VALUES ('96933', 1503792000, 1503878399);
INSERT INTO DayOfOperation (VehicleJourneyRef, StartDate, EndDate) VALUES ('96933', 1504396800, 1504483199);
INSERT INTO DayOfOperation (VehicleJourneyRef, StartDate, EndDate) VALUES ('96933', 1505001600, 1505087999);
INSERT INTO DayOfOperation (VehicleJourneyRef, StartDate, EndDate) VALUES ('96933', 1505606400, 1505692799);
INSERT INTO DayOfOperation (VehicleJourneyRef, StartDate, EndDate) VALUES ('96933', 1506211200, 1506297599);
INSERT INTO DayOfNonOperation (VehicleJourneyRef, StartDate, EndDate) VALUES ('96933', 1490918400, 1493251199);
INSERT INTO DayOfNonOperation (VehicleJourneyRef, StartDate, EndDate) VALUES ('96933', 1506384000, 2524607999);
INSERT INTO VehicleJourney (VehicleJourneyCode, ServiceRef, LineRef, JourneyPatternRef, OperatorRef, Monday, Tuesday, Wednesday, Thursday, Friday, Saturday, Sunday, DepatureHour, DepatureMinute, DepatureSecond, Note, NoteCode) VALUES ('96934', 'FSACM05', '0', 'JPS_FSACM05-4', 'CAL', 0, 0, 0, 0, 0, 0, 1, 20, 0, 0, '', '');
INSERT INTO DayOfOperation (VehicleJourneyRef, StartDate, EndDate) VALUES ('96934', 1497744000, 1497830399);
INSERT INTO DayOfOperation (VehicleJourneyRef, StartDate, EndDate) VALUES ('96934', 1498348800, 1498435199);
INSERT INTO DayOfOperation (VehicleJourneyRef, StartDate, EndDate) VALUES ('96934', 1498953600, 1499039999);
INSERT INTO DayOfOperation (VehicleJourneyRef, StartDate, EndDate) VALUES ('96934', 1499558400, 1499644799);
INSERT INTO DayOfOperation (VehicleJourneyRef, StartDate, EndDate) VALUES ('96934', 1500163200, 1500249599);
INSERT INTO DayOfOperation (VehicleJourneyRef, StartDate, EndDate) VALUES ('96934', 1500768000, 1500854399);
INSERT INTO DayOfOperation (VehicleJourneyRef, StartDate, EndDate) VALUES ('96934', 1501372800, 1501459199);
INSERT INTO DayOfOperation (VehicleJourneyRef, StartDate, EndDate) VALUES ('96934', 1501977600, 1502063999);
INSERT INTO DayOfOperation (VehicleJourneyRef, StartDate, EndDate) VALUES ('96934', 1502582400, 1502668799);
INSERT INTO DayOfOperation (VehicleJourneyRef, StartDate, EndDate) VALUES ('96934', 1503187200, 1503273599);
INSERT INTO DayOfOperation (VehicleJourneyRef, StartDate, EndDate) VALUES ('96934', 1503792000, 1503878399);
INSERT INTO DayOfOperation (VehicleJourneyRef, StartDate, EndDate) VALUES ('96934', 1504396800, 1504483199);
INSERT INTO DayOfOperation (VehicleJourneyRef, StartDate, EndDate) VALUES ('96934', 1505001600, 1505087999);
INSERT INTO DayOfOperation (VehicleJourneyRef, StartDate, EndDate) VALUES ('96934', 1505606400, 1505692799);
INSERT INTO DayOfOperation (VehicleJourneyRef, StartDate, EndDate) VALUES ('96934', 1506211200, 1506297599);
INSERT INTO DayOfNonOperation (VehicleJourneyRef, StartDate, EndDate) VALUES ('96934', 1490918400, 1493251199);
INSERT INTO DayOfNonOperation (VehicleJourneyRef, StartDate, EndDate) VALUES ('96934', 1506384000, 2524607999);
INSERT INTO VehicleJourney (VehicleJourneyCode, ServiceRef, LineRef, JourneyPatternRef, OperatorRef, Monday, Tuesday, Wednesday, Thursday, Friday, Saturday, Sunday, DepatureHour, DepatureMinute, DepatureSecond, Note, NoteCode) VALUES ('96857', 'FSACM05', '0', 'JPS_FSACM05-3', 'CAL', 1, 1, 1, 1, 1, 0, 0, 8, 20, 0, '', '');
INSERT INTO DayOfNonOperation (VehicleJourneyRef, StartDate, EndDate) VALUES ('96857', 1490918400, 1508716799);
INSERT INTO DayOfNonOperation (VehicleJourneyRef, StartDate, EndDate) VALUES ('96857', 1514160000, 1514332799);
INSERT INTO DayOfNonOperation (VehicleJourneyRef, StartDate, EndDate) VALUES ('96857', 1514764800, 1514851199);
INSERT INTO VehicleJourney (VehicleJourneyCode, ServiceRef, LineRef, JourneyPatternRef, OperatorRef, Monday, Tuesday, Wednesday, Thursday, Friday, Saturday, Sunday, DepatureHour, DepatureMinute, DepatureSecond, Note, NoteCode) VALUES ('96858', 'FSACM05', '0', 'JPS_FSACM05-3', 'CAL', 1, 1, 1, 1, 1, 0, 0, 11, 5, 0, '', '');
INSERT INTO DayOfNonOperation (VehicleJourneyRef, StartDate, EndDate) VALUES ('96858', 1490918400, 1508716799);
INSERT INTO DayOfNonOperation (VehicleJourneyRef, StartDate, EndDate) VALUES ('96858', 1514160000, 1514332799);
INSERT INTO DayOfNonOperation (VehicleJourneyRef, StartDate, EndDate) VALUES ('96858', 1514764800, 1514851199);
INSERT INTO VehicleJourney (VehicleJourneyCode, ServiceRef, LineRef, JourneyPatternRef, OperatorRef, Monday, Tuesday, Wednesday, Thursday, Friday, Saturday, Sunday, DepatureHour, DepatureMinute, DepatureSecond, Note, NoteCode) VALUES ('96859', 'FSACM05', '0', 'JPS_FSACM05-3', 'CAL', 1, 1, 1, 1, 1, 0, 0, 13, 55, 0, '', '');
INSERT INTO DayOfNonOperation (VehicleJourneyRef, StartDate, EndDate) VALUES ('96859', 1490918400, 1508716799);
INSERT INTO DayOfNonOperation (VehicleJourneyRef, StartDate, EndDate) VALUES ('96859', 1514160000, 1514332799);
INSERT INTO DayOfNonOperation (VehicleJourneyRef, StartDate, EndDate) VALUES ('96859', 1514764800, 1514851199);
INSERT INTO VehicleJourney (VehicleJourneyCode, ServiceRef, LineRef, JourneyPatternRef, OperatorRef, Monday, Tuesday, Wednesday, Thursday, Friday, Saturday, Sunday, DepatureHour, DepatureMinute, DepatureSecond, Note, NoteCode) VALUES ('96860', 'FSACM05', '0', 'JPS_FSACM05-3', 'CAL', 1, 1, 1, 1, 1, 0, 0, 16, 40, 0, '', '');
INSERT INTO DayOfNonOperation (VehicleJourneyRef, StartDate, EndDate) VALUES ('96860', 1490918400, 1508716799);
INSERT INTO DayOfNonOperation (VehicleJourneyRef, StartDate, EndDate) VALUES ('96860', 1514160000, 1514332799);
INSERT INTO DayOfNonOperation (VehicleJourneyRef, StartDate, EndDate) VALUES ('96860', 1514764800, 1514851199);
INSERT INTO VehicleJourney (VehicleJourneyCode, ServiceRef, LineRef, JourneyPatternRef, OperatorRef, Monday, Tuesday, Wednesday, Thursday, Friday, Saturday, Sunday, DepatureHour, DepatureMinute, DepatureSecond, Note, NoteCode) VALUES ('96861', 'FSACM05', '0', 'JPS_FSACM05-3', 'CAL', 1, 1, 1, 1, 1, 0, 0, 19, 20, 0, '', '');
INSERT INTO DayOfNonOperation (VehicleJourneyRef, StartDate, EndDate) VALUES ('96861', 1490918400, 1508716799);
INSERT INTO DayOfNonOperation (VehicleJourneyRef, StartDate, EndDate) VALUES ('96861', 1514160000, 1514332799);
INSERT INTO DayOfNonOperation (VehicleJourneyRef, StartDate, EndDate) VALUES ('96861', 1514764800, 1514851199);
INSERT INTO VehicleJourney (VehicleJourneyCode, ServiceRef, LineRef, JourneyPatternRef, OperatorRef, Monday, Tuesday, Wednesday, Thursday, Friday, Saturday, Sunday, DepatureHour, DepatureMinute, DepatureSecond, Note, NoteCode) VALUES ('96873', 'FSACM05', '0', 'JPS_FSACM05-3', 'CAL', 0, 0, 0, 0, 0, 1, 0, 8, 20, 0, '', '');
INSERT INTO DayOfOperation (VehicleJourneyRef, StartDate, EndDate) VALUES ('96873', 1509148800, 1509235199);
INSERT INTO DayOfOperation (VehicleJourneyRef, StartDate, EndDate) VALUES ('96873', 1509753600, 1509839999);
INSERT INTO DayOfOperation (VehicleJourneyRef, StartDate, EndDate) VALUES ('96873', 1510358400, 1510444799);
INSERT INTO DayOfOperation (VehicleJourneyRef, StartDate, EndDate) VALUES ('96873', 1510963200, 1511049599);
INSERT INTO DayOfOperation (VehicleJourneyRef, StartDate, EndDate) VALUES ('96873', 1511568000, 1511654399);
INSERT INTO DayOfOperation (VehicleJourneyRef, StartDate, EndDate) VALUES ('96873', 1512172800, 1512259199);
INSERT INTO DayOfOperation (VehicleJourneyRef, StartDate, EndDate) VALUES ('96873', 1512777600, 1512863999);
INSERT INTO DayOfOperation (VehicleJourneyRef, StartDate, EndDate) VALUES ('96873', 1513382400, 1513468799);
INSERT INTO DayOfOperation (VehicleJourneyRef, StartDate, EndDate) VALUES ('96873', 1513987200, 1514073599);
INSERT INTO DayOfOperation (VehicleJourneyRef, StartDate, EndDate) VALUES ('96873', 1514592000, 1514678399);
INSERT INTO DayOfOperation (VehicleJourneyRef, StartDate, EndDate) VALUES ('96873', 1515196800, 1515283199);
INSERT INTO DayOfOperation (VehicleJourneyRef, StartDate, EndDate) VALUES ('96873', 1515801600, 1515887999);
INSERT INTO DayOfOperation (VehicleJourneyRef, StartDate, EndDate) VALUES ('96873', 1516406400, 1516492799);
INSERT INTO DayOfOperation (VehicleJourneyRef, StartDate, EndDate) VALUES ('96873', 1517011200, 1517097599);
INSERT INTO DayOfOperation (VehicleJourneyRef, StartDate, EndDate) VALUES ('96873', 1517616000, 1517702399);
INSERT INTO DayOfOperation (VehicleJourneyRef, StartDate, EndDate) VALUES ('96873', 1518220800, 1518307199);
INSERT INTO DayOfOperation (VehicleJourneyRef, StartDate, EndDate) VALUES ('96873', 1518825600, 1518911999);
INSERT INTO DayOfOperation (VehicleJourneyRef, StartDate, EndDate) VALUES ('96873', 1519430400, 1519516799);
INSERT INTO DayOfOperation (VehicleJourneyRef, StartDate, EndDate) VALUES ('96873', 1520035200, 1520121599);
INSERT INTO DayOfOperation (VehicleJourneyRef, StartDate, EndDate) VALUES ('96873', 1520640000, 1520726399);
INSERT INTO DayOfOperation (VehicleJourneyRef, StartDate, EndDate) VALUES ('96873', 1521244800, 1521331199);
INSERT INTO DayOfOperation (VehicleJourneyRef, StartDate, EndDate) VALUES ('96873', 1521849600, 1521935999);
INSERT INTO DayOfOperation (VehicleJourneyRef, StartDate, EndDate) VALUES ('96873', 1522454400, 1522540799);
INSERT INTO DayOfOperation (VehicleJourneyRef, StartDate, EndDate) VALUES ('96873', 1523059200, 1523145599);
INSERT INTO DayOfOperation (VehicleJourneyRef, StartDate, EndDate) VALUES ('96873', 1523664000, 1523750399);
INSERT INTO DayOfOperation (VehicleJourneyRef, StartDate, EndDate) VALUES ('96873', 1524268800, 1524355199);
INSERT INTO DayOfOperation (VehicleJourneyRef, StartDate, EndDate) VALUES ('96873', 1524873600, 1524959999);
INSERT INTO DayOfOperation (VehicleJourneyRef, StartDate, EndDate) VALUES ('96873', 1525478400, 1525564799);
INSERT INTO DayOfOperation (VehicleJourneyRef, StartDate, EndDate) VALUES ('96873', 1526083200, 1526169599);
INSERT INTO DayOfOperation (VehicleJourneyRef, StartDate, EndDate) VALUES ('96873', 1526688000, 1526774399);
INSERT INTO DayOfOperation (VehicleJourneyRef, StartDate, EndDate) VALUES ('96873', 1527292800, 1527379199);
INSERT INTO DayOfOperation (VehicleJourneyRef, StartDate, EndDate) VALUES ('96873', 1527897600, 1527983999);
INSERT INTO DayOfOperation (VehicleJourneyRef, StartDate, EndDate) VALUES ('96873', 1528502400, 1528588799);
INSERT INTO DayOfNonOperation (VehicleJourneyRef, StartDate, EndDate) VALUES ('96873', 1490918400, 1508716799);
INSERT INTO VehicleJourney (VehicleJourneyCode, ServiceRef, LineRef, JourneyPatternRef, OperatorRef, Monday, Tuesday, Wednesday, Thursday, Friday, Saturday, Sunday, DepatureHour, DepatureMinute, DepatureSecond, Note, NoteCode) VALUES ('96874', 'FSACM05', '0', 'JPS_FSACM05-3', 'CAL', 0, 0, 0, 0, 0, 1, 0, 11, 5, 0, '', '');
INSERT INTO DayOfOperation (VehicleJourneyRef, StartDate, EndDate) VALUES ('96874', 1509148800, 1509235199);
INSERT INTO DayOfOperation (VehicleJourneyRef, StartDate, EndDate) VALUES ('96874', 1509753600, 1509839999);
INSERT INTO DayOfOperation (VehicleJourneyRef, StartDate, EndDate) VALUES ('96874', 1510358400, 1510444799);
INSERT INTO DayOfOperation (VehicleJourneyRef, StartDate, EndDate) VALUES ('96874', 1510963200, 1511049599);
INSERT INTO DayOfOperation (VehicleJourneyRef, StartDate, EndDate) VALUES ('96874', 1511568000, 1511654399);
INSERT INTO DayOfOperation (VehicleJourneyRef, StartDate, EndDate) VALUES ('96874', 1512172800, 1512259199);
INSERT INTO DayOfOperation (VehicleJourneyRef, StartDate, EndDate) VALUES ('96874', 1512777600, 1512863999);
INSERT INTO DayOfOperation (VehicleJourneyRef, StartDate, EndDate) VALUES ('96874', 1513382400, 1513468799);
INSERT INTO DayOfOperation (VehicleJourneyRef, StartDate, EndDate) VALUES ('96874', 1513987200, 1514073599);
INSERT INTO DayOfOperation (VehicleJourneyRef, StartDate, EndDate) VALUES ('96874', 1514592000, 1514678399);
INSERT INTO DayOfOperation (VehicleJourneyRef, StartDate, EndDate) VALUES ('96874', 1515196800, 1515283199);
INSERT INTO DayOfOperation (VehicleJourneyRef, StartDate, EndDate) VALUES ('96874', 1515801600, 1515887999);
INSERT INTO DayOfOperation (VehicleJourneyRef, StartDate, EndDate) VALUES ('96874', 1516406400, 1516492799);
INSERT INTO DayOfOperation (VehicleJourneyRef, StartDate, EndDate) VALUES ('96874', 1517011200, 1517097599);
INSERT INTO DayOfOperation (VehicleJourneyRef, StartDate, EndDate) VALUES ('96874', 1517616000, 1517702399);
INSERT INTO DayOfOperation (VehicleJourneyRef, StartDate, EndDate) VALUES ('96874', 1518220800, 1518307199);
INSERT INTO DayOfOperation (VehicleJourneyRef, StartDate, EndDate) VALUES ('96874', 1518825600, 1518911999);
INSERT INTO DayOfOperation (VehicleJourneyRef, StartDate, EndDate) VALUES ('96874', 1519430400, 1519516799);
INSERT INTO DayOfOperation (VehicleJourneyRef, StartDate, EndDate) VALUES ('96874', 1520035200, 1520121599);
INSERT INTO DayOfOperation (VehicleJourneyRef, StartDate, EndDate) VALUES ('96874', 1520640000, 1520726399);
INSERT INTO DayOfOperation (VehicleJourneyRef, StartDate, EndDate) VALUES ('96874', 1521244800, 1521331199);
INSERT INTO DayOfOperation (VehicleJourneyRef, StartDate, EndDate) VALUES ('96874', 1521849600, 1521935999);
INSERT INTO DayOfOperation (VehicleJourneyRef, StartDate, EndDate) VALUES ('96874', 1522454400, 1522540799);
INSERT INTO DayOfOperation (VehicleJourneyRef, StartDate, EndDate) VALUES ('96874', 1523059200, 1523145599);
INSERT INTO DayOfOperation (VehicleJourneyRef, StartDate, EndDate) VALUES ('96874', 1523664000, 1523750399);
INSERT INTO DayOfOperation (VehicleJourneyRef, StartDate, EndDate) VALUES ('96874', 1524268800, 1524355199);
INSERT INTO DayOfOperation (VehicleJourneyRef, StartDate, EndDate) VALUES ('96874', 1524873600, 1524959999);
INSERT INTO DayOfOperation (VehicleJourneyRef, StartDate, EndDate) VALUES ('96874', 1525478400, 1525564799);
INSERT INTO DayOfOperation (VehicleJourneyRef, StartDate, EndDate) VALUES ('96874', 1526083200, 1526169599);
INSERT INTO DayOfOperation (VehicleJourneyRef, StartDate, EndDate) VALUES ('96874', 1526688000, 1526774399);
INSERT INTO DayOfOperation (VehicleJourneyRef, StartDate, EndDate) VALUES ('96874', 1527292800, 1527379199);
INSERT INTO DayOfOperation (VehicleJourneyRef, StartDate, EndDate) VALUES ('96874', 1527897600, 1527983999);
INSERT INTO DayOfOperation (VehicleJourneyRef, StartDate, EndDate) VALUES ('96874', 1528502400, 1528588799);
INSERT INTO DayOfNonOperation (VehicleJourneyRef, StartDate, EndDate) VALUES ('96874', 1490918400, 1508716799);
INSERT INTO VehicleJourney (VehicleJourneyCode, ServiceRef, LineRef, JourneyPatternRef, OperatorRef, Monday, Tuesday, Wednesday, Thursday, Friday, Saturday, Sunday, DepatureHour, DepatureMinute, DepatureSecond, Note, NoteCode) VALUES ('96875', 'FSACM05', '0', 'JPS_FSACM05-3', 'CAL', 0, 0, 0, 0, 0, 1, 0, 13, 55, 0, '', '');
INSERT INTO DayOfOperation (VehicleJourneyRef, StartDate, EndDate) VALUES ('96875', 1509148800, 1509235199);
INSERT INTO DayOfOperation (VehicleJourneyRef, StartDate, EndDate) VALUES ('96875', 1509753600, 1509839999);
INSERT INTO DayOfOperation (VehicleJourneyRef, StartDate, EndDate) VALUES ('96875', 1510358400, 1510444799);
INSERT INTO DayOfOperation (VehicleJourneyRef, StartDate, EndDate) VALUES ('96875', 1510963200, 1511049599);
INSERT INTO DayOfOperation (VehicleJourneyRef, StartDate, EndDate) VALUES ('96875', 1511568000, 1511654399);
INSERT INTO DayOfOperation (VehicleJourneyRef, StartDate, EndDate) VALUES ('96875', 1512172800, 1512259199);
INSERT INTO DayOfOperation (VehicleJourneyRef, StartDate, EndDate) VALUES ('96875', 1512777600, 1512863999);
INSERT INTO DayOfOperation (VehicleJourneyRef, StartDate, EndDate) VALUES ('96875', 1513382400, 1513468799);
INSERT INTO DayOfOperation (VehicleJourneyRef, StartDate, EndDate) VALUES ('96875', 1513987200, 1514073599);
INSERT INTO DayOfOperation (VehicleJourneyRef, StartDate, EndDate) VALUES ('96875', 1514592000, 1514678399);
INSERT INTO DayOfOperation (VehicleJourneyRef, StartDate, EndDate) VALUES ('96875', 1515196800, 1515283199);
INSERT INTO DayOfOperation (VehicleJourneyRef, StartDate, EndDate) VALUES ('96875', 1515801600, 1515887999);
INSERT INTO DayOfOperation (VehicleJourneyRef, StartDate, EndDate) VALUES ('96875', 1516406400, 1516492799);
INSERT INTO DayOfOperation (VehicleJourneyRef, StartDate, EndDate) VALUES ('96875', 1517011200, 1517097599);
INSERT INTO DayOfOperation (VehicleJourneyRef, StartDate, EndDate) VALUES ('96875', 1517616000, 1517702399);
INSERT INTO DayOfOperation (VehicleJourneyRef, StartDate, EndDate) VALUES ('96875', 1518220800, 1518307199);
INSERT INTO DayOfOperation (VehicleJourneyRef, StartDate, EndDate) VALUES ('96875', 1518825600, 1518911999);
INSERT INTO DayOfOperation (VehicleJourneyRef, StartDate, EndDate) VALUES ('96875', 1519430400, 1519516799);
INSERT INTO DayOfOperation (VehicleJourneyRef, StartDate, EndDate) VALUES ('96875', 1520035200, 1520121599);
INSERT INTO DayOfOperation (VehicleJourneyRef, StartDate, EndDate) VALUES ('96875', 1520640000, 1520726399);
INSERT INTO DayOfOperation (VehicleJourneyRef, StartDate, EndDate) VALUES ('96875', 1521244800, 1521331199);
INSERT INTO DayOfOperation (VehicleJourneyRef, StartDate, EndDate) VALUES ('96875', 1521849600, 1521935999);
INSERT INTO DayOfOperation (VehicleJourneyRef, StartDate, EndDate) VALUES ('96875', 1522454400, 1522540799);
INSERT INTO DayOfOperation (VehicleJourneyRef, StartDate, EndDate) VALUES ('96875', 1523059200, 1523145599);
INSERT INTO DayOfOperation (VehicleJourneyRef, StartDate, EndDate) VALUES ('96875', 1523664000, 1523750399);
INSERT INTO DayOfOperation (VehicleJourneyRef, StartDate, EndDate) VALUES ('96875', 1524268800, 1524355199);
INSERT INTO DayOfOperation (VehicleJourneyRef, StartDate, EndDate) VALUES ('96875', 1524873600, 1524959999);
INSERT INTO DayOfOperation (VehicleJourneyRef, StartDate, EndDate) VALUES ('96875', 1525478400, 1525564799);
INSERT INTO DayOfOperation (VehicleJourneyRef, StartDate, EndDate) VALUES ('96875', 1526083200, 1526169599);
INSERT INTO DayOfOperation (VehicleJourneyRef, StartDate, EndDate) VALUES ('96875', 1526688000, 1526774399);
INSERT INTO DayOfOperation (VehicleJourneyRef, StartDate, EndDate) VALUES ('96875', 1527292800, 1527379199);
INSERT INTO DayOfOperation (VehicleJourneyRef, StartDate, EndDate) VALUES ('96875', 1527897600, 1527983999);
INSERT INTO DayOfOperation (VehicleJourneyRef, StartDate, EndDate) VALUES ('96875', 1528502400, 1528588799);
INSERT INTO DayOfNonOperation (VehicleJourneyRef, StartDate, EndDate) VALUES ('96875', 1490918400, 1508716799);
INSERT INTO VehicleJourney (VehicleJourneyCode, ServiceRef, LineRef, JourneyPatternRef, OperatorRef, Monday, Tuesday, Wednesday, Thursday, Friday, Saturday, Sunday, DepatureHour, DepatureMinute, DepatureSecond, Note, NoteCode) VALUES ('96876', 'FSACM05', '0', 'JPS_FSACM05-3', 'CAL', 0, 0, 0, 0, 0, 1, 0, 16, 40, 0, '', '');
INSERT INTO DayOfOperation (VehicleJourneyRef, StartDate, EndDate) VALUES ('96876', 1509148800, 1509235199);
INSERT INTO DayOfOperation (VehicleJourneyRef, StartDate, EndDate) VALUES ('96876', 1509753600, 1509839999);
INSERT INTO DayOfOperation (VehicleJourneyRef, StartDate, EndDate) VALUES ('96876', 1510358400, 1510444799);
INSERT INTO DayOfOperation (VehicleJourneyRef, StartDate, EndDate) VALUES ('96876', 1510963200, 1511049599);
INSERT INTO DayOfOperation (VehicleJourneyRef, StartDate, EndDate) VALUES ('96876', 1511568000, 1511654399);
INSERT INTO DayOfOperation (VehicleJourneyRef, StartDate, EndDate) VALUES ('96876', 1512172800, 1512259199);
INSERT INTO DayOfOperation (VehicleJourneyRef, StartDate, EndDate) VALUES ('96876', 1512777600, 1512863999);
INSERT INTO DayOfOperation (VehicleJourneyRef, StartDate, EndDate) VALUES ('96876', 1513382400, 1513468799);
INSERT INTO DayOfOperation (VehicleJourneyRef, StartDate, EndDate) VALUES ('96876', 1513987200, 1514073599);
INSERT INTO DayOfOperation (VehicleJourneyRef, StartDate, EndDate) VALUES ('96876', 1514592000, 1514678399);
INSERT INTO DayOfOperation (VehicleJourneyRef, StartDate, EndDate) VALUES ('96876', 1515196800, 1515283199);
INSERT INTO DayOfOperation (VehicleJourneyRef, StartDate, EndDate) VALUES ('96876', 1515801600, 1515887999);
INSERT INTO DayOfOperation (VehicleJourneyRef, StartDate, EndDate) VALUES ('96876', 1516406400, 1516492799);
INSERT INTO DayOfOperation (VehicleJourneyRef, StartDate, EndDate) VALUES ('96876', 1517011200, 1517097599);
INSERT INTO DayOfOperation (VehicleJourneyRef, StartDate, EndDate) VALUES ('96876', 1517616000, 1517702399);
INSERT INTO DayOfOperation (VehicleJourneyRef, StartDate, EndDate) VALUES ('96876', 1518220800, 1518307199);
INSERT INTO DayOfOperation (VehicleJourneyRef, StartDate, EndDate) VALUES ('96876', 1518825600, 1518911999);
INSERT INTO DayOfOperation (VehicleJourneyRef, StartDate, EndDate) VALUES ('96876', 1519430400, 1519516799);
INSERT INTO DayOfOperation (VehicleJourneyRef, StartDate, EndDate) VALUES ('96876', 1520035200, 1520121599);
INSERT INTO DayOfOperation (VehicleJourneyRef, StartDate, EndDate) VALUES ('96876', 1520640000, 1520726399);
INSERT INTO DayOfOperation (VehicleJourneyRef, StartDate, EndDate) VALUES ('96876', 1521244800, 1521331199);
INSERT INTO DayOfOperation (VehicleJourneyRef, StartDate, EndDate) VALUES ('96876', 1521849600, 1521935999);
INSERT INTO DayOfOperation (VehicleJourneyRef, StartDate, EndDate) VALUES ('96876', 1522454400, 1522540799);
INSERT INTO DayOfOperation (VehicleJourneyRef, StartDate, EndDate) VALUES ('96876', 1523059200, 1523145599);
INSERT INTO DayOfOperation (VehicleJourneyRef, StartDate, EndDate) VALUES ('96876', 1523664000, 1523750399);
INSERT INTO DayOfOperation (VehicleJourneyRef, StartDate, EndDate) VALUES ('96876', 1524268800, 1524355199);
INSERT INTO DayOfOperation (VehicleJourneyRef, StartDate, EndDate) VALUES ('96876', 1524873600, 1524959999);
INSERT INTO DayOfOperation (VehicleJourneyRef, StartDate, EndDate) VALUES ('96876', 1525478400, 1525564799);
INSERT INTO DayOfOperation (VehicleJourneyRef, StartDate, EndDate) VALUES ('96876', 1526083200, 1526169599);
INSERT INTO DayOfOperation (VehicleJourneyRef, StartDate, EndDate) VALUES ('96876', 1526688000, 1526774399);
INSERT INTO DayOfOperation (VehicleJourneyRef, StartDate, EndDate) VALUES ('96876', 1527292800, 1527379199);
INSERT INTO DayOfOperation (VehicleJourneyRef, StartDate, EndDate) VALUES ('96876', 1527897600, 1527983999);
INSERT INTO DayOfOperation (VehicleJourneyRef, StartDate, EndDate) VALUES ('96876', 1528502400, 1528588799);
INSERT INTO DayOfNonOperation (VehicleJourneyRef, StartDate, EndDate) VALUES ('96876', 1490918400, 1508716799);
INSERT INTO VehicleJourney (VehicleJourneyCode, ServiceRef, LineRef, JourneyPatternRef, OperatorRef, Monday, Tuesday, Wednesday, Thursday, Friday, Saturday, Sunday, DepatureHour, DepatureMinute, DepatureSecond, Note, NoteCode) VALUES ('96886', 'FSACM05', '0', 'JPS_FSACM05-3', 'CAL', 0, 0, 0, 0, 0, 0, 1, 8, 20, 0, '', '');
INSERT INTO DayOfOperation (VehicleJourneyRef, StartDate, EndDate) VALUES ('96886', 1509235200, 1509321599);
INSERT INTO DayOfOperation (VehicleJourneyRef, StartDate, EndDate) VALUES ('96886', 1509840000, 1509926399);
INSERT INTO DayOfOperation (VehicleJourneyRef, StartDate, EndDate) VALUES ('96886', 1510444800, 1510531199);
INSERT INTO DayOfOperation (VehicleJourneyRef, StartDate, EndDate) VALUES ('96886', 1511049600, 1511135999);
INSERT INTO DayOfOperation (VehicleJourneyRef, StartDate, EndDate) VALUES ('96886', 1511654400, 1511740799);
INSERT INTO DayOfOperation (VehicleJourneyRef, StartDate, EndDate) VALUES ('96886', 1512259200, 1512345599);
INSERT INTO DayOfOperation (VehicleJourneyRef, StartDate, EndDate) VALUES ('96886', 1512864000, 1512950399);
INSERT INTO DayOfOperation (VehicleJourneyRef, StartDate, EndDate) VALUES ('96886', 1513468800, 1513555199);
INSERT INTO DayOfOperation (VehicleJourneyRef, StartDate, EndDate) VALUES ('96886', 1514073600, 1514159999);
INSERT INTO DayOfOperation (VehicleJourneyRef, StartDate, EndDate) VALUES ('96886', 1514678400, 1514764799);
INSERT INTO DayOfOperation (VehicleJourneyRef, StartDate, EndDate) VALUES ('96886', 1515283200, 1515369599);
INSERT INTO DayOfOperation (VehicleJourneyRef, StartDate, EndDate) VALUES ('96886', 1515888000, 1515974399);
INSERT INTO DayOfOperation (VehicleJourneyRef, StartDate, EndDate) VALUES ('96886', 1516492800, 1516579199);
INSERT INTO DayOfOperation (VehicleJourneyRef, StartDate, EndDate) VALUES ('96886', 1517097600, 1517183999);
INSERT INTO DayOfOperation (VehicleJourneyRef, StartDate, EndDate) VALUES ('96886', 1517702400, 1517788799);
INSERT INTO DayOfOperation (VehicleJourneyRef, StartDate, EndDate) VALUES ('96886', 1518307200, 1518393599);
INSERT INTO DayOfOperation (VehicleJourneyRef, StartDate, EndDate) VALUES ('96886', 1518912000, 1518998399);
INSERT INTO DayOfOperation (VehicleJourneyRef, StartDate, EndDate) VALUES ('96886', 1519516800, 1519603199);
INSERT INTO DayOfOperation (VehicleJourneyRef, StartDate, EndDate) VALUES ('96886', 1520121600, 1520207999);
INSERT INTO DayOfOperation (VehicleJourneyRef, StartDate, EndDate) VALUES ('96886', 1520726400, 1520812799);
INSERT INTO DayOfOperation (VehicleJourneyRef, StartDate, EndDate) VALUES ('96886', 1521331200, 1521417599);
INSERT INTO DayOfOperation (VehicleJourneyRef, StartDate, EndDate) VALUES ('96886', 1521936000, 1522022399);
INSERT INTO DayOfOperation (VehicleJourneyRef, StartDate, EndDate) VALUES ('96886', 1522540800, 1522627199);
INSERT INTO DayOfOperation (VehicleJourneyRef, StartDate, EndDate) VALUES ('96886', 1523145600, 1523231999);
INSERT INTO DayOfOperation (VehicleJourneyRef, StartDate, EndDate) VALUES ('96886', 1523750400, 1523836799);
INSERT INTO DayOfOperation (VehicleJourneyRef, StartDate, EndDate) VALUES ('96886', 1524355200, 1524441599);
INSERT INTO DayOfOperation (VehicleJourneyRef, StartDate, EndDate) VALUES ('96886', 1524960000, 1525046399);
INSERT INTO DayOfOperation (VehicleJourneyRef, StartDate, EndDate) VALUES ('96886', 1525564800, 1525651199);
INSERT INTO DayOfOperation (VehicleJourneyRef, StartDate, EndDate) VALUES ('96886', 1526169600, 1526255999);
INSERT INTO DayOfOperation (VehicleJourneyRef, StartDate, EndDate) VALUES ('96886', 1526774400, 1526860799);
INSERT INTO DayOfOperation (VehicleJourneyRef, StartDate, EndDate) VALUES ('96886', 1527379200, 1527465599);
INSERT INTO DayOfOperation (VehicleJourneyRef, StartDate, EndDate) VALUES ('96886', 1527984000, 1528070399);
INSERT INTO DayOfOperation (VehicleJourneyRef, StartDate, EndDate) VALUES ('96886', 1528588800, 1528675199);
INSERT INTO DayOfNonOperation (VehicleJourneyRef, StartDate, EndDate) VALUES ('96886', 1490918400, 1508716799);
INSERT INTO VehicleJourney (VehicleJourneyCode, ServiceRef, LineRef, JourneyPatternRef, OperatorRef, Monday, Tuesday, Wednesday, Thursday, Friday, Saturday, Sunday, DepatureHour, DepatureMinute, DepatureSecond, Note, NoteCode) VALUES ('96887', 'FSACM05', '0', 'JPS_FSACM05-3', 'CAL', 0, 0, 0, 0, 0, 0, 1, 11, 5, 0, '', '');
INSERT INTO DayOfOperation (VehicleJourneyRef, StartDate, EndDate) VALUES ('96887', 1509235200, 1509321599);
INSERT INTO DayOfOperation (VehicleJourneyRef, StartDate, EndDate) VALUES ('96887', 1509840000, 1509926399);
INSERT INTO DayOfOperation (VehicleJourneyRef, StartDate, EndDate) VALUES ('96887', 1510444800, 1510531199);
INSERT INTO DayOfOperation (VehicleJourneyRef, StartDate, EndDate) VALUES ('96887', 1511049600, 1511135999);
INSERT INTO DayOfOperation (VehicleJourneyRef, StartDate, EndDate) VALUES ('96887', 1511654400, 1511740799);
INSERT INTO DayOfOperation (VehicleJourneyRef, StartDate, EndDate) VALUES ('96887', 1512259200, 1512345599);
INSERT INTO DayOfOperation (VehicleJourneyRef, StartDate, EndDate) VALUES ('96887', 1512864000, 1512950399);
INSERT INTO DayOfOperation (VehicleJourneyRef, StartDate, EndDate) VALUES ('96887', 1513468800, 1513555199);
INSERT INTO DayOfOperation (VehicleJourneyRef, StartDate, EndDate) VALUES ('96887', 1514073600, 1514159999);
INSERT INTO DayOfOperation (VehicleJourneyRef, StartDate, EndDate) VALUES ('96887', 1514678400, 1514764799);
INSERT INTO DayOfOperation (VehicleJourneyRef, StartDate, EndDate) VALUES ('96887', 1515283200, 1515369599);
INSERT INTO DayOfOperation (VehicleJourneyRef, StartDate, EndDate) VALUES ('96887', 1515888000, 1515974399);
INSERT INTO DayOfOperation (VehicleJourneyRef, StartDate, EndDate) VALUES ('96887', 1516492800, 1516579199);
INSERT INTO DayOfOperation (VehicleJourneyRef, StartDate, EndDate) VALUES ('96887', 1517097600, 1517183999);
INSERT INTO DayOfOperation (VehicleJourneyRef, StartDate, EndDate) VALUES ('96887', 1517702400, 1517788799);
INSERT INTO DayOfOperation (VehicleJourneyRef, StartDate, EndDate) VALUES ('96887', 1518307200, 1518393599);
INSERT INTO DayOfOperation (VehicleJourneyRef, StartDate, EndDate) VALUES ('96887', 1518912000, 1518998399);
INSERT INTO DayOfOperation (VehicleJourneyRef, StartDate, EndDate) VALUES ('96887', 1519516800, 1519603199);
INSERT INTO DayOfOperation (VehicleJourneyRef, StartDate, EndDate) VALUES ('96887', 1520121600, 1520207999);
INSERT INTO DayOfOperation (VehicleJourneyRef, StartDate, EndDate) VALUES ('96887', 1520726400, 1520812799);
INSERT INTO DayOfOperation (VehicleJourneyRef, StartDate, EndDate) VALUES ('96887', 1521331200, 1521417599);
INSERT INTO DayOfOperation (VehicleJourneyRef, StartDate, EndDate) VALUES ('96887', 1521936000, 1522022399);
INSERT INTO DayOfOperation (VehicleJourneyRef, StartDate, EndDate) VALUES ('96887', 1522540800, 1522627199);
INSERT INTO DayOfOperation (VehicleJourneyRef, StartDate, EndDate) VALUES ('96887', 1523145600, 1523231999);
INSERT INTO DayOfOperation (VehicleJourneyRef, StartDate, EndDate) VALUES ('96887', 1523750400, 1523836799);
INSERT INTO DayOfOperation (VehicleJourneyRef, StartDate, EndDate) VALUES ('96887', 1524355200, 1524441599);
INSERT INTO DayOfOperation (VehicleJourneyRef, StartDate, EndDate) VALUES ('96887', 1524960000, 1525046399);
INSERT INTO DayOfOperation (VehicleJourneyRef, StartDate, EndDate) VALUES ('96887', 1525564800, 1525651199);
INSERT INTO DayOfOperation (VehicleJourneyRef, StartDate, EndDate) VALUES ('96887', 1526169600, 1526255999);
INSERT INTO DayOfOperation (VehicleJourneyRef, StartDate, EndDate) VALUES ('96887', 1526774400, 1526860799);
INSERT INTO DayOfOperation (VehicleJourneyRef, StartDate, EndDate) VALUES ('96887', 1527379200, 1527465599);
INSERT INTO DayOfOperation (VehicleJourneyRef, StartDate, EndDate) VALUES ('96887', 1527984000, 1528070399);
INSERT INTO DayOfOperation (VehicleJourneyRef, StartDate, EndDate) VALUES ('96887', 1528588800, 1528675199);
INSERT INTO DayOfNonOperation (VehicleJourneyRef, StartDate, EndDate) VALUES ('96887', 1490918400, 1508716799);
INSERT INTO VehicleJourney (VehicleJourneyCode, ServiceRef, LineRef, JourneyPatternRef, OperatorRef, Monday, Tuesday, Wednesday, Thursday, Friday, Saturday, Sunday, DepatureHour, DepatureMinute, DepatureSecond, Note, NoteCode) VALUES ('96888', 'FSACM05', '0', 'JPS_FSACM05-3', 'CAL', 0, 0, 0, 0, 0, 0, 1, 13, 50, 0, '', '');
INSERT INTO DayOfOperation (VehicleJourneyRef, StartDate, EndDate) VALUES ('96888', 1509235200, 1509321599);
INSERT INTO DayOfOperation (VehicleJourneyRef, StartDate, EndDate) VALUES ('96888', 1509840000, 1509926399);
INSERT INTO DayOfOperation (VehicleJourneyRef, StartDate, EndDate) VALUES ('96888', 1510444800, 1510531199);
INSERT INTO DayOfOperation (VehicleJourneyRef, StartDate, EndDate) VALUES ('96888', 1511049600, 1511135999);
INSERT INTO DayOfOperation (VehicleJourneyRef, StartDate, EndDate) VALUES ('96888', 1511654400, 1511740799);
INSERT INTO DayOfOperation (VehicleJourneyRef, StartDate, EndDate) VALUES ('96888', 1512259200, 1512345599);
INSERT INTO DayOfOperation (VehicleJourneyRef, StartDate, EndDate) VALUES ('96888', 1512864000, 1512950399);
INSERT INTO DayOfOperation (VehicleJourneyRef, StartDate, EndDate) VALUES ('96888', 1513468800, 1513555199);
INSERT INTO DayOfOperation (VehicleJourneyRef, StartDate, EndDate) VALUES ('96888', 1514073600, 1514159999);
INSERT INTO DayOfOperation (VehicleJourneyRef, StartDate, EndDate) VALUES ('96888', 1514678400, 1514764799);
INSERT INTO DayOfOperation (VehicleJourneyRef, StartDate, EndDate) VALUES ('96888', 1515283200, 1515369599);
INSERT INTO DayOfOperation (VehicleJourneyRef, StartDate, EndDate) VALUES ('96888', 1515888000, 1515974399);
INSERT INTO DayOfOperation (VehicleJourneyRef, StartDate, EndDate) VALUES ('96888', 1516492800, 1516579199);
INSERT INTO DayOfOperation (VehicleJourneyRef, StartDate, EndDate) VALUES ('96888', 1517097600, 1517183999);
INSERT INTO DayOfOperation (VehicleJourneyRef, StartDate, EndDate) VALUES ('96888', 1517702400, 1517788799);
INSERT INTO DayOfOperation (VehicleJourneyRef, StartDate, EndDate) VALUES ('96888', 1518307200, 1518393599);
INSERT INTO DayOfOperation (VehicleJourneyRef, StartDate, EndDate) VALUES ('96888', 1518912000, 1518998399);
INSERT INTO DayOfOperation (VehicleJourneyRef, StartDate, EndDate) VALUES ('96888', 1519516800, 1519603199);
INSERT INTO DayOfOperation (VehicleJourneyRef, StartDate, EndDate) VALUES ('96888', 1520121600, 1520207999);
INSERT INTO DayOfOperation (VehicleJourneyRef, StartDate, EndDate) VALUES ('96888', 1520726400, 1520812799);
INSERT INTO DayOfOperation (VehicleJourneyRef, StartDate, EndDate) VALUES ('96888', 1521331200, 1521417599);
INSERT INTO DayOfOperation (VehicleJourneyRef, StartDate, EndDate) VALUES ('96888', 1521936000, 1522022399);
INSERT INTO DayOfOperation (VehicleJourneyRef, StartDate, EndDate) VALUES ('96888', 1522540800, 1522627199);
INSERT INTO DayOfOperation (VehicleJourneyRef, StartDate, EndDate) VALUES ('96888', 1523145600, 1523231999);
INSERT INTO DayOfOperation (VehicleJourneyRef, StartDate, EndDate) VALUES ('96888', 1523750400, 1523836799);
INSERT INTO DayOfOperation (VehicleJourneyRef, StartDate, EndDate) VALUES ('96888', 1524355200, 1524441599);
INSERT INTO DayOfOperation (VehicleJourneyRef, StartDate, EndDate) VALUES ('96888', 1524960000, 1525046399);
INSERT INTO DayOfOperation (VehicleJourneyRef, StartDate, EndDate) VALUES ('96888', 1525564800, 1525651199);
INSERT INTO DayOfOperation (VehicleJourneyRef, StartDate, EndDate) VALUES ('96888', 1526169600, 1526255999);
INSERT INTO DayOfOperation (VehicleJourneyRef, StartDate, EndDate) VALUES ('96888', 1526774400, 1526860799);
INSERT INTO DayOfOperation (VehicleJourneyRef, StartDate, EndDate) VALUES ('96888', 1527379200, 1527465599);
INSERT INTO DayOfOperation (VehicleJourneyRef, StartDate, EndDate) VALUES ('96888', 1527984000, 1528070399);
INSERT INTO DayOfOperation (VehicleJourneyRef, StartDate, EndDate) VALUES ('96888', 1528588800, 1528675199);
INSERT INTO DayOfNonOperation (VehicleJourneyRef, StartDate, EndDate) VALUES ('96888', 1490918400, 1508716799);
INSERT INTO VehicleJourney (VehicleJourneyCode, ServiceRef, LineRef, JourneyPatternRef, OperatorRef, Monday, Tuesday, Wednesday, Thursday, Friday, Saturday, Sunday, DepatureHour, DepatureMinute, DepatureSecond, Note, NoteCode) VALUES ('96889', 'FSACM05', '0', 'JPS_FSACM05-3', 'CAL', 0, 0, 0, 0, 0, 0, 1, 16, 40, 0, '', '');
INSERT INTO DayOfOperation (VehicleJourneyRef, StartDate, EndDate) VALUES ('96889', 1509235200, 1509321599);
INSERT INTO DayOfOperation (VehicleJourneyRef, StartDate, EndDate) VALUES ('96889', 1509840000, 1509926399);
INSERT INTO DayOfOperation (VehicleJourneyRef, StartDate, EndDate) VALUES ('96889', 1510444800, 1510531199);
INSERT INTO DayOfOperation (VehicleJourneyRef, StartDate, EndDate) VALUES ('96889', 1511049600, 1511135999);
INSERT INTO DayOfOperation (VehicleJourneyRef, StartDate, EndDate) VALUES ('96889', 1511654400, 1511740799);
INSERT INTO DayOfOperation (VehicleJourneyRef, StartDate, EndDate) VALUES ('96889', 1512259200, 1512345599);
INSERT INTO DayOfOperation (VehicleJourneyRef, StartDate, EndDate) VALUES ('96889', 1512864000, 1512950399);
INSERT INTO DayOfOperation (VehicleJourneyRef, StartDate, EndDate) VALUES ('96889', 1513468800, 1513555199);
INSERT INTO DayOfOperation (VehicleJourneyRef, StartDate, EndDate) VALUES ('96889', 1514073600, 1514159999);
INSERT INTO DayOfOperation (VehicleJourneyRef, StartDate, EndDate) VALUES ('96889', 1514678400, 1514764799);
INSERT INTO DayOfOperation (VehicleJourneyRef, StartDate, EndDate) VALUES ('96889', 1515283200, 1515369599);
INSERT INTO DayOfOperation (VehicleJourneyRef, StartDate, EndDate) VALUES ('96889', 1515888000, 1515974399);
INSERT INTO DayOfOperation (VehicleJourneyRef, StartDate, EndDate) VALUES ('96889', 1516492800, 1516579199);
INSERT INTO DayOfOperation (VehicleJourneyRef, StartDate, EndDate) VALUES ('96889', 1517097600, 1517183999);
INSERT INTO DayOfOperation (VehicleJourneyRef, StartDate, EndDate) VALUES ('96889', 1517702400, 1517788799);
INSERT INTO DayOfOperation (VehicleJourneyRef, StartDate, EndDate) VALUES ('96889', 1518307200, 1518393599);
INSERT INTO DayOfOperation (VehicleJourneyRef, StartDate, EndDate) VALUES ('96889', 1518912000, 1518998399);
INSERT INTO DayOfOperation (VehicleJourneyRef, StartDate, EndDate) VALUES ('96889', 1519516800, 1519603199);
INSERT INTO DayOfOperation (VehicleJourneyRef, StartDate, EndDate) VALUES ('96889', 1520121600, 1520207999);
INSERT INTO DayOfOperation (VehicleJourneyRef, StartDate, EndDate) VALUES ('96889', 1520726400, 1520812799);
INSERT INTO DayOfOperation (VehicleJourneyRef, StartDate, EndDate) VALUES ('96889', 1521331200, 1521417599);
INSERT INTO DayOfOperation (VehicleJourneyRef, StartDate, EndDate) VALUES ('96889', 1521936000, 1522022399);
INSERT INTO DayOfOperation (VehicleJourneyRef, StartDate, EndDate) VALUES ('96889', 1522540800, 1522627199);
INSERT INTO DayOfOperation (VehicleJourneyRef, StartDate, EndDate) VALUES ('96889', 1523145600, 1523231999);
INSERT INTO DayOfOperation (VehicleJourneyRef, StartDate, EndDate) VALUES ('96889', 1523750400, 1523836799);
INSERT INTO DayOfOperation (VehicleJourneyRef, StartDate, EndDate) VALUES ('96889', 1524355200, 1524441599);
INSERT INTO DayOfOperation (VehicleJourneyRef, StartDate, EndDate) VALUES ('96889', 1524960000, 1525046399);
INSERT INTO DayOfOperation (VehicleJourneyRef, StartDate, EndDate) VALUES ('96889', 1525564800, 1525651199);
INSERT INTO DayOfOperation (VehicleJourneyRef, StartDate, EndDate) VALUES ('96889', 1526169600, 1526255999);
INSERT INTO DayOfOperation (VehicleJourneyRef, StartDate, EndDate) VALUES ('96889', 1526774400, 1526860799);
INSERT INTO DayOfOperation (VehicleJourneyRef, StartDate, EndDate) VALUES ('96889', 1527379200, 1527465599);
INSERT INTO DayOfOperation (VehicleJourneyRef, StartDate, EndDate) VALUES ('96889', 1527984000, 1528070399);
INSERT INTO DayOfOperation (VehicleJourneyRef, StartDate, EndDate) VALUES ('96889', 1528588800, 1528675199);
INSERT INTO DayOfNonOperation (VehicleJourneyRef, StartDate, EndDate) VALUES ('96889', 1490918400, 1508716799);
INSERT INTO VehicleJourney (VehicleJourneyCode, ServiceRef, LineRef, JourneyPatternRef, OperatorRef, Monday, Tuesday, Wednesday, Thursday, Friday, Saturday, Sunday, DepatureHour, DepatureMinute, DepatureSecond, Note, NoteCode) VALUES ('96890', 'FSACM05', '0', 'JPS_FSACM05-3', 'CAL', 0, 0, 0, 0, 0, 0, 1, 19, 20, 0, '', '');
INSERT INTO DayOfOperation (VehicleJourneyRef, StartDate, EndDate) VALUES ('96890', 1509235200, 1509321599);
INSERT INTO DayOfOperation (VehicleJourneyRef, StartDate, EndDate) VALUES ('96890', 1509840000, 1509926399);
INSERT INTO DayOfOperation (VehicleJourneyRef, StartDate, EndDate) VALUES ('96890', 1510444800, 1510531199);
INSERT INTO DayOfOperation (VehicleJourneyRef, StartDate, EndDate) VALUES ('96890', 1511049600, 1511135999);
INSERT INTO DayOfOperation (VehicleJourneyRef, StartDate, EndDate) VALUES ('96890', 1511654400, 1511740799);
INSERT INTO DayOfOperation (VehicleJourneyRef, StartDate, EndDate) VALUES ('96890', 1512259200, 1512345599);
INSERT INTO DayOfOperation (VehicleJourneyRef, StartDate, EndDate) VALUES ('96890', 1512864000, 1512950399);
INSERT INTO DayOfOperation (VehicleJourneyRef, StartDate, EndDate) VALUES ('96890', 1513468800, 1513555199);
INSERT INTO DayOfOperation (VehicleJourneyRef, StartDate, EndDate) VALUES ('96890', 1514073600, 1514159999);
INSERT INTO DayOfOperation (VehicleJourneyRef, StartDate, EndDate) VALUES ('96890', 1514678400, 1514764799);
INSERT INTO DayOfOperation (VehicleJourneyRef, StartDate, EndDate) VALUES ('96890', 1515283200, 1515369599);
INSERT INTO DayOfOperation (VehicleJourneyRef, StartDate, EndDate) VALUES ('96890', 1515888000, 1515974399);
INSERT INTO DayOfOperation (VehicleJourneyRef, StartDate, EndDate) VALUES ('96890', 1516492800, 1516579199);
INSERT INTO DayOfOperation (VehicleJourneyRef, StartDate, EndDate) VALUES ('96890', 1517097600, 1517183999);
INSERT INTO DayOfOperation (VehicleJourneyRef, StartDate, EndDate) VALUES ('96890', 1517702400, 1517788799);
INSERT INTO DayOfOperation (VehicleJourneyRef, StartDate, EndDate) VALUES ('96890', 1518307200, 1518393599);
INSERT INTO DayOfOperation (VehicleJourneyRef, StartDate, EndDate) VALUES ('96890', 1518912000, 1518998399);
INSERT INTO DayOfOperation (VehicleJourneyRef, StartDate, EndDate) VALUES ('96890', 1519516800, 1519603199);
INSERT INTO DayOfOperation (VehicleJourneyRef, StartDate, EndDate) VALUES ('96890', 1520121600, 1520207999);
INSERT INTO DayOfOperation (VehicleJourneyRef, StartDate, EndDate) VALUES ('96890', 1520726400, 1520812799);
INSERT INTO DayOfOperation (VehicleJourneyRef, StartDate, EndDate) VALUES ('96890', 1521331200, 1521417599);
INSERT INTO DayOfOperation (VehicleJourneyRef, StartDate, EndDate) VALUES ('96890', 1521936000, 1522022399);
INSERT INTO DayOfOperation (VehicleJourneyRef, StartDate, EndDate) VALUES ('96890', 1522540800, 1522627199);
INSERT INTO DayOfOperation (VehicleJourneyRef, StartDate, EndDate) VALUES ('96890', 1523145600, 1523231999);
INSERT INTO DayOfOperation (VehicleJourneyRef, StartDate, EndDate) VALUES ('96890', 1523750400, 1523836799);
INSERT INTO DayOfOperation (VehicleJourneyRef, StartDate, EndDate) VALUES ('96890', 1524355200, 1524441599);
INSERT INTO DayOfOperation (VehicleJourneyRef, StartDate, EndDate) VALUES ('96890', 1524960000, 1525046399);
INSERT INTO DayOfOperation (VehicleJourneyRef, StartDate, EndDate) VALUES ('96890', 1525564800, 1525651199);
INSERT INTO DayOfOperation (VehicleJourneyRef, StartDate, EndDate) VALUES ('96890', 1526169600, 1526255999);
INSERT INTO DayOfOperation (VehicleJourneyRef, StartDate, EndDate) VALUES ('96890', 1526774400, 1526860799);
INSERT INTO DayOfOperation (VehicleJourneyRef, StartDate, EndDate) VALUES ('96890', 1527379200, 1527465599);
INSERT INTO DayOfOperation (VehicleJourneyRef, StartDate, EndDate) VALUES ('96890', 1527984000, 1528070399);
INSERT INTO DayOfOperation (VehicleJourneyRef, StartDate, EndDate) VALUES ('96890', 1528588800, 1528675199);
INSERT INTO DayOfNonOperation (VehicleJourneyRef, StartDate, EndDate) VALUES ('96890', 1490918400, 1508716799);
INSERT INTO VehicleJourney (VehicleJourneyCode, ServiceRef, LineRef, JourneyPatternRef, OperatorRef, Monday, Tuesday, Wednesday, Thursday, Friday, Saturday, Sunday, DepatureHour, DepatureMinute, DepatureSecond, Note, NoteCode) VALUES ('96905', 'FSACM05', '0', 'JPS_FSACM05-4', 'CAL', 1, 1, 1, 1, 1, 0, 0, 7, 0, 0, '', '');
INSERT INTO DayOfNonOperation (VehicleJourneyRef, StartDate, EndDate) VALUES ('96905', 1490918400, 1508716799);
INSERT INTO DayOfNonOperation (VehicleJourneyRef, StartDate, EndDate) VALUES ('96905', 1514160000, 1514332799);
INSERT INTO DayOfNonOperation (VehicleJourneyRef, StartDate, EndDate) VALUES ('96905', 1514764800, 1514851199);
INSERT INTO VehicleJourney (VehicleJourneyCode, ServiceRef, LineRef, JourneyPatternRef, OperatorRef, Monday, Tuesday, Wednesday, Thursday, Friday, Saturday, Sunday, DepatureHour, DepatureMinute, DepatureSecond, Note, NoteCode) VALUES ('96906', 'FSACM05', '0', 'JPS_FSACM05-4', 'CAL', 1, 1, 1, 1, 1, 0, 0, 9, 45, 0, '', '');
INSERT INTO DayOfNonOperation (VehicleJourneyRef, StartDate, EndDate) VALUES ('96906', 1490918400, 1508716799);
INSERT INTO DayOfNonOperation (VehicleJourneyRef, StartDate, EndDate) VALUES ('96906', 1514160000, 1514332799);
INSERT INTO DayOfNonOperation (VehicleJourneyRef, StartDate, EndDate) VALUES ('96906', 1514764800, 1514851199);
INSERT INTO VehicleJourney (VehicleJourneyCode, ServiceRef, LineRef, JourneyPatternRef, OperatorRef, Monday, Tuesday, Wednesday, Thursday, Friday, Saturday, Sunday, DepatureHour, DepatureMinute, DepatureSecond, Note, NoteCode) VALUES ('96907', 'FSACM05', '0', 'JPS_FSACM05-4', 'CAL', 1, 1, 1, 1, 1, 0, 0, 12, 30, 0, '', '');
INSERT INTO DayOfNonOperation (VehicleJourneyRef, StartDate, EndDate) VALUES ('96907', 1490918400, 1508716799);
INSERT INTO DayOfNonOperation (VehicleJourneyRef, StartDate, EndDate) VALUES ('96907', 1514160000, 1514332799);
INSERT INTO DayOfNonOperation (VehicleJourneyRef, StartDate, EndDate) VALUES ('96907', 1514764800, 1514851199);
INSERT INTO VehicleJourney (VehicleJourneyCode, ServiceRef, LineRef, JourneyPatternRef, OperatorRef, Monday, Tuesday, Wednesday, Thursday, Friday, Saturday, Sunday, DepatureHour, DepatureMinute, DepatureSecond, Note, NoteCode) VALUES ('96908', 'FSACM05', '0', 'JPS_FSACM05-4', 'CAL', 1, 1, 1, 1, 1, 0, 0, 15, 20, 0, '', '');
INSERT INTO DayOfNonOperation (VehicleJourneyRef, StartDate, EndDate) VALUES ('96908', 1490918400, 1508716799);
INSERT INTO DayOfNonOperation (VehicleJourneyRef, StartDate, EndDate) VALUES ('96908', 1514160000, 1514332799);
INSERT INTO DayOfNonOperation (VehicleJourneyRef, StartDate, EndDate) VALUES ('96908', 1514764800, 1514851199);
INSERT INTO VehicleJourney (VehicleJourneyCode, ServiceRef, LineRef, JourneyPatternRef, OperatorRef, Monday, Tuesday, Wednesday, Thursday, Friday, Saturday, Sunday, DepatureHour, DepatureMinute, DepatureSecond, Note, NoteCode) VALUES ('96909', 'FSACM05', '0', 'JPS_FSACM05-4', 'CAL', 1, 1, 1, 1, 1, 0, 0, 18, 0, 0, '', '');
INSERT INTO DayOfNonOperation (VehicleJourneyRef, StartDate, EndDate) VALUES ('96909', 1490918400, 1508716799);
INSERT INTO DayOfNonOperation (VehicleJourneyRef, StartDate, EndDate) VALUES ('96909', 1514160000, 1514332799);
INSERT INTO DayOfNonOperation (VehicleJourneyRef, StartDate, EndDate) VALUES ('96909', 1514764800, 1514851199);
INSERT INTO VehicleJourney (VehicleJourneyCode, ServiceRef, LineRef, JourneyPatternRef, OperatorRef, Monday, Tuesday, Wednesday, Thursday, Friday, Saturday, Sunday, DepatureHour, DepatureMinute, DepatureSecond, Note, NoteCode) VALUES ('96922', 'FSACM05', '0', 'JPS_FSACM05-4', 'CAL', 0, 0, 0, 0, 0, 1, 0, 7, 0, 0, '', '');
INSERT INTO DayOfOperation (VehicleJourneyRef, StartDate, EndDate) VALUES ('96922', 1509148800, 1509235199);
INSERT INTO DayOfOperation (VehicleJourneyRef, StartDate, EndDate) VALUES ('96922', 1509753600, 1509839999);
INSERT INTO DayOfOperation (VehicleJourneyRef, StartDate, EndDate) VALUES ('96922', 1510358400, 1510444799);
INSERT INTO DayOfOperation (VehicleJourneyRef, StartDate, EndDate) VALUES ('96922', 1510963200, 1511049599);
INSERT INTO DayOfOperation (VehicleJourneyRef, StartDate, EndDate) VALUES ('96922', 1511568000, 1511654399);
INSERT INTO DayOfOperation (VehicleJourneyRef, StartDate, EndDate) VALUES ('96922', 1512172800, 1512259199);
INSERT INTO DayOfOperation (VehicleJourneyRef, StartDate, EndDate) VALUES ('96922', 1512777600, 1512863999);
INSERT INTO DayOfOperation (VehicleJourneyRef, StartDate, EndDate) VALUES ('96922', 1513382400, 1513468799);
INSERT INTO DayOfOperation (VehicleJourneyRef, StartDate, EndDate) VALUES ('96922', 1513987200, 1514073599);
INSERT INTO DayOfOperation (VehicleJourneyRef, StartDate, EndDate) VALUES ('96922', 1514592000, 1514678399);
INSERT INTO DayOfOperation (VehicleJourneyRef, StartDate, EndDate) VALUES ('96922', 1515196800, 1515283199);
INSERT INTO DayOfOperation (VehicleJourneyRef, StartDate, EndDate) VALUES ('96922', 1515801600, 1515887999);
INSERT INTO DayOfOperation (VehicleJourneyRef, StartDate, EndDate) VALUES ('96922', 1516406400, 1516492799);
INSERT INTO DayOfOperation (VehicleJourneyRef, StartDate, EndDate) VALUES ('96922', 1517011200, 1517097599);
INSERT INTO DayOfOperation (VehicleJourneyRef, StartDate, EndDate) VALUES ('96922', 1517616000, 1517702399);
INSERT INTO DayOfOperation (VehicleJourneyRef, StartDate, EndDate) VALUES ('96922', 1518220800, 1518307199);
INSERT INTO DayOfOperation (VehicleJourneyRef, StartDate, EndDate) VALUES ('96922', 1518825600, 1518911999);
INSERT INTO DayOfOperation (VehicleJourneyRef, StartDate, EndDate) VALUES ('96922', 1519430400, 1519516799);
INSERT INTO DayOfOperation (VehicleJourneyRef, StartDate, EndDate) VALUES ('96922', 1520035200, 1520121599);
INSERT INTO DayOfOperation (VehicleJourneyRef, StartDate, EndDate) VALUES ('96922', 1520640000, 1520726399);
INSERT INTO DayOfOperation (VehicleJourneyRef, StartDate, EndDate) VALUES ('96922', 1521244800, 1521331199);
INSERT INTO DayOfOperation (VehicleJourneyRef, StartDate, EndDate) VALUES ('96922', 1521849600, 1521935999);
INSERT INTO DayOfOperation (VehicleJourneyRef, StartDate, EndDate) VALUES ('96922', 1522454400, 1522540799);
INSERT INTO DayOfOperation (VehicleJourneyRef, StartDate, EndDate) VALUES ('96922', 1523059200, 1523145599);
INSERT INTO DayOfOperation (VehicleJourneyRef, StartDate, EndDate) VALUES ('96922', 1523664000, 1523750399);
INSERT INTO DayOfOperation (VehicleJourneyRef, StartDate, EndDate) VALUES ('96922', 1524268800, 1524355199);
INSERT INTO DayOfOperation (VehicleJourneyRef, StartDate, EndDate) VALUES ('96922', 1524873600, 1524959999);
INSERT INTO DayOfOperation (VehicleJourneyRef, StartDate, EndDate) VALUES ('96922', 1525478400, 1525564799);
INSERT INTO DayOfOperation (VehicleJourneyRef, StartDate, EndDate) VALUES ('96922', 1526083200, 1526169599);
INSERT INTO DayOfOperation (VehicleJourneyRef, StartDate, EndDate) VALUES ('96922', 1526688000, 1526774399);
INSERT INTO DayOfOperation (VehicleJourneyRef, StartDate, EndDate) VALUES ('96922', 1527292800, 1527379199);
INSERT INTO DayOfOperation (VehicleJourneyRef, StartDate, EndDate) VALUES ('96922', 1527897600, 1527983999);
INSERT INTO DayOfOperation (VehicleJourneyRef, StartDate, EndDate) VALUES ('96922', 1528502400, 1528588799);
INSERT INTO DayOfNonOperation (VehicleJourneyRef, StartDate, EndDate) VALUES ('96922', 1490918400, 1508716799);
INSERT INTO VehicleJourney (VehicleJourneyCode, ServiceRef, LineRef, JourneyPatternRef, OperatorRef, Monday, Tuesday, Wednesday, Thursday, Friday, Saturday, Sunday, DepatureHour, DepatureMinute, DepatureSecond, Note, NoteCode) VALUES ('96923', 'FSACM05', '0', 'JPS_FSACM05-4', 'CAL', 0, 0, 0, 0, 0, 1, 0, 9, 45, 0, '', '');
INSERT INTO DayOfOperation (VehicleJourneyRef, StartDate, EndDate) VALUES ('96923', 1509148800, 1509235199);
INSERT INTO DayOfOperation (VehicleJourneyRef, StartDate, EndDate) VALUES ('96923', 1509753600, 1509839999);
INSERT INTO DayOfOperation (VehicleJourneyRef, StartDate, EndDate) VALUES ('96923', 1510358400, 1510444799);
INSERT INTO DayOfOperation (VehicleJourneyRef, StartDate, EndDate) VALUES ('96923', 1510963200, 1511049599);
INSERT INTO DayOfOperation (VehicleJourneyRef, StartDate, EndDate) VALUES ('96923', 1511568000, 1511654399);
INSERT INTO DayOfOperation (VehicleJourneyRef, StartDate, EndDate) VALUES ('96923', 1512172800, 1512259199);
INSERT INTO DayOfOperation (VehicleJourneyRef, StartDate, EndDate) VALUES ('96923', 1512777600, 1512863999);
INSERT INTO DayOfOperation (VehicleJourneyRef, StartDate, EndDate) VALUES ('96923', 1513382400, 1513468799);
INSERT INTO DayOfOperation (VehicleJourneyRef, StartDate, EndDate) VALUES ('96923', 1513987200, 1514073599);
INSERT INTO DayOfOperation (VehicleJourneyRef, StartDate, EndDate) VALUES ('96923', 1514592000, 1514678399);
INSERT INTO DayOfOperation (VehicleJourneyRef, StartDate, EndDate) VALUES ('96923', 1515196800, 1515283199);
INSERT INTO DayOfOperation (VehicleJourneyRef, StartDate, EndDate) VALUES ('96923', 1515801600, 1515887999);
INSERT INTO DayOfOperation (VehicleJourneyRef, StartDate, EndDate) VALUES ('96923', 1516406400, 1516492799);
INSERT INTO DayOfOperation (VehicleJourneyRef, StartDate, EndDate) VALUES ('96923', 1517011200, 1517097599);
INSERT INTO DayOfOperation (VehicleJourneyRef, StartDate, EndDate) VALUES ('96923', 1517616000, 1517702399);
INSERT INTO DayOfOperation (VehicleJourneyRef, StartDate, EndDate) VALUES ('96923', 1518220800, 1518307199);
INSERT INTO DayOfOperation (VehicleJourneyRef, StartDate, EndDate) VALUES ('96923', 1518825600, 1518911999);
INSERT INTO DayOfOperation (VehicleJourneyRef, StartDate, EndDate) VALUES ('96923', 1519430400, 1519516799);
INSERT INTO DayOfOperation (VehicleJourneyRef, StartDate, EndDate) VALUES ('96923', 1520035200, 1520121599);
INSERT INTO DayOfOperation (VehicleJourneyRef, StartDate, EndDate) VALUES ('96923', 1520640000, 1520726399);
INSERT INTO DayOfOperation (VehicleJourneyRef, StartDate, EndDate) VALUES ('96923', 1521244800, 1521331199);
INSERT INTO DayOfOperation (VehicleJourneyRef, StartDate, EndDate) VALUES ('96923', 1521849600, 1521935999);
INSERT INTO DayOfOperation (VehicleJourneyRef, StartDate, EndDate) VALUES ('96923', 1522454400, 1522540799);
INSERT INTO DayOfOperation (VehicleJourneyRef, StartDate, EndDate) VALUES ('96923', 1523059200, 1523145599);
INSERT INTO DayOfOperation (VehicleJourneyRef, StartDate, EndDate) VALUES ('96923', 1523664000, 1523750399);
INSERT INTO DayOfOperation (VehicleJourneyRef, StartDate, EndDate) VALUES ('96923', 1524268800, 1524355199);
INSERT INTO DayOfOperation (VehicleJourneyRef, StartDate, EndDate) VALUES ('96923', 1524873600, 1524959999);
INSERT INTO DayOfOperation (VehicleJourneyRef, StartDate, EndDate) VALUES ('96923', 1525478400, 1525564799);
INSERT INTO DayOfOperation (VehicleJourneyRef, StartDate, EndDate) VALUES ('96923', 1526083200, 1526169599);
INSERT INTO DayOfOperation (VehicleJourneyRef, StartDate, EndDate) VALUES ('96923', 1526688000, 1526774399);
INSERT INTO DayOfOperation (VehicleJourneyRef, StartDate, EndDate) VALUES ('96923', 1527292800, 1527379199);
INSERT INTO DayOfOperation (VehicleJourneyRef, StartDate, EndDate) VALUES ('96923', 1527897600, 1527983999);
INSERT INTO DayOfOperation (VehicleJourneyRef, StartDate, EndDate) VALUES ('96923', 1528502400, 1528588799);
INSERT INTO DayOfNonOperation (VehicleJourneyRef, StartDate, EndDate) VALUES ('96923', 1490918400, 1508716799);
INSERT INTO VehicleJourney (VehicleJourneyCode, ServiceRef, LineRef, JourneyPatternRef, OperatorRef, Monday, Tuesday, Wednesday, Thursday, Friday, Saturday, Sunday, DepatureHour, DepatureMinute, DepatureSecond, Note, NoteCode) VALUES ('96924', 'FSACM05', '0', 'JPS_FSACM05-4', 'CAL', 0, 0, 0, 0, 0, 1, 0, 12, 30, 0, '', '');
INSERT INTO DayOfOperation (VehicleJourneyRef, StartDate, EndDate) VALUES ('96924', 1509148800, 1509235199);
INSERT INTO DayOfOperation (VehicleJourneyRef, StartDate, EndDate) VALUES ('96924', 1509753600, 1509839999);
INSERT INTO DayOfOperation (VehicleJourneyRef, StartDate, EndDate) VALUES ('96924', 1510358400, 1510444799);
INSERT INTO DayOfOperation (VehicleJourneyRef, StartDate, EndDate) VALUES ('96924', 1510963200, 1511049599);
INSERT INTO DayOfOperation (VehicleJourneyRef, StartDate, EndDate) VALUES ('96924', 1511568000, 1511654399);
INSERT INTO DayOfOperation (VehicleJourneyRef, StartDate, EndDate) VALUES ('96924', 1512172800, 1512259199);
INSERT INTO DayOfOperation (VehicleJourneyRef, StartDate, EndDate) VALUES ('96924', 1512777600, 1512863999);
INSERT INTO DayOfOperation (VehicleJourneyRef, StartDate, EndDate) VALUES ('96924', 1513382400, 1513468799);
INSERT INTO DayOfOperation (VehicleJourneyRef, StartDate, EndDate) VALUES ('96924', 1513987200, 1514073599);
INSERT INTO DayOfOperation (VehicleJourneyRef, StartDate, EndDate) VALUES ('96924', 1514592000, 1514678399);
INSERT INTO DayOfOperation (VehicleJourneyRef, StartDate, EndDate) VALUES ('96924', 1515196800, 1515283199);
INSERT INTO DayOfOperation (VehicleJourneyRef, StartDate, EndDate) VALUES ('96924', 1515801600, 1515887999);
INSERT INTO DayOfOperation (VehicleJourneyRef, StartDate, EndDate) VALUES ('96924', 1516406400, 1516492799);
INSERT INTO DayOfOperation (VehicleJourneyRef, StartDate, EndDate) VALUES ('96924', 1517011200, 1517097599);
INSERT INTO DayOfOperation (VehicleJourneyRef, StartDate, EndDate) VALUES ('96924', 1517616000, 1517702399);
INSERT INTO DayOfOperation (VehicleJourneyRef, StartDate, EndDate) VALUES ('96924', 1518220800, 1518307199);
INSERT INTO DayOfOperation (VehicleJourneyRef, StartDate, EndDate) VALUES ('96924', 1518825600, 1518911999);
INSERT INTO DayOfOperation (VehicleJourneyRef, StartDate, EndDate) VALUES ('96924', 1519430400, 1519516799);
INSERT INTO DayOfOperation (VehicleJourneyRef, StartDate, EndDate) VALUES ('96924', 1520035200, 1520121599);
INSERT INTO DayOfOperation (VehicleJourneyRef, StartDate, EndDate) VALUES ('96924', 1520640000, 1520726399);
INSERT INTO DayOfOperation (VehicleJourneyRef, StartDate, EndDate) VALUES ('96924', 1521244800, 1521331199);
INSERT INTO DayOfOperation (VehicleJourneyRef, StartDate, EndDate) VALUES ('96924', 1521849600, 1521935999);
INSERT INTO DayOfOperation (VehicleJourneyRef, StartDate, EndDate) VALUES ('96924', 1522454400, 1522540799);
INSERT INTO DayOfOperation (VehicleJourneyRef, StartDate, EndDate) VALUES ('96924', 1523059200, 1523145599);
INSERT INTO DayOfOperation (VehicleJourneyRef, StartDate, EndDate) VALUES ('96924', 1523664000, 1523750399);
INSERT INTO DayOfOperation (VehicleJourneyRef, StartDate, EndDate) VALUES ('96924', 1524268800, 1524355199);
INSERT INTO DayOfOperation (VehicleJourneyRef, StartDate, EndDate) VALUES ('96924', 1524873600, 1524959999);
INSERT INTO DayOfOperation (VehicleJourneyRef, StartDate, EndDate) VALUES ('96924', 1525478400, 1525564799);
INSERT INTO DayOfOperation (VehicleJourneyRef, StartDate, EndDate) VALUES ('96924', 1526083200, 1526169599);
INSERT INTO DayOfOperation (VehicleJourneyRef, StartDate, EndDate) VALUES ('96924', 1526688000, 1526774399);
INSERT INTO DayOfOperation (VehicleJourneyRef, StartDate, EndDate) VALUES ('96924', 1527292800, 1527379199);
INSERT INTO DayOfOperation (VehicleJourneyRef, StartDate, EndDate) VALUES ('96924', 1527897600, 1527983999);
INSERT INTO DayOfOperation (VehicleJourneyRef, StartDate, EndDate) VALUES ('96924', 1528502400, 1528588799);
INSERT INTO DayOfNonOperation (VehicleJourneyRef, StartDate, EndDate) VALUES ('96924', 1490918400, 1508716799);
INSERT INTO VehicleJourney (VehicleJourneyCode, ServiceRef, LineRef, JourneyPatternRef, OperatorRef, Monday, Tuesday, Wednesday, Thursday, Friday, Saturday, Sunday, DepatureHour, DepatureMinute, DepatureSecond, Note, NoteCode) VALUES ('96925', 'FSACM05', '0', 'JPS_FSACM05-4', 'CAL', 0, 0, 0, 0, 0, 1, 0, 15, 20, 0, '', '');
INSERT INTO DayOfOperation (VehicleJourneyRef, StartDate, EndDate) VALUES ('96925', 1509148800, 1509235199);
INSERT INTO DayOfOperation (VehicleJourneyRef, StartDate, EndDate) VALUES ('96925', 1509753600, 1509839999);
INSERT INTO DayOfOperation (VehicleJourneyRef, StartDate, EndDate) VALUES ('96925', 1510358400, 1510444799);
INSERT INTO DayOfOperation (VehicleJourneyRef, StartDate, EndDate) VALUES ('96925', 1510963200, 1511049599);
INSERT INTO DayOfOperation (VehicleJourneyRef, StartDate, EndDate) VALUES ('96925', 1511568000, 1511654399);
INSERT INTO DayOfOperation (VehicleJourneyRef, StartDate, EndDate) VALUES ('96925', 1512172800, 1512259199);
INSERT INTO DayOfOperation (VehicleJourneyRef, StartDate, EndDate) VALUES ('96925', 1512777600, 1512863999);
INSERT INTO DayOfOperation (VehicleJourneyRef, StartDate, EndDate) VALUES ('96925', 1513382400, 1513468799);
INSERT INTO DayOfOperation (VehicleJourneyRef, StartDate, EndDate) VALUES ('96925', 1513987200, 1514073599);
INSERT INTO DayOfOperation (VehicleJourneyRef, StartDate, EndDate) VALUES ('96925', 1514592000, 1514678399);
INSERT INTO DayOfOperation (VehicleJourneyRef, StartDate, EndDate) VALUES ('96925', 1515196800, 1515283199);
INSERT INTO DayOfOperation (VehicleJourneyRef, StartDate, EndDate) VALUES ('96925', 1515801600, 1515887999);
INSERT INTO DayOfOperation (VehicleJourneyRef, StartDate, EndDate) VALUES ('96925', 1516406400, 1516492799);
INSERT INTO DayOfOperation (VehicleJourneyRef, StartDate, EndDate) VALUES ('96925', 1517011200, 1517097599);
INSERT INTO DayOfOperation (VehicleJourneyRef, StartDate, EndDate) VALUES ('96925', 1517616000, 1517702399);
INSERT INTO DayOfOperation (VehicleJourneyRef, StartDate, EndDate) VALUES ('96925', 1518220800, 1518307199);
INSERT INTO DayOfOperation (VehicleJourneyRef, StartDate, EndDate) VALUES ('96925', 1518825600, 1518911999);
INSERT INTO DayOfOperation (VehicleJourneyRef, StartDate, EndDate) VALUES ('96925', 1519430400, 1519516799);
INSERT INTO DayOfOperation (VehicleJourneyRef, StartDate, EndDate) VALUES ('96925', 1520035200, 1520121599);
INSERT INTO DayOfOperation (VehicleJourneyRef, StartDate, EndDate) VALUES ('96925', 1520640000, 1520726399);
INSERT INTO DayOfOperation (VehicleJourneyRef, StartDate, EndDate) VALUES ('96925', 1521244800, 1521331199);
INSERT INTO DayOfOperation (VehicleJourneyRef, StartDate, EndDate) VALUES ('96925', 1521849600, 1521935999);
INSERT INTO DayOfOperation (VehicleJourneyRef, StartDate, EndDate) VALUES ('96925', 1522454400, 1522540799);
INSERT INTO DayOfOperation (VehicleJourneyRef, StartDate, EndDate) VALUES ('96925', 1523059200, 1523145599);
INSERT INTO DayOfOperation (VehicleJourneyRef, StartDate, EndDate) VALUES ('96925', 1523664000, 1523750399);
INSERT INTO DayOfOperation (VehicleJourneyRef, StartDate, EndDate) VALUES ('96925', 1524268800, 1524355199);
INSERT INTO DayOfOperation (VehicleJourneyRef, StartDate, EndDate) VALUES ('96925', 1524873600, 1524959999);
INSERT INTO DayOfOperation (VehicleJourneyRef, StartDate, EndDate) VALUES ('96925', 1525478400, 1525564799);
INSERT INTO DayOfOperation (VehicleJourneyRef, StartDate, EndDate) VALUES ('96925', 1526083200, 1526169599);
INSERT INTO DayOfOperation (VehicleJourneyRef, StartDate, EndDate) VALUES ('96925', 1526688000, 1526774399);
INSERT INTO DayOfOperation (VehicleJourneyRef, StartDate, EndDate) VALUES ('96925', 1527292800, 1527379199);
INSERT INTO DayOfOperation (VehicleJourneyRef, StartDate, EndDate) VALUES ('96925', 1527897600, 1527983999);
INSERT INTO DayOfOperation (VehicleJourneyRef, StartDate, EndDate) VALUES ('96925', 1528502400, 1528588799);
INSERT INTO DayOfNonOperation (VehicleJourneyRef, StartDate, EndDate) VALUES ('96925', 1490918400, 1508716799);
INSERT INTO VehicleJourney (VehicleJourneyCode, ServiceRef, LineRef, JourneyPatternRef, OperatorRef, Monday, Tuesday, Wednesday, Thursday, Friday, Saturday, Sunday, DepatureHour, DepatureMinute, DepatureSecond, Note, NoteCode) VALUES ('96926', 'FSACM05', '0', 'JPS_FSACM05-4', 'CAL', 0, 0, 0, 0, 0, 1, 0, 18, 0, 0, '', '');
INSERT INTO DayOfOperation (VehicleJourneyRef, StartDate, EndDate) VALUES ('96926', 1509148800, 1509235199);
INSERT INTO DayOfOperation (VehicleJourneyRef, StartDate, EndDate) VALUES ('96926', 1509753600, 1509839999);
INSERT INTO DayOfOperation (VehicleJourneyRef, StartDate, EndDate) VALUES ('96926', 1510358400, 1510444799);
INSERT INTO DayOfOperation (VehicleJourneyRef, StartDate, EndDate) VALUES ('96926', 1510963200, 1511049599);
INSERT INTO DayOfOperation (VehicleJourneyRef, StartDate, EndDate) VALUES ('96926', 1511568000, 1511654399);
INSERT INTO DayOfOperation (VehicleJourneyRef, StartDate, EndDate) VALUES ('96926', 1512172800, 1512259199);
INSERT INTO DayOfOperation (VehicleJourneyRef, StartDate, EndDate) VALUES ('96926', 1512777600, 1512863999);
INSERT INTO DayOfOperation (VehicleJourneyRef, StartDate, EndDate) VALUES ('96926', 1513382400, 1513468799);
INSERT INTO DayOfOperation (VehicleJourneyRef, StartDate, EndDate) VALUES ('96926', 1513987200, 1514073599);
INSERT INTO DayOfOperation (VehicleJourneyRef, StartDate, EndDate) VALUES ('96926', 1514592000, 1514678399);
INSERT INTO DayOfOperation (VehicleJourneyRef, StartDate, EndDate) VALUES ('96926', 1515196800, 1515283199);
INSERT INTO DayOfOperation (VehicleJourneyRef, StartDate, EndDate) VALUES ('96926', 1515801600, 1515887999);
INSERT INTO DayOfOperation (VehicleJourneyRef, StartDate, EndDate) VALUES ('96926', 1516406400, 1516492799);
INSERT INTO DayOfOperation (VehicleJourneyRef, StartDate, EndDate) VALUES ('96926', 1517011200, 1517097599);
INSERT INTO DayOfOperation (VehicleJourneyRef, StartDate, EndDate) VALUES ('96926', 1517616000, 1517702399);
INSERT INTO DayOfOperation (VehicleJourneyRef, StartDate, EndDate) VALUES ('96926', 1518220800, 1518307199);
INSERT INTO DayOfOperation (VehicleJourneyRef, StartDate, EndDate) VALUES ('96926', 1518825600, 1518911999);
INSERT INTO DayOfOperation (VehicleJourneyRef, StartDate, EndDate) VALUES ('96926', 1519430400, 1519516799);
INSERT INTO DayOfOperation (VehicleJourneyRef, StartDate, EndDate) VALUES ('96926', 1520035200, 1520121599);
INSERT INTO DayOfOperation (VehicleJourneyRef, StartDate, EndDate) VALUES ('96926', 1520640000, 1520726399);
INSERT INTO DayOfOperation (VehicleJourneyRef, StartDate, EndDate) VALUES ('96926', 1521244800, 1521331199);
INSERT INTO DayOfOperation (VehicleJourneyRef, StartDate, EndDate) VALUES ('96926', 1521849600, 1521935999);
INSERT INTO DayOfOperation (VehicleJourneyRef, StartDate, EndDate) VALUES ('96926', 1522454400, 1522540799);
INSERT INTO DayOfOperation (VehicleJourneyRef, StartDate, EndDate) VALUES ('96926', 1523059200, 1523145599);
INSERT INTO DayOfOperation (VehicleJourneyRef, StartDate, EndDate) VALUES ('96926', 1523664000, 1523750399);
INSERT INTO DayOfOperation (VehicleJourneyRef, StartDate, EndDate) VALUES ('96926', 1524268800, 1524355199);
INSERT INTO DayOfOperation (VehicleJourneyRef, StartDate, EndDate) VALUES ('96926', 1524873600, 1524959999);
INSERT INTO DayOfOperation (VehicleJourneyRef, StartDate, EndDate) VALUES ('96926', 1525478400, 1525564799);
INSERT INTO DayOfOperation (VehicleJourneyRef, StartDate, EndDate) VALUES ('96926', 1526083200, 1526169599);
INSERT INTO DayOfOperation (VehicleJourneyRef, StartDate, EndDate) VALUES ('96926', 1526688000, 1526774399);
INSERT INTO DayOfOperation (VehicleJourneyRef, StartDate, EndDate) VALUES ('96926', 1527292800, 1527379199);
INSERT INTO DayOfOperation (VehicleJourneyRef, StartDate, EndDate) VALUES ('96926', 1527897600, 1527983999);
INSERT INTO DayOfOperation (VehicleJourneyRef, StartDate, EndDate) VALUES ('96926', 1528502400, 1528588799);
INSERT INTO DayOfNonOperation (VehicleJourneyRef, StartDate, EndDate) VALUES ('96926', 1490918400, 1508716799);
INSERT INTO VehicleJourney (VehicleJourneyCode, ServiceRef, LineRef, JourneyPatternRef, OperatorRef, Monday, Tuesday, Wednesday, Thursday, Friday, Saturday, Sunday, DepatureHour, DepatureMinute, DepatureSecond, Note, NoteCode) VALUES ('96935', 'FSACM05', '0', 'JPS_FSACM05-4', 'CAL', 0, 0, 0, 0, 0, 0, 1, 9, 45, 0, '', '');
INSERT INTO DayOfOperation (VehicleJourneyRef, StartDate, EndDate) VALUES ('96935', 1509235200, 1509321599);
INSERT INTO DayOfOperation (VehicleJourneyRef, StartDate, EndDate) VALUES ('96935', 1509840000, 1509926399);
INSERT INTO DayOfOperation (VehicleJourneyRef, StartDate, EndDate) VALUES ('96935', 1510444800, 1510531199);
INSERT INTO DayOfOperation (VehicleJourneyRef, StartDate, EndDate) VALUES ('96935', 1511049600, 1511135999);
INSERT INTO DayOfOperation (VehicleJourneyRef, StartDate, EndDate) VALUES ('96935', 1511654400, 1511740799);
INSERT INTO DayOfOperation (VehicleJourneyRef, StartDate, EndDate) VALUES ('96935', 1512259200, 1512345599);
INSERT INTO DayOfOperation (VehicleJourneyRef, StartDate, EndDate) VALUES ('96935', 1512864000, 1512950399);
INSERT INTO DayOfOperation (VehicleJourneyRef, StartDate, EndDate) VALUES ('96935', 1513468800, 1513555199);
INSERT INTO DayOfOperation (VehicleJourneyRef, StartDate, EndDate) VALUES ('96935', 1514073600, 1514159999);
INSERT INTO DayOfOperation (VehicleJourneyRef, StartDate, EndDate) VALUES ('96935', 1514678400, 1514764799);
INSERT INTO DayOfOperation (VehicleJourneyRef, StartDate, EndDate) VALUES ('96935', 1515283200, 1515369599);
INSERT INTO DayOfOperation (VehicleJourneyRef, StartDate, EndDate) VALUES ('96935', 1515888000, 1515974399);
INSERT INTO DayOfOperation (VehicleJourneyRef, StartDate, EndDate) VALUES ('96935', 1516492800, 1516579199);
INSERT INTO DayOfOperation (VehicleJourneyRef, StartDate, EndDate) VALUES ('96935', 1517097600, 1517183999);
INSERT INTO DayOfOperation (VehicleJourneyRef, StartDate, EndDate) VALUES ('96935', 1517702400, 1517788799);
INSERT INTO DayOfOperation (VehicleJourneyRef, StartDate, EndDate) VALUES ('96935', 1518307200, 1518393599);
INSERT INTO DayOfOperation (VehicleJourneyRef, StartDate, EndDate) VALUES ('96935', 1518912000, 1518998399);
INSERT INTO DayOfOperation (VehicleJourneyRef, StartDate, EndDate) VALUES ('96935', 1519516800, 1519603199);
INSERT INTO DayOfOperation (VehicleJourneyRef, StartDate, EndDate) VALUES ('96935', 1520121600, 1520207999);
INSERT INTO DayOfOperation (VehicleJourneyRef, StartDate, EndDate) VALUES ('96935', 1520726400, 1520812799);
INSERT INTO DayOfOperation (VehicleJourneyRef, StartDate, EndDate) VALUES ('96935', 1521331200, 1521417599);
INSERT INTO DayOfOperation (VehicleJourneyRef, StartDate, EndDate) VALUES ('96935', 1521936000, 1522022399);
INSERT INTO DayOfOperation (VehicleJourneyRef, StartDate, EndDate) VALUES ('96935', 1522540800, 1522627199);
INSERT INTO DayOfOperation (VehicleJourneyRef, StartDate, EndDate) VALUES ('96935', 1523145600, 1523231999);
INSERT INTO DayOfOperation (VehicleJourneyRef, StartDate, EndDate) VALUES ('96935', 1523750400, 1523836799);
INSERT INTO DayOfOperation (VehicleJourneyRef, StartDate, EndDate) VALUES ('96935', 1524355200, 1524441599);
INSERT INTO DayOfOperation (VehicleJourneyRef, StartDate, EndDate) VALUES ('96935', 1524960000, 1525046399);
INSERT INTO DayOfOperation (VehicleJourneyRef, StartDate, EndDate) VALUES ('96935', 1525564800, 1525651199);
INSERT INTO DayOfOperation (VehicleJourneyRef, StartDate, EndDate) VALUES ('96935', 1526169600, 1526255999);
INSERT INTO DayOfOperation (VehicleJourneyRef, StartDate, EndDate) VALUES ('96935', 1526774400, 1526860799);
INSERT INTO DayOfOperation (VehicleJourneyRef, StartDate, EndDate) VALUES ('96935', 1527379200, 1527465599);
INSERT INTO DayOfOperation (VehicleJourneyRef, StartDate, EndDate) VALUES ('96935', 1527984000, 1528070399);
INSERT INTO DayOfOperation (VehicleJourneyRef, StartDate, EndDate) VALUES ('96935', 1528588800, 1528675199);
INSERT INTO DayOfNonOperation (VehicleJourneyRef, StartDate, EndDate) VALUES ('96935', 1490918400, 1508716799);
INSERT INTO VehicleJourney (VehicleJourneyCode, ServiceRef, LineRef, JourneyPatternRef, OperatorRef, Monday, Tuesday, Wednesday, Thursday, Friday, Saturday, Sunday, DepatureHour, DepatureMinute, DepatureSecond, Note, NoteCode) VALUES ('96936', 'FSACM05', '0', 'JPS_FSACM05-4', 'CAL', 0, 0, 0, 0, 0, 0, 1, 12, 30, 0, '', '');
INSERT INTO DayOfOperation (VehicleJourneyRef, StartDate, EndDate) VALUES ('96936', 1509235200, 1509321599);
INSERT INTO DayOfOperation (VehicleJourneyRef, StartDate, EndDate) VALUES ('96936', 1509840000, 1509926399);
INSERT INTO DayOfOperation (VehicleJourneyRef, StartDate, EndDate) VALUES ('96936', 1510444800, 1510531199);
INSERT INTO DayOfOperation (VehicleJourneyRef, StartDate, EndDate) VALUES ('96936', 1511049600, 1511135999);
INSERT INTO DayOfOperation (VehicleJourneyRef, StartDate, EndDate) VALUES ('96936', 1511654400, 1511740799);
INSERT INTO DayOfOperation (VehicleJourneyRef, StartDate, EndDate) VALUES ('96936', 1512259200, 1512345599);
INSERT INTO DayOfOperation (VehicleJourneyRef, StartDate, EndDate) VALUES ('96936', 1512864000, 1512950399);
INSERT INTO DayOfOperation (VehicleJourneyRef, StartDate, EndDate) VALUES ('96936', 1513468800, 1513555199);
INSERT INTO DayOfOperation (VehicleJourneyRef, StartDate, EndDate) VALUES ('96936', 1514073600, 1514159999);
INSERT INTO DayOfOperation (VehicleJourneyRef, StartDate, EndDate) VALUES ('96936', 1514678400, 1514764799);
INSERT INTO DayOfOperation (VehicleJourneyRef, StartDate, EndDate) VALUES ('96936', 1515283200, 1515369599);
INSERT INTO DayOfOperation (VehicleJourneyRef, StartDate, EndDate) VALUES ('96936', 1515888000, 1515974399);
INSERT INTO DayOfOperation (VehicleJourneyRef, StartDate, EndDate) VALUES ('96936', 1516492800, 1516579199);
INSERT INTO DayOfOperation (VehicleJourneyRef, StartDate, EndDate) VALUES ('96936', 1517097600, 1517183999);
INSERT INTO DayOfOperation (VehicleJourneyRef, StartDate, EndDate) VALUES ('96936', 1517702400, 1517788799);
INSERT INTO DayOfOperation (VehicleJourneyRef, StartDate, EndDate) VALUES ('96936', 1518307200, 1518393599);
INSERT INTO DayOfOperation (VehicleJourneyRef, StartDate, EndDate) VALUES ('96936', 1518912000, 1518998399);
INSERT INTO DayOfOperation (VehicleJourneyRef, StartDate, EndDate) VALUES ('96936', 1519516800, 1519603199);
INSERT INTO DayOfOperation (VehicleJourneyRef, StartDate, EndDate) VALUES ('96936', 1520121600, 1520207999);
INSERT INTO DayOfOperation (VehicleJourneyRef, StartDate, EndDate) VALUES ('96936', 1520726400, 1520812799);
INSERT INTO DayOfOperation (VehicleJourneyRef, StartDate, EndDate) VALUES ('96936', 1521331200, 1521417599);
INSERT INTO DayOfOperation (VehicleJourneyRef, StartDate, EndDate) VALUES ('96936', 1521936000, 1522022399);
INSERT INTO DayOfOperation (VehicleJourneyRef, StartDate, EndDate) VALUES ('96936', 1522540800, 1522627199);
INSERT INTO DayOfOperation (VehicleJourneyRef, StartDate, EndDate) VALUES ('96936', 1523145600, 1523231999);
INSERT INTO DayOfOperation (VehicleJourneyRef, StartDate, EndDate) VALUES ('96936', 1523750400, 1523836799);
INSERT INTO DayOfOperation (VehicleJourneyRef, StartDate, EndDate) VALUES ('96936', 1524355200, 1524441599);
INSERT INTO DayOfOperation (VehicleJourneyRef, StartDate, EndDate) VALUES ('96936', 1524960000, 1525046399);
INSERT INTO DayOfOperation (VehicleJourneyRef, StartDate, EndDate) VALUES ('96936', 1525564800, 1525651199);
INSERT INTO DayOfOperation (VehicleJourneyRef, StartDate, EndDate) VALUES ('96936', 1526169600, 1526255999);
INSERT INTO DayOfOperation (VehicleJourneyRef, StartDate, EndDate) VALUES ('96936', 1526774400, 1526860799);
INSERT INTO DayOfOperation (VehicleJourneyRef, StartDate, EndDate) VALUES ('96936', 1527379200, 1527465599);
INSERT INTO DayOfOperation (VehicleJourneyRef, StartDate, EndDate) VALUES ('96936', 1527984000, 1528070399);
INSERT INTO DayOfOperation (VehicleJourneyRef, StartDate, EndDate) VALUES ('96936', 1528588800, 1528675199);
INSERT INTO DayOfNonOperation (VehicleJourneyRef, StartDate, EndDate) VALUES ('96936', 1490918400, 1508716799);
INSERT INTO VehicleJourney (VehicleJourneyCode, ServiceRef, LineRef, JourneyPatternRef, OperatorRef, Monday, Tuesday, Wednesday, Thursday, Friday, Saturday, Sunday, DepatureHour, DepatureMinute, DepatureSecond, Note, NoteCode) VALUES ('96937', 'FSACM05', '0', 'JPS_FSACM05-4', 'CAL', 0, 0, 0, 0, 0, 0, 1, 15, 15, 0, '', '');
INSERT INTO DayOfOperation (VehicleJourneyRef, StartDate, EndDate) VALUES ('96937', 1509235200, 1509321599);
INSERT INTO DayOfOperation (VehicleJourneyRef, StartDate, EndDate) VALUES ('96937', 1509840000, 1509926399);
INSERT INTO DayOfOperation (VehicleJourneyRef, StartDate, EndDate) VALUES ('96937', 1510444800, 1510531199);
INSERT INTO DayOfOperation (VehicleJourneyRef, StartDate, EndDate) VALUES ('96937', 1511049600, 1511135999);
INSERT INTO DayOfOperation (VehicleJourneyRef, StartDate, EndDate) VALUES ('96937', 1511654400, 1511740799);
INSERT INTO DayOfOperation (VehicleJourneyRef, StartDate, EndDate) VALUES ('96937', 1512259200, 1512345599);
INSERT INTO DayOfOperation (VehicleJourneyRef, StartDate, EndDate) VALUES ('96937', 1512864000, 1512950399);
INSERT INTO DayOfOperation (VehicleJourneyRef, StartDate, EndDate) VALUES ('96937', 1513468800, 1513555199);
INSERT INTO DayOfOperation (VehicleJourneyRef, StartDate, EndDate) VALUES ('96937', 1514073600, 1514159999);
INSERT INTO DayOfOperation (VehicleJourneyRef, StartDate, EndDate) VALUES ('96937', 1514678400, 1514764799);
INSERT INTO DayOfOperation (VehicleJourneyRef, StartDate, EndDate) VALUES ('96937', 1515283200, 1515369599);
INSERT INTO DayOfOperation (VehicleJourneyRef, StartDate, EndDate) VALUES ('96937', 1515888000, 1515974399);
INSERT INTO DayOfOperation (VehicleJourneyRef, StartDate, EndDate) VALUES ('96937', 1516492800, 1516579199);
INSERT INTO DayOfOperation (VehicleJourneyRef, StartDate, EndDate) VALUES ('96937', 1517097600, 1517183999);
INSERT INTO DayOfOperation (VehicleJourneyRef, StartDate, EndDate) VALUES ('96937', 1517702400, 1517788799);
INSERT INTO DayOfOperation (VehicleJourneyRef, StartDate, EndDate) VALUES ('96937', 1518307200, 1518393599);
INSERT INTO DayOfOperation (VehicleJourneyRef, StartDate, EndDate) VALUES ('96937', 1518912000, 1518998399);
INSERT INTO DayOfOperation (VehicleJourneyRef, StartDate, EndDate) VALUES ('96937', 1519516800, 1519603199);
INSERT INTO DayOfOperation (VehicleJourneyRef, StartDate, EndDate) VALUES ('96937', 1520121600, 1520207999);
INSERT INTO DayOfOperation (VehicleJourneyRef, StartDate, EndDate) VALUES ('96937', 1520726400, 1520812799);
INSERT INTO DayOfOperation (VehicleJourneyRef, StartDate, EndDate) VALUES ('96937', 1521331200, 1521417599);
INSERT INTO DayOfOperation (VehicleJourneyRef, StartDate, EndDate) VALUES ('96937', 1521936000, 1522022399);
INSERT INTO DayOfOperation (VehicleJourneyRef, StartDate, EndDate) VALUES ('96937', 1522540800, 1522627199);
INSERT INTO DayOfOperation (VehicleJourneyRef, StartDate, EndDate) VALUES ('96937', 1523145600, 1523231999);
INSERT INTO DayOfOperation (VehicleJourneyRef, StartDate, EndDate) VALUES ('96937', 1523750400, 1523836799);
INSERT INTO DayOfOperation (VehicleJourneyRef, StartDate, EndDate) VALUES ('96937', 1524355200, 1524441599);
INSERT INTO DayOfOperation (VehicleJourneyRef, StartDate, EndDate) VALUES ('96937', 1524960000, 1525046399);
INSERT INTO DayOfOperation (VehicleJourneyRef, StartDate, EndDate) VALUES ('96937', 1525564800, 1525651199);
INSERT INTO DayOfOperation (VehicleJourneyRef, StartDate, EndDate) VALUES ('96937', 1526169600, 1526255999);
INSERT INTO DayOfOperation (VehicleJourneyRef, StartDate, EndDate) VALUES ('96937', 1526774400, 1526860799);
INSERT INTO DayOfOperation (VehicleJourneyRef, StartDate, EndDate) VALUES ('96937', 1527379200, 1527465599);
INSERT INTO DayOfOperation (VehicleJourneyRef, StartDate, EndDate) VALUES ('96937', 1527984000, 1528070399);
INSERT INTO DayOfOperation (VehicleJourneyRef, StartDate, EndDate) VALUES ('96937', 1528588800, 1528675199);
INSERT INTO DayOfNonOperation (VehicleJourneyRef, StartDate, EndDate) VALUES ('96937', 1490918400, 1508716799);
INSERT INTO VehicleJourney (VehicleJourneyCode, ServiceRef, LineRef, JourneyPatternRef, OperatorRef, Monday, Tuesday, Wednesday, Thursday, Friday, Saturday, Sunday, DepatureHour, DepatureMinute, DepatureSecond, Note, NoteCode) VALUES ('96938', 'FSACM05', '0', 'JPS_FSACM05-4', 'CAL', 0, 0, 0, 0, 0, 0, 1, 18, 0, 0, '', '');
INSERT INTO DayOfOperation (VehicleJourneyRef, StartDate, EndDate) VALUES ('96938', 1509235200, 1509321599);
INSERT INTO DayOfOperation (VehicleJourneyRef, StartDate, EndDate) VALUES ('96938', 1509840000, 1509926399);
INSERT INTO DayOfOperation (VehicleJourneyRef, StartDate, EndDate) VALUES ('96938', 1510444800, 1510531199);
INSERT INTO DayOfOperation (VehicleJourneyRef, StartDate, EndDate) VALUES ('96938', 1511049600, 1511135999);
INSERT INTO DayOfOperation (VehicleJourneyRef, StartDate, EndDate) VALUES ('96938', 1511654400, 1511740799);
INSERT INTO DayOfOperation (VehicleJourneyRef, StartDate, EndDate) VALUES ('96938', 1512259200, 1512345599);
INSERT INTO DayOfOperation (VehicleJourneyRef, StartDate, EndDate) VALUES ('96938', 1512864000, 1512950399);
INSERT INTO DayOfOperation (VehicleJourneyRef, StartDate, EndDate) VALUES ('96938', 1513468800, 1513555199);
INSERT INTO DayOfOperation (VehicleJourneyRef, StartDate, EndDate) VALUES ('96938', 1514073600, 1514159999);
INSERT INTO DayOfOperation (VehicleJourneyRef, StartDate, EndDate) VALUES ('96938', 1514678400, 1514764799);
INSERT INTO DayOfOperation (VehicleJourneyRef, StartDate, EndDate) VALUES ('96938', 1515283200, 1515369599);
INSERT INTO DayOfOperation (VehicleJourneyRef, StartDate, EndDate) VALUES ('96938', 1515888000, 1515974399);
INSERT INTO DayOfOperation (VehicleJourneyRef, StartDate, EndDate) VALUES ('96938', 1516492800, 1516579199);
INSERT INTO DayOfOperation (VehicleJourneyRef, StartDate, EndDate) VALUES ('96938', 1517097600, 1517183999);
INSERT INTO DayOfOperation (VehicleJourneyRef, StartDate, EndDate) VALUES ('96938', 1517702400, 1517788799);
INSERT INTO DayOfOperation (VehicleJourneyRef, StartDate, EndDate) VALUES ('96938', 1518307200, 1518393599);
INSERT INTO DayOfOperation (VehicleJourneyRef, StartDate, EndDate) VALUES ('96938', 1518912000, 1518998399);
INSERT INTO DayOfOperation (VehicleJourneyRef, StartDate, EndDate) VALUES ('96938', 1519516800, 1519603199);
INSERT INTO DayOfOperation (VehicleJourneyRef, StartDate, EndDate) VALUES ('96938', 1520121600, 1520207999);
INSERT INTO DayOfOperation (VehicleJourneyRef, StartDate, EndDate) VALUES ('96938', 1520726400, 1520812799);
INSERT INTO DayOfOperation (VehicleJourneyRef, StartDate, EndDate) VALUES ('96938', 1521331200, 1521417599);
INSERT INTO DayOfOperation (VehicleJourneyRef, StartDate, EndDate) VALUES ('96938', 1521936000, 1522022399);
INSERT INTO DayOfOperation (VehicleJourneyRef, StartDate, EndDate) VALUES ('96938', 1522540800, 1522627199);
INSERT INTO DayOfOperation (VehicleJourneyRef, StartDate, EndDate) VALUES ('96938', 1523145600, 1523231999);
INSERT INTO DayOfOperation (VehicleJourneyRef, StartDate, EndDate) VALUES ('96938', 1523750400, 1523836799);
INSERT INTO DayOfOperation (VehicleJourneyRef, StartDate, EndDate) VALUES ('96938', 1524355200, 1524441599);
INSERT INTO DayOfOperation (VehicleJourneyRef, StartDate, EndDate) VALUES ('96938', 1524960000, 1525046399);
INSERT INTO DayOfOperation (VehicleJourneyRef, StartDate, EndDate) VALUES ('96938', 1525564800, 1525651199);
INSERT INTO DayOfOperation (VehicleJourneyRef, StartDate, EndDate) VALUES ('96938', 1526169600, 1526255999);
INSERT INTO DayOfOperation (VehicleJourneyRef, StartDate, EndDate) VALUES ('96938', 1526774400, 1526860799);
INSERT INTO DayOfOperation (VehicleJourneyRef, StartDate, EndDate) VALUES ('96938', 1527379200, 1527465599);
INSERT INTO DayOfOperation (VehicleJourneyRef, StartDate, EndDate) VALUES ('96938', 1527984000, 1528070399);
INSERT INTO DayOfOperation (VehicleJourneyRef, StartDate, EndDate) VALUES ('96938', 1528588800, 1528675199);
INSERT INTO DayOfNonOperation (VehicleJourneyRef, StartDate, EndDate) VALUES ('96938', 1490918400, 1508716799);
INSERT INTO VehicleJourney (VehicleJourneyCode, ServiceRef, LineRef, JourneyPatternRef, OperatorRef, Monday, Tuesday, Wednesday, Thursday, Friday, Saturday, Sunday, DepatureHour, DepatureMinute, DepatureSecond, Note, NoteCode) VALUES ('96893', 'FSACM05', '0', 'JPS_FSACM05-3', 'CAL', 0, 1, 0, 0, 0, 0, 0, 13, 50, 0, '', '');
INSERT INTO DayOfNonOperation (VehicleJourneyRef, StartDate, EndDate) VALUES ('96893', 1490918400, 1514246399);
INSERT INTO DayOfNonOperation (VehicleJourneyRef, StartDate, EndDate) VALUES ('96893', 1514332800, 2524607999);
INSERT INTO VehicleJourney (VehicleJourneyCode, ServiceRef, LineRef, JourneyPatternRef, OperatorRef, Monday, Tuesday, Wednesday, Thursday, Friday, Saturday, Sunday, DepatureHour, DepatureMinute, DepatureSecond, Note, NoteCode) VALUES ('96942', 'FSACM05', '0', 'JPS_FSACM05-4', 'CAL', 0, 1, 0, 0, 0, 0, 0, 12, 30, 0, '', '');
INSERT INTO DayOfNonOperation (VehicleJourneyRef, StartDate, EndDate) VALUES ('96942', 1490918400, 1514246399);
INSERT INTO DayOfNonOperation (VehicleJourneyRef, StartDate, EndDate) VALUES ('96942', 1514332800, 2524607999);
INSERT INTO VehicleJourney (VehicleJourneyCode, ServiceRef, LineRef, JourneyPatternRef, OperatorRef, Monday, Tuesday, Wednesday, Thursday, Friday, Saturday, Sunday, DepatureHour, DepatureMinute, DepatureSecond, Note, NoteCode) VALUES ('96854', 'FSACM05', '0', 'JPS_FSACM05-3', 'CAL', 1, 1, 1, 1, 1, 0, 0, 7, 0, 0, '', '');
INSERT INTO DayOfNonOperation (VehicleJourneyRef, StartDate, EndDate) VALUES ('96854', 1490918400, 1514937599);
INSERT INTO DayOfNonOperation (VehicleJourneyRef, StartDate, EndDate) VALUES ('96854', 1516406400, 2524607999);
INSERT INTO VehicleJourney (VehicleJourneyCode, ServiceRef, LineRef, JourneyPatternRef, OperatorRef, Monday, Tuesday, Wednesday, Thursday, Friday, Saturday, Sunday, DepatureHour, DepatureMinute, DepatureSecond, Note, NoteCode) VALUES ('96855', 'FSACM05', '0', 'JPS_FSACM05-3', 'CAL', 1, 1, 1, 1, 1, 0, 0, 9, 45, 0, '', '');
INSERT INTO DayOfNonOperation (VehicleJourneyRef, StartDate, EndDate) VALUES ('96855', 1490918400, 1514937599);
INSERT INTO DayOfNonOperation (VehicleJourneyRef, StartDate, EndDate) VALUES ('96855', 1516406400, 2524607999);
INSERT INTO VehicleJourney (VehicleJourneyCode, ServiceRef, LineRef, JourneyPatternRef, OperatorRef, Monday, Tuesday, Wednesday, Thursday, Friday, Saturday, Sunday, DepatureHour, DepatureMinute, DepatureSecond, Note, NoteCode) VALUES ('96856', 'FSACM05', '0', 'JPS_FSACM05-3', 'CAL', 1, 1, 1, 1, 1, 0, 0, 18, 0, 0, '', '');
INSERT INTO DayOfNonOperation (VehicleJourneyRef, StartDate, EndDate) VALUES ('96856', 1490918400, 1514937599);
INSERT INTO DayOfNonOperation (VehicleJourneyRef, StartDate, EndDate) VALUES ('96856', 1516406400, 2524607999);
INSERT INTO VehicleJourney (VehicleJourneyCode, ServiceRef, LineRef, JourneyPatternRef, OperatorRef, Monday, Tuesday, Wednesday, Thursday, Friday, Saturday, Sunday, DepatureHour, DepatureMinute, DepatureSecond, Note, NoteCode) VALUES ('96877', 'FSACM05', '0', 'JPS_FSACM05-3', 'CAL', 0, 0, 0, 0, 0, 1, 0, 7, 0, 0, '', '');
INSERT INTO DayOfOperation (VehicleJourneyRef, StartDate, EndDate) VALUES ('96877', 1515196800, 1515283199);
INSERT INTO DayOfOperation (VehicleJourneyRef, StartDate, EndDate) VALUES ('96877', 1515801600, 1515887999);
INSERT INTO DayOfNonOperation (VehicleJourneyRef, StartDate, EndDate) VALUES ('96877', 1490918400, 1514937599);
INSERT INTO DayOfNonOperation (VehicleJourneyRef, StartDate, EndDate) VALUES ('96877', 1516406400, 2524607999);
INSERT INTO VehicleJourney (VehicleJourneyCode, ServiceRef, LineRef, JourneyPatternRef, OperatorRef, Monday, Tuesday, Wednesday, Thursday, Friday, Saturday, Sunday, DepatureHour, DepatureMinute, DepatureSecond, Note, NoteCode) VALUES ('96878', 'FSACM05', '0', 'JPS_FSACM05-3', 'CAL', 0, 0, 0, 0, 0, 1, 0, 9, 45, 0, '', '');
INSERT INTO DayOfOperation (VehicleJourneyRef, StartDate, EndDate) VALUES ('96878', 1515196800, 1515283199);
INSERT INTO DayOfOperation (VehicleJourneyRef, StartDate, EndDate) VALUES ('96878', 1515801600, 1515887999);
INSERT INTO DayOfNonOperation (VehicleJourneyRef, StartDate, EndDate) VALUES ('96878', 1490918400, 1514937599);
INSERT INTO DayOfNonOperation (VehicleJourneyRef, StartDate, EndDate) VALUES ('96878', 1516406400, 2524607999);
INSERT INTO VehicleJourney (VehicleJourneyCode, ServiceRef, LineRef, JourneyPatternRef, OperatorRef, Monday, Tuesday, Wednesday, Thursday, Friday, Saturday, Sunday, DepatureHour, DepatureMinute, DepatureSecond, Note, NoteCode) VALUES ('96879', 'FSACM05', '0', 'JPS_FSACM05-3', 'CAL', 0, 0, 0, 0, 0, 1, 0, 18, 0, 0, '', '');
INSERT INTO DayOfOperation (VehicleJourneyRef, StartDate, EndDate) VALUES ('96879', 1515196800, 1515283199);
INSERT INTO DayOfOperation (VehicleJourneyRef, StartDate, EndDate) VALUES ('96879', 1515801600, 1515887999);
INSERT INTO DayOfNonOperation (VehicleJourneyRef, StartDate, EndDate) VALUES ('96879', 1490918400, 1514937599);
INSERT INTO DayOfNonOperation (VehicleJourneyRef, StartDate, EndDate) VALUES ('96879', 1516406400, 2524607999);
INSERT INTO VehicleJourney (VehicleJourneyCode, ServiceRef, LineRef, JourneyPatternRef, OperatorRef, Monday, Tuesday, Wednesday, Thursday, Friday, Saturday, Sunday, DepatureHour, DepatureMinute, DepatureSecond, Note, NoteCode) VALUES ('96891', 'FSACM05', '0', 'JPS_FSACM05-3', 'CAL', 0, 0, 0, 0, 0, 0, 1, 9, 45, 0, '', '');
INSERT INTO DayOfOperation (VehicleJourneyRef, StartDate, EndDate) VALUES ('96891', 1515283200, 1515369599);
INSERT INTO DayOfOperation (VehicleJourneyRef, StartDate, EndDate) VALUES ('96891', 1515888000, 1515974399);
INSERT INTO DayOfNonOperation (VehicleJourneyRef, StartDate, EndDate) VALUES ('96891', 1490918400, 1514937599);
INSERT INTO DayOfNonOperation (VehicleJourneyRef, StartDate, EndDate) VALUES ('96891', 1516406400, 2524607999);
INSERT INTO VehicleJourney (VehicleJourneyCode, ServiceRef, LineRef, JourneyPatternRef, OperatorRef, Monday, Tuesday, Wednesday, Thursday, Friday, Saturday, Sunday, DepatureHour, DepatureMinute, DepatureSecond, Note, NoteCode) VALUES ('96892', 'FSACM05', '0', 'JPS_FSACM05-3', 'CAL', 0, 0, 0, 0, 0, 0, 1, 18, 0, 0, '', '');
INSERT INTO DayOfOperation (VehicleJourneyRef, StartDate, EndDate) VALUES ('96892', 1515283200, 1515369599);
INSERT INTO DayOfOperation (VehicleJourneyRef, StartDate, EndDate) VALUES ('96892', 1515888000, 1515974399);
INSERT INTO DayOfNonOperation (VehicleJourneyRef, StartDate, EndDate) VALUES ('96892', 1490918400, 1514937599);
INSERT INTO DayOfNonOperation (VehicleJourneyRef, StartDate, EndDate) VALUES ('96892', 1516406400, 2524607999);
INSERT INTO VehicleJourney (VehicleJourneyCode, ServiceRef, LineRef, JourneyPatternRef, OperatorRef, Monday, Tuesday, Wednesday, Thursday, Friday, Saturday, Sunday, DepatureHour, DepatureMinute, DepatureSecond, Note, NoteCode) VALUES ('96902', 'FSACM05', '0', 'JPS_FSACM05-4', 'CAL', 1, 1, 1, 1, 1, 0, 0, 8, 20, 0, '', '');
INSERT INTO DayOfNonOperation (VehicleJourneyRef, StartDate, EndDate) VALUES ('96902', 1490918400, 1514937599);
INSERT INTO DayOfNonOperation (VehicleJourneyRef, StartDate, EndDate) VALUES ('96902', 1516406400, 2524607999);
INSERT INTO VehicleJourney (VehicleJourneyCode, ServiceRef, LineRef, JourneyPatternRef, OperatorRef, Monday, Tuesday, Wednesday, Thursday, Friday, Saturday, Sunday, DepatureHour, DepatureMinute, DepatureSecond, Note, NoteCode) VALUES ('96903', 'FSACM05', '0', 'JPS_FSACM05-4', 'CAL', 1, 1, 1, 1, 1, 0, 0, 16, 40, 0, '', '');
INSERT INTO DayOfNonOperation (VehicleJourneyRef, StartDate, EndDate) VALUES ('96903', 1490918400, 1514937599);
INSERT INTO DayOfNonOperation (VehicleJourneyRef, StartDate, EndDate) VALUES ('96903', 1516406400, 2524607999);
INSERT INTO VehicleJourney (VehicleJourneyCode, ServiceRef, LineRef, JourneyPatternRef, OperatorRef, Monday, Tuesday, Wednesday, Thursday, Friday, Saturday, Sunday, DepatureHour, DepatureMinute, DepatureSecond, Note, NoteCode) VALUES ('96904', 'FSACM05', '0', 'JPS_FSACM05-4', 'CAL', 1, 1, 1, 1, 1, 0, 0, 19, 20, 0, '', '');
INSERT INTO DayOfNonOperation (VehicleJourneyRef, StartDate, EndDate) VALUES ('96904', 1490918400, 1514937599);
INSERT INTO DayOfNonOperation (VehicleJourneyRef, StartDate, EndDate) VALUES ('96904', 1516406400, 2524607999);
INSERT INTO VehicleJourney (VehicleJourneyCode, ServiceRef, LineRef, JourneyPatternRef, OperatorRef, Monday, Tuesday, Wednesday, Thursday, Friday, Saturday, Sunday, DepatureHour, DepatureMinute, DepatureSecond, Note, NoteCode) VALUES ('96927', 'FSACM05', '0', 'JPS_FSACM05-4', 'CAL', 0, 0, 0, 0, 0, 1, 0, 8, 20, 0, '', '');
INSERT INTO DayOfOperation (VehicleJourneyRef, StartDate, EndDate) VALUES ('96927', 1515196800, 1515283199);
INSERT INTO DayOfOperation (VehicleJourneyRef, StartDate, EndDate) VALUES ('96927', 1515801600, 1515887999);
INSERT INTO DayOfNonOperation (VehicleJourneyRef, StartDate, EndDate) VALUES ('96927', 1490918400, 1514937599);
INSERT INTO DayOfNonOperation (VehicleJourneyRef, StartDate, EndDate) VALUES ('96927', 1516406400, 2524607999);
INSERT INTO VehicleJourney (VehicleJourneyCode, ServiceRef, LineRef, JourneyPatternRef, OperatorRef, Monday, Tuesday, Wednesday, Thursday, Friday, Saturday, Sunday, DepatureHour, DepatureMinute, DepatureSecond, Note, NoteCode) VALUES ('96928', 'FSACM05', '0', 'JPS_FSACM05-4', 'CAL', 0, 0, 0, 0, 0, 1, 0, 16, 40, 0, '', '');
INSERT INTO DayOfOperation (VehicleJourneyRef, StartDate, EndDate) VALUES ('96928', 1515196800, 1515283199);
INSERT INTO DayOfOperation (VehicleJourneyRef, StartDate, EndDate) VALUES ('96928', 1515801600, 1515887999);
INSERT INTO DayOfNonOperation (VehicleJourneyRef, StartDate, EndDate) VALUES ('96928', 1490918400, 1514937599);
INSERT INTO DayOfNonOperation (VehicleJourneyRef, StartDate, EndDate) VALUES ('96928', 1516406400, 2524607999);
INSERT INTO VehicleJourney (VehicleJourneyCode, ServiceRef, LineRef, JourneyPatternRef, OperatorRef, Monday, Tuesday, Wednesday, Thursday, Friday, Saturday, Sunday, DepatureHour, DepatureMinute, DepatureSecond, Note, NoteCode) VALUES ('96939', 'FSACM05', '0', 'JPS_FSACM05-4', 'CAL', 0, 0, 0, 0, 0, 0, 1, 8, 20, 0, '', '');
INSERT INTO DayOfOperation (VehicleJourneyRef, StartDate, EndDate) VALUES ('96939', 1515283200, 1515369599);
INSERT INTO DayOfOperation (VehicleJourneyRef, StartDate, EndDate) VALUES ('96939', 1515888000, 1515974399);
INSERT INTO DayOfNonOperation (VehicleJourneyRef, StartDate, EndDate) VALUES ('96939', 1490918400, 1514937599);
INSERT INTO DayOfNonOperation (VehicleJourneyRef, StartDate, EndDate) VALUES ('96939', 1516406400, 2524607999);
INSERT INTO VehicleJourney (VehicleJourneyCode, ServiceRef, LineRef, JourneyPatternRef, OperatorRef, Monday, Tuesday, Wednesday, Thursday, Friday, Saturday, Sunday, DepatureHour, DepatureMinute, DepatureSecond, Note, NoteCode) VALUES ('96940', 'FSACM05', '0', 'JPS_FSACM05-4', 'CAL', 0, 0, 0, 0, 0, 0, 1, 16, 40, 0, '', '');
INSERT INTO DayOfOperation (VehicleJourneyRef, StartDate, EndDate) VALUES ('96940', 1515283200, 1515369599);
INSERT INTO DayOfOperation (VehicleJourneyRef, StartDate, EndDate) VALUES ('96940', 1515888000, 1515974399);
INSERT INTO DayOfNonOperation (VehicleJourneyRef, StartDate, EndDate) VALUES ('96940', 1490918400, 1514937599);
INSERT INTO DayOfNonOperation (VehicleJourneyRef, StartDate, EndDate) VALUES ('96940', 1516406400, 2524607999);
INSERT INTO VehicleJourney (VehicleJourneyCode, ServiceRef, LineRef, JourneyPatternRef, OperatorRef, Monday, Tuesday, Wednesday, Thursday, Friday, Saturday, Sunday, DepatureHour, DepatureMinute, DepatureSecond, Note, NoteCode) VALUES ('96941', 'FSACM05', '0', 'JPS_FSACM05-4', 'CAL', 0, 0, 0, 0, 0, 0, 1, 19, 20, 0, '', '');
INSERT INTO DayOfOperation (VehicleJourneyRef, StartDate, EndDate) VALUES ('96941', 1515283200, 1515369599);
INSERT INTO DayOfOperation (VehicleJourneyRef, StartDate, EndDate) VALUES ('96941', 1515888000, 1515974399);
INSERT INTO DayOfNonOperation (VehicleJourneyRef, StartDate, EndDate) VALUES ('96941', 1490918400, 1514937599);
INSERT INTO DayOfNonOperation (VehicleJourneyRef, StartDate, EndDate) VALUES ('96941', 1516406400, 2524607999);INSERT INTO AnnotatedStopPointRef (StopPointRef, CommonName, Latitude, Longitude) VALUES ('9300CPB', 'Campbeltown Ferry Terminal', 0, 0);
INSERT INTO AnnotatedStopPointRef (StopPointRef, CommonName, Latitude, Longitude) VALUES ('9300ARD', 'Ardrossan Ferry Terminal', 0, 0);
INSERT INTO AnnotatedStopPointRef (StopPointRef, CommonName, Latitude, Longitude) VALUES ('9300BRB', 'Brodick Isle of Arran Ferry Terminal', 0, 0);
INSERT INTO Route (RouteId, RouteDescription, RouteSectionRef) VALUES ('FSACM05A001', 'Campbeltown - Ardrossan
', 'FSACM05A001');
INSERT INTO Route (RouteId, RouteDescription, RouteSectionRef) VALUES ('FSACM05A002', 'Campbeltown - Ardrossan
', 'FSACM05A002');
INSERT INTO Route (RouteId, RouteDescription, RouteSectionRef) VALUES ('FSACM05A003', 'Ardrossan - Campbeltown
', 'FSACM05A003');
INSERT INTO RouteSection (RouteSectionId) VALUES ('FSACM05A001');
INSERT INTO RouteLink (RouteLinkId, RouteSectionId, FromStopPointRef, ToStopPointRef, `Order`, RouteDirection) VALUES ('FSACM05A001_289687', 'FSACM05A001', '9300CPB', '9300ARD', 0, 'inbound');
INSERT INTO RouteSection (RouteSectionId) VALUES ('FSACM05A002');
INSERT INTO RouteLink (RouteLinkId, RouteSectionId, FromStopPointRef, ToStopPointRef, `Order`, RouteDirection) VALUES ('FSACM05A002_289689', 'FSACM05A002', '9300CPB', '9300BRB', 0, 'inbound');
INSERT INTO RouteLink (RouteLinkId, RouteSectionId, FromStopPointRef, ToStopPointRef, `Order`, RouteDirection) VALUES ('FSACM05A002_289690', 'FSACM05A002', '9300BRB', '9300ARD', 1, 'inbound');
INSERT INTO RouteSection (RouteSectionId) VALUES ('FSACM05A003');
INSERT INTO RouteLink (RouteLinkId, RouteSectionId, FromStopPointRef, ToStopPointRef, `Order`, RouteDirection) VALUES ('FSACM05A003_289692', 'FSACM05A003', '9300ARD', '9300CPB', 0, 'outbound');
INSERT INTO JourneyPatternSection (JourneyPatternSectionId) VALUES ('JPS_FSACM05A-4');
INSERT INTO JourneyPatternTimingLink (JourneyPatternTimingLinkId, JourneyPatternSectionId, JourneyPatternFromStopPointRef, JourneyPatternFromTimingStatus, JourneyPatternToStopPointsRef, JourneyPatternToTimingStatus, RouteLinkRef, JourneyDirection, RunTime, WaitTime) VALUES ('JPS_FSACM05A-4_289687', 'JPS_FSACM05A-4', '9300CPB', 'PTP', '9300ARD', 'PTP', 'FSACM05A001_289687', 'inbound', 'PT9600S', '');
INSERT INTO JourneyPatternSection (JourneyPatternSectionId) VALUES ('JPS_FSACM05A-5');
INSERT INTO JourneyPatternTimingLink (JourneyPatternTimingLinkId, JourneyPatternSectionId, JourneyPatternFromStopPointRef, JourneyPatternFromTimingStatus, JourneyPatternToStopPointsRef, JourneyPatternToTimingStatus, RouteLinkRef, JourneyDirection, RunTime, WaitTime) VALUES ('JPS_FSACM05A-5_289689', 'JPS_FSACM05A-5', '9300CPB', 'PTP', '9300BRB', 'PTP', 'FSACM05A002_289689', 'inbound', 'PT8400S', '');
INSERT INTO JourneyPatternTimingLink (JourneyPatternTimingLinkId, JourneyPatternSectionId, JourneyPatternFromStopPointRef, JourneyPatternFromTimingStatus, JourneyPatternToStopPointsRef, JourneyPatternToTimingStatus, RouteLinkRef, JourneyDirection, RunTime, WaitTime) VALUES ('JPS_FSACM05A-5_289690', 'JPS_FSACM05A-5', '9300BRB', 'PTP', '9300ARD', 'PTP', 'FSACM05A002_289690', 'inbound', 'PT3300S', 'PT1500S');
INSERT INTO JourneyPatternSection (JourneyPatternSectionId) VALUES ('JPS_FSACM05A-6');
INSERT INTO JourneyPatternTimingLink (JourneyPatternTimingLinkId, JourneyPatternSectionId, JourneyPatternFromStopPointRef, JourneyPatternFromTimingStatus, JourneyPatternToStopPointsRef, JourneyPatternToTimingStatus, RouteLinkRef, JourneyDirection, RunTime, WaitTime) VALUES ('JPS_FSACM05A-6_289692', 'JPS_FSACM05A-6', '9300ARD', 'PTP', '9300CPB', 'PTP', 'FSACM05A003_289692', 'outbound', 'PT9600S', '');
INSERT INTO Operator (OperatorId, NationalOperatorCode, OperatorCode, OperatorShortName) VALUES ('CAL', 'CALM', 'CAL', 'Caledonian MacBrayne');
INSERT INTO Service (ServiceCode, RegisteredOperatorRef, Mode, Description, Origin, Destination, StartDate, EndDate) VALUES ('FSACM05A', 'CAL', 'ferry', 'Ardrossan - Campbeltown', 'Ardrossan', 'Campbeltown', 1490918400, 2524607999);
INSERT INTO Line (LineId, ServiceRef, LineName) VALUES ('0', 'FSACM05A', 'CM5A');
INSERT INTO JourneyPattern (JourneyPatternId, ServiceRef, JourneyPatternSectionRef, JourneyPatternDirection) VALUES ('JPS_FSACM05A-4', 'FSACM05A', 'JPS_FSACM05A-4', 'inbound');
INSERT INTO JourneyPattern (JourneyPatternId, ServiceRef, JourneyPatternSectionRef, JourneyPatternDirection) VALUES ('JPS_FSACM05A-5', 'FSACM05A', 'JPS_FSACM05A-5', 'inbound');
INSERT INTO JourneyPattern (JourneyPatternId, ServiceRef, JourneyPatternSectionRef, JourneyPatternDirection) VALUES ('JPS_FSACM05A-6', 'FSACM05A', 'JPS_FSACM05A-6', 'outbound');
INSERT INTO VehicleJourney (VehicleJourneyCode, ServiceRef, LineRef, JourneyPatternRef, OperatorRef, Monday, Tuesday, Wednesday, Thursday, Friday, Saturday, Sunday, DepatureHour, DepatureMinute, DepatureSecond, Note, NoteCode) VALUES ('96943', 'FSACM05A', '0', 'JPS_FSACM05A-4', 'CAL', 0, 0, 0, 0, 1, 0, 0, 7, 35, 0, '', '');
INSERT INTO DayOfNonOperation (VehicleJourneyRef, StartDate, EndDate) VALUES ('96943', 1490918400, 1493251199);
INSERT INTO DayOfNonOperation (VehicleJourneyRef, StartDate, EndDate) VALUES ('96943', 1506297600, 2524607999);
INSERT INTO VehicleJourney (VehicleJourneyCode, ServiceRef, LineRef, JourneyPatternRef, OperatorRef, Monday, Tuesday, Wednesday, Thursday, Friday, Saturday, Sunday, DepatureHour, DepatureMinute, DepatureSecond, Note, NoteCode) VALUES ('96944', 'FSACM05A', '0', 'JPS_FSACM05A-5', 'CAL', 0, 0, 0, 0, 0, 1, 0, 7, 0, 0, '', '');
INSERT INTO DayOfOperation (VehicleJourneyRef, StartDate, EndDate) VALUES ('96944', 1497657600, 1497743999);
INSERT INTO DayOfOperation (VehicleJourneyRef, StartDate, EndDate) VALUES ('96944', 1498262400, 1498348799);
INSERT INTO DayOfOperation (VehicleJourneyRef, StartDate, EndDate) VALUES ('96944', 1498867200, 1498953599);
INSERT INTO DayOfOperation (VehicleJourneyRef, StartDate, EndDate) VALUES ('96944', 1499472000, 1499558399);
INSERT INTO DayOfOperation (VehicleJourneyRef, StartDate, EndDate) VALUES ('96944', 1500076800, 1500163199);
INSERT INTO DayOfOperation (VehicleJourneyRef, StartDate, EndDate) VALUES ('96944', 1500681600, 1500767999);
INSERT INTO DayOfOperation (VehicleJourneyRef, StartDate, EndDate) VALUES ('96944', 1501286400, 1501372799);
INSERT INTO DayOfOperation (VehicleJourneyRef, StartDate, EndDate) VALUES ('96944', 1501891200, 1501977599);
INSERT INTO DayOfOperation (VehicleJourneyRef, StartDate, EndDate) VALUES ('96944', 1502496000, 1502582399);
INSERT INTO DayOfOperation (VehicleJourneyRef, StartDate, EndDate) VALUES ('96944', 1503100800, 1503187199);
INSERT INTO DayOfOperation (VehicleJourneyRef, StartDate, EndDate) VALUES ('96944', 1503705600, 1503791999);
INSERT INTO DayOfOperation (VehicleJourneyRef, StartDate, EndDate) VALUES ('96944', 1504310400, 1504396799);
INSERT INTO DayOfOperation (VehicleJourneyRef, StartDate, EndDate) VALUES ('96944', 1504915200, 1505001599);
INSERT INTO DayOfOperation (VehicleJourneyRef, StartDate, EndDate) VALUES ('96944', 1505520000, 1505606399);
INSERT INTO DayOfOperation (VehicleJourneyRef, StartDate, EndDate) VALUES ('96944', 1506124800, 1506211199);
INSERT INTO DayOfNonOperation (VehicleJourneyRef, StartDate, EndDate) VALUES ('96944', 1490918400, 1493251199);
INSERT INTO DayOfNonOperation (VehicleJourneyRef, StartDate, EndDate) VALUES ('96944', 1506297600, 2524607999);
INSERT INTO VehicleJourney (VehicleJourneyCode, ServiceRef, LineRef, JourneyPatternRef, OperatorRef, Monday, Tuesday, Wednesday, Thursday, Friday, Saturday, Sunday, DepatureHour, DepatureMinute, DepatureSecond, Note, NoteCode) VALUES ('96945', 'FSACM05A', '0', 'JPS_FSACM05A-4', 'CAL', 0, 0, 0, 0, 0, 0, 1, 16, 55, 0, '', '');
INSERT INTO DayOfOperation (VehicleJourneyRef, StartDate, EndDate) VALUES ('96945', 1497744000, 1497830399);
INSERT INTO DayOfOperation (VehicleJourneyRef, StartDate, EndDate) VALUES ('96945', 1498348800, 1498435199);
INSERT INTO DayOfOperation (VehicleJourneyRef, StartDate, EndDate) VALUES ('96945', 1498953600, 1499039999);
INSERT INTO DayOfOperation (VehicleJourneyRef, StartDate, EndDate) VALUES ('96945', 1499558400, 1499644799);
INSERT INTO DayOfOperation (VehicleJourneyRef, StartDate, EndDate) VALUES ('96945', 1500163200, 1500249599);
INSERT INTO DayOfOperation (VehicleJourneyRef, StartDate, EndDate) VALUES ('96945', 1500768000, 1500854399);
INSERT INTO DayOfOperation (VehicleJourneyRef, StartDate, EndDate) VALUES ('96945', 1501372800, 1501459199);
INSERT INTO DayOfOperation (VehicleJourneyRef, StartDate, EndDate) VALUES ('96945', 1501977600, 1502063999);
INSERT INTO DayOfOperation (VehicleJourneyRef, StartDate, EndDate) VALUES ('96945', 1502582400, 1502668799);
INSERT INTO DayOfOperation (VehicleJourneyRef, StartDate, EndDate) VALUES ('96945', 1503187200, 1503273599);
INSERT INTO DayOfOperation (VehicleJourneyRef, StartDate, EndDate) VALUES ('96945', 1503792000, 1503878399);
INSERT INTO DayOfOperation (VehicleJourneyRef, StartDate, EndDate) VALUES ('96945', 1504396800, 1504483199);
INSERT INTO DayOfOperation (VehicleJourneyRef, StartDate, EndDate) VALUES ('96945', 1505001600, 1505087999);
INSERT INTO DayOfOperation (VehicleJourneyRef, StartDate, EndDate) VALUES ('96945', 1505606400, 1505692799);
INSERT INTO DayOfOperation (VehicleJourneyRef, StartDate, EndDate) VALUES ('96945', 1506211200, 1506297599);
INSERT INTO DayOfNonOperation (VehicleJourneyRef, StartDate, EndDate) VALUES ('96945', 1490918400, 1493251199);
INSERT INTO DayOfNonOperation (VehicleJourneyRef, StartDate, EndDate) VALUES ('96945', 1506297600, 2524607999);
INSERT INTO VehicleJourney (VehicleJourneyCode, ServiceRef, LineRef, JourneyPatternRef, OperatorRef, Monday, Tuesday, Wednesday, Thursday, Friday, Saturday, Sunday, DepatureHour, DepatureMinute, DepatureSecond, Note, NoteCode) VALUES ('96946', 'FSACM05A', '0', 'JPS_FSACM05A-6', 'CAL', 0, 0, 0, 0, 0, 0, 1, 13, 50, 0, '', '');
INSERT INTO DayOfOperation (VehicleJourneyRef, StartDate, EndDate) VALUES ('96946', 1497744000, 1497830399);
INSERT INTO DayOfOperation (VehicleJourneyRef, StartDate, EndDate) VALUES ('96946', 1498348800, 1498435199);
INSERT INTO DayOfOperation (VehicleJourneyRef, StartDate, EndDate) VALUES ('96946', 1498953600, 1499039999);
INSERT INTO DayOfOperation (VehicleJourneyRef, StartDate, EndDate) VALUES ('96946', 1499558400, 1499644799);
INSERT INTO DayOfOperation (VehicleJourneyRef, StartDate, EndDate) VALUES ('96946', 1500163200, 1500249599);
INSERT INTO DayOfOperation (VehicleJourneyRef, StartDate, EndDate) VALUES ('96946', 1500768000, 1500854399);
INSERT INTO DayOfOperation (VehicleJourneyRef, StartDate, EndDate) VALUES ('96946', 1501372800, 1501459199);
INSERT INTO DayOfOperation (VehicleJourneyRef, StartDate, EndDate) VALUES ('96946', 1501977600, 1502063999);
INSERT INTO DayOfOperation (VehicleJourneyRef, StartDate, EndDate) VALUES ('96946', 1502582400, 1502668799);
INSERT INTO DayOfOperation (VehicleJourneyRef, StartDate, EndDate) VALUES ('96946', 1503187200, 1503273599);
INSERT INTO DayOfOperation (VehicleJourneyRef, StartDate, EndDate) VALUES ('96946', 1503792000, 1503878399);
INSERT INTO DayOfOperation (VehicleJourneyRef, StartDate, EndDate) VALUES ('96946', 1504396800, 1504483199);
INSERT INTO DayOfOperation (VehicleJourneyRef, StartDate, EndDate) VALUES ('96946', 1505001600, 1505087999);
INSERT INTO DayOfOperation (VehicleJourneyRef, StartDate, EndDate) VALUES ('96946', 1505606400, 1505692799);
INSERT INTO DayOfOperation (VehicleJourneyRef, StartDate, EndDate) VALUES ('96946', 1506211200, 1506297599);
INSERT INTO DayOfNonOperation (VehicleJourneyRef, StartDate, EndDate) VALUES ('96946', 1490918400, 1493251199);
INSERT INTO DayOfNonOperation (VehicleJourneyRef, StartDate, EndDate) VALUES ('96946', 1506297600, 2524607999);
INSERT INTO VehicleJourney (VehicleJourneyCode, ServiceRef, LineRef, JourneyPatternRef, OperatorRef, Monday, Tuesday, Wednesday, Thursday, Friday, Saturday, Sunday, DepatureHour, DepatureMinute, DepatureSecond, Note, NoteCode) VALUES ('96947', 'FSACM05A', '0', 'JPS_FSACM05A-6', 'CAL', 0, 0, 0, 1, 1, 0, 0, 18, 40, 0, '', '');
INSERT INTO DayOfNonOperation (VehicleJourneyRef, StartDate, EndDate) VALUES ('96947', 1490918400, 1493251199);
INSERT INTO DayOfNonOperation (VehicleJourneyRef, StartDate, EndDate) VALUES ('96947', 1506297600, 2524607999);INSERT INTO AnnotatedStopPointRef (StopPointRef, CommonName, Latitude, Longitude) VALUES ('9300ARM', 'Armadale Ferry Terminal', 0, 0);
INSERT INTO AnnotatedStopPointRef (StopPointRef, CommonName, Latitude, Longitude) VALUES ('9300MLG', 'Mallaig (CalMac) Ferry Terminal', 0, 0);
INSERT INTO Route (RouteId, RouteDescription, RouteSectionRef) VALUES ('FSACM18_002', 'Armadale (Skye) - Mallaig
', 'FSACM18_002');
INSERT INTO Route (RouteId, RouteDescription, RouteSectionRef) VALUES ('FSACM18_001', 'Mallaig - Armadale (Skye)
', 'FSACM18_001');
INSERT INTO RouteSection (RouteSectionId) VALUES ('FSACM18_002');
INSERT INTO RouteLink (RouteLinkId, RouteSectionId, FromStopPointRef, ToStopPointRef, `Order`, RouteDirection) VALUES ('FSACM18_002_289784', 'FSACM18_002', '9300ARM', '9300MLG', 0, 'inbound');
INSERT INTO RouteSection (RouteSectionId) VALUES ('FSACM18_001');
INSERT INTO RouteLink (RouteLinkId, RouteSectionId, FromStopPointRef, ToStopPointRef, `Order`, RouteDirection) VALUES ('FSACM18_001_289786', 'FSACM18_001', '9300MLG', '9300ARM', 0, 'outbound');
INSERT INTO JourneyPatternSection (JourneyPatternSectionId) VALUES ('JPS_FSACM18-3');
INSERT INTO JourneyPatternTimingLink (JourneyPatternTimingLinkId, JourneyPatternSectionId, JourneyPatternFromStopPointRef, JourneyPatternFromTimingStatus, JourneyPatternToStopPointsRef, JourneyPatternToTimingStatus, RouteLinkRef, JourneyDirection, RunTime, WaitTime) VALUES ('JPS_FSACM18-3_289784', 'JPS_FSACM18-3', '9300ARM', 'PTP', '9300MLG', 'PTP', 'FSACM18_002_289784', 'inbound', 'PT2700S', '');
INSERT INTO JourneyPatternSection (JourneyPatternSectionId) VALUES ('JPS_FSACM18-4');
INSERT INTO JourneyPatternTimingLink (JourneyPatternTimingLinkId, JourneyPatternSectionId, JourneyPatternFromStopPointRef, JourneyPatternFromTimingStatus, JourneyPatternToStopPointsRef, JourneyPatternToTimingStatus, RouteLinkRef, JourneyDirection, RunTime, WaitTime) VALUES ('JPS_FSACM18-4_289784', 'JPS_FSACM18-4', '9300ARM', 'PTP', '9300MLG', 'PTP', 'FSACM18_002_289784', 'inbound', 'PT1500S', '');
INSERT INTO JourneyPatternSection (JourneyPatternSectionId) VALUES ('JPS_FSACM18-5');
INSERT INTO JourneyPatternTimingLink (JourneyPatternTimingLinkId, JourneyPatternSectionId, JourneyPatternFromStopPointRef, JourneyPatternFromTimingStatus, JourneyPatternToStopPointsRef, JourneyPatternToTimingStatus, RouteLinkRef, JourneyDirection, RunTime, WaitTime) VALUES ('JPS_FSACM18-5_289786', 'JPS_FSACM18-5', '9300MLG', 'PTP', '9300ARM', 'PTP', 'FSACM18_001_289786', 'outbound', 'PT6300S', '');
INSERT INTO JourneyPatternSection (JourneyPatternSectionId) VALUES ('JPS_FSACM18-6');
INSERT INTO JourneyPatternTimingLink (JourneyPatternTimingLinkId, JourneyPatternSectionId, JourneyPatternFromStopPointRef, JourneyPatternFromTimingStatus, JourneyPatternToStopPointsRef, JourneyPatternToTimingStatus, RouteLinkRef, JourneyDirection, RunTime, WaitTime) VALUES ('JPS_FSACM18-6_289786', 'JPS_FSACM18-6', '9300MLG', 'PTP', '9300ARM', 'PTP', 'FSACM18_001_289786', 'outbound', 'PT2700S', '');
INSERT INTO JourneyPatternSection (JourneyPatternSectionId) VALUES ('JPS_FSACM18-7');
INSERT INTO JourneyPatternTimingLink (JourneyPatternTimingLinkId, JourneyPatternSectionId, JourneyPatternFromStopPointRef, JourneyPatternFromTimingStatus, JourneyPatternToStopPointsRef, JourneyPatternToTimingStatus, RouteLinkRef, JourneyDirection, RunTime, WaitTime) VALUES ('JPS_FSACM18-7_289786', 'JPS_FSACM18-7', '9300MLG', 'PTP', '9300ARM', 'PTP', 'FSACM18_001_289786', 'outbound', 'PT2100S', '');
INSERT INTO JourneyPatternSection (JourneyPatternSectionId) VALUES ('JPS_FSACM18-8');
INSERT INTO JourneyPatternTimingLink (JourneyPatternTimingLinkId, JourneyPatternSectionId, JourneyPatternFromStopPointRef, JourneyPatternFromTimingStatus, JourneyPatternToStopPointsRef, JourneyPatternToTimingStatus, RouteLinkRef, JourneyDirection, RunTime, WaitTime) VALUES ('JPS_FSACM18-8_289786', 'JPS_FSACM18-8', '9300MLG', 'PTP', '9300ARM', 'PTP', 'FSACM18_001_289786', 'outbound', 'PT1800S', '');
INSERT INTO JourneyPatternSection (JourneyPatternSectionId) VALUES ('JPS_FSACM18-9');
INSERT INTO JourneyPatternTimingLink (JourneyPatternTimingLinkId, JourneyPatternSectionId, JourneyPatternFromStopPointRef, JourneyPatternFromTimingStatus, JourneyPatternToStopPointsRef, JourneyPatternToTimingStatus, RouteLinkRef, JourneyDirection, RunTime, WaitTime) VALUES ('JPS_FSACM18-9_289784', 'JPS_FSACM18-9', '9300ARM', 'PTP', '9300MLG', 'PTP', 'FSACM18_002_289784', 'inbound', 'PT1800S', '');
INSERT INTO Operator (OperatorId, NationalOperatorCode, OperatorCode, OperatorShortName) VALUES ('CAL', 'CALM', 'CAL', 'Caledonian MacBrayne');
INSERT INTO Service (ServiceCode, RegisteredOperatorRef, Mode, Description, Origin, Destination, StartDate, EndDate) VALUES ('FSACM18', 'CAL', 'ferry', 'Mallaig - Armadale (Skye)', 'Mallaig', 'Armadale (Skye)', 1490918400, 2524607999);
INSERT INTO Line (LineId, ServiceRef, LineName) VALUES ('0', 'FSACM18', 'CM18');
INSERT INTO JourneyPattern (JourneyPatternId, ServiceRef, JourneyPatternSectionRef, JourneyPatternDirection) VALUES ('JPS_FSACM18-3', 'FSACM18', 'JPS_FSACM18-3', 'inbound');
INSERT INTO JourneyPattern (JourneyPatternId, ServiceRef, JourneyPatternSectionRef, JourneyPatternDirection) VALUES ('JPS_FSACM18-4', 'FSACM18', 'JPS_FSACM18-4', 'inbound');
INSERT INTO JourneyPattern (JourneyPatternId, ServiceRef, JourneyPatternSectionRef, JourneyPatternDirection) VALUES ('JPS_FSACM18-5', 'FSACM18', 'JPS_FSACM18-5', 'outbound');
INSERT INTO JourneyPattern (JourneyPatternId, ServiceRef, JourneyPatternSectionRef, JourneyPatternDirection) VALUES ('JPS_FSACM18-6', 'FSACM18', 'JPS_FSACM18-6', 'outbound');
INSERT INTO JourneyPattern (JourneyPatternId, ServiceRef, JourneyPatternSectionRef, JourneyPatternDirection) VALUES ('JPS_FSACM18-7', 'FSACM18', 'JPS_FSACM18-7', 'outbound');
INSERT INTO JourneyPattern (JourneyPatternId, ServiceRef, JourneyPatternSectionRef, JourneyPatternDirection) VALUES ('JPS_FSACM18-8', 'FSACM18', 'JPS_FSACM18-8', 'outbound');
INSERT INTO JourneyPattern (JourneyPatternId, ServiceRef, JourneyPatternSectionRef, JourneyPatternDirection) VALUES ('JPS_FSACM18-9', 'FSACM18', 'JPS_FSACM18-9', 'inbound');
INSERT INTO VehicleJourney (VehicleJourneyCode, ServiceRef, LineRef, JourneyPatternRef, OperatorRef, Monday, Tuesday, Wednesday, Thursday, Friday, Saturday, Sunday, DepatureHour, DepatureMinute, DepatureSecond, Note, NoteCode) VALUES ('97831', 'FSACM18', '0', 'JPS_FSACM18-3', 'CAL', 1, 1, 1, 1, 1, 1, 0, 8, 40, 0, '', '');
INSERT INTO DayOfOperation (VehicleJourneyRef, StartDate, EndDate) VALUES ('97831', 1497657600, 1497743999);
INSERT INTO DayOfOperation (VehicleJourneyRef, StartDate, EndDate) VALUES ('97831', 1498262400, 1498348799);
INSERT INTO DayOfOperation (VehicleJourneyRef, StartDate, EndDate) VALUES ('97831', 1498867200, 1498953599);
INSERT INTO DayOfOperation (VehicleJourneyRef, StartDate, EndDate) VALUES ('97831', 1499472000, 1499558399);
INSERT INTO DayOfOperation (VehicleJourneyRef, StartDate, EndDate) VALUES ('97831', 1500076800, 1500163199);
INSERT INTO DayOfOperation (VehicleJourneyRef, StartDate, EndDate) VALUES ('97831', 1500681600, 1500767999);
INSERT INTO DayOfOperation (VehicleJourneyRef, StartDate, EndDate) VALUES ('97831', 1501286400, 1501372799);
INSERT INTO DayOfOperation (VehicleJourneyRef, StartDate, EndDate) VALUES ('97831', 1501891200, 1501977599);
INSERT INTO DayOfOperation (VehicleJourneyRef, StartDate, EndDate) VALUES ('97831', 1502496000, 1502582399);
INSERT INTO DayOfOperation (VehicleJourneyRef, StartDate, EndDate) VALUES ('97831', 1503100800, 1503187199);
INSERT INTO DayOfOperation (VehicleJourneyRef, StartDate, EndDate) VALUES ('97831', 1503705600, 1503791999);
INSERT INTO DayOfOperation (VehicleJourneyRef, StartDate, EndDate) VALUES ('97831', 1504310400, 1504396799);
INSERT INTO DayOfOperation (VehicleJourneyRef, StartDate, EndDate) VALUES ('97831', 1504915200, 1505001599);
INSERT INTO DayOfOperation (VehicleJourneyRef, StartDate, EndDate) VALUES ('97831', 1505520000, 1505606399);
INSERT INTO DayOfOperation (VehicleJourneyRef, StartDate, EndDate) VALUES ('97831', 1506124800, 1506211199);
INSERT INTO DayOfOperation (VehicleJourneyRef, StartDate, EndDate) VALUES ('97831', 1506729600, 1506815999);
INSERT INTO DayOfOperation (VehicleJourneyRef, StartDate, EndDate) VALUES ('97831', 1507334400, 1507420799);
INSERT INTO DayOfOperation (VehicleJourneyRef, StartDate, EndDate) VALUES ('97831', 1507939200, 1508025599);
INSERT INTO DayOfOperation (VehicleJourneyRef, StartDate, EndDate) VALUES ('97831', 1508544000, 1508630399);
INSERT INTO DayOfNonOperation (VehicleJourneyRef, StartDate, EndDate) VALUES ('97831', 1508716800, 2524607999);
INSERT INTO VehicleJourney (VehicleJourneyCode, ServiceRef, LineRef, JourneyPatternRef, OperatorRef, Monday, Tuesday, Wednesday, Thursday, Friday, Saturday, Sunday, DepatureHour, DepatureMinute, DepatureSecond, Note, NoteCode) VALUES ('97832', 'FSACM18', '0', 'JPS_FSACM18-3', 'CAL', 1, 1, 1, 1, 1, 1, 0, 10, 40, 0, '', '');
INSERT INTO DayOfOperation (VehicleJourneyRef, StartDate, EndDate) VALUES ('97832', 1497657600, 1497743999);
INSERT INTO DayOfOperation (VehicleJourneyRef, StartDate, EndDate) VALUES ('97832', 1498262400, 1498348799);
INSERT INTO DayOfOperation (VehicleJourneyRef, StartDate, EndDate) VALUES ('97832', 1498867200, 1498953599);
INSERT INTO DayOfOperation (VehicleJourneyRef, StartDate, EndDate) VALUES ('97832', 1499472000, 1499558399);
INSERT INTO DayOfOperation (VehicleJourneyRef, StartDate, EndDate) VALUES ('97832', 1500076800, 1500163199);
INSERT INTO DayOfOperation (VehicleJourneyRef, StartDate, EndDate) VALUES ('97832', 1500681600, 1500767999);
INSERT INTO DayOfOperation (VehicleJourneyRef, StartDate, EndDate) VALUES ('97832', 1501286400, 1501372799);
INSERT INTO DayOfOperation (VehicleJourneyRef, StartDate, EndDate) VALUES ('97832', 1501891200, 1501977599);
INSERT INTO DayOfOperation (VehicleJourneyRef, StartDate, EndDate) VALUES ('97832', 1502496000, 1502582399);
INSERT INTO DayOfOperation (VehicleJourneyRef, StartDate, EndDate) VALUES ('97832', 1503100800, 1503187199);
INSERT INTO DayOfOperation (VehicleJourneyRef, StartDate, EndDate) VALUES ('97832', 1503705600, 1503791999);
INSERT INTO DayOfOperation (VehicleJourneyRef, StartDate, EndDate) VALUES ('97832', 1504310400, 1504396799);
INSERT INTO DayOfOperation (VehicleJourneyRef, StartDate, EndDate) VALUES ('97832', 1504915200, 1505001599);
INSERT INTO DayOfOperation (VehicleJourneyRef, StartDate, EndDate) VALUES ('97832', 1505520000, 1505606399);
INSERT INTO DayOfOperation (VehicleJourneyRef, StartDate, EndDate) VALUES ('97832', 1506124800, 1506211199);
INSERT INTO DayOfOperation (VehicleJourneyRef, StartDate, EndDate) VALUES ('97832', 1506729600, 1506815999);
INSERT INTO DayOfOperation (VehicleJourneyRef, StartDate, EndDate) VALUES ('97832', 1507334400, 1507420799);
INSERT INTO DayOfOperation (VehicleJourneyRef, StartDate, EndDate) VALUES ('97832', 1507939200, 1508025599);
INSERT INTO DayOfOperation (VehicleJourneyRef, StartDate, EndDate) VALUES ('97832', 1508544000, 1508630399);
INSERT INTO DayOfNonOperation (VehicleJourneyRef, StartDate, EndDate) VALUES ('97832', 1508716800, 2524607999);
INSERT INTO VehicleJourney (VehicleJourneyCode, ServiceRef, LineRef, JourneyPatternRef, OperatorRef, Monday, Tuesday, Wednesday, Thursday, Friday, Saturday, Sunday, DepatureHour, DepatureMinute, DepatureSecond, Note, NoteCode) VALUES ('97833', 'FSACM18', '0', 'JPS_FSACM18-4', 'CAL', 1, 1, 1, 1, 1, 1, 0, 12, 15, 0, '', '');
INSERT INTO DayOfOperation (VehicleJourneyRef, StartDate, EndDate) VALUES ('97833', 1497657600, 1497743999);
INSERT INTO DayOfOperation (VehicleJourneyRef, StartDate, EndDate) VALUES ('97833', 1498262400, 1498348799);
INSERT INTO DayOfOperation (VehicleJourneyRef, StartDate, EndDate) VALUES ('97833', 1498867200, 1498953599);
INSERT INTO DayOfOperation (VehicleJourneyRef, StartDate, EndDate) VALUES ('97833', 1499472000, 1499558399);
INSERT INTO DayOfOperation (VehicleJourneyRef, StartDate, EndDate) VALUES ('97833', 1500076800, 1500163199);
INSERT INTO DayOfOperation (VehicleJourneyRef, StartDate, EndDate) VALUES ('97833', 1500681600, 1500767999);
INSERT INTO DayOfOperation (VehicleJourneyRef, StartDate, EndDate) VALUES ('97833', 1501286400, 1501372799);
INSERT INTO DayOfOperation (VehicleJourneyRef, StartDate, EndDate) VALUES ('97833', 1501891200, 1501977599);
INSERT INTO DayOfOperation (VehicleJourneyRef, StartDate, EndDate) VALUES ('97833', 1502496000, 1502582399);
INSERT INTO DayOfOperation (VehicleJourneyRef, StartDate, EndDate) VALUES ('97833', 1503100800, 1503187199);
INSERT INTO DayOfOperation (VehicleJourneyRef, StartDate, EndDate) VALUES ('97833', 1503705600, 1503791999);
INSERT INTO DayOfOperation (VehicleJourneyRef, StartDate, EndDate) VALUES ('97833', 1504310400, 1504396799);
INSERT INTO DayOfOperation (VehicleJourneyRef, StartDate, EndDate) VALUES ('97833', 1504915200, 1505001599);
INSERT INTO DayOfOperation (VehicleJourneyRef, StartDate, EndDate) VALUES ('97833', 1505520000, 1505606399);
INSERT INTO DayOfOperation (VehicleJourneyRef, StartDate, EndDate) VALUES ('97833', 1506124800, 1506211199);
INSERT INTO DayOfOperation (VehicleJourneyRef, StartDate, EndDate) VALUES ('97833', 1506729600, 1506815999);
INSERT INTO DayOfOperation (VehicleJourneyRef, StartDate, EndDate) VALUES ('97833', 1507334400, 1507420799);
INSERT INTO DayOfOperation (VehicleJourneyRef, StartDate, EndDate) VALUES ('97833', 1507939200, 1508025599);
INSERT INTO DayOfOperation (VehicleJourneyRef, StartDate, EndDate) VALUES ('97833', 1508544000, 1508630399);
INSERT INTO DayOfNonOperation (VehicleJourneyRef, StartDate, EndDate) VALUES ('97833', 1508716800, 2524607999);
INSERT INTO VehicleJourney (VehicleJourneyCode, ServiceRef, LineRef, JourneyPatternRef, OperatorRef, Monday, Tuesday, Wednesday, Thursday, Friday, Saturday, Sunday, DepatureHour, DepatureMinute, DepatureSecond, Note, NoteCode) VALUES ('97834', 'FSACM18', '0', 'JPS_FSACM18-3', 'CAL', 1, 1, 1, 1, 1, 1, 0, 13, 0, 0, '', '');
INSERT INTO DayOfOperation (VehicleJourneyRef, StartDate, EndDate) VALUES ('97834', 1497657600, 1497743999);
INSERT INTO DayOfOperation (VehicleJourneyRef, StartDate, EndDate) VALUES ('97834', 1498262400, 1498348799);
INSERT INTO DayOfOperation (VehicleJourneyRef, StartDate, EndDate) VALUES ('97834', 1498867200, 1498953599);
INSERT INTO DayOfOperation (VehicleJourneyRef, StartDate, EndDate) VALUES ('97834', 1499472000, 1499558399);
INSERT INTO DayOfOperation (VehicleJourneyRef, StartDate, EndDate) VALUES ('97834', 1500076800, 1500163199);
INSERT INTO DayOfOperation (VehicleJourneyRef, StartDate, EndDate) VALUES ('97834', 1500681600, 1500767999);
INSERT INTO DayOfOperation (VehicleJourneyRef, StartDate, EndDate) VALUES ('97834', 1501286400, 1501372799);
INSERT INTO DayOfOperation (VehicleJourneyRef, StartDate, EndDate) VALUES ('97834', 1501891200, 1501977599);
INSERT INTO DayOfOperation (VehicleJourneyRef, StartDate, EndDate) VALUES ('97834', 1502496000, 1502582399);
INSERT INTO DayOfOperation (VehicleJourneyRef, StartDate, EndDate) VALUES ('97834', 1503100800, 1503187199);
INSERT INTO DayOfOperation (VehicleJourneyRef, StartDate, EndDate) VALUES ('97834', 1503705600, 1503791999);
INSERT INTO DayOfOperation (VehicleJourneyRef, StartDate, EndDate) VALUES ('97834', 1504310400, 1504396799);
INSERT INTO DayOfOperation (VehicleJourneyRef, StartDate, EndDate) VALUES ('97834', 1504915200, 1505001599);
INSERT INTO DayOfOperation (VehicleJourneyRef, StartDate, EndDate) VALUES ('97834', 1505520000, 1505606399);
INSERT INTO DayOfOperation (VehicleJourneyRef, StartDate, EndDate) VALUES ('97834', 1506124800, 1506211199);
INSERT INTO DayOfOperation (VehicleJourneyRef, StartDate, EndDate) VALUES ('97834', 1506729600, 1506815999);
INSERT INTO DayOfOperation (VehicleJourneyRef, StartDate, EndDate) VALUES ('97834', 1507334400, 1507420799);
INSERT INTO DayOfOperation (VehicleJourneyRef, StartDate, EndDate) VALUES ('97834', 1507939200, 1508025599);
INSERT INTO DayOfOperation (VehicleJourneyRef, StartDate, EndDate) VALUES ('97834', 1508544000, 1508630399);
INSERT INTO DayOfNonOperation (VehicleJourneyRef, StartDate, EndDate) VALUES ('97834', 1508716800, 2524607999);
INSERT INTO VehicleJourney (VehicleJourneyCode, ServiceRef, LineRef, JourneyPatternRef, OperatorRef, Monday, Tuesday, Wednesday, Thursday, Friday, Saturday, Sunday, DepatureHour, DepatureMinute, DepatureSecond, Note, NoteCode) VALUES ('97835', 'FSACM18', '0', 'JPS_FSACM18-4', 'CAL', 1, 1, 1, 1, 1, 1, 0, 14, 40, 0, '', '');
INSERT INTO DayOfOperation (VehicleJourneyRef, StartDate, EndDate) VALUES ('97835', 1497657600, 1497743999);
INSERT INTO DayOfOperation (VehicleJourneyRef, StartDate, EndDate) VALUES ('97835', 1498262400, 1498348799);
INSERT INTO DayOfOperation (VehicleJourneyRef, StartDate, EndDate) VALUES ('97835', 1498867200, 1498953599);
INSERT INTO DayOfOperation (VehicleJourneyRef, StartDate, EndDate) VALUES ('97835', 1499472000, 1499558399);
INSERT INTO DayOfOperation (VehicleJourneyRef, StartDate, EndDate) VALUES ('97835', 1500076800, 1500163199);
INSERT INTO DayOfOperation (VehicleJourneyRef, StartDate, EndDate) VALUES ('97835', 1500681600, 1500767999);
INSERT INTO DayOfOperation (VehicleJourneyRef, StartDate, EndDate) VALUES ('97835', 1501286400, 1501372799);
INSERT INTO DayOfOperation (VehicleJourneyRef, StartDate, EndDate) VALUES ('97835', 1501891200, 1501977599);
INSERT INTO DayOfOperation (VehicleJourneyRef, StartDate, EndDate) VALUES ('97835', 1502496000, 1502582399);
INSERT INTO DayOfOperation (VehicleJourneyRef, StartDate, EndDate) VALUES ('97835', 1503100800, 1503187199);
INSERT INTO DayOfOperation (VehicleJourneyRef, StartDate, EndDate) VALUES ('97835', 1503705600, 1503791999);
INSERT INTO DayOfOperation (VehicleJourneyRef, StartDate, EndDate) VALUES ('97835', 1504310400, 1504396799);
INSERT INTO DayOfOperation (VehicleJourneyRef, StartDate, EndDate) VALUES ('97835', 1504915200, 1505001599);
INSERT INTO DayOfOperation (VehicleJourneyRef, StartDate, EndDate) VALUES ('97835', 1505520000, 1505606399);
INSERT INTO DayOfOperation (VehicleJourneyRef, StartDate, EndDate) VALUES ('97835', 1506124800, 1506211199);
INSERT INTO DayOfOperation (VehicleJourneyRef, StartDate, EndDate) VALUES ('97835', 1506729600, 1506815999);
INSERT INTO DayOfOperation (VehicleJourneyRef, StartDate, EndDate) VALUES ('97835', 1507334400, 1507420799);
INSERT INTO DayOfOperation (VehicleJourneyRef, StartDate, EndDate) VALUES ('97835', 1507939200, 1508025599);
INSERT INTO DayOfOperation (VehicleJourneyRef, StartDate, EndDate) VALUES ('97835', 1508544000, 1508630399);
INSERT INTO DayOfNonOperation (VehicleJourneyRef, StartDate, EndDate) VALUES ('97835', 1508716800, 2524607999);
INSERT INTO VehicleJourney (VehicleJourneyCode, ServiceRef, LineRef, JourneyPatternRef, OperatorRef, Monday, Tuesday, Wednesday, Thursday, Friday, Saturday, Sunday, DepatureHour, DepatureMinute, DepatureSecond, Note, NoteCode) VALUES ('97836', 'FSACM18', '0', 'JPS_FSACM18-3', 'CAL', 1, 1, 1, 1, 1, 1, 0, 15, 0, 0, '', '');
INSERT INTO DayOfOperation (VehicleJourneyRef, StartDate, EndDate) VALUES ('97836', 1497657600, 1497743999);
INSERT INTO DayOfOperation (VehicleJourneyRef, StartDate, EndDate) VALUES ('97836', 1498262400, 1498348799);
INSERT INTO DayOfOperation (VehicleJourneyRef, StartDate, EndDate) VALUES ('97836', 1498867200, 1498953599);
INSERT INTO DayOfOperation (VehicleJourneyRef, StartDate, EndDate) VALUES ('97836', 1499472000, 1499558399);
INSERT INTO DayOfOperation (VehicleJourneyRef, StartDate, EndDate) VALUES ('97836', 1500076800, 1500163199);
INSERT INTO DayOfOperation (VehicleJourneyRef, StartDate, EndDate) VALUES ('97836', 1500681600, 1500767999);
INSERT INTO DayOfOperation (VehicleJourneyRef, StartDate, EndDate) VALUES ('97836', 1501286400, 1501372799);
INSERT INTO DayOfOperation (VehicleJourneyRef, StartDate, EndDate) VALUES ('97836', 1501891200, 1501977599);
INSERT INTO DayOfOperation (VehicleJourneyRef, StartDate, EndDate) VALUES ('97836', 1502496000, 1502582399);
INSERT INTO DayOfOperation (VehicleJourneyRef, StartDate, EndDate) VALUES ('97836', 1503100800, 1503187199);
INSERT INTO DayOfOperation (VehicleJourneyRef, StartDate, EndDate) VALUES ('97836', 1503705600, 1503791999);
INSERT INTO DayOfOperation (VehicleJourneyRef, StartDate, EndDate) VALUES ('97836', 1504310400, 1504396799);
INSERT INTO DayOfOperation (VehicleJourneyRef, StartDate, EndDate) VALUES ('97836', 1504915200, 1505001599);
INSERT INTO DayOfOperation (VehicleJourneyRef, StartDate, EndDate) VALUES ('97836', 1505520000, 1505606399);
INSERT INTO DayOfOperation (VehicleJourneyRef, StartDate, EndDate) VALUES ('97836', 1506124800, 1506211199);
INSERT INTO DayOfOperation (VehicleJourneyRef, StartDate, EndDate) VALUES ('97836', 1506729600, 1506815999);
INSERT INTO DayOfOperation (VehicleJourneyRef, StartDate, EndDate) VALUES ('97836', 1507334400, 1507420799);
INSERT INTO DayOfOperation (VehicleJourneyRef, StartDate, EndDate) VALUES ('97836', 1507939200, 1508025599);
INSERT INTO DayOfOperation (VehicleJourneyRef, StartDate, EndDate) VALUES ('97836', 1508544000, 1508630399);
INSERT INTO DayOfNonOperation (VehicleJourneyRef, StartDate, EndDate) VALUES ('97836', 1508716800, 2524607999);
INSERT INTO VehicleJourney (VehicleJourneyCode, ServiceRef, LineRef, JourneyPatternRef, OperatorRef, Monday, Tuesday, Wednesday, Thursday, Friday, Saturday, Sunday, DepatureHour, DepatureMinute, DepatureSecond, Note, NoteCode) VALUES ('97837', 'FSACM18', '0', 'JPS_FSACM18-4', 'CAL', 1, 1, 1, 1, 1, 1, 0, 16, 35, 0, '', '');
INSERT INTO DayOfOperation (VehicleJourneyRef, StartDate, EndDate) VALUES ('97837', 1497657600, 1497743999);
INSERT INTO DayOfOperation (VehicleJourneyRef, StartDate, EndDate) VALUES ('97837', 1498262400, 1498348799);
INSERT INTO DayOfOperation (VehicleJourneyRef, StartDate, EndDate) VALUES ('97837', 1498867200, 1498953599);
INSERT INTO DayOfOperation (VehicleJourneyRef, StartDate, EndDate) VALUES ('97837', 1499472000, 1499558399);
INSERT INTO DayOfOperation (VehicleJourneyRef, StartDate, EndDate) VALUES ('97837', 1500076800, 1500163199);
INSERT INTO DayOfOperation (VehicleJourneyRef, StartDate, EndDate) VALUES ('97837', 1500681600, 1500767999);
INSERT INTO DayOfOperation (VehicleJourneyRef, StartDate, EndDate) VALUES ('97837', 1501286400, 1501372799);
INSERT INTO DayOfOperation (VehicleJourneyRef, StartDate, EndDate) VALUES ('97837', 1501891200, 1501977599);
INSERT INTO DayOfOperation (VehicleJourneyRef, StartDate, EndDate) VALUES ('97837', 1502496000, 1502582399);
INSERT INTO DayOfOperation (VehicleJourneyRef, StartDate, EndDate) VALUES ('97837', 1503100800, 1503187199);
INSERT INTO DayOfOperation (VehicleJourneyRef, StartDate, EndDate) VALUES ('97837', 1503705600, 1503791999);
INSERT INTO DayOfOperation (VehicleJourneyRef, StartDate, EndDate) VALUES ('97837', 1504310400, 1504396799);
INSERT INTO DayOfOperation (VehicleJourneyRef, StartDate, EndDate) VALUES ('97837', 1504915200, 1505001599);
INSERT INTO DayOfOperation (VehicleJourneyRef, StartDate, EndDate) VALUES ('97837', 1505520000, 1505606399);
INSERT INTO DayOfOperation (VehicleJourneyRef, StartDate, EndDate) VALUES ('97837', 1506124800, 1506211199);
INSERT INTO DayOfOperation (VehicleJourneyRef, StartDate, EndDate) VALUES ('97837', 1506729600, 1506815999);
INSERT INTO DayOfOperation (VehicleJourneyRef, StartDate, EndDate) VALUES ('97837', 1507334400, 1507420799);
INSERT INTO DayOfOperation (VehicleJourneyRef, StartDate, EndDate) VALUES ('97837', 1507939200, 1508025599);
INSERT INTO DayOfOperation (VehicleJourneyRef, StartDate, EndDate) VALUES ('97837', 1508544000, 1508630399);
INSERT INTO DayOfNonOperation (VehicleJourneyRef, StartDate, EndDate) VALUES ('97837', 1508716800, 2524607999);
INSERT INTO VehicleJourney (VehicleJourneyCode, ServiceRef, LineRef, JourneyPatternRef, OperatorRef, Monday, Tuesday, Wednesday, Thursday, Friday, Saturday, Sunday, DepatureHour, DepatureMinute, DepatureSecond, Note, NoteCode) VALUES ('97838', 'FSACM18', '0', 'JPS_FSACM18-3', 'CAL', 1, 1, 1, 1, 1, 1, 0, 17, 10, 0, '', '');
INSERT INTO DayOfOperation (VehicleJourneyRef, StartDate, EndDate) VALUES ('97838', 1497657600, 1497743999);
INSERT INTO DayOfOperation (VehicleJourneyRef, StartDate, EndDate) VALUES ('97838', 1498262400, 1498348799);
INSERT INTO DayOfOperation (VehicleJourneyRef, StartDate, EndDate) VALUES ('97838', 1498867200, 1498953599);
INSERT INTO DayOfOperation (VehicleJourneyRef, StartDate, EndDate) VALUES ('97838', 1499472000, 1499558399);
INSERT INTO DayOfOperation (VehicleJourneyRef, StartDate, EndDate) VALUES ('97838', 1500076800, 1500163199);
INSERT INTO DayOfOperation (VehicleJourneyRef, StartDate, EndDate) VALUES ('97838', 1500681600, 1500767999);
INSERT INTO DayOfOperation (VehicleJourneyRef, StartDate, EndDate) VALUES ('97838', 1501286400, 1501372799);
INSERT INTO DayOfOperation (VehicleJourneyRef, StartDate, EndDate) VALUES ('97838', 1501891200, 1501977599);
INSERT INTO DayOfOperation (VehicleJourneyRef, StartDate, EndDate) VALUES ('97838', 1502496000, 1502582399);
INSERT INTO DayOfOperation (VehicleJourneyRef, StartDate, EndDate) VALUES ('97838', 1503100800, 1503187199);
INSERT INTO DayOfOperation (VehicleJourneyRef, StartDate, EndDate) VALUES ('97838', 1503705600, 1503791999);
INSERT INTO DayOfOperation (VehicleJourneyRef, StartDate, EndDate) VALUES ('97838', 1504310400, 1504396799);
INSERT INTO DayOfOperation (VehicleJourneyRef, StartDate, EndDate) VALUES ('97838', 1504915200, 1505001599);
INSERT INTO DayOfOperation (VehicleJourneyRef, StartDate, EndDate) VALUES ('97838', 1505520000, 1505606399);
INSERT INTO DayOfOperation (VehicleJourneyRef, StartDate, EndDate) VALUES ('97838', 1506124800, 1506211199);
INSERT INTO DayOfOperation (VehicleJourneyRef, StartDate, EndDate) VALUES ('97838', 1506729600, 1506815999);
INSERT INTO DayOfOperation (VehicleJourneyRef, StartDate, EndDate) VALUES ('97838', 1507334400, 1507420799);
INSERT INTO DayOfOperation (VehicleJourneyRef, StartDate, EndDate) VALUES ('97838', 1507939200, 1508025599);
INSERT INTO DayOfOperation (VehicleJourneyRef, StartDate, EndDate) VALUES ('97838', 1508544000, 1508630399);
INSERT INTO DayOfNonOperation (VehicleJourneyRef, StartDate, EndDate) VALUES ('97838', 1508716800, 2524607999);
INSERT INTO VehicleJourney (VehicleJourneyCode, ServiceRef, LineRef, JourneyPatternRef, OperatorRef, Monday, Tuesday, Wednesday, Thursday, Friday, Saturday, Sunday, DepatureHour, DepatureMinute, DepatureSecond, Note, NoteCode) VALUES ('97839', 'FSACM18', '0', 'JPS_FSACM18-3', 'CAL', 1, 1, 1, 1, 1, 1, 0, 19, 10, 0, '', '');
INSERT INTO DayOfOperation (VehicleJourneyRef, StartDate, EndDate) VALUES ('97839', 1497657600, 1497743999);
INSERT INTO DayOfOperation (VehicleJourneyRef, StartDate, EndDate) VALUES ('97839', 1498262400, 1498348799);
INSERT INTO DayOfOperation (VehicleJourneyRef, StartDate, EndDate) VALUES ('97839', 1498867200, 1498953599);
INSERT INTO DayOfOperation (VehicleJourneyRef, StartDate, EndDate) VALUES ('97839', 1499472000, 1499558399);
INSERT INTO DayOfOperation (VehicleJourneyRef, StartDate, EndDate) VALUES ('97839', 1500076800, 1500163199);
INSERT INTO DayOfOperation (VehicleJourneyRef, StartDate, EndDate) VALUES ('97839', 1500681600, 1500767999);
INSERT INTO DayOfOperation (VehicleJourneyRef, StartDate, EndDate) VALUES ('97839', 1501286400, 1501372799);
INSERT INTO DayOfOperation (VehicleJourneyRef, StartDate, EndDate) VALUES ('97839', 1501891200, 1501977599);
INSERT INTO DayOfOperation (VehicleJourneyRef, StartDate, EndDate) VALUES ('97839', 1502496000, 1502582399);
INSERT INTO DayOfOperation (VehicleJourneyRef, StartDate, EndDate) VALUES ('97839', 1503100800, 1503187199);
INSERT INTO DayOfOperation (VehicleJourneyRef, StartDate, EndDate) VALUES ('97839', 1503705600, 1503791999);
INSERT INTO DayOfOperation (VehicleJourneyRef, StartDate, EndDate) VALUES ('97839', 1504310400, 1504396799);
INSERT INTO DayOfOperation (VehicleJourneyRef, StartDate, EndDate) VALUES ('97839', 1504915200, 1505001599);
INSERT INTO DayOfOperation (VehicleJourneyRef, StartDate, EndDate) VALUES ('97839', 1505520000, 1505606399);
INSERT INTO DayOfOperation (VehicleJourneyRef, StartDate, EndDate) VALUES ('97839', 1506124800, 1506211199);
INSERT INTO DayOfOperation (VehicleJourneyRef, StartDate, EndDate) VALUES ('97839', 1506729600, 1506815999);
INSERT INTO DayOfOperation (VehicleJourneyRef, StartDate, EndDate) VALUES ('97839', 1507334400, 1507420799);
INSERT INTO DayOfOperation (VehicleJourneyRef, StartDate, EndDate) VALUES ('97839', 1507939200, 1508025599);
INSERT INTO DayOfOperation (VehicleJourneyRef, StartDate, EndDate) VALUES ('97839', 1508544000, 1508630399);
INSERT INTO DayOfNonOperation (VehicleJourneyRef, StartDate, EndDate) VALUES ('97839', 1508716800, 2524607999);
INSERT INTO VehicleJourney (VehicleJourneyCode, ServiceRef, LineRef, JourneyPatternRef, OperatorRef, Monday, Tuesday, Wednesday, Thursday, Friday, Saturday, Sunday, DepatureHour, DepatureMinute, DepatureSecond, Note, NoteCode) VALUES ('97844', 'FSACM18', '0', 'JPS_FSACM18-3', 'CAL', 0, 0, 0, 0, 0, 0, 1, 10, 30, 0, '', '');
INSERT INTO DayOfOperation (VehicleJourneyRef, StartDate, EndDate) VALUES ('97844', 1497744000, 1497830399);
INSERT INTO DayOfOperation (VehicleJourneyRef, StartDate, EndDate) VALUES ('97844', 1498348800, 1498435199);
INSERT INTO DayOfOperation (VehicleJourneyRef, StartDate, EndDate) VALUES ('97844', 1498953600, 1499039999);
INSERT INTO DayOfOperation (VehicleJourneyRef, StartDate, EndDate) VALUES ('97844', 1499558400, 1499644799);
INSERT INTO DayOfOperation (VehicleJourneyRef, StartDate, EndDate) VALUES ('97844', 1500163200, 1500249599);
INSERT INTO DayOfOperation (VehicleJourneyRef, StartDate, EndDate) VALUES ('97844', 1500768000, 1500854399);
INSERT INTO DayOfOperation (VehicleJourneyRef, StartDate, EndDate) VALUES ('97844', 1501372800, 1501459199);
INSERT INTO DayOfOperation (VehicleJourneyRef, StartDate, EndDate) VALUES ('97844', 1501977600, 1502063999);
INSERT INTO DayOfOperation (VehicleJourneyRef, StartDate, EndDate) VALUES ('97844', 1502582400, 1502668799);
INSERT INTO DayOfOperation (VehicleJourneyRef, StartDate, EndDate) VALUES ('97844', 1503187200, 1503273599);
INSERT INTO DayOfOperation (VehicleJourneyRef, StartDate, EndDate) VALUES ('97844', 1503792000, 1503878399);
INSERT INTO DayOfOperation (VehicleJourneyRef, StartDate, EndDate) VALUES ('97844', 1504396800, 1504483199);
INSERT INTO DayOfOperation (VehicleJourneyRef, StartDate, EndDate) VALUES ('97844', 1505001600, 1505087999);
INSERT INTO DayOfOperation (VehicleJourneyRef, StartDate, EndDate) VALUES ('97844', 1505606400, 1505692799);
INSERT INTO DayOfOperation (VehicleJourneyRef, StartDate, EndDate) VALUES ('97844', 1506211200, 1506297599);
INSERT INTO DayOfOperation (VehicleJourneyRef, StartDate, EndDate) VALUES ('97844', 1506816000, 1506902399);
INSERT INTO DayOfOperation (VehicleJourneyRef, StartDate, EndDate) VALUES ('97844', 1507420800, 1507507199);
INSERT INTO DayOfOperation (VehicleJourneyRef, StartDate, EndDate) VALUES ('97844', 1508025600, 1508111999);
INSERT INTO DayOfOperation (VehicleJourneyRef, StartDate, EndDate) VALUES ('97844', 1508630400, 1508716799);
INSERT INTO DayOfNonOperation (VehicleJourneyRef, StartDate, EndDate) VALUES ('97844', 1508716800, 2524607999);
INSERT INTO VehicleJourney (VehicleJourneyCode, ServiceRef, LineRef, JourneyPatternRef, OperatorRef, Monday, Tuesday, Wednesday, Thursday, Friday, Saturday, Sunday, DepatureHour, DepatureMinute, DepatureSecond, Note, NoteCode) VALUES ('97845', 'FSACM18', '0', 'JPS_FSACM18-4', 'CAL', 0, 0, 0, 0, 0, 0, 1, 12, 0, 0, '', '');
INSERT INTO DayOfOperation (VehicleJourneyRef, StartDate, EndDate) VALUES ('97845', 1497744000, 1497830399);
INSERT INTO DayOfOperation (VehicleJourneyRef, StartDate, EndDate) VALUES ('97845', 1498348800, 1498435199);
INSERT INTO DayOfOperation (VehicleJourneyRef, StartDate, EndDate) VALUES ('97845', 1498953600, 1499039999);
INSERT INTO DayOfOperation (VehicleJourneyRef, StartDate, EndDate) VALUES ('97845', 1499558400, 1499644799);
INSERT INTO DayOfOperation (VehicleJourneyRef, StartDate, EndDate) VALUES ('97845', 1500163200, 1500249599);
INSERT INTO DayOfOperation (VehicleJourneyRef, StartDate, EndDate) VALUES ('97845', 1500768000, 1500854399);
INSERT INTO DayOfOperation (VehicleJourneyRef, StartDate, EndDate) VALUES ('97845', 1501372800, 1501459199);
INSERT INTO DayOfOperation (VehicleJourneyRef, StartDate, EndDate) VALUES ('97845', 1501977600, 1502063999);
INSERT INTO DayOfOperation (VehicleJourneyRef, StartDate, EndDate) VALUES ('97845', 1502582400, 1502668799);
INSERT INTO DayOfOperation (VehicleJourneyRef, StartDate, EndDate) VALUES ('97845', 1503187200, 1503273599);
INSERT INTO DayOfOperation (VehicleJourneyRef, StartDate, EndDate) VALUES ('97845', 1503792000, 1503878399);
INSERT INTO DayOfOperation (VehicleJourneyRef, StartDate, EndDate) VALUES ('97845', 1504396800, 1504483199);
INSERT INTO DayOfOperation (VehicleJourneyRef, StartDate, EndDate) VALUES ('97845', 1505001600, 1505087999);
INSERT INTO DayOfOperation (VehicleJourneyRef, StartDate, EndDate) VALUES ('97845', 1505606400, 1505692799);
INSERT INTO DayOfOperation (VehicleJourneyRef, StartDate, EndDate) VALUES ('97845', 1506211200, 1506297599);
INSERT INTO DayOfOperation (VehicleJourneyRef, StartDate, EndDate) VALUES ('97845', 1506816000, 1506902399);
INSERT INTO DayOfOperation (VehicleJourneyRef, StartDate, EndDate) VALUES ('97845', 1507420800, 1507507199);
INSERT INTO DayOfOperation (VehicleJourneyRef, StartDate, EndDate) VALUES ('97845', 1508025600, 1508111999);
INSERT INTO DayOfOperation (VehicleJourneyRef, StartDate, EndDate) VALUES ('97845', 1508630400, 1508716799);
INSERT INTO DayOfNonOperation (VehicleJourneyRef, StartDate, EndDate) VALUES ('97845', 1508716800, 2524607999);
INSERT INTO VehicleJourney (VehicleJourneyCode, ServiceRef, LineRef, JourneyPatternRef, OperatorRef, Monday, Tuesday, Wednesday, Thursday, Friday, Saturday, Sunday, DepatureHour, DepatureMinute, DepatureSecond, Note, NoteCode) VALUES ('97846', 'FSACM18', '0', 'JPS_FSACM18-3', 'CAL', 0, 0, 0, 0, 0, 0, 1, 12, 45, 0, '', '');
INSERT INTO DayOfOperation (VehicleJourneyRef, StartDate, EndDate) VALUES ('97846', 1497744000, 1497830399);
INSERT INTO DayOfOperation (VehicleJourneyRef, StartDate, EndDate) VALUES ('97846', 1498348800, 1498435199);
INSERT INTO DayOfOperation (VehicleJourneyRef, StartDate, EndDate) VALUES ('97846', 1498953600, 1499039999);
INSERT INTO DayOfOperation (VehicleJourneyRef, StartDate, EndDate) VALUES ('97846', 1499558400, 1499644799);
INSERT INTO DayOfOperation (VehicleJourneyRef, StartDate, EndDate) VALUES ('97846', 1500163200, 1500249599);
INSERT INTO DayOfOperation (VehicleJourneyRef, StartDate, EndDate) VALUES ('97846', 1500768000, 1500854399);
INSERT INTO DayOfOperation (VehicleJourneyRef, StartDate, EndDate) VALUES ('97846', 1501372800, 1501459199);
INSERT INTO DayOfOperation (VehicleJourneyRef, StartDate, EndDate) VALUES ('97846', 1501977600, 1502063999);
INSERT INTO DayOfOperation (VehicleJourneyRef, StartDate, EndDate) VALUES ('97846', 1502582400, 1502668799);
INSERT INTO DayOfOperation (VehicleJourneyRef, StartDate, EndDate) VALUES ('97846', 1503187200, 1503273599);
INSERT INTO DayOfOperation (VehicleJourneyRef, StartDate, EndDate) VALUES ('97846', 1503792000, 1503878399);
INSERT INTO DayOfOperation (VehicleJourneyRef, StartDate, EndDate) VALUES ('97846', 1504396800, 1504483199);
INSERT INTO DayOfOperation (VehicleJourneyRef, StartDate, EndDate) VALUES ('97846', 1505001600, 1505087999);
INSERT INTO DayOfOperation (VehicleJourneyRef, StartDate, EndDate) VALUES ('97846', 1505606400, 1505692799);
INSERT INTO DayOfOperation (VehicleJourneyRef, StartDate, EndDate) VALUES ('97846', 1506211200, 1506297599);
INSERT INTO DayOfOperation (VehicleJourneyRef, StartDate, EndDate) VALUES ('97846', 1506816000, 1506902399);
INSERT INTO DayOfOperation (VehicleJourneyRef, StartDate, EndDate) VALUES ('97846', 1507420800, 1507507199);
INSERT INTO DayOfOperation (VehicleJourneyRef, StartDate, EndDate) VALUES ('97846', 1508025600, 1508111999);
INSERT INTO DayOfOperation (VehicleJourneyRef, StartDate, EndDate) VALUES ('97846', 1508630400, 1508716799);
INSERT INTO DayOfNonOperation (VehicleJourneyRef, StartDate, EndDate) VALUES ('97846', 1508716800, 2524607999);
INSERT INTO VehicleJourney (VehicleJourneyCode, ServiceRef, LineRef, JourneyPatternRef, OperatorRef, Monday, Tuesday, Wednesday, Thursday, Friday, Saturday, Sunday, DepatureHour, DepatureMinute, DepatureSecond, Note, NoteCode) VALUES ('97847', 'FSACM18', '0', 'JPS_FSACM18-4', 'CAL', 0, 0, 0, 0, 0, 0, 1, 14, 5, 0, '', '');
INSERT INTO DayOfOperation (VehicleJourneyRef, StartDate, EndDate) VALUES ('97847', 1497744000, 1497830399);
INSERT INTO DayOfOperation (VehicleJourneyRef, StartDate, EndDate) VALUES ('97847', 1498348800, 1498435199);
INSERT INTO DayOfOperation (VehicleJourneyRef, StartDate, EndDate) VALUES ('97847', 1498953600, 1499039999);
INSERT INTO DayOfOperation (VehicleJourneyRef, StartDate, EndDate) VALUES ('97847', 1499558400, 1499644799);
INSERT INTO DayOfOperation (VehicleJourneyRef, StartDate, EndDate) VALUES ('97847', 1500163200, 1500249599);
INSERT INTO DayOfOperation (VehicleJourneyRef, StartDate, EndDate) VALUES ('97847', 1500768000, 1500854399);
INSERT INTO DayOfOperation (VehicleJourneyRef, StartDate, EndDate) VALUES ('97847', 1501372800, 1501459199);
INSERT INTO DayOfOperation (VehicleJourneyRef, StartDate, EndDate) VALUES ('97847', 1501977600, 1502063999);
INSERT INTO DayOfOperation (VehicleJourneyRef, StartDate, EndDate) VALUES ('97847', 1502582400, 1502668799);
INSERT INTO DayOfOperation (VehicleJourneyRef, StartDate, EndDate) VALUES ('97847', 1503187200, 1503273599);
INSERT INTO DayOfOperation (VehicleJourneyRef, StartDate, EndDate) VALUES ('97847', 1503792000, 1503878399);
INSERT INTO DayOfOperation (VehicleJourneyRef, StartDate, EndDate) VALUES ('97847', 1504396800, 1504483199);
INSERT INTO DayOfOperation (VehicleJourneyRef, StartDate, EndDate) VALUES ('97847', 1505001600, 1505087999);
INSERT INTO DayOfOperation (VehicleJourneyRef, StartDate, EndDate) VALUES ('97847', 1505606400, 1505692799);
INSERT INTO DayOfOperation (VehicleJourneyRef, StartDate, EndDate) VALUES ('97847', 1506211200, 1506297599);
INSERT INTO DayOfOperation (VehicleJourneyRef, StartDate, EndDate) VALUES ('97847', 1506816000, 1506902399);
INSERT INTO DayOfOperation (VehicleJourneyRef, StartDate, EndDate) VALUES ('97847', 1507420800, 1507507199);
INSERT INTO DayOfOperation (VehicleJourneyRef, StartDate, EndDate) VALUES ('97847', 1508025600, 1508111999);
INSERT INTO DayOfOperation (VehicleJourneyRef, StartDate, EndDate) VALUES ('97847', 1508630400, 1508716799);
INSERT INTO DayOfNonOperation (VehicleJourneyRef, StartDate, EndDate) VALUES ('97847', 1508716800, 2524607999);
INSERT INTO VehicleJourney (VehicleJourneyCode, ServiceRef, LineRef, JourneyPatternRef, OperatorRef, Monday, Tuesday, Wednesday, Thursday, Friday, Saturday, Sunday, DepatureHour, DepatureMinute, DepatureSecond, Note, NoteCode) VALUES ('97848', 'FSACM18', '0', 'JPS_FSACM18-3', 'CAL', 0, 0, 0, 0, 0, 0, 1, 17, 0, 0, '', '');
INSERT INTO DayOfOperation (VehicleJourneyRef, StartDate, EndDate) VALUES ('97848', 1497744000, 1497830399);
INSERT INTO DayOfOperation (VehicleJourneyRef, StartDate, EndDate) VALUES ('97848', 1498348800, 1498435199);
INSERT INTO DayOfOperation (VehicleJourneyRef, StartDate, EndDate) VALUES ('97848', 1498953600, 1499039999);
INSERT INTO DayOfOperation (VehicleJourneyRef, StartDate, EndDate) VALUES ('97848', 1499558400, 1499644799);
INSERT INTO DayOfOperation (VehicleJourneyRef, StartDate, EndDate) VALUES ('97848', 1500163200, 1500249599);
INSERT INTO DayOfOperation (VehicleJourneyRef, StartDate, EndDate) VALUES ('97848', 1500768000, 1500854399);
INSERT INTO DayOfOperation (VehicleJourneyRef, StartDate, EndDate) VALUES ('97848', 1501372800, 1501459199);
INSERT INTO DayOfOperation (VehicleJourneyRef, StartDate, EndDate) VALUES ('97848', 1501977600, 1502063999);
INSERT INTO DayOfOperation (VehicleJourneyRef, StartDate, EndDate) VALUES ('97848', 1502582400, 1502668799);
INSERT INTO DayOfOperation (VehicleJourneyRef, StartDate, EndDate) VALUES ('97848', 1503187200, 1503273599);
INSERT INTO DayOfOperation (VehicleJourneyRef, StartDate, EndDate) VALUES ('97848', 1503792000, 1503878399);
INSERT INTO DayOfOperation (VehicleJourneyRef, StartDate, EndDate) VALUES ('97848', 1504396800, 1504483199);
INSERT INTO DayOfOperation (VehicleJourneyRef, StartDate, EndDate) VALUES ('97848', 1505001600, 1505087999);
INSERT INTO DayOfOperation (VehicleJourneyRef, StartDate, EndDate) VALUES ('97848', 1505606400, 1505692799);
INSERT INTO DayOfOperation (VehicleJourneyRef, StartDate, EndDate) VALUES ('97848', 1506211200, 1506297599);
INSERT INTO DayOfOperation (VehicleJourneyRef, StartDate, EndDate) VALUES ('97848', 1506816000, 1506902399);
INSERT INTO DayOfOperation (VehicleJourneyRef, StartDate, EndDate) VALUES ('97848', 1507420800, 1507507199);
INSERT INTO DayOfOperation (VehicleJourneyRef, StartDate, EndDate) VALUES ('97848', 1508025600, 1508111999);
INSERT INTO DayOfOperation (VehicleJourneyRef, StartDate, EndDate) VALUES ('97848', 1508630400, 1508716799);
INSERT INTO DayOfNonOperation (VehicleJourneyRef, StartDate, EndDate) VALUES ('97848', 1508716800, 2524607999);
INSERT INTO VehicleJourney (VehicleJourneyCode, ServiceRef, LineRef, JourneyPatternRef, OperatorRef, Monday, Tuesday, Wednesday, Thursday, Friday, Saturday, Sunday, DepatureHour, DepatureMinute, DepatureSecond, Note, NoteCode) VALUES ('97849', 'FSACM18', '0', 'JPS_FSACM18-3', 'CAL', 0, 0, 0, 0, 0, 0, 1, 19, 0, 0, '', '');
INSERT INTO DayOfOperation (VehicleJourneyRef, StartDate, EndDate) VALUES ('97849', 1497744000, 1497830399);
INSERT INTO DayOfOperation (VehicleJourneyRef, StartDate, EndDate) VALUES ('97849', 1498348800, 1498435199);
INSERT INTO DayOfOperation (VehicleJourneyRef, StartDate, EndDate) VALUES ('97849', 1498953600, 1499039999);
INSERT INTO DayOfOperation (VehicleJourneyRef, StartDate, EndDate) VALUES ('97849', 1499558400, 1499644799);
INSERT INTO DayOfOperation (VehicleJourneyRef, StartDate, EndDate) VALUES ('97849', 1500163200, 1500249599);
INSERT INTO DayOfOperation (VehicleJourneyRef, StartDate, EndDate) VALUES ('97849', 1500768000, 1500854399);
INSERT INTO DayOfOperation (VehicleJourneyRef, StartDate, EndDate) VALUES ('97849', 1501372800, 1501459199);
INSERT INTO DayOfOperation (VehicleJourneyRef, StartDate, EndDate) VALUES ('97849', 1501977600, 1502063999);
INSERT INTO DayOfOperation (VehicleJourneyRef, StartDate, EndDate) VALUES ('97849', 1502582400, 1502668799);
INSERT INTO DayOfOperation (VehicleJourneyRef, StartDate, EndDate) VALUES ('97849', 1503187200, 1503273599);
INSERT INTO DayOfOperation (VehicleJourneyRef, StartDate, EndDate) VALUES ('97849', 1503792000, 1503878399);
INSERT INTO DayOfOperation (VehicleJourneyRef, StartDate, EndDate) VALUES ('97849', 1504396800, 1504483199);
INSERT INTO DayOfOperation (VehicleJourneyRef, StartDate, EndDate) VALUES ('97849', 1505001600, 1505087999);
INSERT INTO DayOfOperation (VehicleJourneyRef, StartDate, EndDate) VALUES ('97849', 1505606400, 1505692799);
INSERT INTO DayOfOperation (VehicleJourneyRef, StartDate, EndDate) VALUES ('97849', 1506211200, 1506297599);
INSERT INTO DayOfOperation (VehicleJourneyRef, StartDate, EndDate) VALUES ('97849', 1506816000, 1506902399);
INSERT INTO DayOfOperation (VehicleJourneyRef, StartDate, EndDate) VALUES ('97849', 1507420800, 1507507199);
INSERT INTO DayOfOperation (VehicleJourneyRef, StartDate, EndDate) VALUES ('97849', 1508025600, 1508111999);
INSERT INTO DayOfOperation (VehicleJourneyRef, StartDate, EndDate) VALUES ('97849', 1508630400, 1508716799);
INSERT INTO DayOfNonOperation (VehicleJourneyRef, StartDate, EndDate) VALUES ('97849', 1508716800, 2524607999);
INSERT INTO VehicleJourney (VehicleJourneyCode, ServiceRef, LineRef, JourneyPatternRef, OperatorRef, Monday, Tuesday, Wednesday, Thursday, Friday, Saturday, Sunday, DepatureHour, DepatureMinute, DepatureSecond, Note, NoteCode) VALUES ('97851', 'FSACM18', '0', 'JPS_FSACM18-5', 'CAL', 1, 1, 1, 1, 1, 1, 0, 7, 40, 0, '', '');
INSERT INTO DayOfOperation (VehicleJourneyRef, StartDate, EndDate) VALUES ('97851', 1497657600, 1497743999);
INSERT INTO DayOfOperation (VehicleJourneyRef, StartDate, EndDate) VALUES ('97851', 1498262400, 1498348799);
INSERT INTO DayOfOperation (VehicleJourneyRef, StartDate, EndDate) VALUES ('97851', 1498867200, 1498953599);
INSERT INTO DayOfOperation (VehicleJourneyRef, StartDate, EndDate) VALUES ('97851', 1499472000, 1499558399);
INSERT INTO DayOfOperation (VehicleJourneyRef, StartDate, EndDate) VALUES ('97851', 1500076800, 1500163199);
INSERT INTO DayOfOperation (VehicleJourneyRef, StartDate, EndDate) VALUES ('97851', 1500681600, 1500767999);
INSERT INTO DayOfOperation (VehicleJourneyRef, StartDate, EndDate) VALUES ('97851', 1501286400, 1501372799);
INSERT INTO DayOfOperation (VehicleJourneyRef, StartDate, EndDate) VALUES ('97851', 1501891200, 1501977599);
INSERT INTO DayOfOperation (VehicleJourneyRef, StartDate, EndDate) VALUES ('97851', 1502496000, 1502582399);
INSERT INTO DayOfOperation (VehicleJourneyRef, StartDate, EndDate) VALUES ('97851', 1503100800, 1503187199);
INSERT INTO DayOfOperation (VehicleJourneyRef, StartDate, EndDate) VALUES ('97851', 1503705600, 1503791999);
INSERT INTO DayOfOperation (VehicleJourneyRef, StartDate, EndDate) VALUES ('97851', 1504310400, 1504396799);
INSERT INTO DayOfOperation (VehicleJourneyRef, StartDate, EndDate) VALUES ('97851', 1504915200, 1505001599);
INSERT INTO DayOfOperation (VehicleJourneyRef, StartDate, EndDate) VALUES ('97851', 1505520000, 1505606399);
INSERT INTO DayOfOperation (VehicleJourneyRef, StartDate, EndDate) VALUES ('97851', 1506124800, 1506211199);
INSERT INTO DayOfOperation (VehicleJourneyRef, StartDate, EndDate) VALUES ('97851', 1506729600, 1506815999);
INSERT INTO DayOfOperation (VehicleJourneyRef, StartDate, EndDate) VALUES ('97851', 1507334400, 1507420799);
INSERT INTO DayOfOperation (VehicleJourneyRef, StartDate, EndDate) VALUES ('97851', 1507939200, 1508025599);
INSERT INTO DayOfOperation (VehicleJourneyRef, StartDate, EndDate) VALUES ('97851', 1508544000, 1508630399);
INSERT INTO DayOfNonOperation (VehicleJourneyRef, StartDate, EndDate) VALUES ('97851', 1508716800, 2524607999);
INSERT INTO VehicleJourney (VehicleJourneyCode, ServiceRef, LineRef, JourneyPatternRef, OperatorRef, Monday, Tuesday, Wednesday, Thursday, Friday, Saturday, Sunday, DepatureHour, DepatureMinute, DepatureSecond, Note, NoteCode) VALUES ('97852', 'FSACM18', '0', 'JPS_FSACM18-6', 'CAL', 1, 1, 1, 1, 1, 1, 0, 9, 40, 0, '', '');
INSERT INTO DayOfOperation (VehicleJourneyRef, StartDate, EndDate) VALUES ('97852', 1497657600, 1497743999);
INSERT INTO DayOfOperation (VehicleJourneyRef, StartDate, EndDate) VALUES ('97852', 1498262400, 1498348799);
INSERT INTO DayOfOperation (VehicleJourneyRef, StartDate, EndDate) VALUES ('97852', 1498867200, 1498953599);
INSERT INTO DayOfOperation (VehicleJourneyRef, StartDate, EndDate) VALUES ('97852', 1499472000, 1499558399);
INSERT INTO DayOfOperation (VehicleJourneyRef, StartDate, EndDate) VALUES ('97852', 1500076800, 1500163199);
INSERT INTO DayOfOperation (VehicleJourneyRef, StartDate, EndDate) VALUES ('97852', 1500681600, 1500767999);
INSERT INTO DayOfOperation (VehicleJourneyRef, StartDate, EndDate) VALUES ('97852', 1501286400, 1501372799);
INSERT INTO DayOfOperation (VehicleJourneyRef, StartDate, EndDate) VALUES ('97852', 1501891200, 1501977599);
INSERT INTO DayOfOperation (VehicleJourneyRef, StartDate, EndDate) VALUES ('97852', 1502496000, 1502582399);
INSERT INTO DayOfOperation (VehicleJourneyRef, StartDate, EndDate) VALUES ('97852', 1503100800, 1503187199);
INSERT INTO DayOfOperation (VehicleJourneyRef, StartDate, EndDate) VALUES ('97852', 1503705600, 1503791999);
INSERT INTO DayOfOperation (VehicleJourneyRef, StartDate, EndDate) VALUES ('97852', 1504310400, 1504396799);
INSERT INTO DayOfOperation (VehicleJourneyRef, StartDate, EndDate) VALUES ('97852', 1504915200, 1505001599);
INSERT INTO DayOfOperation (VehicleJourneyRef, StartDate, EndDate) VALUES ('97852', 1505520000, 1505606399);
INSERT INTO DayOfOperation (VehicleJourneyRef, StartDate, EndDate) VALUES ('97852', 1506124800, 1506211199);
INSERT INTO DayOfOperation (VehicleJourneyRef, StartDate, EndDate) VALUES ('97852', 1506729600, 1506815999);
INSERT INTO DayOfOperation (VehicleJourneyRef, StartDate, EndDate) VALUES ('97852', 1507334400, 1507420799);
INSERT INTO DayOfOperation (VehicleJourneyRef, StartDate, EndDate) VALUES ('97852', 1507939200, 1508025599);
INSERT INTO DayOfOperation (VehicleJourneyRef, StartDate, EndDate) VALUES ('97852', 1508544000, 1508630399);
INSERT INTO DayOfNonOperation (VehicleJourneyRef, StartDate, EndDate) VALUES ('97852', 1508716800, 2524607999);
INSERT INTO VehicleJourney (VehicleJourneyCode, ServiceRef, LineRef, JourneyPatternRef, OperatorRef, Monday, Tuesday, Wednesday, Thursday, Friday, Saturday, Sunday, DepatureHour, DepatureMinute, DepatureSecond, Note, NoteCode) VALUES ('97853', 'FSACM18', '0', 'JPS_FSACM18-7', 'CAL', 1, 1, 1, 1, 1, 1, 0, 11, 0, 0, '', '');
INSERT INTO DayOfOperation (VehicleJourneyRef, StartDate, EndDate) VALUES ('97853', 1497657600, 1497743999);
INSERT INTO DayOfOperation (VehicleJourneyRef, StartDate, EndDate) VALUES ('97853', 1498262400, 1498348799);
INSERT INTO DayOfOperation (VehicleJourneyRef, StartDate, EndDate) VALUES ('97853', 1498867200, 1498953599);
INSERT INTO DayOfOperation (VehicleJourneyRef, StartDate, EndDate) VALUES ('97853', 1499472000, 1499558399);
INSERT INTO DayOfOperation (VehicleJourneyRef, StartDate, EndDate) VALUES ('97853', 1500076800, 1500163199);
INSERT INTO DayOfOperation (VehicleJourneyRef, StartDate, EndDate) VALUES ('97853', 1500681600, 1500767999);
INSERT INTO DayOfOperation (VehicleJourneyRef, StartDate, EndDate) VALUES ('97853', 1501286400, 1501372799);
INSERT INTO DayOfOperation (VehicleJourneyRef, StartDate, EndDate) VALUES ('97853', 1501891200, 1501977599);
INSERT INTO DayOfOperation (VehicleJourneyRef, StartDate, EndDate) VALUES ('97853', 1502496000, 1502582399);
INSERT INTO DayOfOperation (VehicleJourneyRef, StartDate, EndDate) VALUES ('97853', 1503100800, 1503187199);
INSERT INTO DayOfOperation (VehicleJourneyRef, StartDate, EndDate) VALUES ('97853', 1503705600, 1503791999);
INSERT INTO DayOfOperation (VehicleJourneyRef, StartDate, EndDate) VALUES ('97853', 1504310400, 1504396799);
INSERT INTO DayOfOperation (VehicleJourneyRef, StartDate, EndDate) VALUES ('97853', 1504915200, 1505001599);
INSERT INTO DayOfOperation (VehicleJourneyRef, StartDate, EndDate) VALUES ('97853', 1505520000, 1505606399);
INSERT INTO DayOfOperation (VehicleJourneyRef, StartDate, EndDate) VALUES ('97853', 1506124800, 1506211199);
INSERT INTO DayOfOperation (VehicleJourneyRef, StartDate, EndDate) VALUES ('97853', 1506729600, 1506815999);
INSERT INTO DayOfOperation (VehicleJourneyRef, StartDate, EndDate) VALUES ('97853', 1507334400, 1507420799);
INSERT INTO DayOfOperation (VehicleJourneyRef, StartDate, EndDate) VALUES ('97853', 1507939200, 1508025599);
INSERT INTO DayOfOperation (VehicleJourneyRef, StartDate, EndDate) VALUES ('97853', 1508544000, 1508630399);
INSERT INTO DayOfNonOperation (VehicleJourneyRef, StartDate, EndDate) VALUES ('97853', 1508716800, 2524607999);
INSERT INTO VehicleJourney (VehicleJourneyCode, ServiceRef, LineRef, JourneyPatternRef, OperatorRef, Monday, Tuesday, Wednesday, Thursday, Friday, Saturday, Sunday, DepatureHour, DepatureMinute, DepatureSecond, Note, NoteCode) VALUES ('97854', 'FSACM18', '0', 'JPS_FSACM18-6', 'CAL', 1, 1, 1, 1, 1, 1, 0, 12, 0, 0, '', '');
INSERT INTO DayOfOperation (VehicleJourneyRef, StartDate, EndDate) VALUES ('97854', 1497657600, 1497743999);
INSERT INTO DayOfOperation (VehicleJourneyRef, StartDate, EndDate) VALUES ('97854', 1498262400, 1498348799);
INSERT INTO DayOfOperation (VehicleJourneyRef, StartDate, EndDate) VALUES ('97854', 1498867200, 1498953599);
INSERT INTO DayOfOperation (VehicleJourneyRef, StartDate, EndDate) VALUES ('97854', 1499472000, 1499558399);
INSERT INTO DayOfOperation (VehicleJourneyRef, StartDate, EndDate) VALUES ('97854', 1500076800, 1500163199);
INSERT INTO DayOfOperation (VehicleJourneyRef, StartDate, EndDate) VALUES ('97854', 1500681600, 1500767999);
INSERT INTO DayOfOperation (VehicleJourneyRef, StartDate, EndDate) VALUES ('97854', 1501286400, 1501372799);
INSERT INTO DayOfOperation (VehicleJourneyRef, StartDate, EndDate) VALUES ('97854', 1501891200, 1501977599);
INSERT INTO DayOfOperation (VehicleJourneyRef, StartDate, EndDate) VALUES ('97854', 1502496000, 1502582399);
INSERT INTO DayOfOperation (VehicleJourneyRef, StartDate, EndDate) VALUES ('97854', 1503100800, 1503187199);
INSERT INTO DayOfOperation (VehicleJourneyRef, StartDate, EndDate) VALUES ('97854', 1503705600, 1503791999);
INSERT INTO DayOfOperation (VehicleJourneyRef, StartDate, EndDate) VALUES ('97854', 1504310400, 1504396799);
INSERT INTO DayOfOperation (VehicleJourneyRef, StartDate, EndDate) VALUES ('97854', 1504915200, 1505001599);
INSERT INTO DayOfOperation (VehicleJourneyRef, StartDate, EndDate) VALUES ('97854', 1505520000, 1505606399);
INSERT INTO DayOfOperation (VehicleJourneyRef, StartDate, EndDate) VALUES ('97854', 1506124800, 1506211199);
INSERT INTO DayOfOperation (VehicleJourneyRef, StartDate, EndDate) VALUES ('97854', 1506729600, 1506815999);
INSERT INTO DayOfOperation (VehicleJourneyRef, StartDate, EndDate) VALUES ('97854', 1507334400, 1507420799);
INSERT INTO DayOfOperation (VehicleJourneyRef, StartDate, EndDate) VALUES ('97854', 1507939200, 1508025599);
INSERT INTO DayOfOperation (VehicleJourneyRef, StartDate, EndDate) VALUES ('97854', 1508544000, 1508630399);
INSERT INTO DayOfNonOperation (VehicleJourneyRef, StartDate, EndDate) VALUES ('97854', 1508716800, 2524607999);
INSERT INTO VehicleJourney (VehicleJourneyCode, ServiceRef, LineRef, JourneyPatternRef, OperatorRef, Monday, Tuesday, Wednesday, Thursday, Friday, Saturday, Sunday, DepatureHour, DepatureMinute, DepatureSecond, Note, NoteCode) VALUES ('97855', 'FSACM18', '0', 'JPS_FSACM18-7', 'CAL', 1, 1, 1, 1, 1, 1, 0, 13, 30, 0, '', '');
INSERT INTO DayOfOperation (VehicleJourneyRef, StartDate, EndDate) VALUES ('97855', 1497657600, 1497743999);
INSERT INTO DayOfOperation (VehicleJourneyRef, StartDate, EndDate) VALUES ('97855', 1498262400, 1498348799);
INSERT INTO DayOfOperation (VehicleJourneyRef, StartDate, EndDate) VALUES ('97855', 1498867200, 1498953599);
INSERT INTO DayOfOperation (VehicleJourneyRef, StartDate, EndDate) VALUES ('97855', 1499472000, 1499558399);
INSERT INTO DayOfOperation (VehicleJourneyRef, StartDate, EndDate) VALUES ('97855', 1500076800, 1500163199);
INSERT INTO DayOfOperation (VehicleJourneyRef, StartDate, EndDate) VALUES ('97855', 1500681600, 1500767999);
INSERT INTO DayOfOperation (VehicleJourneyRef, StartDate, EndDate) VALUES ('97855', 1501286400, 1501372799);
INSERT INTO DayOfOperation (VehicleJourneyRef, StartDate, EndDate) VALUES ('97855', 1501891200, 1501977599);
INSERT INTO DayOfOperation (VehicleJourneyRef, StartDate, EndDate) VALUES ('97855', 1502496000, 1502582399);
INSERT INTO DayOfOperation (VehicleJourneyRef, StartDate, EndDate) VALUES ('97855', 1503100800, 1503187199);
INSERT INTO DayOfOperation (VehicleJourneyRef, StartDate, EndDate) VALUES ('97855', 1503705600, 1503791999);
INSERT INTO DayOfOperation (VehicleJourneyRef, StartDate, EndDate) VALUES ('97855', 1504310400, 1504396799);
INSERT INTO DayOfOperation (VehicleJourneyRef, StartDate, EndDate) VALUES ('97855', 1504915200, 1505001599);
INSERT INTO DayOfOperation (VehicleJourneyRef, StartDate, EndDate) VALUES ('97855', 1505520000, 1505606399);
INSERT INTO DayOfOperation (VehicleJourneyRef, StartDate, EndDate) VALUES ('97855', 1506124800, 1506211199);
INSERT INTO DayOfOperation (VehicleJourneyRef, StartDate, EndDate) VALUES ('97855', 1506729600, 1506815999);
INSERT INTO DayOfOperation (VehicleJourneyRef, StartDate, EndDate) VALUES ('97855', 1507334400, 1507420799);
INSERT INTO DayOfOperation (VehicleJourneyRef, StartDate, EndDate) VALUES ('97855', 1507939200, 1508025599);
INSERT INTO DayOfOperation (VehicleJourneyRef, StartDate, EndDate) VALUES ('97855', 1508544000, 1508630399);
INSERT INTO DayOfNonOperation (VehicleJourneyRef, StartDate, EndDate) VALUES ('97855', 1508716800, 2524607999);
INSERT INTO VehicleJourney (VehicleJourneyCode, ServiceRef, LineRef, JourneyPatternRef, OperatorRef, Monday, Tuesday, Wednesday, Thursday, Friday, Saturday, Sunday, DepatureHour, DepatureMinute, DepatureSecond, Note, NoteCode) VALUES ('97856', 'FSACM18', '0', 'JPS_FSACM18-6', 'CAL', 1, 1, 1, 1, 1, 1, 0, 14, 0, 0, '', '');
INSERT INTO DayOfOperation (VehicleJourneyRef, StartDate, EndDate) VALUES ('97856', 1497657600, 1497743999);
INSERT INTO DayOfOperation (VehicleJourneyRef, StartDate, EndDate) VALUES ('97856', 1498262400, 1498348799);
INSERT INTO DayOfOperation (VehicleJourneyRef, StartDate, EndDate) VALUES ('97856', 1498867200, 1498953599);
INSERT INTO DayOfOperation (VehicleJourneyRef, StartDate, EndDate) VALUES ('97856', 1499472000, 1499558399);
INSERT INTO DayOfOperation (VehicleJourneyRef, StartDate, EndDate) VALUES ('97856', 1500076800, 1500163199);
INSERT INTO DayOfOperation (VehicleJourneyRef, StartDate, EndDate) VALUES ('97856', 1500681600, 1500767999);
INSERT INTO DayOfOperation (VehicleJourneyRef, StartDate, EndDate) VALUES ('97856', 1501286400, 1501372799);
INSERT INTO DayOfOperation (VehicleJourneyRef, StartDate, EndDate) VALUES ('97856', 1501891200, 1501977599);
INSERT INTO DayOfOperation (VehicleJourneyRef, StartDate, EndDate) VALUES ('97856', 1502496000, 1502582399);
INSERT INTO DayOfOperation (VehicleJourneyRef, StartDate, EndDate) VALUES ('97856', 1503100800, 1503187199);
INSERT INTO DayOfOperation (VehicleJourneyRef, StartDate, EndDate) VALUES ('97856', 1503705600, 1503791999);
INSERT INTO DayOfOperation (VehicleJourneyRef, StartDate, EndDate) VALUES ('97856', 1504310400, 1504396799);
INSERT INTO DayOfOperation (VehicleJourneyRef, StartDate, EndDate) VALUES ('97856', 1504915200, 1505001599);
INSERT INTO DayOfOperation (VehicleJourneyRef, StartDate, EndDate) VALUES ('97856', 1505520000, 1505606399);
INSERT INTO DayOfOperation (VehicleJourneyRef, StartDate, EndDate) VALUES ('97856', 1506124800, 1506211199);
INSERT INTO DayOfOperation (VehicleJourneyRef, StartDate, EndDate) VALUES ('97856', 1506729600, 1506815999);
INSERT INTO DayOfOperation (VehicleJourneyRef, StartDate, EndDate) VALUES ('97856', 1507334400, 1507420799);
INSERT INTO DayOfOperation (VehicleJourneyRef, StartDate, EndDate) VALUES ('97856', 1507939200, 1508025599);
INSERT INTO DayOfOperation (VehicleJourneyRef, StartDate, EndDate) VALUES ('97856', 1508544000, 1508630399);
INSERT INTO DayOfNonOperation (VehicleJourneyRef, StartDate, EndDate) VALUES ('97856', 1508716800, 2524607999);
INSERT INTO VehicleJourney (VehicleJourneyCode, ServiceRef, LineRef, JourneyPatternRef, OperatorRef, Monday, Tuesday, Wednesday, Thursday, Friday, Saturday, Sunday, DepatureHour, DepatureMinute, DepatureSecond, Note, NoteCode) VALUES ('97857', 'FSACM18', '0', 'JPS_FSACM18-7', 'CAL', 1, 1, 1, 1, 1, 1, 0, 15, 20, 0, '', '');
INSERT INTO DayOfOperation (VehicleJourneyRef, StartDate, EndDate) VALUES ('97857', 1497657600, 1497743999);
INSERT INTO DayOfOperation (VehicleJourneyRef, StartDate, EndDate) VALUES ('97857', 1498262400, 1498348799);
INSERT INTO DayOfOperation (VehicleJourneyRef, StartDate, EndDate) VALUES ('97857', 1498867200, 1498953599);
INSERT INTO DayOfOperation (VehicleJourneyRef, StartDate, EndDate) VALUES ('97857', 1499472000, 1499558399);
INSERT INTO DayOfOperation (VehicleJourneyRef, StartDate, EndDate) VALUES ('97857', 1500076800, 1500163199);
INSERT INTO DayOfOperation (VehicleJourneyRef, StartDate, EndDate) VALUES ('97857', 1500681600, 1500767999);
INSERT INTO DayOfOperation (VehicleJourneyRef, StartDate, EndDate) VALUES ('97857', 1501286400, 1501372799);
INSERT INTO DayOfOperation (VehicleJourneyRef, StartDate, EndDate) VALUES ('97857', 1501891200, 1501977599);
INSERT INTO DayOfOperation (VehicleJourneyRef, StartDate, EndDate) VALUES ('97857', 1502496000, 1502582399);
INSERT INTO DayOfOperation (VehicleJourneyRef, StartDate, EndDate) VALUES ('97857', 1503100800, 1503187199);
INSERT INTO DayOfOperation (VehicleJourneyRef, StartDate, EndDate) VALUES ('97857', 1503705600, 1503791999);
INSERT INTO DayOfOperation (VehicleJourneyRef, StartDate, EndDate) VALUES ('97857', 1504310400, 1504396799);
INSERT INTO DayOfOperation (VehicleJourneyRef, StartDate, EndDate) VALUES ('97857', 1504915200, 1505001599);
INSERT INTO DayOfOperation (VehicleJourneyRef, StartDate, EndDate) VALUES ('97857', 1505520000, 1505606399);
INSERT INTO DayOfOperation (VehicleJourneyRef, StartDate, EndDate) VALUES ('97857', 1506124800, 1506211199);
INSERT INTO DayOfOperation (VehicleJourneyRef, StartDate, EndDate) VALUES ('97857', 1506729600, 1506815999);
INSERT INTO DayOfOperation (VehicleJourneyRef, StartDate, EndDate) VALUES ('97857', 1507334400, 1507420799);
INSERT INTO DayOfOperation (VehicleJourneyRef, StartDate, EndDate) VALUES ('97857', 1507939200, 1508025599);
INSERT INTO DayOfOperation (VehicleJourneyRef, StartDate, EndDate) VALUES ('97857', 1508544000, 1508630399);
INSERT INTO DayOfNonOperation (VehicleJourneyRef, StartDate, EndDate) VALUES ('97857', 1508716800, 2524607999);
INSERT INTO VehicleJourney (VehicleJourneyCode, ServiceRef, LineRef, JourneyPatternRef, OperatorRef, Monday, Tuesday, Wednesday, Thursday, Friday, Saturday, Sunday, DepatureHour, DepatureMinute, DepatureSecond, Note, NoteCode) VALUES ('97858', 'FSACM18', '0', 'JPS_FSACM18-6', 'CAL', 1, 1, 1, 1, 1, 1, 0, 16, 0, 0, '', '');
INSERT INTO DayOfOperation (VehicleJourneyRef, StartDate, EndDate) VALUES ('97858', 1497657600, 1497743999);
INSERT INTO DayOfOperation (VehicleJourneyRef, StartDate, EndDate) VALUES ('97858', 1498262400, 1498348799);
INSERT INTO DayOfOperation (VehicleJourneyRef, StartDate, EndDate) VALUES ('97858', 1498867200, 1498953599);
INSERT INTO DayOfOperation (VehicleJourneyRef, StartDate, EndDate) VALUES ('97858', 1499472000, 1499558399);
INSERT INTO DayOfOperation (VehicleJourneyRef, StartDate, EndDate) VALUES ('97858', 1500076800, 1500163199);
INSERT INTO DayOfOperation (VehicleJourneyRef, StartDate, EndDate) VALUES ('97858', 1500681600, 1500767999);
INSERT INTO DayOfOperation (VehicleJourneyRef, StartDate, EndDate) VALUES ('97858', 1501286400, 1501372799);
INSERT INTO DayOfOperation (VehicleJourneyRef, StartDate, EndDate) VALUES ('97858', 1501891200, 1501977599);
INSERT INTO DayOfOperation (VehicleJourneyRef, StartDate, EndDate) VALUES ('97858', 1502496000, 1502582399);
INSERT INTO DayOfOperation (VehicleJourneyRef, StartDate, EndDate) VALUES ('97858', 1503100800, 1503187199);
INSERT INTO DayOfOperation (VehicleJourneyRef, StartDate, EndDate) VALUES ('97858', 1503705600, 1503791999);
INSERT INTO DayOfOperation (VehicleJourneyRef, StartDate, EndDate) VALUES ('97858', 1504310400, 1504396799);
INSERT INTO DayOfOperation (VehicleJourneyRef, StartDate, EndDate) VALUES ('97858', 1504915200, 1505001599);
INSERT INTO DayOfOperation (VehicleJourneyRef, StartDate, EndDate) VALUES ('97858', 1505520000, 1505606399);
INSERT INTO DayOfOperation (VehicleJourneyRef, StartDate, EndDate) VALUES ('97858', 1506124800, 1506211199);
INSERT INTO DayOfOperation (VehicleJourneyRef, StartDate, EndDate) VALUES ('97858', 1506729600, 1506815999);
INSERT INTO DayOfOperation (VehicleJourneyRef, StartDate, EndDate) VALUES ('97858', 1507334400, 1507420799);
INSERT INTO DayOfOperation (VehicleJourneyRef, StartDate, EndDate) VALUES ('97858', 1507939200, 1508025599);
INSERT INTO DayOfOperation (VehicleJourneyRef, StartDate, EndDate) VALUES ('97858', 1508544000, 1508630399);
INSERT INTO DayOfNonOperation (VehicleJourneyRef, StartDate, EndDate) VALUES ('97858', 1508716800, 2524607999);
INSERT INTO VehicleJourney (VehicleJourneyCode, ServiceRef, LineRef, JourneyPatternRef, OperatorRef, Monday, Tuesday, Wednesday, Thursday, Friday, Saturday, Sunday, DepatureHour, DepatureMinute, DepatureSecond, Note, NoteCode) VALUES ('97859', 'FSACM18', '0', 'JPS_FSACM18-6', 'CAL', 1, 1, 1, 1, 1, 1, 0, 18, 10, 0, '', '');
INSERT INTO DayOfOperation (VehicleJourneyRef, StartDate, EndDate) VALUES ('97859', 1497657600, 1497743999);
INSERT INTO DayOfOperation (VehicleJourneyRef, StartDate, EndDate) VALUES ('97859', 1498262400, 1498348799);
INSERT INTO DayOfOperation (VehicleJourneyRef, StartDate, EndDate) VALUES ('97859', 1498867200, 1498953599);
INSERT INTO DayOfOperation (VehicleJourneyRef, StartDate, EndDate) VALUES ('97859', 1499472000, 1499558399);
INSERT INTO DayOfOperation (VehicleJourneyRef, StartDate, EndDate) VALUES ('97859', 1500076800, 1500163199);
INSERT INTO DayOfOperation (VehicleJourneyRef, StartDate, EndDate) VALUES ('97859', 1500681600, 1500767999);
INSERT INTO DayOfOperation (VehicleJourneyRef, StartDate, EndDate) VALUES ('97859', 1501286400, 1501372799);
INSERT INTO DayOfOperation (VehicleJourneyRef, StartDate, EndDate) VALUES ('97859', 1501891200, 1501977599);
INSERT INTO DayOfOperation (VehicleJourneyRef, StartDate, EndDate) VALUES ('97859', 1502496000, 1502582399);
INSERT INTO DayOfOperation (VehicleJourneyRef, StartDate, EndDate) VALUES ('97859', 1503100800, 1503187199);
INSERT INTO DayOfOperation (VehicleJourneyRef, StartDate, EndDate) VALUES ('97859', 1503705600, 1503791999);
INSERT INTO DayOfOperation (VehicleJourneyRef, StartDate, EndDate) VALUES ('97859', 1504310400, 1504396799);
INSERT INTO DayOfOperation (VehicleJourneyRef, StartDate, EndDate) VALUES ('97859', 1504915200, 1505001599);
INSERT INTO DayOfOperation (VehicleJourneyRef, StartDate, EndDate) VALUES ('97859', 1505520000, 1505606399);
INSERT INTO DayOfOperation (VehicleJourneyRef, StartDate, EndDate) VALUES ('97859', 1506124800, 1506211199);
INSERT INTO DayOfOperation (VehicleJourneyRef, StartDate, EndDate) VALUES ('97859', 1506729600, 1506815999);
INSERT INTO DayOfOperation (VehicleJourneyRef, StartDate, EndDate) VALUES ('97859', 1507334400, 1507420799);
INSERT INTO DayOfOperation (VehicleJourneyRef, StartDate, EndDate) VALUES ('97859', 1507939200, 1508025599);
INSERT INTO DayOfOperation (VehicleJourneyRef, StartDate, EndDate) VALUES ('97859', 1508544000, 1508630399);
INSERT INTO DayOfNonOperation (VehicleJourneyRef, StartDate, EndDate) VALUES ('97859', 1508716800, 2524607999);
INSERT INTO VehicleJourney (VehicleJourneyCode, ServiceRef, LineRef, JourneyPatternRef, OperatorRef, Monday, Tuesday, Wednesday, Thursday, Friday, Saturday, Sunday, DepatureHour, DepatureMinute, DepatureSecond, Note, NoteCode) VALUES ('97864', 'FSACM18', '0', 'JPS_FSACM18-6', 'CAL', 0, 0, 0, 0, 0, 0, 1, 9, 30, 0, '', '');
INSERT INTO DayOfOperation (VehicleJourneyRef, StartDate, EndDate) VALUES ('97864', 1497744000, 1497830399);
INSERT INTO DayOfOperation (VehicleJourneyRef, StartDate, EndDate) VALUES ('97864', 1498348800, 1498435199);
INSERT INTO DayOfOperation (VehicleJourneyRef, StartDate, EndDate) VALUES ('97864', 1498953600, 1499039999);
INSERT INTO DayOfOperation (VehicleJourneyRef, StartDate, EndDate) VALUES ('97864', 1499558400, 1499644799);
INSERT INTO DayOfOperation (VehicleJourneyRef, StartDate, EndDate) VALUES ('97864', 1500163200, 1500249599);
INSERT INTO DayOfOperation (VehicleJourneyRef, StartDate, EndDate) VALUES ('97864', 1500768000, 1500854399);
INSERT INTO DayOfOperation (VehicleJourneyRef, StartDate, EndDate) VALUES ('97864', 1501372800, 1501459199);
INSERT INTO DayOfOperation (VehicleJourneyRef, StartDate, EndDate) VALUES ('97864', 1501977600, 1502063999);
INSERT INTO DayOfOperation (VehicleJourneyRef, StartDate, EndDate) VALUES ('97864', 1502582400, 1502668799);
INSERT INTO DayOfOperation (VehicleJourneyRef, StartDate, EndDate) VALUES ('97864', 1503187200, 1503273599);
INSERT INTO DayOfOperation (VehicleJourneyRef, StartDate, EndDate) VALUES ('97864', 1503792000, 1503878399);
INSERT INTO DayOfOperation (VehicleJourneyRef, StartDate, EndDate) VALUES ('97864', 1504396800, 1504483199);
INSERT INTO DayOfOperation (VehicleJourneyRef, StartDate, EndDate) VALUES ('97864', 1505001600, 1505087999);
INSERT INTO DayOfOperation (VehicleJourneyRef, StartDate, EndDate) VALUES ('97864', 1505606400, 1505692799);
INSERT INTO DayOfOperation (VehicleJourneyRef, StartDate, EndDate) VALUES ('97864', 1506211200, 1506297599);
INSERT INTO DayOfOperation (VehicleJourneyRef, StartDate, EndDate) VALUES ('97864', 1506816000, 1506902399);
INSERT INTO DayOfOperation (VehicleJourneyRef, StartDate, EndDate) VALUES ('97864', 1507420800, 1507507199);
INSERT INTO DayOfOperation (VehicleJourneyRef, StartDate, EndDate) VALUES ('97864', 1508025600, 1508111999);
INSERT INTO DayOfOperation (VehicleJourneyRef, StartDate, EndDate) VALUES ('97864', 1508630400, 1508716799);
INSERT INTO DayOfNonOperation (VehicleJourneyRef, StartDate, EndDate) VALUES ('97864', 1508716800, 2524607999);
INSERT INTO VehicleJourney (VehicleJourneyCode, ServiceRef, LineRef, JourneyPatternRef, OperatorRef, Monday, Tuesday, Wednesday, Thursday, Friday, Saturday, Sunday, DepatureHour, DepatureMinute, DepatureSecond, Note, NoteCode) VALUES ('97865', 'FSACM18', '0', 'JPS_FSACM18-7', 'CAL', 0, 0, 0, 0, 0, 0, 1, 11, 0, 0, '', '');
INSERT INTO DayOfOperation (VehicleJourneyRef, StartDate, EndDate) VALUES ('97865', 1497744000, 1497830399);
INSERT INTO DayOfOperation (VehicleJourneyRef, StartDate, EndDate) VALUES ('97865', 1498348800, 1498435199);
INSERT INTO DayOfOperation (VehicleJourneyRef, StartDate, EndDate) VALUES ('97865', 1498953600, 1499039999);
INSERT INTO DayOfOperation (VehicleJourneyRef, StartDate, EndDate) VALUES ('97865', 1499558400, 1499644799);
INSERT INTO DayOfOperation (VehicleJourneyRef, StartDate, EndDate) VALUES ('97865', 1500163200, 1500249599);
INSERT INTO DayOfOperation (VehicleJourneyRef, StartDate, EndDate) VALUES ('97865', 1500768000, 1500854399);
INSERT INTO DayOfOperation (VehicleJourneyRef, StartDate, EndDate) VALUES ('97865', 1501372800, 1501459199);
INSERT INTO DayOfOperation (VehicleJourneyRef, StartDate, EndDate) VALUES ('97865', 1501977600, 1502063999);
INSERT INTO DayOfOperation (VehicleJourneyRef, StartDate, EndDate) VALUES ('97865', 1502582400, 1502668799);
INSERT INTO DayOfOperation (VehicleJourneyRef, StartDate, EndDate) VALUES ('97865', 1503187200, 1503273599);
INSERT INTO DayOfOperation (VehicleJourneyRef, StartDate, EndDate) VALUES ('97865', 1503792000, 1503878399);
INSERT INTO DayOfOperation (VehicleJourneyRef, StartDate, EndDate) VALUES ('97865', 1504396800, 1504483199);
INSERT INTO DayOfOperation (VehicleJourneyRef, StartDate, EndDate) VALUES ('97865', 1505001600, 1505087999);
INSERT INTO DayOfOperation (VehicleJourneyRef, StartDate, EndDate) VALUES ('97865', 1505606400, 1505692799);
INSERT INTO DayOfOperation (VehicleJourneyRef, StartDate, EndDate) VALUES ('97865', 1506211200, 1506297599);
INSERT INTO DayOfOperation (VehicleJourneyRef, StartDate, EndDate) VALUES ('97865', 1506816000, 1506902399);
INSERT INTO DayOfOperation (VehicleJourneyRef, StartDate, EndDate) VALUES ('97865', 1507420800, 1507507199);
INSERT INTO DayOfOperation (VehicleJourneyRef, StartDate, EndDate) VALUES ('97865', 1508025600, 1508111999);
INSERT INTO DayOfOperation (VehicleJourneyRef, StartDate, EndDate) VALUES ('97865', 1508630400, 1508716799);
INSERT INTO DayOfNonOperation (VehicleJourneyRef, StartDate, EndDate) VALUES ('97865', 1508716800, 2524607999);
INSERT INTO VehicleJourney (VehicleJourneyCode, ServiceRef, LineRef, JourneyPatternRef, OperatorRef, Monday, Tuesday, Wednesday, Thursday, Friday, Saturday, Sunday, DepatureHour, DepatureMinute, DepatureSecond, Note, NoteCode) VALUES ('97866', 'FSACM18', '0', 'JPS_FSACM18-6', 'CAL', 0, 0, 0, 0, 0, 0, 1, 11, 30, 0, '', '');
INSERT INTO DayOfOperation (VehicleJourneyRef, StartDate, EndDate) VALUES ('97866', 1497744000, 1497830399);
INSERT INTO DayOfOperation (VehicleJourneyRef, StartDate, EndDate) VALUES ('97866', 1498348800, 1498435199);
INSERT INTO DayOfOperation (VehicleJourneyRef, StartDate, EndDate) VALUES ('97866', 1498953600, 1499039999);
INSERT INTO DayOfOperation (VehicleJourneyRef, StartDate, EndDate) VALUES ('97866', 1499558400, 1499644799);
INSERT INTO DayOfOperation (VehicleJourneyRef, StartDate, EndDate) VALUES ('97866', 1500163200, 1500249599);
INSERT INTO DayOfOperation (VehicleJourneyRef, StartDate, EndDate) VALUES ('97866', 1500768000, 1500854399);
INSERT INTO DayOfOperation (VehicleJourneyRef, StartDate, EndDate) VALUES ('97866', 1501372800, 1501459199);
INSERT INTO DayOfOperation (VehicleJourneyRef, StartDate, EndDate) VALUES ('97866', 1501977600, 1502063999);
INSERT INTO DayOfOperation (VehicleJourneyRef, StartDate, EndDate) VALUES ('97866', 1502582400, 1502668799);
INSERT INTO DayOfOperation (VehicleJourneyRef, StartDate, EndDate) VALUES ('97866', 1503187200, 1503273599);
INSERT INTO DayOfOperation (VehicleJourneyRef, StartDate, EndDate) VALUES ('97866', 1503792000, 1503878399);
INSERT INTO DayOfOperation (VehicleJourneyRef, StartDate, EndDate) VALUES ('97866', 1504396800, 1504483199);
INSERT INTO DayOfOperation (VehicleJourneyRef, StartDate, EndDate) VALUES ('97866', 1505001600, 1505087999);
INSERT INTO DayOfOperation (VehicleJourneyRef, StartDate, EndDate) VALUES ('97866', 1505606400, 1505692799);
INSERT INTO DayOfOperation (VehicleJourneyRef, StartDate, EndDate) VALUES ('97866', 1506211200, 1506297599);
INSERT INTO DayOfOperation (VehicleJourneyRef, StartDate, EndDate) VALUES ('97866', 1506816000, 1506902399);
INSERT INTO DayOfOperation (VehicleJourneyRef, StartDate, EndDate) VALUES ('97866', 1507420800, 1507507199);
INSERT INTO DayOfOperation (VehicleJourneyRef, StartDate, EndDate) VALUES ('97866', 1508025600, 1508111999);
INSERT INTO DayOfOperation (VehicleJourneyRef, StartDate, EndDate) VALUES ('97866', 1508630400, 1508716799);
INSERT INTO DayOfNonOperation (VehicleJourneyRef, StartDate, EndDate) VALUES ('97866', 1508716800, 2524607999);
INSERT INTO VehicleJourney (VehicleJourneyCode, ServiceRef, LineRef, JourneyPatternRef, OperatorRef, Monday, Tuesday, Wednesday, Thursday, Friday, Saturday, Sunday, DepatureHour, DepatureMinute, DepatureSecond, Note, NoteCode) VALUES ('97867', 'FSACM18', '0', 'JPS_FSACM18-7', 'CAL', 0, 0, 0, 0, 0, 0, 1, 13, 0, 0, '', '');
INSERT INTO DayOfOperation (VehicleJourneyRef, StartDate, EndDate) VALUES ('97867', 1497744000, 1497830399);
INSERT INTO DayOfOperation (VehicleJourneyRef, StartDate, EndDate) VALUES ('97867', 1498348800, 1498435199);
INSERT INTO DayOfOperation (VehicleJourneyRef, StartDate, EndDate) VALUES ('97867', 1498953600, 1499039999);
INSERT INTO DayOfOperation (VehicleJourneyRef, StartDate, EndDate) VALUES ('97867', 1499558400, 1499644799);
INSERT INTO DayOfOperation (VehicleJourneyRef, StartDate, EndDate) VALUES ('97867', 1500163200, 1500249599);
INSERT INTO DayOfOperation (VehicleJourneyRef, StartDate, EndDate) VALUES ('97867', 1500768000, 1500854399);
INSERT INTO DayOfOperation (VehicleJourneyRef, StartDate, EndDate) VALUES ('97867', 1501372800, 1501459199);
INSERT INTO DayOfOperation (VehicleJourneyRef, StartDate, EndDate) VALUES ('97867', 1501977600, 1502063999);
INSERT INTO DayOfOperation (VehicleJourneyRef, StartDate, EndDate) VALUES ('97867', 1502582400, 1502668799);
INSERT INTO DayOfOperation (VehicleJourneyRef, StartDate, EndDate) VALUES ('97867', 1503187200, 1503273599);
INSERT INTO DayOfOperation (VehicleJourneyRef, StartDate, EndDate) VALUES ('97867', 1503792000, 1503878399);
INSERT INTO DayOfOperation (VehicleJourneyRef, StartDate, EndDate) VALUES ('97867', 1504396800, 1504483199);
INSERT INTO DayOfOperation (VehicleJourneyRef, StartDate, EndDate) VALUES ('97867', 1505001600, 1505087999);
INSERT INTO DayOfOperation (VehicleJourneyRef, StartDate, EndDate) VALUES ('97867', 1505606400, 1505692799);
INSERT INTO DayOfOperation (VehicleJourneyRef, StartDate, EndDate) VALUES ('97867', 1506211200, 1506297599);
INSERT INTO DayOfOperation (VehicleJourneyRef, StartDate, EndDate) VALUES ('97867', 1506816000, 1506902399);
INSERT INTO DayOfOperation (VehicleJourneyRef, StartDate, EndDate) VALUES ('97867', 1507420800, 1507507199);
INSERT INTO DayOfOperation (VehicleJourneyRef, StartDate, EndDate) VALUES ('97867', 1508025600, 1508111999);
INSERT INTO DayOfOperation (VehicleJourneyRef, StartDate, EndDate) VALUES ('97867', 1508630400, 1508716799);
INSERT INTO DayOfNonOperation (VehicleJourneyRef, StartDate, EndDate) VALUES ('97867', 1508716800, 2524607999);
INSERT INTO VehicleJourney (VehicleJourneyCode, ServiceRef, LineRef, JourneyPatternRef, OperatorRef, Monday, Tuesday, Wednesday, Thursday, Friday, Saturday, Sunday, DepatureHour, DepatureMinute, DepatureSecond, Note, NoteCode) VALUES ('97868', 'FSACM18', '0', 'JPS_FSACM18-6', 'CAL', 0, 0, 0, 0, 0, 0, 1, 16, 0, 0, '', '');
INSERT INTO DayOfOperation (VehicleJourneyRef, StartDate, EndDate) VALUES ('97868', 1497744000, 1497830399);
INSERT INTO DayOfOperation (VehicleJourneyRef, StartDate, EndDate) VALUES ('97868', 1498348800, 1498435199);
INSERT INTO DayOfOperation (VehicleJourneyRef, StartDate, EndDate) VALUES ('97868', 1498953600, 1499039999);
INSERT INTO DayOfOperation (VehicleJourneyRef, StartDate, EndDate) VALUES ('97868', 1499558400, 1499644799);
INSERT INTO DayOfOperation (VehicleJourneyRef, StartDate, EndDate) VALUES ('97868', 1500163200, 1500249599);
INSERT INTO DayOfOperation (VehicleJourneyRef, StartDate, EndDate) VALUES ('97868', 1500768000, 1500854399);
INSERT INTO DayOfOperation (VehicleJourneyRef, StartDate, EndDate) VALUES ('97868', 1501372800, 1501459199);
INSERT INTO DayOfOperation (VehicleJourneyRef, StartDate, EndDate) VALUES ('97868', 1501977600, 1502063999);
INSERT INTO DayOfOperation (VehicleJourneyRef, StartDate, EndDate) VALUES ('97868', 1502582400, 1502668799);
INSERT INTO DayOfOperation (VehicleJourneyRef, StartDate, EndDate) VALUES ('97868', 1503187200, 1503273599);
INSERT INTO DayOfOperation (VehicleJourneyRef, StartDate, EndDate) VALUES ('97868', 1503792000, 1503878399);
INSERT INTO DayOfOperation (VehicleJourneyRef, StartDate, EndDate) VALUES ('97868', 1504396800, 1504483199);
INSERT INTO DayOfOperation (VehicleJourneyRef, StartDate, EndDate) VALUES ('97868', 1505001600, 1505087999);
INSERT INTO DayOfOperation (VehicleJourneyRef, StartDate, EndDate) VALUES ('97868', 1505606400, 1505692799);
INSERT INTO DayOfOperation (VehicleJourneyRef, StartDate, EndDate) VALUES ('97868', 1506211200, 1506297599);
INSERT INTO DayOfOperation (VehicleJourneyRef, StartDate, EndDate) VALUES ('97868', 1506816000, 1506902399);
INSERT INTO DayOfOperation (VehicleJourneyRef, StartDate, EndDate) VALUES ('97868', 1507420800, 1507507199);
INSERT INTO DayOfOperation (VehicleJourneyRef, StartDate, EndDate) VALUES ('97868', 1508025600, 1508111999);
INSERT INTO DayOfOperation (VehicleJourneyRef, StartDate, EndDate) VALUES ('97868', 1508630400, 1508716799);
INSERT INTO DayOfNonOperation (VehicleJourneyRef, StartDate, EndDate) VALUES ('97868', 1508716800, 2524607999);
INSERT INTO VehicleJourney (VehicleJourneyCode, ServiceRef, LineRef, JourneyPatternRef, OperatorRef, Monday, Tuesday, Wednesday, Thursday, Friday, Saturday, Sunday, DepatureHour, DepatureMinute, DepatureSecond, Note, NoteCode) VALUES ('97869', 'FSACM18', '0', 'JPS_FSACM18-6', 'CAL', 0, 0, 0, 0, 0, 0, 1, 18, 0, 0, '', '');
INSERT INTO DayOfOperation (VehicleJourneyRef, StartDate, EndDate) VALUES ('97869', 1497744000, 1497830399);
INSERT INTO DayOfOperation (VehicleJourneyRef, StartDate, EndDate) VALUES ('97869', 1498348800, 1498435199);
INSERT INTO DayOfOperation (VehicleJourneyRef, StartDate, EndDate) VALUES ('97869', 1498953600, 1499039999);
INSERT INTO DayOfOperation (VehicleJourneyRef, StartDate, EndDate) VALUES ('97869', 1499558400, 1499644799);
INSERT INTO DayOfOperation (VehicleJourneyRef, StartDate, EndDate) VALUES ('97869', 1500163200, 1500249599);
INSERT INTO DayOfOperation (VehicleJourneyRef, StartDate, EndDate) VALUES ('97869', 1500768000, 1500854399);
INSERT INTO DayOfOperation (VehicleJourneyRef, StartDate, EndDate) VALUES ('97869', 1501372800, 1501459199);
INSERT INTO DayOfOperation (VehicleJourneyRef, StartDate, EndDate) VALUES ('97869', 1501977600, 1502063999);
INSERT INTO DayOfOperation (VehicleJourneyRef, StartDate, EndDate) VALUES ('97869', 1502582400, 1502668799);
INSERT INTO DayOfOperation (VehicleJourneyRef, StartDate, EndDate) VALUES ('97869', 1503187200, 1503273599);
INSERT INTO DayOfOperation (VehicleJourneyRef, StartDate, EndDate) VALUES ('97869', 1503792000, 1503878399);
INSERT INTO DayOfOperation (VehicleJourneyRef, StartDate, EndDate) VALUES ('97869', 1504396800, 1504483199);
INSERT INTO DayOfOperation (VehicleJourneyRef, StartDate, EndDate) VALUES ('97869', 1505001600, 1505087999);
INSERT INTO DayOfOperation (VehicleJourneyRef, StartDate, EndDate) VALUES ('97869', 1505606400, 1505692799);
INSERT INTO DayOfOperation (VehicleJourneyRef, StartDate, EndDate) VALUES ('97869', 1506211200, 1506297599);
INSERT INTO DayOfOperation (VehicleJourneyRef, StartDate, EndDate) VALUES ('97869', 1506816000, 1506902399);
INSERT INTO DayOfOperation (VehicleJourneyRef, StartDate, EndDate) VALUES ('97869', 1507420800, 1507507199);
INSERT INTO DayOfOperation (VehicleJourneyRef, StartDate, EndDate) VALUES ('97869', 1508025600, 1508111999);
INSERT INTO DayOfOperation (VehicleJourneyRef, StartDate, EndDate) VALUES ('97869', 1508630400, 1508716799);
INSERT INTO DayOfNonOperation (VehicleJourneyRef, StartDate, EndDate) VALUES ('97869', 1508716800, 2524607999);
INSERT INTO VehicleJourney (VehicleJourneyCode, ServiceRef, LineRef, JourneyPatternRef, OperatorRef, Monday, Tuesday, Wednesday, Thursday, Friday, Saturday, Sunday, DepatureHour, DepatureMinute, DepatureSecond, Note, NoteCode) VALUES ('97860', 'FSACM18', '0', 'JPS_FSACM18-8', 'CAL', 1, 1, 1, 1, 1, 1, 0, 17, 30, 0, '', '');
INSERT INTO DayOfOperation (VehicleJourneyRef, StartDate, EndDate) VALUES ('97860', 1509148800, 1509235199);
INSERT INTO DayOfOperation (VehicleJourneyRef, StartDate, EndDate) VALUES ('97860', 1509753600, 1509839999);
INSERT INTO DayOfNonOperation (VehicleJourneyRef, StartDate, EndDate) VALUES ('97860', 1490918400, 1508716799);
INSERT INTO DayOfNonOperation (VehicleJourneyRef, StartDate, EndDate) VALUES ('97860', 1509840000, 2524607999);
INSERT INTO VehicleJourney (VehicleJourneyCode, ServiceRef, LineRef, JourneyPatternRef, OperatorRef, Monday, Tuesday, Wednesday, Thursday, Friday, Saturday, Sunday, DepatureHour, DepatureMinute, DepatureSecond, Note, NoteCode) VALUES ('97840', 'FSACM18', '0', 'JPS_FSACM18-9', 'CAL', 1, 1, 1, 1, 1, 1, 0, 18, 15, 0, '', '');
INSERT INTO DayOfOperation (VehicleJourneyRef, StartDate, EndDate) VALUES ('97840', 1509148800, 1509235199);
INSERT INTO DayOfOperation (VehicleJourneyRef, StartDate, EndDate) VALUES ('97840', 1509753600, 1509839999);
INSERT INTO DayOfNonOperation (VehicleJourneyRef, StartDate, EndDate) VALUES ('97840', 1490918400, 1508716799);
INSERT INTO DayOfNonOperation (VehicleJourneyRef, StartDate, EndDate) VALUES ('97840', 1509840000, 2524607999);
INSERT INTO VehicleJourney (VehicleJourneyCode, ServiceRef, LineRef, JourneyPatternRef, OperatorRef, Monday, Tuesday, Wednesday, Thursday, Friday, Saturday, Sunday, DepatureHour, DepatureMinute, DepatureSecond, Note, NoteCode) VALUES ('97862', 'FSACM18', '0', 'JPS_FSACM18-8', 'CAL', 1, 1, 1, 1, 1, 1, 0, 8, 40, 0, '', '');
INSERT INTO DayOfOperation (VehicleJourneyRef, StartDate, EndDate) VALUES ('97862', 1509148800, 1509235199);
INSERT INTO DayOfOperation (VehicleJourneyRef, StartDate, EndDate) VALUES ('97862', 1509753600, 1509839999);
INSERT INTO DayOfOperation (VehicleJourneyRef, StartDate, EndDate) VALUES ('97862', 1510358400, 1510444799);
INSERT INTO DayOfOperation (VehicleJourneyRef, StartDate, EndDate) VALUES ('97862', 1510963200, 1511049599);
INSERT INTO DayOfOperation (VehicleJourneyRef, StartDate, EndDate) VALUES ('97862', 1511568000, 1511654399);
INSERT INTO DayOfOperation (VehicleJourneyRef, StartDate, EndDate) VALUES ('97862', 1512172800, 1512259199);
INSERT INTO DayOfOperation (VehicleJourneyRef, StartDate, EndDate) VALUES ('97862', 1512777600, 1512863999);
INSERT INTO DayOfOperation (VehicleJourneyRef, StartDate, EndDate) VALUES ('97862', 1513382400, 1513468799);
INSERT INTO DayOfOperation (VehicleJourneyRef, StartDate, EndDate) VALUES ('97862', 1513987200, 1514073599);
INSERT INTO DayOfOperation (VehicleJourneyRef, StartDate, EndDate) VALUES ('97862', 1514592000, 1514678399);
INSERT INTO DayOfOperation (VehicleJourneyRef, StartDate, EndDate) VALUES ('97862', 1515196800, 1515283199);
INSERT INTO DayOfOperation (VehicleJourneyRef, StartDate, EndDate) VALUES ('97862', 1515801600, 1515887999);
INSERT INTO DayOfOperation (VehicleJourneyRef, StartDate, EndDate) VALUES ('97862', 1516406400, 1516492799);
INSERT INTO DayOfOperation (VehicleJourneyRef, StartDate, EndDate) VALUES ('97862', 1517011200, 1517097599);
INSERT INTO DayOfOperation (VehicleJourneyRef, StartDate, EndDate) VALUES ('97862', 1517616000, 1517702399);
INSERT INTO DayOfOperation (VehicleJourneyRef, StartDate, EndDate) VALUES ('97862', 1518220800, 1518307199);
INSERT INTO DayOfOperation (VehicleJourneyRef, StartDate, EndDate) VALUES ('97862', 1518825600, 1518911999);
INSERT INTO DayOfOperation (VehicleJourneyRef, StartDate, EndDate) VALUES ('97862', 1519430400, 1519516799);
INSERT INTO DayOfOperation (VehicleJourneyRef, StartDate, EndDate) VALUES ('97862', 1520035200, 1520121599);
INSERT INTO DayOfOperation (VehicleJourneyRef, StartDate, EndDate) VALUES ('97862', 1520640000, 1520726399);
INSERT INTO DayOfOperation (VehicleJourneyRef, StartDate, EndDate) VALUES ('97862', 1521244800, 1521331199);
INSERT INTO DayOfOperation (VehicleJourneyRef, StartDate, EndDate) VALUES ('97862', 1521849600, 1521935999);
INSERT INTO DayOfOperation (VehicleJourneyRef, StartDate, EndDate) VALUES ('97862', 1522454400, 1522540799);
INSERT INTO DayOfOperation (VehicleJourneyRef, StartDate, EndDate) VALUES ('97862', 1523059200, 1523145599);
INSERT INTO DayOfOperation (VehicleJourneyRef, StartDate, EndDate) VALUES ('97862', 1523664000, 1523750399);
INSERT INTO DayOfOperation (VehicleJourneyRef, StartDate, EndDate) VALUES ('97862', 1524268800, 1524355199);
INSERT INTO DayOfOperation (VehicleJourneyRef, StartDate, EndDate) VALUES ('97862', 1524873600, 1524959999);
INSERT INTO DayOfOperation (VehicleJourneyRef, StartDate, EndDate) VALUES ('97862', 1525478400, 1525564799);
INSERT INTO DayOfOperation (VehicleJourneyRef, StartDate, EndDate) VALUES ('97862', 1526083200, 1526169599);
INSERT INTO DayOfOperation (VehicleJourneyRef, StartDate, EndDate) VALUES ('97862', 1526688000, 1526774399);
INSERT INTO DayOfOperation (VehicleJourneyRef, StartDate, EndDate) VALUES ('97862', 1527292800, 1527379199);
INSERT INTO DayOfOperation (VehicleJourneyRef, StartDate, EndDate) VALUES ('97862', 1527897600, 1527983999);
INSERT INTO DayOfOperation (VehicleJourneyRef, StartDate, EndDate) VALUES ('97862', 1528502400, 1528588799);
INSERT INTO DayOfNonOperation (VehicleJourneyRef, StartDate, EndDate) VALUES ('97862', 1490918400, 1508716799);
INSERT INTO DayOfNonOperation (VehicleJourneyRef, StartDate, EndDate) VALUES ('97862', 1514160000, 1514332799);
INSERT INTO DayOfNonOperation (VehicleJourneyRef, StartDate, EndDate) VALUES ('97862', 1514764800, 1514937599);
INSERT INTO VehicleJourney (VehicleJourneyCode, ServiceRef, LineRef, JourneyPatternRef, OperatorRef, Monday, Tuesday, Wednesday, Thursday, Friday, Saturday, Sunday, DepatureHour, DepatureMinute, DepatureSecond, Note, NoteCode) VALUES ('97863', 'FSACM18', '0', 'JPS_FSACM18-8', 'CAL', 1, 1, 1, 1, 1, 1, 0, 16, 0, 0, '', '');
INSERT INTO DayOfOperation (VehicleJourneyRef, StartDate, EndDate) VALUES ('97863', 1509148800, 1509235199);
INSERT INTO DayOfOperation (VehicleJourneyRef, StartDate, EndDate) VALUES ('97863', 1509753600, 1509839999);
INSERT INTO DayOfOperation (VehicleJourneyRef, StartDate, EndDate) VALUES ('97863', 1510358400, 1510444799);
INSERT INTO DayOfOperation (VehicleJourneyRef, StartDate, EndDate) VALUES ('97863', 1510963200, 1511049599);
INSERT INTO DayOfOperation (VehicleJourneyRef, StartDate, EndDate) VALUES ('97863', 1511568000, 1511654399);
INSERT INTO DayOfOperation (VehicleJourneyRef, StartDate, EndDate) VALUES ('97863', 1512172800, 1512259199);
INSERT INTO DayOfOperation (VehicleJourneyRef, StartDate, EndDate) VALUES ('97863', 1512777600, 1512863999);
INSERT INTO DayOfOperation (VehicleJourneyRef, StartDate, EndDate) VALUES ('97863', 1513382400, 1513468799);
INSERT INTO DayOfOperation (VehicleJourneyRef, StartDate, EndDate) VALUES ('97863', 1513987200, 1514073599);
INSERT INTO DayOfOperation (VehicleJourneyRef, StartDate, EndDate) VALUES ('97863', 1514592000, 1514678399);
INSERT INTO DayOfOperation (VehicleJourneyRef, StartDate, EndDate) VALUES ('97863', 1515196800, 1515283199);
INSERT INTO DayOfOperation (VehicleJourneyRef, StartDate, EndDate) VALUES ('97863', 1515801600, 1515887999);
INSERT INTO DayOfOperation (VehicleJourneyRef, StartDate, EndDate) VALUES ('97863', 1516406400, 1516492799);
INSERT INTO DayOfOperation (VehicleJourneyRef, StartDate, EndDate) VALUES ('97863', 1517011200, 1517097599);
INSERT INTO DayOfOperation (VehicleJourneyRef, StartDate, EndDate) VALUES ('97863', 1517616000, 1517702399);
INSERT INTO DayOfOperation (VehicleJourneyRef, StartDate, EndDate) VALUES ('97863', 1518220800, 1518307199);
INSERT INTO DayOfOperation (VehicleJourneyRef, StartDate, EndDate) VALUES ('97863', 1518825600, 1518911999);
INSERT INTO DayOfOperation (VehicleJourneyRef, StartDate, EndDate) VALUES ('97863', 1519430400, 1519516799);
INSERT INTO DayOfOperation (VehicleJourneyRef, StartDate, EndDate) VALUES ('97863', 1520035200, 1520121599);
INSERT INTO DayOfOperation (VehicleJourneyRef, StartDate, EndDate) VALUES ('97863', 1520640000, 1520726399);
INSERT INTO DayOfOperation (VehicleJourneyRef, StartDate, EndDate) VALUES ('97863', 1521244800, 1521331199);
INSERT INTO DayOfOperation (VehicleJourneyRef, StartDate, EndDate) VALUES ('97863', 1521849600, 1521935999);
INSERT INTO DayOfOperation (VehicleJourneyRef, StartDate, EndDate) VALUES ('97863', 1522454400, 1522540799);
INSERT INTO DayOfOperation (VehicleJourneyRef, StartDate, EndDate) VALUES ('97863', 1523059200, 1523145599);
INSERT INTO DayOfOperation (VehicleJourneyRef, StartDate, EndDate) VALUES ('97863', 1523664000, 1523750399);
INSERT INTO DayOfOperation (VehicleJourneyRef, StartDate, EndDate) VALUES ('97863', 1524268800, 1524355199);
INSERT INTO DayOfOperation (VehicleJourneyRef, StartDate, EndDate) VALUES ('97863', 1524873600, 1524959999);
INSERT INTO DayOfOperation (VehicleJourneyRef, StartDate, EndDate) VALUES ('97863', 1525478400, 1525564799);
INSERT INTO DayOfOperation (VehicleJourneyRef, StartDate, EndDate) VALUES ('97863', 1526083200, 1526169599);
INSERT INTO DayOfOperation (VehicleJourneyRef, StartDate, EndDate) VALUES ('97863', 1526688000, 1526774399);
INSERT INTO DayOfOperation (VehicleJourneyRef, StartDate, EndDate) VALUES ('97863', 1527292800, 1527379199);
INSERT INTO DayOfOperation (VehicleJourneyRef, StartDate, EndDate) VALUES ('97863', 1527897600, 1527983999);
INSERT INTO DayOfOperation (VehicleJourneyRef, StartDate, EndDate) VALUES ('97863', 1528502400, 1528588799);
INSERT INTO DayOfNonOperation (VehicleJourneyRef, StartDate, EndDate) VALUES ('97863', 1490918400, 1508716799);
INSERT INTO DayOfNonOperation (VehicleJourneyRef, StartDate, EndDate) VALUES ('97863', 1514160000, 1514332799);
INSERT INTO DayOfNonOperation (VehicleJourneyRef, StartDate, EndDate) VALUES ('97863', 1514764800, 1514937599);
INSERT INTO VehicleJourney (VehicleJourneyCode, ServiceRef, LineRef, JourneyPatternRef, OperatorRef, Monday, Tuesday, Wednesday, Thursday, Friday, Saturday, Sunday, DepatureHour, DepatureMinute, DepatureSecond, Note, NoteCode) VALUES ('97842', 'FSACM18', '0', 'JPS_FSACM18-9', 'CAL', 1, 1, 1, 1, 1, 1, 0, 9, 25, 0, '', '');
INSERT INTO DayOfOperation (VehicleJourneyRef, StartDate, EndDate) VALUES ('97842', 1509148800, 1509235199);
INSERT INTO DayOfOperation (VehicleJourneyRef, StartDate, EndDate) VALUES ('97842', 1509753600, 1509839999);
INSERT INTO DayOfOperation (VehicleJourneyRef, StartDate, EndDate) VALUES ('97842', 1510358400, 1510444799);
INSERT INTO DayOfOperation (VehicleJourneyRef, StartDate, EndDate) VALUES ('97842', 1510963200, 1511049599);
INSERT INTO DayOfOperation (VehicleJourneyRef, StartDate, EndDate) VALUES ('97842', 1511568000, 1511654399);
INSERT INTO DayOfOperation (VehicleJourneyRef, StartDate, EndDate) VALUES ('97842', 1512172800, 1512259199);
INSERT INTO DayOfOperation (VehicleJourneyRef, StartDate, EndDate) VALUES ('97842', 1512777600, 1512863999);
INSERT INTO DayOfOperation (VehicleJourneyRef, StartDate, EndDate) VALUES ('97842', 1513382400, 1513468799);
INSERT INTO DayOfOperation (VehicleJourneyRef, StartDate, EndDate) VALUES ('97842', 1513987200, 1514073599);
INSERT INTO DayOfOperation (VehicleJourneyRef, StartDate, EndDate) VALUES ('97842', 1514592000, 1514678399);
INSERT INTO DayOfOperation (VehicleJourneyRef, StartDate, EndDate) VALUES ('97842', 1515196800, 1515283199);
INSERT INTO DayOfOperation (VehicleJourneyRef, StartDate, EndDate) VALUES ('97842', 1515801600, 1515887999);
INSERT INTO DayOfOperation (VehicleJourneyRef, StartDate, EndDate) VALUES ('97842', 1516406400, 1516492799);
INSERT INTO DayOfOperation (VehicleJourneyRef, StartDate, EndDate) VALUES ('97842', 1517011200, 1517097599);
INSERT INTO DayOfOperation (VehicleJourneyRef, StartDate, EndDate) VALUES ('97842', 1517616000, 1517702399);
INSERT INTO DayOfOperation (VehicleJourneyRef, StartDate, EndDate) VALUES ('97842', 1518220800, 1518307199);
INSERT INTO DayOfOperation (VehicleJourneyRef, StartDate, EndDate) VALUES ('97842', 1518825600, 1518911999);
INSERT INTO DayOfOperation (VehicleJourneyRef, StartDate, EndDate) VALUES ('97842', 1519430400, 1519516799);
INSERT INTO DayOfOperation (VehicleJourneyRef, StartDate, EndDate) VALUES ('97842', 1520035200, 1520121599);
INSERT INTO DayOfOperation (VehicleJourneyRef, StartDate, EndDate) VALUES ('97842', 1520640000, 1520726399);
INSERT INTO DayOfOperation (VehicleJourneyRef, StartDate, EndDate) VALUES ('97842', 1521244800, 1521331199);
INSERT INTO DayOfOperation (VehicleJourneyRef, StartDate, EndDate) VALUES ('97842', 1521849600, 1521935999);
INSERT INTO DayOfOperation (VehicleJourneyRef, StartDate, EndDate) VALUES ('97842', 1522454400, 1522540799);
INSERT INTO DayOfOperation (VehicleJourneyRef, StartDate, EndDate) VALUES ('97842', 1523059200, 1523145599);
INSERT INTO DayOfOperation (VehicleJourneyRef, StartDate, EndDate) VALUES ('97842', 1523664000, 1523750399);
INSERT INTO DayOfOperation (VehicleJourneyRef, StartDate, EndDate) VALUES ('97842', 1524268800, 1524355199);
INSERT INTO DayOfOperation (VehicleJourneyRef, StartDate, EndDate) VALUES ('97842', 1524873600, 1524959999);
INSERT INTO DayOfOperation (VehicleJourneyRef, StartDate, EndDate) VALUES ('97842', 1525478400, 1525564799);
INSERT INTO DayOfOperation (VehicleJourneyRef, StartDate, EndDate) VALUES ('97842', 1526083200, 1526169599);
INSERT INTO DayOfOperation (VehicleJourneyRef, StartDate, EndDate) VALUES ('97842', 1526688000, 1526774399);
INSERT INTO DayOfOperation (VehicleJourneyRef, StartDate, EndDate) VALUES ('97842', 1527292800, 1527379199);
INSERT INTO DayOfOperation (VehicleJourneyRef, StartDate, EndDate) VALUES ('97842', 1527897600, 1527983999);
INSERT INTO DayOfOperation (VehicleJourneyRef, StartDate, EndDate) VALUES ('97842', 1528502400, 1528588799);
INSERT INTO DayOfNonOperation (VehicleJourneyRef, StartDate, EndDate) VALUES ('97842', 1490918400, 1508716799);
INSERT INTO DayOfNonOperation (VehicleJourneyRef, StartDate, EndDate) VALUES ('97842', 1514160000, 1514332799);
INSERT INTO DayOfNonOperation (VehicleJourneyRef, StartDate, EndDate) VALUES ('97842', 1514764800, 1514937599);
INSERT INTO VehicleJourney (VehicleJourneyCode, ServiceRef, LineRef, JourneyPatternRef, OperatorRef, Monday, Tuesday, Wednesday, Thursday, Friday, Saturday, Sunday, DepatureHour, DepatureMinute, DepatureSecond, Note, NoteCode) VALUES ('97843', 'FSACM18', '0', 'JPS_FSACM18-9', 'CAL', 1, 1, 1, 1, 1, 1, 0, 16, 45, 0, '', '');
INSERT INTO DayOfOperation (VehicleJourneyRef, StartDate, EndDate) VALUES ('97843', 1509148800, 1509235199);
INSERT INTO DayOfOperation (VehicleJourneyRef, StartDate, EndDate) VALUES ('97843', 1509753600, 1509839999);
INSERT INTO DayOfOperation (VehicleJourneyRef, StartDate, EndDate) VALUES ('97843', 1510358400, 1510444799);
INSERT INTO DayOfOperation (VehicleJourneyRef, StartDate, EndDate) VALUES ('97843', 1510963200, 1511049599);
INSERT INTO DayOfOperation (VehicleJourneyRef, StartDate, EndDate) VALUES ('97843', 1511568000, 1511654399);
INSERT INTO DayOfOperation (VehicleJourneyRef, StartDate, EndDate) VALUES ('97843', 1512172800, 1512259199);
INSERT INTO DayOfOperation (VehicleJourneyRef, StartDate, EndDate) VALUES ('97843', 1512777600, 1512863999);
INSERT INTO DayOfOperation (VehicleJourneyRef, StartDate, EndDate) VALUES ('97843', 1513382400, 1513468799);
INSERT INTO DayOfOperation (VehicleJourneyRef, StartDate, EndDate) VALUES ('97843', 1513987200, 1514073599);
INSERT INTO DayOfOperation (VehicleJourneyRef, StartDate, EndDate) VALUES ('97843', 1514592000, 1514678399);
INSERT INTO DayOfOperation (VehicleJourneyRef, StartDate, EndDate) VALUES ('97843', 1515196800, 1515283199);
INSERT INTO DayOfOperation (VehicleJourneyRef, StartDate, EndDate) VALUES ('97843', 1515801600, 1515887999);
INSERT INTO DayOfOperation (VehicleJourneyRef, StartDate, EndDate) VALUES ('97843', 1516406400, 1516492799);
INSERT INTO DayOfOperation (VehicleJourneyRef, StartDate, EndDate) VALUES ('97843', 1517011200, 1517097599);
INSERT INTO DayOfOperation (VehicleJourneyRef, StartDate, EndDate) VALUES ('97843', 1517616000, 1517702399);
INSERT INTO DayOfOperation (VehicleJourneyRef, StartDate, EndDate) VALUES ('97843', 1518220800, 1518307199);
INSERT INTO DayOfOperation (VehicleJourneyRef, StartDate, EndDate) VALUES ('97843', 1518825600, 1518911999);
INSERT INTO DayOfOperation (VehicleJourneyRef, StartDate, EndDate) VALUES ('97843', 1519430400, 1519516799);
INSERT INTO DayOfOperation (VehicleJourneyRef, StartDate, EndDate) VALUES ('97843', 1520035200, 1520121599);
INSERT INTO DayOfOperation (VehicleJourneyRef, StartDate, EndDate) VALUES ('97843', 1520640000, 1520726399);
INSERT INTO DayOfOperation (VehicleJourneyRef, StartDate, EndDate) VALUES ('97843', 1521244800, 1521331199);
INSERT INTO DayOfOperation (VehicleJourneyRef, StartDate, EndDate) VALUES ('97843', 1521849600, 1521935999);
INSERT INTO DayOfOperation (VehicleJourneyRef, StartDate, EndDate) VALUES ('97843', 1522454400, 1522540799);
INSERT INTO DayOfOperation (VehicleJourneyRef, StartDate, EndDate) VALUES ('97843', 1523059200, 1523145599);
INSERT INTO DayOfOperation (VehicleJourneyRef, StartDate, EndDate) VALUES ('97843', 1523664000, 1523750399);
INSERT INTO DayOfOperation (VehicleJourneyRef, StartDate, EndDate) VALUES ('97843', 1524268800, 1524355199);
INSERT INTO DayOfOperation (VehicleJourneyRef, StartDate, EndDate) VALUES ('97843', 1524873600, 1524959999);
INSERT INTO DayOfOperation (VehicleJourneyRef, StartDate, EndDate) VALUES ('97843', 1525478400, 1525564799);
INSERT INTO DayOfOperation (VehicleJourneyRef, StartDate, EndDate) VALUES ('97843', 1526083200, 1526169599);
INSERT INTO DayOfOperation (VehicleJourneyRef, StartDate, EndDate) VALUES ('97843', 1526688000, 1526774399);
INSERT INTO DayOfOperation (VehicleJourneyRef, StartDate, EndDate) VALUES ('97843', 1527292800, 1527379199);
INSERT INTO DayOfOperation (VehicleJourneyRef, StartDate, EndDate) VALUES ('97843', 1527897600, 1527983999);
INSERT INTO DayOfOperation (VehicleJourneyRef, StartDate, EndDate) VALUES ('97843', 1528502400, 1528588799);
INSERT INTO DayOfNonOperation (VehicleJourneyRef, StartDate, EndDate) VALUES ('97843', 1490918400, 1508716799);
INSERT INTO DayOfNonOperation (VehicleJourneyRef, StartDate, EndDate) VALUES ('97843', 1514160000, 1514332799);
INSERT INTO DayOfNonOperation (VehicleJourneyRef, StartDate, EndDate) VALUES ('97843', 1514764800, 1514937599);
INSERT INTO VehicleJourney (VehicleJourneyCode, ServiceRef, LineRef, JourneyPatternRef, OperatorRef, Monday, Tuesday, Wednesday, Thursday, Friday, Saturday, Sunday, DepatureHour, DepatureMinute, DepatureSecond, Note, NoteCode) VALUES ('97850', 'FSACM18', '0', 'JPS_FSACM18-9', 'CAL', 0, 0, 0, 0, 0, 0, 1, 16, 45, 0, '', '');
INSERT INTO DayOfOperation (VehicleJourneyRef, StartDate, EndDate) VALUES ('97850', 1509235200, 1509321599);
INSERT INTO DayOfOperation (VehicleJourneyRef, StartDate, EndDate) VALUES ('97850', 1509840000, 1509926399);
INSERT INTO DayOfOperation (VehicleJourneyRef, StartDate, EndDate) VALUES ('97850', 1510444800, 1510531199);
INSERT INTO DayOfOperation (VehicleJourneyRef, StartDate, EndDate) VALUES ('97850', 1511049600, 1511135999);
INSERT INTO DayOfOperation (VehicleJourneyRef, StartDate, EndDate) VALUES ('97850', 1511654400, 1511740799);
INSERT INTO DayOfOperation (VehicleJourneyRef, StartDate, EndDate) VALUES ('97850', 1512259200, 1512345599);
INSERT INTO DayOfOperation (VehicleJourneyRef, StartDate, EndDate) VALUES ('97850', 1512864000, 1512950399);
INSERT INTO DayOfOperation (VehicleJourneyRef, StartDate, EndDate) VALUES ('97850', 1513468800, 1513555199);
INSERT INTO DayOfOperation (VehicleJourneyRef, StartDate, EndDate) VALUES ('97850', 1514073600, 1514159999);
INSERT INTO DayOfOperation (VehicleJourneyRef, StartDate, EndDate) VALUES ('97850', 1514678400, 1514764799);
INSERT INTO DayOfOperation (VehicleJourneyRef, StartDate, EndDate) VALUES ('97850', 1515283200, 1515369599);
INSERT INTO DayOfOperation (VehicleJourneyRef, StartDate, EndDate) VALUES ('97850', 1515888000, 1515974399);
INSERT INTO DayOfOperation (VehicleJourneyRef, StartDate, EndDate) VALUES ('97850', 1516492800, 1516579199);
INSERT INTO DayOfOperation (VehicleJourneyRef, StartDate, EndDate) VALUES ('97850', 1517097600, 1517183999);
INSERT INTO DayOfOperation (VehicleJourneyRef, StartDate, EndDate) VALUES ('97850', 1517702400, 1517788799);
INSERT INTO DayOfOperation (VehicleJourneyRef, StartDate, EndDate) VALUES ('97850', 1518307200, 1518393599);
INSERT INTO DayOfOperation (VehicleJourneyRef, StartDate, EndDate) VALUES ('97850', 1518912000, 1518998399);
INSERT INTO DayOfOperation (VehicleJourneyRef, StartDate, EndDate) VALUES ('97850', 1519516800, 1519603199);
INSERT INTO DayOfOperation (VehicleJourneyRef, StartDate, EndDate) VALUES ('97850', 1520121600, 1520207999);
INSERT INTO DayOfOperation (VehicleJourneyRef, StartDate, EndDate) VALUES ('97850', 1520726400, 1520812799);
INSERT INTO DayOfOperation (VehicleJourneyRef, StartDate, EndDate) VALUES ('97850', 1521331200, 1521417599);
INSERT INTO DayOfOperation (VehicleJourneyRef, StartDate, EndDate) VALUES ('97850', 1521936000, 1522022399);
INSERT INTO DayOfOperation (VehicleJourneyRef, StartDate, EndDate) VALUES ('97850', 1522540800, 1522627199);
INSERT INTO DayOfOperation (VehicleJourneyRef, StartDate, EndDate) VALUES ('97850', 1523145600, 1523231999);
INSERT INTO DayOfOperation (VehicleJourneyRef, StartDate, EndDate) VALUES ('97850', 1523750400, 1523836799);
INSERT INTO DayOfOperation (VehicleJourneyRef, StartDate, EndDate) VALUES ('97850', 1524355200, 1524441599);
INSERT INTO DayOfOperation (VehicleJourneyRef, StartDate, EndDate) VALUES ('97850', 1524960000, 1525046399);
INSERT INTO DayOfOperation (VehicleJourneyRef, StartDate, EndDate) VALUES ('97850', 1525564800, 1525651199);
INSERT INTO DayOfOperation (VehicleJourneyRef, StartDate, EndDate) VALUES ('97850', 1526169600, 1526255999);
INSERT INTO DayOfOperation (VehicleJourneyRef, StartDate, EndDate) VALUES ('97850', 1526774400, 1526860799);
INSERT INTO DayOfOperation (VehicleJourneyRef, StartDate, EndDate) VALUES ('97850', 1527379200, 1527465599);
INSERT INTO DayOfOperation (VehicleJourneyRef, StartDate, EndDate) VALUES ('97850', 1527984000, 1528070399);
INSERT INTO DayOfOperation (VehicleJourneyRef, StartDate, EndDate) VALUES ('97850', 1528588800, 1528675199);
INSERT INTO DayOfNonOperation (VehicleJourneyRef, StartDate, EndDate) VALUES ('97850', 1490918400, 1508716799);
INSERT INTO VehicleJourney (VehicleJourneyCode, ServiceRef, LineRef, JourneyPatternRef, OperatorRef, Monday, Tuesday, Wednesday, Thursday, Friday, Saturday, Sunday, DepatureHour, DepatureMinute, DepatureSecond, Note, NoteCode) VALUES ('97870', 'FSACM18', '0', 'JPS_FSACM18-8', 'CAL', 0, 0, 0, 0, 0, 0, 1, 16, 0, 0, '', '');
INSERT INTO DayOfOperation (VehicleJourneyRef, StartDate, EndDate) VALUES ('97870', 1509235200, 1509321599);
INSERT INTO DayOfOperation (VehicleJourneyRef, StartDate, EndDate) VALUES ('97870', 1509840000, 1509926399);
INSERT INTO DayOfOperation (VehicleJourneyRef, StartDate, EndDate) VALUES ('97870', 1510444800, 1510531199);
INSERT INTO DayOfOperation (VehicleJourneyRef, StartDate, EndDate) VALUES ('97870', 1511049600, 1511135999);
INSERT INTO DayOfOperation (VehicleJourneyRef, StartDate, EndDate) VALUES ('97870', 1511654400, 1511740799);
INSERT INTO DayOfOperation (VehicleJourneyRef, StartDate, EndDate) VALUES ('97870', 1512259200, 1512345599);
INSERT INTO DayOfOperation (VehicleJourneyRef, StartDate, EndDate) VALUES ('97870', 1512864000, 1512950399);
INSERT INTO DayOfOperation (VehicleJourneyRef, StartDate, EndDate) VALUES ('97870', 1513468800, 1513555199);
INSERT INTO DayOfOperation (VehicleJourneyRef, StartDate, EndDate) VALUES ('97870', 1514073600, 1514159999);
INSERT INTO DayOfOperation (VehicleJourneyRef, StartDate, EndDate) VALUES ('97870', 1514678400, 1514764799);
INSERT INTO DayOfOperation (VehicleJourneyRef, StartDate, EndDate) VALUES ('97870', 1515283200, 1515369599);
INSERT INTO DayOfOperation (VehicleJourneyRef, StartDate, EndDate) VALUES ('97870', 1515888000, 1515974399);
INSERT INTO DayOfOperation (VehicleJourneyRef, StartDate, EndDate) VALUES ('97870', 1516492800, 1516579199);
INSERT INTO DayOfOperation (VehicleJourneyRef, StartDate, EndDate) VALUES ('97870', 1517097600, 1517183999);
INSERT INTO DayOfOperation (VehicleJourneyRef, StartDate, EndDate) VALUES ('97870', 1517702400, 1517788799);
INSERT INTO DayOfOperation (VehicleJourneyRef, StartDate, EndDate) VALUES ('97870', 1518307200, 1518393599);
INSERT INTO DayOfOperation (VehicleJourneyRef, StartDate, EndDate) VALUES ('97870', 1518912000, 1518998399);
INSERT INTO DayOfOperation (VehicleJourneyRef, StartDate, EndDate) VALUES ('97870', 1519516800, 1519603199);
INSERT INTO DayOfOperation (VehicleJourneyRef, StartDate, EndDate) VALUES ('97870', 1520121600, 1520207999);
INSERT INTO DayOfOperation (VehicleJourneyRef, StartDate, EndDate) VALUES ('97870', 1520726400, 1520812799);
INSERT INTO DayOfOperation (VehicleJourneyRef, StartDate, EndDate) VALUES ('97870', 1521331200, 1521417599);
INSERT INTO DayOfOperation (VehicleJourneyRef, StartDate, EndDate) VALUES ('97870', 1521936000, 1522022399);
INSERT INTO DayOfOperation (VehicleJourneyRef, StartDate, EndDate) VALUES ('97870', 1522540800, 1522627199);
INSERT INTO DayOfOperation (VehicleJourneyRef, StartDate, EndDate) VALUES ('97870', 1523145600, 1523231999);
INSERT INTO DayOfOperation (VehicleJourneyRef, StartDate, EndDate) VALUES ('97870', 1523750400, 1523836799);
INSERT INTO DayOfOperation (VehicleJourneyRef, StartDate, EndDate) VALUES ('97870', 1524355200, 1524441599);
INSERT INTO DayOfOperation (VehicleJourneyRef, StartDate, EndDate) VALUES ('97870', 1524960000, 1525046399);
INSERT INTO DayOfOperation (VehicleJourneyRef, StartDate, EndDate) VALUES ('97870', 1525564800, 1525651199);
INSERT INTO DayOfOperation (VehicleJourneyRef, StartDate, EndDate) VALUES ('97870', 1526169600, 1526255999);
INSERT INTO DayOfOperation (VehicleJourneyRef, StartDate, EndDate) VALUES ('97870', 1526774400, 1526860799);
INSERT INTO DayOfOperation (VehicleJourneyRef, StartDate, EndDate) VALUES ('97870', 1527379200, 1527465599);
INSERT INTO DayOfOperation (VehicleJourneyRef, StartDate, EndDate) VALUES ('97870', 1527984000, 1528070399);
INSERT INTO DayOfOperation (VehicleJourneyRef, StartDate, EndDate) VALUES ('97870', 1528588800, 1528675199);
INSERT INTO DayOfNonOperation (VehicleJourneyRef, StartDate, EndDate) VALUES ('97870', 1490918400, 1508716799);
INSERT INTO VehicleJourney (VehicleJourneyCode, ServiceRef, LineRef, JourneyPatternRef, OperatorRef, Monday, Tuesday, Wednesday, Thursday, Friday, Saturday, Sunday, DepatureHour, DepatureMinute, DepatureSecond, Note, NoteCode) VALUES ('97861', 'FSACM18', '0', 'JPS_FSACM18-8', 'CAL', 1, 1, 1, 1, 1, 1, 0, 17, 30, 0, '', '');
INSERT INTO DayOfOperation (VehicleJourneyRef, StartDate, EndDate) VALUES ('97861', 1521244800, 1521331199);
INSERT INTO DayOfOperation (VehicleJourneyRef, StartDate, EndDate) VALUES ('97861', 1521849600, 1521935999);
INSERT INTO DayOfNonOperation (VehicleJourneyRef, StartDate, EndDate) VALUES ('97861', 1490918400, 1521071999);
INSERT INTO DayOfNonOperation (VehicleJourneyRef, StartDate, EndDate) VALUES ('97861', 1522368000, 2524607999);
INSERT INTO VehicleJourney (VehicleJourneyCode, ServiceRef, LineRef, JourneyPatternRef, OperatorRef, Monday, Tuesday, Wednesday, Thursday, Friday, Saturday, Sunday, DepatureHour, DepatureMinute, DepatureSecond, Note, NoteCode) VALUES ('97841', 'FSACM18', '0', 'JPS_FSACM18-9', 'CAL', 1, 1, 1, 1, 1, 1, 0, 18, 15, 0, '', '');
INSERT INTO DayOfOperation (VehicleJourneyRef, StartDate, EndDate) VALUES ('97841', 1521244800, 1521331199);
INSERT INTO DayOfOperation (VehicleJourneyRef, StartDate, EndDate) VALUES ('97841', 1521849600, 1521935999);
INSERT INTO DayOfNonOperation (VehicleJourneyRef, StartDate, EndDate) VALUES ('97841', 1490918400, 1521071999);
INSERT INTO DayOfNonOperation (VehicleJourneyRef, StartDate, EndDate) VALUES ('97841', 1522368000, 2524607999);INSERT INTO AnnotatedStopPointRef (StopPointRef, CommonName, Latitude, Longitude) VALUES ('9300LEV', 'Leverburgh Harris Ferry Terminal', 0, 0);
INSERT INTO AnnotatedStopPointRef (StopPointRef, CommonName, Latitude, Longitude) VALUES ('9300BNY', 'Berneray Ferry Terminal', 0, 0);
INSERT INTO Route (RouteId, RouteDescription, RouteSectionRef) VALUES ('FSACM23_002', 'Leverburgh - Berneray
', 'FSACM23_002');
INSERT INTO Route (RouteId, RouteDescription, RouteSectionRef) VALUES ('FSACM23_001', 'Berneray - Leverburgh
', 'FSACM23_001');
INSERT INTO RouteSection (RouteSectionId) VALUES ('FSACM23_002');
INSERT INTO RouteLink (RouteLinkId, RouteSectionId, FromStopPointRef, ToStopPointRef, `Order`, RouteDirection) VALUES ('FSACM23_002_289888', 'FSACM23_002', '9300LEV', '9300BNY', 0, 'inbound');
INSERT INTO RouteSection (RouteSectionId) VALUES ('FSACM23_001');
INSERT INTO RouteLink (RouteLinkId, RouteSectionId, FromStopPointRef, ToStopPointRef, `Order`, RouteDirection) VALUES ('FSACM23_001_289890', 'FSACM23_001', '9300BNY', '9300LEV', 0, 'outbound');
INSERT INTO JourneyPatternSection (JourneyPatternSectionId) VALUES ('JPS_FSACM23-3');
INSERT INTO JourneyPatternTimingLink (JourneyPatternTimingLinkId, JourneyPatternSectionId, JourneyPatternFromStopPointRef, JourneyPatternFromTimingStatus, JourneyPatternToStopPointsRef, JourneyPatternToTimingStatus, RouteLinkRef, JourneyDirection, RunTime, WaitTime) VALUES ('JPS_FSACM23-3_289888', 'JPS_FSACM23-3', '9300LEV', 'PTP', '9300BNY', 'PTP', 'FSACM23_002_289888', 'inbound', 'PT3600S', '');
INSERT INTO JourneyPatternSection (JourneyPatternSectionId) VALUES ('JPS_FSACM23-4');
INSERT INTO JourneyPatternTimingLink (JourneyPatternTimingLinkId, JourneyPatternSectionId, JourneyPatternFromStopPointRef, JourneyPatternFromTimingStatus, JourneyPatternToStopPointsRef, JourneyPatternToTimingStatus, RouteLinkRef, JourneyDirection, RunTime, WaitTime) VALUES ('JPS_FSACM23-4_289890', 'JPS_FSACM23-4', '9300BNY', 'PTP', '9300LEV', 'PTP', 'FSACM23_001_289890', 'outbound', 'PT3600S', '');
INSERT INTO JourneyPatternSection (JourneyPatternSectionId) VALUES ('JPS_FSACM23-5');
INSERT INTO JourneyPatternTimingLink (JourneyPatternTimingLinkId, JourneyPatternSectionId, JourneyPatternFromStopPointRef, JourneyPatternFromTimingStatus, JourneyPatternToStopPointsRef, JourneyPatternToTimingStatus, RouteLinkRef, JourneyDirection, RunTime, WaitTime) VALUES ('JPS_FSACM23-5_289888', 'JPS_FSACM23-5', '9300LEV', 'PTP', '9300BNY', 'PTP', 'FSACM23_002_289888', 'inbound', 'PT9600S', '');
INSERT INTO JourneyPatternSection (JourneyPatternSectionId) VALUES ('JPS_FSACM23-6');
INSERT INTO JourneyPatternTimingLink (JourneyPatternTimingLinkId, JourneyPatternSectionId, JourneyPatternFromStopPointRef, JourneyPatternFromTimingStatus, JourneyPatternToStopPointsRef, JourneyPatternToTimingStatus, RouteLinkRef, JourneyDirection, RunTime, WaitTime) VALUES ('JPS_FSACM23-6_289890', 'JPS_FSACM23-6', '9300BNY', 'PTP', '9300LEV', 'PTP', 'FSACM23_001_289890', 'outbound', 'PT4200S', '');
INSERT INTO JourneyPatternSection (JourneyPatternSectionId) VALUES ('JPS_FSACM23-7');
INSERT INTO JourneyPatternTimingLink (JourneyPatternTimingLinkId, JourneyPatternSectionId, JourneyPatternFromStopPointRef, JourneyPatternFromTimingStatus, JourneyPatternToStopPointsRef, JourneyPatternToTimingStatus, RouteLinkRef, JourneyDirection, RunTime, WaitTime) VALUES ('JPS_FSACM23-7_289888', 'JPS_FSACM23-7', '9300LEV', 'PTP', '9300BNY', 'PTP', 'FSACM23_002_289888', 'inbound', 'PT4200S', '');
INSERT INTO Operator (OperatorId, NationalOperatorCode, OperatorCode, OperatorShortName) VALUES ('CAL', 'CALM', 'CAL', 'Caledonian MacBrayne');
INSERT INTO Service (ServiceCode, RegisteredOperatorRef, Mode, Description, Origin, Destination, StartDate, EndDate) VALUES ('FSACM23', 'CAL', 'ferry', 'Berneray - Leverburgh', 'Berneray', 'Leverburgh', 1490918400, 2524607999);
INSERT INTO Line (LineId, ServiceRef, LineName) VALUES ('0', 'FSACM23', 'CM23');
INSERT INTO JourneyPattern (JourneyPatternId, ServiceRef, JourneyPatternSectionRef, JourneyPatternDirection) VALUES ('JPS_FSACM23-3', 'FSACM23', 'JPS_FSACM23-3', 'inbound');
INSERT INTO JourneyPattern (JourneyPatternId, ServiceRef, JourneyPatternSectionRef, JourneyPatternDirection) VALUES ('JPS_FSACM23-4', 'FSACM23', 'JPS_FSACM23-4', 'outbound');
INSERT INTO JourneyPattern (JourneyPatternId, ServiceRef, JourneyPatternSectionRef, JourneyPatternDirection) VALUES ('JPS_FSACM23-5', 'FSACM23', 'JPS_FSACM23-5', 'inbound');
INSERT INTO JourneyPattern (JourneyPatternId, ServiceRef, JourneyPatternSectionRef, JourneyPatternDirection) VALUES ('JPS_FSACM23-6', 'FSACM23', 'JPS_FSACM23-6', 'outbound');
INSERT INTO JourneyPattern (JourneyPatternId, ServiceRef, JourneyPatternSectionRef, JourneyPatternDirection) VALUES ('JPS_FSACM23-7', 'FSACM23', 'JPS_FSACM23-7', 'inbound');
INSERT INTO VehicleJourney (VehicleJourneyCode, ServiceRef, LineRef, JourneyPatternRef, OperatorRef, Monday, Tuesday, Wednesday, Thursday, Friday, Saturday, Sunday, DepatureHour, DepatureMinute, DepatureSecond, Note, NoteCode) VALUES ('98190', 'FSACM23', '0', 'JPS_FSACM23-3', 'CAL', 1, 1, 1, 1, 1, 1, 0, 14, 45, 0, 'Service subject to change due to tidal conditions', 'TID');
INSERT INTO DayOfOperation (VehicleJourneyRef, StartDate, EndDate) VALUES ('98190', 1497657600, 1497743999);
INSERT INTO DayOfOperation (VehicleJourneyRef, StartDate, EndDate) VALUES ('98190', 1498262400, 1498348799);
INSERT INTO DayOfOperation (VehicleJourneyRef, StartDate, EndDate) VALUES ('98190', 1498867200, 1498953599);
INSERT INTO DayOfOperation (VehicleJourneyRef, StartDate, EndDate) VALUES ('98190', 1499472000, 1499558399);
INSERT INTO DayOfOperation (VehicleJourneyRef, StartDate, EndDate) VALUES ('98190', 1500076800, 1500163199);
INSERT INTO DayOfOperation (VehicleJourneyRef, StartDate, EndDate) VALUES ('98190', 1500681600, 1500767999);
INSERT INTO DayOfOperation (VehicleJourneyRef, StartDate, EndDate) VALUES ('98190', 1501286400, 1501372799);
INSERT INTO DayOfOperation (VehicleJourneyRef, StartDate, EndDate) VALUES ('98190', 1501891200, 1501977599);
INSERT INTO DayOfOperation (VehicleJourneyRef, StartDate, EndDate) VALUES ('98190', 1502496000, 1502582399);
INSERT INTO DayOfOperation (VehicleJourneyRef, StartDate, EndDate) VALUES ('98190', 1503100800, 1503187199);
INSERT INTO DayOfOperation (VehicleJourneyRef, StartDate, EndDate) VALUES ('98190', 1503705600, 1503791999);
INSERT INTO DayOfNonOperation (VehicleJourneyRef, StartDate, EndDate) VALUES ('98190', 1503792000, 2524607999);
INSERT INTO VehicleJourney (VehicleJourneyCode, ServiceRef, LineRef, JourneyPatternRef, OperatorRef, Monday, Tuesday, Wednesday, Thursday, Friday, Saturday, Sunday, DepatureHour, DepatureMinute, DepatureSecond, Note, NoteCode) VALUES ('98191', 'FSACM23', '0', 'JPS_FSACM23-3', 'CAL', 1, 1, 1, 1, 1, 1, 0, 18, 30, 0, 'Service subject to change due to tidal conditions', 'TID');
INSERT INTO DayOfOperation (VehicleJourneyRef, StartDate, EndDate) VALUES ('98191', 1497657600, 1497743999);
INSERT INTO DayOfOperation (VehicleJourneyRef, StartDate, EndDate) VALUES ('98191', 1498262400, 1498348799);
INSERT INTO DayOfOperation (VehicleJourneyRef, StartDate, EndDate) VALUES ('98191', 1498867200, 1498953599);
INSERT INTO DayOfOperation (VehicleJourneyRef, StartDate, EndDate) VALUES ('98191', 1499472000, 1499558399);
INSERT INTO DayOfOperation (VehicleJourneyRef, StartDate, EndDate) VALUES ('98191', 1500076800, 1500163199);
INSERT INTO DayOfOperation (VehicleJourneyRef, StartDate, EndDate) VALUES ('98191', 1500681600, 1500767999);
INSERT INTO DayOfOperation (VehicleJourneyRef, StartDate, EndDate) VALUES ('98191', 1501286400, 1501372799);
INSERT INTO DayOfOperation (VehicleJourneyRef, StartDate, EndDate) VALUES ('98191', 1501891200, 1501977599);
INSERT INTO DayOfOperation (VehicleJourneyRef, StartDate, EndDate) VALUES ('98191', 1502496000, 1502582399);
INSERT INTO DayOfOperation (VehicleJourneyRef, StartDate, EndDate) VALUES ('98191', 1503100800, 1503187199);
INSERT INTO DayOfOperation (VehicleJourneyRef, StartDate, EndDate) VALUES ('98191', 1503705600, 1503791999);
INSERT INTO DayOfNonOperation (VehicleJourneyRef, StartDate, EndDate) VALUES ('98191', 1503792000, 2524607999);
INSERT INTO VehicleJourney (VehicleJourneyCode, ServiceRef, LineRef, JourneyPatternRef, OperatorRef, Monday, Tuesday, Wednesday, Thursday, Friday, Saturday, Sunday, DepatureHour, DepatureMinute, DepatureSecond, Note, NoteCode) VALUES ('98226', 'FSACM23', '0', 'JPS_FSACM23-4', 'CAL', 1, 1, 1, 1, 1, 1, 0, 17, 20, 0, 'Service subject to change due to tidal conditions', 'TID');
INSERT INTO DayOfOperation (VehicleJourneyRef, StartDate, EndDate) VALUES ('98226', 1497657600, 1497743999);
INSERT INTO DayOfOperation (VehicleJourneyRef, StartDate, EndDate) VALUES ('98226', 1498262400, 1498348799);
INSERT INTO DayOfOperation (VehicleJourneyRef, StartDate, EndDate) VALUES ('98226', 1498867200, 1498953599);
INSERT INTO DayOfOperation (VehicleJourneyRef, StartDate, EndDate) VALUES ('98226', 1499472000, 1499558399);
INSERT INTO DayOfOperation (VehicleJourneyRef, StartDate, EndDate) VALUES ('98226', 1500076800, 1500163199);
INSERT INTO DayOfOperation (VehicleJourneyRef, StartDate, EndDate) VALUES ('98226', 1500681600, 1500767999);
INSERT INTO DayOfOperation (VehicleJourneyRef, StartDate, EndDate) VALUES ('98226', 1501286400, 1501372799);
INSERT INTO DayOfOperation (VehicleJourneyRef, StartDate, EndDate) VALUES ('98226', 1501891200, 1501977599);
INSERT INTO DayOfOperation (VehicleJourneyRef, StartDate, EndDate) VALUES ('98226', 1502496000, 1502582399);
INSERT INTO DayOfOperation (VehicleJourneyRef, StartDate, EndDate) VALUES ('98226', 1503100800, 1503187199);
INSERT INTO DayOfOperation (VehicleJourneyRef, StartDate, EndDate) VALUES ('98226', 1503705600, 1503791999);
INSERT INTO DayOfNonOperation (VehicleJourneyRef, StartDate, EndDate) VALUES ('98226', 1503792000, 2524607999);
INSERT INTO VehicleJourney (VehicleJourneyCode, ServiceRef, LineRef, JourneyPatternRef, OperatorRef, Monday, Tuesday, Wednesday, Thursday, Friday, Saturday, Sunday, DepatureHour, DepatureMinute, DepatureSecond, Note, NoteCode) VALUES ('98189', 'FSACM23', '0', 'JPS_FSACM23-5', 'CAL', 1, 1, 1, 1, 1, 1, 0, 11, 40, 0, 'Service subject to change due to tidal conditions', 'TID');
INSERT INTO DayOfOperation (VehicleJourneyRef, StartDate, EndDate) VALUES ('98189', 1497657600, 1497743999);
INSERT INTO DayOfOperation (VehicleJourneyRef, StartDate, EndDate) VALUES ('98189', 1498262400, 1498348799);
INSERT INTO DayOfOperation (VehicleJourneyRef, StartDate, EndDate) VALUES ('98189', 1498867200, 1498953599);
INSERT INTO DayOfOperation (VehicleJourneyRef, StartDate, EndDate) VALUES ('98189', 1499472000, 1499558399);
INSERT INTO DayOfOperation (VehicleJourneyRef, StartDate, EndDate) VALUES ('98189', 1500076800, 1500163199);
INSERT INTO DayOfOperation (VehicleJourneyRef, StartDate, EndDate) VALUES ('98189', 1500681600, 1500767999);
INSERT INTO DayOfOperation (VehicleJourneyRef, StartDate, EndDate) VALUES ('98189', 1501286400, 1501372799);
INSERT INTO DayOfOperation (VehicleJourneyRef, StartDate, EndDate) VALUES ('98189', 1501891200, 1501977599);
INSERT INTO DayOfOperation (VehicleJourneyRef, StartDate, EndDate) VALUES ('98189', 1502496000, 1502582399);
INSERT INTO DayOfOperation (VehicleJourneyRef, StartDate, EndDate) VALUES ('98189', 1503100800, 1503187199);
INSERT INTO DayOfOperation (VehicleJourneyRef, StartDate, EndDate) VALUES ('98189', 1503705600, 1503791999);
INSERT INTO DayOfOperation (VehicleJourneyRef, StartDate, EndDate) VALUES ('98189', 1504310400, 1504396799);
INSERT INTO DayOfOperation (VehicleJourneyRef, StartDate, EndDate) VALUES ('98189', 1504915200, 1505001599);
INSERT INTO DayOfOperation (VehicleJourneyRef, StartDate, EndDate) VALUES ('98189', 1505520000, 1505606399);
INSERT INTO DayOfOperation (VehicleJourneyRef, StartDate, EndDate) VALUES ('98189', 1506124800, 1506211199);
INSERT INTO DayOfNonOperation (VehicleJourneyRef, StartDate, EndDate) VALUES ('98189', 1506211200, 2524607999);
INSERT INTO VehicleJourney (VehicleJourneyCode, ServiceRef, LineRef, JourneyPatternRef, OperatorRef, Monday, Tuesday, Wednesday, Thursday, Friday, Saturday, Sunday, DepatureHour, DepatureMinute, DepatureSecond, Note, NoteCode) VALUES ('98188', 'FSACM23', '0', 'JPS_FSACM23-3', 'CAL', 1, 1, 1, 1, 1, 1, 0, 8, 25, 0, 'Service subject to change due to tidal conditions', 'TID');
INSERT INTO DayOfOperation (VehicleJourneyRef, StartDate, EndDate) VALUES ('98188', 1497657600, 1497743999);
INSERT INTO DayOfOperation (VehicleJourneyRef, StartDate, EndDate) VALUES ('98188', 1498262400, 1498348799);
INSERT INTO DayOfOperation (VehicleJourneyRef, StartDate, EndDate) VALUES ('98188', 1498867200, 1498953599);
INSERT INTO DayOfOperation (VehicleJourneyRef, StartDate, EndDate) VALUES ('98188', 1499472000, 1499558399);
INSERT INTO DayOfOperation (VehicleJourneyRef, StartDate, EndDate) VALUES ('98188', 1500076800, 1500163199);
INSERT INTO DayOfOperation (VehicleJourneyRef, StartDate, EndDate) VALUES ('98188', 1500681600, 1500767999);
INSERT INTO DayOfOperation (VehicleJourneyRef, StartDate, EndDate) VALUES ('98188', 1501286400, 1501372799);
INSERT INTO DayOfOperation (VehicleJourneyRef, StartDate, EndDate) VALUES ('98188', 1501891200, 1501977599);
INSERT INTO DayOfOperation (VehicleJourneyRef, StartDate, EndDate) VALUES ('98188', 1502496000, 1502582399);
INSERT INTO DayOfOperation (VehicleJourneyRef, StartDate, EndDate) VALUES ('98188', 1503100800, 1503187199);
INSERT INTO DayOfOperation (VehicleJourneyRef, StartDate, EndDate) VALUES ('98188', 1503705600, 1503791999);
INSERT INTO DayOfOperation (VehicleJourneyRef, StartDate, EndDate) VALUES ('98188', 1504310400, 1504396799);
INSERT INTO DayOfOperation (VehicleJourneyRef, StartDate, EndDate) VALUES ('98188', 1504915200, 1505001599);
INSERT INTO DayOfOperation (VehicleJourneyRef, StartDate, EndDate) VALUES ('98188', 1505520000, 1505606399);
INSERT INTO DayOfOperation (VehicleJourneyRef, StartDate, EndDate) VALUES ('98188', 1506124800, 1506211199);
INSERT INTO DayOfOperation (VehicleJourneyRef, StartDate, EndDate) VALUES ('98188', 1506729600, 1506815999);
INSERT INTO DayOfOperation (VehicleJourneyRef, StartDate, EndDate) VALUES ('98188', 1507334400, 1507420799);
INSERT INTO DayOfOperation (VehicleJourneyRef, StartDate, EndDate) VALUES ('98188', 1507939200, 1508025599);
INSERT INTO DayOfOperation (VehicleJourneyRef, StartDate, EndDate) VALUES ('98188', 1508544000, 1508630399);
INSERT INTO DayOfNonOperation (VehicleJourneyRef, StartDate, EndDate) VALUES ('98188', 1508716800, 2524607999);
INSERT INTO VehicleJourney (VehicleJourneyCode, ServiceRef, LineRef, JourneyPatternRef, OperatorRef, Monday, Tuesday, Wednesday, Thursday, Friday, Saturday, Sunday, DepatureHour, DepatureMinute, DepatureSecond, Note, NoteCode) VALUES ('98212', 'FSACM23', '0', 'JPS_FSACM23-3', 'CAL', 0, 0, 0, 0, 0, 0, 1, 9, 35, 0, 'Service subject to change due to tidal conditions', 'TID');
INSERT INTO DayOfOperation (VehicleJourneyRef, StartDate, EndDate) VALUES ('98212', 1497744000, 1497830399);
INSERT INTO DayOfOperation (VehicleJourneyRef, StartDate, EndDate) VALUES ('98212', 1498348800, 1498435199);
INSERT INTO DayOfOperation (VehicleJourneyRef, StartDate, EndDate) VALUES ('98212', 1498953600, 1499039999);
INSERT INTO DayOfOperation (VehicleJourneyRef, StartDate, EndDate) VALUES ('98212', 1499558400, 1499644799);
INSERT INTO DayOfOperation (VehicleJourneyRef, StartDate, EndDate) VALUES ('98212', 1500163200, 1500249599);
INSERT INTO DayOfOperation (VehicleJourneyRef, StartDate, EndDate) VALUES ('98212', 1500768000, 1500854399);
INSERT INTO DayOfOperation (VehicleJourneyRef, StartDate, EndDate) VALUES ('98212', 1501372800, 1501459199);
INSERT INTO DayOfOperation (VehicleJourneyRef, StartDate, EndDate) VALUES ('98212', 1501977600, 1502063999);
INSERT INTO DayOfOperation (VehicleJourneyRef, StartDate, EndDate) VALUES ('98212', 1502582400, 1502668799);
INSERT INTO DayOfOperation (VehicleJourneyRef, StartDate, EndDate) VALUES ('98212', 1503187200, 1503273599);
INSERT INTO DayOfOperation (VehicleJourneyRef, StartDate, EndDate) VALUES ('98212', 1503792000, 1503878399);
INSERT INTO DayOfOperation (VehicleJourneyRef, StartDate, EndDate) VALUES ('98212', 1504396800, 1504483199);
INSERT INTO DayOfOperation (VehicleJourneyRef, StartDate, EndDate) VALUES ('98212', 1505001600, 1505087999);
INSERT INTO DayOfOperation (VehicleJourneyRef, StartDate, EndDate) VALUES ('98212', 1505606400, 1505692799);
INSERT INTO DayOfOperation (VehicleJourneyRef, StartDate, EndDate) VALUES ('98212', 1506211200, 1506297599);
INSERT INTO DayOfOperation (VehicleJourneyRef, StartDate, EndDate) VALUES ('98212', 1506816000, 1506902399);
INSERT INTO DayOfOperation (VehicleJourneyRef, StartDate, EndDate) VALUES ('98212', 1507420800, 1507507199);
INSERT INTO DayOfOperation (VehicleJourneyRef, StartDate, EndDate) VALUES ('98212', 1508025600, 1508111999);
INSERT INTO DayOfOperation (VehicleJourneyRef, StartDate, EndDate) VALUES ('98212', 1508630400, 1508716799);
INSERT INTO DayOfNonOperation (VehicleJourneyRef, StartDate, EndDate) VALUES ('98212', 1508716800, 2524607999);
INSERT INTO VehicleJourney (VehicleJourneyCode, ServiceRef, LineRef, JourneyPatternRef, OperatorRef, Monday, Tuesday, Wednesday, Thursday, Friday, Saturday, Sunday, DepatureHour, DepatureMinute, DepatureSecond, Note, NoteCode) VALUES ('98213', 'FSACM23', '0', 'JPS_FSACM23-3', 'CAL', 0, 0, 0, 0, 0, 0, 1, 17, 35, 0, 'Service subject to change due to tidal conditions', 'TID');
INSERT INTO DayOfOperation (VehicleJourneyRef, StartDate, EndDate) VALUES ('98213', 1497744000, 1497830399);
INSERT INTO DayOfOperation (VehicleJourneyRef, StartDate, EndDate) VALUES ('98213', 1498348800, 1498435199);
INSERT INTO DayOfOperation (VehicleJourneyRef, StartDate, EndDate) VALUES ('98213', 1498953600, 1499039999);
INSERT INTO DayOfOperation (VehicleJourneyRef, StartDate, EndDate) VALUES ('98213', 1499558400, 1499644799);
INSERT INTO DayOfOperation (VehicleJourneyRef, StartDate, EndDate) VALUES ('98213', 1500163200, 1500249599);
INSERT INTO DayOfOperation (VehicleJourneyRef, StartDate, EndDate) VALUES ('98213', 1500768000, 1500854399);
INSERT INTO DayOfOperation (VehicleJourneyRef, StartDate, EndDate) VALUES ('98213', 1501372800, 1501459199);
INSERT INTO DayOfOperation (VehicleJourneyRef, StartDate, EndDate) VALUES ('98213', 1501977600, 1502063999);
INSERT INTO DayOfOperation (VehicleJourneyRef, StartDate, EndDate) VALUES ('98213', 1502582400, 1502668799);
INSERT INTO DayOfOperation (VehicleJourneyRef, StartDate, EndDate) VALUES ('98213', 1503187200, 1503273599);
INSERT INTO DayOfOperation (VehicleJourneyRef, StartDate, EndDate) VALUES ('98213', 1503792000, 1503878399);
INSERT INTO DayOfOperation (VehicleJourneyRef, StartDate, EndDate) VALUES ('98213', 1504396800, 1504483199);
INSERT INTO DayOfOperation (VehicleJourneyRef, StartDate, EndDate) VALUES ('98213', 1505001600, 1505087999);
INSERT INTO DayOfOperation (VehicleJourneyRef, StartDate, EndDate) VALUES ('98213', 1505606400, 1505692799);
INSERT INTO DayOfOperation (VehicleJourneyRef, StartDate, EndDate) VALUES ('98213', 1506211200, 1506297599);
INSERT INTO DayOfOperation (VehicleJourneyRef, StartDate, EndDate) VALUES ('98213', 1506816000, 1506902399);
INSERT INTO DayOfOperation (VehicleJourneyRef, StartDate, EndDate) VALUES ('98213', 1507420800, 1507507199);
INSERT INTO DayOfOperation (VehicleJourneyRef, StartDate, EndDate) VALUES ('98213', 1508025600, 1508111999);
INSERT INTO DayOfOperation (VehicleJourneyRef, StartDate, EndDate) VALUES ('98213', 1508630400, 1508716799);
INSERT INTO DayOfNonOperation (VehicleJourneyRef, StartDate, EndDate) VALUES ('98213', 1508716800, 2524607999);
INSERT INTO VehicleJourney (VehicleJourneyCode, ServiceRef, LineRef, JourneyPatternRef, OperatorRef, Monday, Tuesday, Wednesday, Thursday, Friday, Saturday, Sunday, DepatureHour, DepatureMinute, DepatureSecond, Note, NoteCode) VALUES ('98223', 'FSACM23', '0', 'JPS_FSACM23-4', 'CAL', 1, 1, 1, 1, 1, 1, 0, 7, 15, 0, 'Service subject to change due to tidal conditions', 'TID');
INSERT INTO DayOfOperation (VehicleJourneyRef, StartDate, EndDate) VALUES ('98223', 1497657600, 1497743999);
INSERT INTO DayOfOperation (VehicleJourneyRef, StartDate, EndDate) VALUES ('98223', 1498262400, 1498348799);
INSERT INTO DayOfOperation (VehicleJourneyRef, StartDate, EndDate) VALUES ('98223', 1498867200, 1498953599);
INSERT INTO DayOfOperation (VehicleJourneyRef, StartDate, EndDate) VALUES ('98223', 1499472000, 1499558399);
INSERT INTO DayOfOperation (VehicleJourneyRef, StartDate, EndDate) VALUES ('98223', 1500076800, 1500163199);
INSERT INTO DayOfOperation (VehicleJourneyRef, StartDate, EndDate) VALUES ('98223', 1500681600, 1500767999);
INSERT INTO DayOfOperation (VehicleJourneyRef, StartDate, EndDate) VALUES ('98223', 1501286400, 1501372799);
INSERT INTO DayOfOperation (VehicleJourneyRef, StartDate, EndDate) VALUES ('98223', 1501891200, 1501977599);
INSERT INTO DayOfOperation (VehicleJourneyRef, StartDate, EndDate) VALUES ('98223', 1502496000, 1502582399);
INSERT INTO DayOfOperation (VehicleJourneyRef, StartDate, EndDate) VALUES ('98223', 1503100800, 1503187199);
INSERT INTO DayOfOperation (VehicleJourneyRef, StartDate, EndDate) VALUES ('98223', 1503705600, 1503791999);
INSERT INTO DayOfOperation (VehicleJourneyRef, StartDate, EndDate) VALUES ('98223', 1504310400, 1504396799);
INSERT INTO DayOfOperation (VehicleJourneyRef, StartDate, EndDate) VALUES ('98223', 1504915200, 1505001599);
INSERT INTO DayOfOperation (VehicleJourneyRef, StartDate, EndDate) VALUES ('98223', 1505520000, 1505606399);
INSERT INTO DayOfOperation (VehicleJourneyRef, StartDate, EndDate) VALUES ('98223', 1506124800, 1506211199);
INSERT INTO DayOfOperation (VehicleJourneyRef, StartDate, EndDate) VALUES ('98223', 1506729600, 1506815999);
INSERT INTO DayOfOperation (VehicleJourneyRef, StartDate, EndDate) VALUES ('98223', 1507334400, 1507420799);
INSERT INTO DayOfOperation (VehicleJourneyRef, StartDate, EndDate) VALUES ('98223', 1507939200, 1508025599);
INSERT INTO DayOfOperation (VehicleJourneyRef, StartDate, EndDate) VALUES ('98223', 1508544000, 1508630399);
INSERT INTO DayOfNonOperation (VehicleJourneyRef, StartDate, EndDate) VALUES ('98223', 1508716800, 2524607999);
INSERT INTO VehicleJourney (VehicleJourneyCode, ServiceRef, LineRef, JourneyPatternRef, OperatorRef, Monday, Tuesday, Wednesday, Thursday, Friday, Saturday, Sunday, DepatureHour, DepatureMinute, DepatureSecond, Note, NoteCode) VALUES ('98224', 'FSACM23', '0', 'JPS_FSACM23-4', 'CAL', 1, 1, 1, 1, 1, 1, 0, 10, 25, 0, 'Service subject to change due to tidal conditions', 'TID');
INSERT INTO DayOfOperation (VehicleJourneyRef, StartDate, EndDate) VALUES ('98224', 1497657600, 1497743999);
INSERT INTO DayOfOperation (VehicleJourneyRef, StartDate, EndDate) VALUES ('98224', 1498262400, 1498348799);
INSERT INTO DayOfOperation (VehicleJourneyRef, StartDate, EndDate) VALUES ('98224', 1498867200, 1498953599);
INSERT INTO DayOfOperation (VehicleJourneyRef, StartDate, EndDate) VALUES ('98224', 1499472000, 1499558399);
INSERT INTO DayOfOperation (VehicleJourneyRef, StartDate, EndDate) VALUES ('98224', 1500076800, 1500163199);
INSERT INTO DayOfOperation (VehicleJourneyRef, StartDate, EndDate) VALUES ('98224', 1500681600, 1500767999);
INSERT INTO DayOfOperation (VehicleJourneyRef, StartDate, EndDate) VALUES ('98224', 1501286400, 1501372799);
INSERT INTO DayOfOperation (VehicleJourneyRef, StartDate, EndDate) VALUES ('98224', 1501891200, 1501977599);
INSERT INTO DayOfOperation (VehicleJourneyRef, StartDate, EndDate) VALUES ('98224', 1502496000, 1502582399);
INSERT INTO DayOfOperation (VehicleJourneyRef, StartDate, EndDate) VALUES ('98224', 1503100800, 1503187199);
INSERT INTO DayOfOperation (VehicleJourneyRef, StartDate, EndDate) VALUES ('98224', 1503705600, 1503791999);
INSERT INTO DayOfOperation (VehicleJourneyRef, StartDate, EndDate) VALUES ('98224', 1504310400, 1504396799);
INSERT INTO DayOfOperation (VehicleJourneyRef, StartDate, EndDate) VALUES ('98224', 1504915200, 1505001599);
INSERT INTO DayOfOperation (VehicleJourneyRef, StartDate, EndDate) VALUES ('98224', 1505520000, 1505606399);
INSERT INTO DayOfOperation (VehicleJourneyRef, StartDate, EndDate) VALUES ('98224', 1506124800, 1506211199);
INSERT INTO DayOfOperation (VehicleJourneyRef, StartDate, EndDate) VALUES ('98224', 1506729600, 1506815999);
INSERT INTO DayOfOperation (VehicleJourneyRef, StartDate, EndDate) VALUES ('98224', 1507334400, 1507420799);
INSERT INTO DayOfOperation (VehicleJourneyRef, StartDate, EndDate) VALUES ('98224', 1507939200, 1508025599);
INSERT INTO DayOfOperation (VehicleJourneyRef, StartDate, EndDate) VALUES ('98224', 1508544000, 1508630399);
INSERT INTO DayOfNonOperation (VehicleJourneyRef, StartDate, EndDate) VALUES ('98224', 1508716800, 2524607999);
INSERT INTO VehicleJourney (VehicleJourneyCode, ServiceRef, LineRef, JourneyPatternRef, OperatorRef, Monday, Tuesday, Wednesday, Thursday, Friday, Saturday, Sunday, DepatureHour, DepatureMinute, DepatureSecond, Note, NoteCode) VALUES ('98225', 'FSACM23', '0', 'JPS_FSACM23-4', 'CAL', 1, 1, 1, 1, 1, 1, 0, 13, 30, 0, 'Service subject to change due to tidal conditions', 'TID');
INSERT INTO DayOfOperation (VehicleJourneyRef, StartDate, EndDate) VALUES ('98225', 1497657600, 1497743999);
INSERT INTO DayOfOperation (VehicleJourneyRef, StartDate, EndDate) VALUES ('98225', 1498262400, 1498348799);
INSERT INTO DayOfOperation (VehicleJourneyRef, StartDate, EndDate) VALUES ('98225', 1498867200, 1498953599);
INSERT INTO DayOfOperation (VehicleJourneyRef, StartDate, EndDate) VALUES ('98225', 1499472000, 1499558399);
INSERT INTO DayOfOperation (VehicleJourneyRef, StartDate, EndDate) VALUES ('98225', 1500076800, 1500163199);
INSERT INTO DayOfOperation (VehicleJourneyRef, StartDate, EndDate) VALUES ('98225', 1500681600, 1500767999);
INSERT INTO DayOfOperation (VehicleJourneyRef, StartDate, EndDate) VALUES ('98225', 1501286400, 1501372799);
INSERT INTO DayOfOperation (VehicleJourneyRef, StartDate, EndDate) VALUES ('98225', 1501891200, 1501977599);
INSERT INTO DayOfOperation (VehicleJourneyRef, StartDate, EndDate) VALUES ('98225', 1502496000, 1502582399);
INSERT INTO DayOfOperation (VehicleJourneyRef, StartDate, EndDate) VALUES ('98225', 1503100800, 1503187199);
INSERT INTO DayOfOperation (VehicleJourneyRef, StartDate, EndDate) VALUES ('98225', 1503705600, 1503791999);
INSERT INTO DayOfOperation (VehicleJourneyRef, StartDate, EndDate) VALUES ('98225', 1504310400, 1504396799);
INSERT INTO DayOfOperation (VehicleJourneyRef, StartDate, EndDate) VALUES ('98225', 1504915200, 1505001599);
INSERT INTO DayOfOperation (VehicleJourneyRef, StartDate, EndDate) VALUES ('98225', 1505520000, 1505606399);
INSERT INTO DayOfOperation (VehicleJourneyRef, StartDate, EndDate) VALUES ('98225', 1506124800, 1506211199);
INSERT INTO DayOfOperation (VehicleJourneyRef, StartDate, EndDate) VALUES ('98225', 1506729600, 1506815999);
INSERT INTO DayOfOperation (VehicleJourneyRef, StartDate, EndDate) VALUES ('98225', 1507334400, 1507420799);
INSERT INTO DayOfOperation (VehicleJourneyRef, StartDate, EndDate) VALUES ('98225', 1507939200, 1508025599);
INSERT INTO DayOfOperation (VehicleJourneyRef, StartDate, EndDate) VALUES ('98225', 1508544000, 1508630399);
INSERT INTO DayOfNonOperation (VehicleJourneyRef, StartDate, EndDate) VALUES ('98225', 1508716800, 2524607999);
INSERT INTO VehicleJourney (VehicleJourneyCode, ServiceRef, LineRef, JourneyPatternRef, OperatorRef, Monday, Tuesday, Wednesday, Thursday, Friday, Saturday, Sunday, DepatureHour, DepatureMinute, DepatureSecond, Note, NoteCode) VALUES ('98246', 'FSACM23', '0', 'JPS_FSACM23-4', 'CAL', 0, 0, 0, 0, 0, 0, 1, 8, 30, 0, 'Service subject to change due to tidal conditions', 'TID');
INSERT INTO DayOfOperation (VehicleJourneyRef, StartDate, EndDate) VALUES ('98246', 1497744000, 1497830399);
INSERT INTO DayOfOperation (VehicleJourneyRef, StartDate, EndDate) VALUES ('98246', 1498348800, 1498435199);
INSERT INTO DayOfOperation (VehicleJourneyRef, StartDate, EndDate) VALUES ('98246', 1498953600, 1499039999);
INSERT INTO DayOfOperation (VehicleJourneyRef, StartDate, EndDate) VALUES ('98246', 1499558400, 1499644799);
INSERT INTO DayOfOperation (VehicleJourneyRef, StartDate, EndDate) VALUES ('98246', 1500163200, 1500249599);
INSERT INTO DayOfOperation (VehicleJourneyRef, StartDate, EndDate) VALUES ('98246', 1500768000, 1500854399);
INSERT INTO DayOfOperation (VehicleJourneyRef, StartDate, EndDate) VALUES ('98246', 1501372800, 1501459199);
INSERT INTO DayOfOperation (VehicleJourneyRef, StartDate, EndDate) VALUES ('98246', 1501977600, 1502063999);
INSERT INTO DayOfOperation (VehicleJourneyRef, StartDate, EndDate) VALUES ('98246', 1502582400, 1502668799);
INSERT INTO DayOfOperation (VehicleJourneyRef, StartDate, EndDate) VALUES ('98246', 1503187200, 1503273599);
INSERT INTO DayOfOperation (VehicleJourneyRef, StartDate, EndDate) VALUES ('98246', 1503792000, 1503878399);
INSERT INTO DayOfOperation (VehicleJourneyRef, StartDate, EndDate) VALUES ('98246', 1504396800, 1504483199);
INSERT INTO DayOfOperation (VehicleJourneyRef, StartDate, EndDate) VALUES ('98246', 1505001600, 1505087999);
INSERT INTO DayOfOperation (VehicleJourneyRef, StartDate, EndDate) VALUES ('98246', 1505606400, 1505692799);
INSERT INTO DayOfOperation (VehicleJourneyRef, StartDate, EndDate) VALUES ('98246', 1506211200, 1506297599);
INSERT INTO DayOfOperation (VehicleJourneyRef, StartDate, EndDate) VALUES ('98246', 1506816000, 1506902399);
INSERT INTO DayOfOperation (VehicleJourneyRef, StartDate, EndDate) VALUES ('98246', 1507420800, 1507507199);
INSERT INTO DayOfOperation (VehicleJourneyRef, StartDate, EndDate) VALUES ('98246', 1508025600, 1508111999);
INSERT INTO DayOfOperation (VehicleJourneyRef, StartDate, EndDate) VALUES ('98246', 1508630400, 1508716799);
INSERT INTO DayOfNonOperation (VehicleJourneyRef, StartDate, EndDate) VALUES ('98246', 1508716800, 2524607999);
INSERT INTO VehicleJourney (VehicleJourneyCode, ServiceRef, LineRef, JourneyPatternRef, OperatorRef, Monday, Tuesday, Wednesday, Thursday, Friday, Saturday, Sunday, DepatureHour, DepatureMinute, DepatureSecond, Note, NoteCode) VALUES ('98247', 'FSACM23', '0', 'JPS_FSACM23-4', 'CAL', 0, 0, 0, 0, 0, 0, 1, 16, 30, 0, 'Service subject to change due to tidal conditions', 'TID');
INSERT INTO DayOfOperation (VehicleJourneyRef, StartDate, EndDate) VALUES ('98247', 1497744000, 1497830399);
INSERT INTO DayOfOperation (VehicleJourneyRef, StartDate, EndDate) VALUES ('98247', 1498348800, 1498435199);
INSERT INTO DayOfOperation (VehicleJourneyRef, StartDate, EndDate) VALUES ('98247', 1498953600, 1499039999);
INSERT INTO DayOfOperation (VehicleJourneyRef, StartDate, EndDate) VALUES ('98247', 1499558400, 1499644799);
INSERT INTO DayOfOperation (VehicleJourneyRef, StartDate, EndDate) VALUES ('98247', 1500163200, 1500249599);
INSERT INTO DayOfOperation (VehicleJourneyRef, StartDate, EndDate) VALUES ('98247', 1500768000, 1500854399);
INSERT INTO DayOfOperation (VehicleJourneyRef, StartDate, EndDate) VALUES ('98247', 1501372800, 1501459199);
INSERT INTO DayOfOperation (VehicleJourneyRef, StartDate, EndDate) VALUES ('98247', 1501977600, 1502063999);
INSERT INTO DayOfOperation (VehicleJourneyRef, StartDate, EndDate) VALUES ('98247', 1502582400, 1502668799);
INSERT INTO DayOfOperation (VehicleJourneyRef, StartDate, EndDate) VALUES ('98247', 1503187200, 1503273599);
INSERT INTO DayOfOperation (VehicleJourneyRef, StartDate, EndDate) VALUES ('98247', 1503792000, 1503878399);
INSERT INTO DayOfOperation (VehicleJourneyRef, StartDate, EndDate) VALUES ('98247', 1504396800, 1504483199);
INSERT INTO DayOfOperation (VehicleJourneyRef, StartDate, EndDate) VALUES ('98247', 1505001600, 1505087999);
INSERT INTO DayOfOperation (VehicleJourneyRef, StartDate, EndDate) VALUES ('98247', 1505606400, 1505692799);
INSERT INTO DayOfOperation (VehicleJourneyRef, StartDate, EndDate) VALUES ('98247', 1506211200, 1506297599);
INSERT INTO DayOfOperation (VehicleJourneyRef, StartDate, EndDate) VALUES ('98247', 1506816000, 1506902399);
INSERT INTO DayOfOperation (VehicleJourneyRef, StartDate, EndDate) VALUES ('98247', 1507420800, 1507507199);
INSERT INTO DayOfOperation (VehicleJourneyRef, StartDate, EndDate) VALUES ('98247', 1508025600, 1508111999);
INSERT INTO DayOfOperation (VehicleJourneyRef, StartDate, EndDate) VALUES ('98247', 1508630400, 1508716799);
INSERT INTO DayOfNonOperation (VehicleJourneyRef, StartDate, EndDate) VALUES ('98247', 1508716800, 2524607999);
INSERT INTO VehicleJourney (VehicleJourneyCode, ServiceRef, LineRef, JourneyPatternRef, OperatorRef, Monday, Tuesday, Wednesday, Thursday, Friday, Saturday, Sunday, DepatureHour, DepatureMinute, DepatureSecond, Note, NoteCode) VALUES ('98214', 'FSACM23', '0', 'JPS_FSACM23-3', 'CAL', 0, 0, 0, 0, 0, 0, 1, 14, 10, 0, 'Service subject to change due to tidal conditions', 'TID');
INSERT INTO DayOfOperation (VehicleJourneyRef, StartDate, EndDate) VALUES ('98214', 1497744000, 1497830399);
INSERT INTO DayOfOperation (VehicleJourneyRef, StartDate, EndDate) VALUES ('98214', 1498348800, 1498435199);
INSERT INTO DayOfOperation (VehicleJourneyRef, StartDate, EndDate) VALUES ('98214', 1498953600, 1499039999);
INSERT INTO DayOfOperation (VehicleJourneyRef, StartDate, EndDate) VALUES ('98214', 1499558400, 1499644799);
INSERT INTO DayOfOperation (VehicleJourneyRef, StartDate, EndDate) VALUES ('98214', 1500163200, 1500249599);
INSERT INTO DayOfOperation (VehicleJourneyRef, StartDate, EndDate) VALUES ('98214', 1500768000, 1500854399);
INSERT INTO DayOfOperation (VehicleJourneyRef, StartDate, EndDate) VALUES ('98214', 1501372800, 1501459199);
INSERT INTO DayOfOperation (VehicleJourneyRef, StartDate, EndDate) VALUES ('98214', 1501977600, 1502063999);
INSERT INTO DayOfOperation (VehicleJourneyRef, StartDate, EndDate) VALUES ('98214', 1502582400, 1502668799);
INSERT INTO DayOfOperation (VehicleJourneyRef, StartDate, EndDate) VALUES ('98214', 1503187200, 1503273599);
INSERT INTO DayOfOperation (VehicleJourneyRef, StartDate, EndDate) VALUES ('98214', 1503792000, 1503878399);
INSERT INTO DayOfOperation (VehicleJourneyRef, StartDate, EndDate) VALUES ('98214', 1504396800, 1504483199);
INSERT INTO DayOfOperation (VehicleJourneyRef, StartDate, EndDate) VALUES ('98214', 1505001600, 1505087999);
INSERT INTO DayOfOperation (VehicleJourneyRef, StartDate, EndDate) VALUES ('98214', 1505606400, 1505692799);
INSERT INTO DayOfNonOperation (VehicleJourneyRef, StartDate, EndDate) VALUES ('98214', 1490918400, 1494115199);
INSERT INTO DayOfNonOperation (VehicleJourneyRef, StartDate, EndDate) VALUES ('98214', 1505692800, 2524607999);
INSERT INTO VehicleJourney (VehicleJourneyCode, ServiceRef, LineRef, JourneyPatternRef, OperatorRef, Monday, Tuesday, Wednesday, Thursday, Friday, Saturday, Sunday, DepatureHour, DepatureMinute, DepatureSecond, Note, NoteCode) VALUES ('98248', 'FSACM23', '0', 'JPS_FSACM23-4', 'CAL', 0, 0, 0, 0, 0, 0, 1, 13, 0, 0, 'Service subject to change due to tidal conditions', 'TID');
INSERT INTO DayOfOperation (VehicleJourneyRef, StartDate, EndDate) VALUES ('98248', 1497744000, 1497830399);
INSERT INTO DayOfOperation (VehicleJourneyRef, StartDate, EndDate) VALUES ('98248', 1498348800, 1498435199);
INSERT INTO DayOfOperation (VehicleJourneyRef, StartDate, EndDate) VALUES ('98248', 1498953600, 1499039999);
INSERT INTO DayOfOperation (VehicleJourneyRef, StartDate, EndDate) VALUES ('98248', 1499558400, 1499644799);
INSERT INTO DayOfOperation (VehicleJourneyRef, StartDate, EndDate) VALUES ('98248', 1500163200, 1500249599);
INSERT INTO DayOfOperation (VehicleJourneyRef, StartDate, EndDate) VALUES ('98248', 1500768000, 1500854399);
INSERT INTO DayOfOperation (VehicleJourneyRef, StartDate, EndDate) VALUES ('98248', 1501372800, 1501459199);
INSERT INTO DayOfOperation (VehicleJourneyRef, StartDate, EndDate) VALUES ('98248', 1501977600, 1502063999);
INSERT INTO DayOfOperation (VehicleJourneyRef, StartDate, EndDate) VALUES ('98248', 1502582400, 1502668799);
INSERT INTO DayOfOperation (VehicleJourneyRef, StartDate, EndDate) VALUES ('98248', 1503187200, 1503273599);
INSERT INTO DayOfOperation (VehicleJourneyRef, StartDate, EndDate) VALUES ('98248', 1503792000, 1503878399);
INSERT INTO DayOfOperation (VehicleJourneyRef, StartDate, EndDate) VALUES ('98248', 1504396800, 1504483199);
INSERT INTO DayOfOperation (VehicleJourneyRef, StartDate, EndDate) VALUES ('98248', 1505001600, 1505087999);
INSERT INTO DayOfOperation (VehicleJourneyRef, StartDate, EndDate) VALUES ('98248', 1505606400, 1505692799);
INSERT INTO DayOfNonOperation (VehicleJourneyRef, StartDate, EndDate) VALUES ('98248', 1490918400, 1494115199);
INSERT INTO DayOfNonOperation (VehicleJourneyRef, StartDate, EndDate) VALUES ('98248', 1505692800, 2524607999);
INSERT INTO VehicleJourney (VehicleJourneyCode, ServiceRef, LineRef, JourneyPatternRef, OperatorRef, Monday, Tuesday, Wednesday, Thursday, Friday, Saturday, Sunday, DepatureHour, DepatureMinute, DepatureSecond, Note, NoteCode) VALUES ('98192', 'FSACM23', '0', 'JPS_FSACM23-3', 'CAL', 1, 1, 1, 1, 1, 1, 0, 14, 40, 0, 'Service subject to change due to tidal conditions', 'TID');
INSERT INTO DayOfOperation (VehicleJourneyRef, StartDate, EndDate) VALUES ('98192', 1504310400, 1504396799);
INSERT INTO DayOfOperation (VehicleJourneyRef, StartDate, EndDate) VALUES ('98192', 1504915200, 1505001599);
INSERT INTO DayOfOperation (VehicleJourneyRef, StartDate, EndDate) VALUES ('98192', 1505520000, 1505606399);
INSERT INTO DayOfOperation (VehicleJourneyRef, StartDate, EndDate) VALUES ('98192', 1506124800, 1506211199);
INSERT INTO DayOfOperation (VehicleJourneyRef, StartDate, EndDate) VALUES ('98192', 1506729600, 1506815999);
INSERT INTO DayOfOperation (VehicleJourneyRef, StartDate, EndDate) VALUES ('98192', 1507334400, 1507420799);
INSERT INTO DayOfOperation (VehicleJourneyRef, StartDate, EndDate) VALUES ('98192', 1507939200, 1508025599);
INSERT INTO DayOfOperation (VehicleJourneyRef, StartDate, EndDate) VALUES ('98192', 1508544000, 1508630399);
INSERT INTO DayOfNonOperation (VehicleJourneyRef, StartDate, EndDate) VALUES ('98192', 1490918400, 1503878399);
INSERT INTO DayOfNonOperation (VehicleJourneyRef, StartDate, EndDate) VALUES ('98192', 1508716800, 2524607999);
INSERT INTO VehicleJourney (VehicleJourneyCode, ServiceRef, LineRef, JourneyPatternRef, OperatorRef, Monday, Tuesday, Wednesday, Thursday, Friday, Saturday, Sunday, DepatureHour, DepatureMinute, DepatureSecond, Note, NoteCode) VALUES ('98193', 'FSACM23', '0', 'JPS_FSACM23-3', 'CAL', 1, 1, 1, 1, 1, 1, 0, 17, 5, 0, 'Service subject to change due to tidal conditions', 'TID');
INSERT INTO DayOfOperation (VehicleJourneyRef, StartDate, EndDate) VALUES ('98193', 1504310400, 1504396799);
INSERT INTO DayOfOperation (VehicleJourneyRef, StartDate, EndDate) VALUES ('98193', 1504915200, 1505001599);
INSERT INTO DayOfOperation (VehicleJourneyRef, StartDate, EndDate) VALUES ('98193', 1505520000, 1505606399);
INSERT INTO DayOfOperation (VehicleJourneyRef, StartDate, EndDate) VALUES ('98193', 1506124800, 1506211199);
INSERT INTO DayOfOperation (VehicleJourneyRef, StartDate, EndDate) VALUES ('98193', 1506729600, 1506815999);
INSERT INTO DayOfOperation (VehicleJourneyRef, StartDate, EndDate) VALUES ('98193', 1507334400, 1507420799);
INSERT INTO DayOfOperation (VehicleJourneyRef, StartDate, EndDate) VALUES ('98193', 1507939200, 1508025599);
INSERT INTO DayOfOperation (VehicleJourneyRef, StartDate, EndDate) VALUES ('98193', 1508544000, 1508630399);
INSERT INTO DayOfNonOperation (VehicleJourneyRef, StartDate, EndDate) VALUES ('98193', 1490918400, 1503878399);
INSERT INTO DayOfNonOperation (VehicleJourneyRef, StartDate, EndDate) VALUES ('98193', 1508716800, 2524607999);
INSERT INTO VehicleJourney (VehicleJourneyCode, ServiceRef, LineRef, JourneyPatternRef, OperatorRef, Monday, Tuesday, Wednesday, Thursday, Friday, Saturday, Sunday, DepatureHour, DepatureMinute, DepatureSecond, Note, NoteCode) VALUES ('98227', 'FSACM23', '0', 'JPS_FSACM23-4', 'CAL', 1, 1, 1, 1, 1, 1, 0, 16, 0, 0, 'Service subject to change due to tidal conditions', 'TID');
INSERT INTO DayOfOperation (VehicleJourneyRef, StartDate, EndDate) VALUES ('98227', 1504310400, 1504396799);
INSERT INTO DayOfOperation (VehicleJourneyRef, StartDate, EndDate) VALUES ('98227', 1504915200, 1505001599);
INSERT INTO DayOfOperation (VehicleJourneyRef, StartDate, EndDate) VALUES ('98227', 1505520000, 1505606399);
INSERT INTO DayOfOperation (VehicleJourneyRef, StartDate, EndDate) VALUES ('98227', 1506124800, 1506211199);
INSERT INTO DayOfOperation (VehicleJourneyRef, StartDate, EndDate) VALUES ('98227', 1506729600, 1506815999);
INSERT INTO DayOfOperation (VehicleJourneyRef, StartDate, EndDate) VALUES ('98227', 1507334400, 1507420799);
INSERT INTO DayOfOperation (VehicleJourneyRef, StartDate, EndDate) VALUES ('98227', 1507939200, 1508025599);
INSERT INTO DayOfOperation (VehicleJourneyRef, StartDate, EndDate) VALUES ('98227', 1508544000, 1508630399);
INSERT INTO DayOfNonOperation (VehicleJourneyRef, StartDate, EndDate) VALUES ('98227', 1490918400, 1503878399);
INSERT INTO DayOfNonOperation (VehicleJourneyRef, StartDate, EndDate) VALUES ('98227', 1508716800, 2524607999);
INSERT INTO VehicleJourney (VehicleJourneyCode, ServiceRef, LineRef, JourneyPatternRef, OperatorRef, Monday, Tuesday, Wednesday, Thursday, Friday, Saturday, Sunday, DepatureHour, DepatureMinute, DepatureSecond, Note, NoteCode) VALUES ('98228', 'FSACM23', '0', 'JPS_FSACM23-4', 'CAL', 1, 1, 1, 1, 1, 1, 0, 8, 0, 0, 'Service subject to change due to tidal conditions', 'TID');
INSERT INTO DayOfOperation (VehicleJourneyRef, StartDate, EndDate) VALUES ('98228', 1509148800, 1509235199);
INSERT INTO DayOfOperation (VehicleJourneyRef, StartDate, EndDate) VALUES ('98228', 1509753600, 1509839999);
INSERT INTO DayOfOperation (VehicleJourneyRef, StartDate, EndDate) VALUES ('98228', 1510358400, 1510444799);
INSERT INTO DayOfNonOperation (VehicleJourneyRef, StartDate, EndDate) VALUES ('98228', 1490918400, 1508716799);
INSERT INTO DayOfNonOperation (VehicleJourneyRef, StartDate, EndDate) VALUES ('98228', 1510444800, 2524607999);
INSERT INTO VehicleJourney (VehicleJourneyCode, ServiceRef, LineRef, JourneyPatternRef, OperatorRef, Monday, Tuesday, Wednesday, Thursday, Friday, Saturday, Sunday, DepatureHour, DepatureMinute, DepatureSecond, Note, NoteCode) VALUES ('98229', 'FSACM23', '0', 'JPS_FSACM23-4', 'CAL', 1, 1, 1, 1, 1, 1, 0, 14, 0, 0, 'Service subject to change due to tidal conditions', 'TID');
INSERT INTO DayOfOperation (VehicleJourneyRef, StartDate, EndDate) VALUES ('98229', 1509148800, 1509235199);
INSERT INTO DayOfOperation (VehicleJourneyRef, StartDate, EndDate) VALUES ('98229', 1509753600, 1509839999);
INSERT INTO DayOfOperation (VehicleJourneyRef, StartDate, EndDate) VALUES ('98229', 1510358400, 1510444799);
INSERT INTO DayOfNonOperation (VehicleJourneyRef, StartDate, EndDate) VALUES ('98229', 1490918400, 1508716799);
INSERT INTO DayOfNonOperation (VehicleJourneyRef, StartDate, EndDate) VALUES ('98229', 1510444800, 2524607999);
INSERT INTO VehicleJourney (VehicleJourneyCode, ServiceRef, LineRef, JourneyPatternRef, OperatorRef, Monday, Tuesday, Wednesday, Thursday, Friday, Saturday, Sunday, DepatureHour, DepatureMinute, DepatureSecond, Note, NoteCode) VALUES ('98194', 'FSACM23', '0', 'JPS_FSACM23-3', 'CAL', 1, 1, 1, 1, 1, 1, 0, 9, 10, 0, 'Service subject to change due to tidal conditions', 'TID');
INSERT INTO DayOfOperation (VehicleJourneyRef, StartDate, EndDate) VALUES ('98194', 1509148800, 1509235199);
INSERT INTO DayOfOperation (VehicleJourneyRef, StartDate, EndDate) VALUES ('98194', 1509753600, 1509839999);
INSERT INTO DayOfOperation (VehicleJourneyRef, StartDate, EndDate) VALUES ('98194', 1510358400, 1510444799);
INSERT INTO DayOfNonOperation (VehicleJourneyRef, StartDate, EndDate) VALUES ('98194', 1490918400, 1508716799);
INSERT INTO DayOfNonOperation (VehicleJourneyRef, StartDate, EndDate) VALUES ('98194', 1510444800, 2524607999);
INSERT INTO VehicleJourney (VehicleJourneyCode, ServiceRef, LineRef, JourneyPatternRef, OperatorRef, Monday, Tuesday, Wednesday, Thursday, Friday, Saturday, Sunday, DepatureHour, DepatureMinute, DepatureSecond, Note, NoteCode) VALUES ('98195', 'FSACM23', '0', 'JPS_FSACM23-3', 'CAL', 1, 1, 1, 1, 1, 1, 0, 15, 5, 0, 'Service subject to change due to tidal conditions', 'TID');
INSERT INTO DayOfOperation (VehicleJourneyRef, StartDate, EndDate) VALUES ('98195', 1509148800, 1509235199);
INSERT INTO DayOfOperation (VehicleJourneyRef, StartDate, EndDate) VALUES ('98195', 1509753600, 1509839999);
INSERT INTO DayOfOperation (VehicleJourneyRef, StartDate, EndDate) VALUES ('98195', 1510358400, 1510444799);
INSERT INTO DayOfNonOperation (VehicleJourneyRef, StartDate, EndDate) VALUES ('98195', 1490918400, 1508716799);
INSERT INTO DayOfNonOperation (VehicleJourneyRef, StartDate, EndDate) VALUES ('98195', 1510444800, 2524607999);
INSERT INTO VehicleJourney (VehicleJourneyCode, ServiceRef, LineRef, JourneyPatternRef, OperatorRef, Monday, Tuesday, Wednesday, Thursday, Friday, Saturday, Sunday, DepatureHour, DepatureMinute, DepatureSecond, Note, NoteCode) VALUES ('98249', 'FSACM23', '0', 'JPS_FSACM23-4', 'CAL', 0, 0, 0, 0, 0, 0, 1, 8, 30, 0, 'Service subject to change due to tidal conditions', 'TID');
INSERT INTO DayOfOperation (VehicleJourneyRef, StartDate, EndDate) VALUES ('98249', 1509235200, 1509321599);
INSERT INTO DayOfOperation (VehicleJourneyRef, StartDate, EndDate) VALUES ('98249', 1509840000, 1509926399);
INSERT INTO DayOfOperation (VehicleJourneyRef, StartDate, EndDate) VALUES ('98249', 1510444800, 1510531199);
INSERT INTO DayOfOperation (VehicleJourneyRef, StartDate, EndDate) VALUES ('98249', 1511049600, 1511135999);
INSERT INTO DayOfOperation (VehicleJourneyRef, StartDate, EndDate) VALUES ('98249', 1511654400, 1511740799);
INSERT INTO DayOfOperation (VehicleJourneyRef, StartDate, EndDate) VALUES ('98249', 1512259200, 1512345599);
INSERT INTO DayOfOperation (VehicleJourneyRef, StartDate, EndDate) VALUES ('98249', 1512864000, 1512950399);
INSERT INTO DayOfOperation (VehicleJourneyRef, StartDate, EndDate) VALUES ('98249', 1513468800, 1513555199);
INSERT INTO DayOfOperation (VehicleJourneyRef, StartDate, EndDate) VALUES ('98249', 1514073600, 1514159999);
INSERT INTO DayOfOperation (VehicleJourneyRef, StartDate, EndDate) VALUES ('98249', 1514678400, 1514764799);
INSERT INTO DayOfOperation (VehicleJourneyRef, StartDate, EndDate) VALUES ('98249', 1515283200, 1515369599);
INSERT INTO DayOfOperation (VehicleJourneyRef, StartDate, EndDate) VALUES ('98249', 1517702400, 1517788799);
INSERT INTO DayOfOperation (VehicleJourneyRef, StartDate, EndDate) VALUES ('98249', 1518307200, 1518393599);
INSERT INTO DayOfOperation (VehicleJourneyRef, StartDate, EndDate) VALUES ('98249', 1518912000, 1518998399);
INSERT INTO DayOfOperation (VehicleJourneyRef, StartDate, EndDate) VALUES ('98249', 1519516800, 1519603199);
INSERT INTO DayOfOperation (VehicleJourneyRef, StartDate, EndDate) VALUES ('98249', 1520121600, 1520207999);
INSERT INTO DayOfOperation (VehicleJourneyRef, StartDate, EndDate) VALUES ('98249', 1520726400, 1520812799);
INSERT INTO DayOfOperation (VehicleJourneyRef, StartDate, EndDate) VALUES ('98249', 1521331200, 1521417599);
INSERT INTO DayOfOperation (VehicleJourneyRef, StartDate, EndDate) VALUES ('98249', 1521936000, 1522022399);
INSERT INTO DayOfOperation (VehicleJourneyRef, StartDate, EndDate) VALUES ('98249', 1522540800, 1522627199);
INSERT INTO DayOfOperation (VehicleJourneyRef, StartDate, EndDate) VALUES ('98249', 1523145600, 1523231999);
INSERT INTO DayOfOperation (VehicleJourneyRef, StartDate, EndDate) VALUES ('98249', 1523750400, 1523836799);
INSERT INTO DayOfOperation (VehicleJourneyRef, StartDate, EndDate) VALUES ('98249', 1524355200, 1524441599);
INSERT INTO DayOfOperation (VehicleJourneyRef, StartDate, EndDate) VALUES ('98249', 1524960000, 1525046399);
INSERT INTO DayOfOperation (VehicleJourneyRef, StartDate, EndDate) VALUES ('98249', 1525564800, 1525651199);
INSERT INTO DayOfOperation (VehicleJourneyRef, StartDate, EndDate) VALUES ('98249', 1526169600, 1526255999);
INSERT INTO DayOfOperation (VehicleJourneyRef, StartDate, EndDate) VALUES ('98249', 1526774400, 1526860799);
INSERT INTO DayOfOperation (VehicleJourneyRef, StartDate, EndDate) VALUES ('98249', 1527379200, 1527465599);
INSERT INTO DayOfOperation (VehicleJourneyRef, StartDate, EndDate) VALUES ('98249', 1527984000, 1528070399);
INSERT INTO DayOfOperation (VehicleJourneyRef, StartDate, EndDate) VALUES ('98249', 1528588800, 1528675199);
INSERT INTO DayOfNonOperation (VehicleJourneyRef, StartDate, EndDate) VALUES ('98249', 1490918400, 1508716799);
INSERT INTO VehicleJourney (VehicleJourneyCode, ServiceRef, LineRef, JourneyPatternRef, OperatorRef, Monday, Tuesday, Wednesday, Thursday, Friday, Saturday, Sunday, DepatureHour, DepatureMinute, DepatureSecond, Note, NoteCode) VALUES ('98250', 'FSACM23', '0', 'JPS_FSACM23-4', 'CAL', 0, 0, 0, 0, 0, 0, 1, 13, 30, 0, 'Service subject to change due to tidal conditions', 'TID');
INSERT INTO DayOfOperation (VehicleJourneyRef, StartDate, EndDate) VALUES ('98250', 1509235200, 1509321599);
INSERT INTO DayOfOperation (VehicleJourneyRef, StartDate, EndDate) VALUES ('98250', 1509840000, 1509926399);
INSERT INTO DayOfOperation (VehicleJourneyRef, StartDate, EndDate) VALUES ('98250', 1510444800, 1510531199);
INSERT INTO DayOfOperation (VehicleJourneyRef, StartDate, EndDate) VALUES ('98250', 1511049600, 1511135999);
INSERT INTO DayOfOperation (VehicleJourneyRef, StartDate, EndDate) VALUES ('98250', 1511654400, 1511740799);
INSERT INTO DayOfOperation (VehicleJourneyRef, StartDate, EndDate) VALUES ('98250', 1512259200, 1512345599);
INSERT INTO DayOfOperation (VehicleJourneyRef, StartDate, EndDate) VALUES ('98250', 1512864000, 1512950399);
INSERT INTO DayOfOperation (VehicleJourneyRef, StartDate, EndDate) VALUES ('98250', 1513468800, 1513555199);
INSERT INTO DayOfOperation (VehicleJourneyRef, StartDate, EndDate) VALUES ('98250', 1514073600, 1514159999);
INSERT INTO DayOfOperation (VehicleJourneyRef, StartDate, EndDate) VALUES ('98250', 1514678400, 1514764799);
INSERT INTO DayOfOperation (VehicleJourneyRef, StartDate, EndDate) VALUES ('98250', 1515283200, 1515369599);
INSERT INTO DayOfOperation (VehicleJourneyRef, StartDate, EndDate) VALUES ('98250', 1517702400, 1517788799);
INSERT INTO DayOfOperation (VehicleJourneyRef, StartDate, EndDate) VALUES ('98250', 1518307200, 1518393599);
INSERT INTO DayOfOperation (VehicleJourneyRef, StartDate, EndDate) VALUES ('98250', 1518912000, 1518998399);
INSERT INTO DayOfOperation (VehicleJourneyRef, StartDate, EndDate) VALUES ('98250', 1519516800, 1519603199);
INSERT INTO DayOfOperation (VehicleJourneyRef, StartDate, EndDate) VALUES ('98250', 1520121600, 1520207999);
INSERT INTO DayOfOperation (VehicleJourneyRef, StartDate, EndDate) VALUES ('98250', 1520726400, 1520812799);
INSERT INTO DayOfOperation (VehicleJourneyRef, StartDate, EndDate) VALUES ('98250', 1521331200, 1521417599);
INSERT INTO DayOfOperation (VehicleJourneyRef, StartDate, EndDate) VALUES ('98250', 1521936000, 1522022399);
INSERT INTO DayOfOperation (VehicleJourneyRef, StartDate, EndDate) VALUES ('98250', 1522540800, 1522627199);
INSERT INTO DayOfOperation (VehicleJourneyRef, StartDate, EndDate) VALUES ('98250', 1523145600, 1523231999);
INSERT INTO DayOfOperation (VehicleJourneyRef, StartDate, EndDate) VALUES ('98250', 1523750400, 1523836799);
INSERT INTO DayOfOperation (VehicleJourneyRef, StartDate, EndDate) VALUES ('98250', 1524355200, 1524441599);
INSERT INTO DayOfOperation (VehicleJourneyRef, StartDate, EndDate) VALUES ('98250', 1524960000, 1525046399);
INSERT INTO DayOfOperation (VehicleJourneyRef, StartDate, EndDate) VALUES ('98250', 1525564800, 1525651199);
INSERT INTO DayOfOperation (VehicleJourneyRef, StartDate, EndDate) VALUES ('98250', 1526169600, 1526255999);
INSERT INTO DayOfOperation (VehicleJourneyRef, StartDate, EndDate) VALUES ('98250', 1526774400, 1526860799);
INSERT INTO DayOfOperation (VehicleJourneyRef, StartDate, EndDate) VALUES ('98250', 1527379200, 1527465599);
INSERT INTO DayOfOperation (VehicleJourneyRef, StartDate, EndDate) VALUES ('98250', 1527984000, 1528070399);
INSERT INTO DayOfOperation (VehicleJourneyRef, StartDate, EndDate) VALUES ('98250', 1528588800, 1528675199);
INSERT INTO DayOfNonOperation (VehicleJourneyRef, StartDate, EndDate) VALUES ('98250', 1490918400, 1508716799);
INSERT INTO VehicleJourney (VehicleJourneyCode, ServiceRef, LineRef, JourneyPatternRef, OperatorRef, Monday, Tuesday, Wednesday, Thursday, Friday, Saturday, Sunday, DepatureHour, DepatureMinute, DepatureSecond, Note, NoteCode) VALUES ('98215', 'FSACM23', '0', 'JPS_FSACM23-3', 'CAL', 0, 0, 0, 0, 0, 0, 1, 9, 35, 0, 'Service subject to change due to tidal conditions', 'TID');
INSERT INTO DayOfOperation (VehicleJourneyRef, StartDate, EndDate) VALUES ('98215', 1509235200, 1509321599);
INSERT INTO DayOfOperation (VehicleJourneyRef, StartDate, EndDate) VALUES ('98215', 1509840000, 1509926399);
INSERT INTO DayOfOperation (VehicleJourneyRef, StartDate, EndDate) VALUES ('98215', 1510444800, 1510531199);
INSERT INTO DayOfOperation (VehicleJourneyRef, StartDate, EndDate) VALUES ('98215', 1511049600, 1511135999);
INSERT INTO DayOfOperation (VehicleJourneyRef, StartDate, EndDate) VALUES ('98215', 1511654400, 1511740799);
INSERT INTO DayOfOperation (VehicleJourneyRef, StartDate, EndDate) VALUES ('98215', 1512259200, 1512345599);
INSERT INTO DayOfOperation (VehicleJourneyRef, StartDate, EndDate) VALUES ('98215', 1512864000, 1512950399);
INSERT INTO DayOfOperation (VehicleJourneyRef, StartDate, EndDate) VALUES ('98215', 1513468800, 1513555199);
INSERT INTO DayOfOperation (VehicleJourneyRef, StartDate, EndDate) VALUES ('98215', 1514073600, 1514159999);
INSERT INTO DayOfOperation (VehicleJourneyRef, StartDate, EndDate) VALUES ('98215', 1514678400, 1514764799);
INSERT INTO DayOfOperation (VehicleJourneyRef, StartDate, EndDate) VALUES ('98215', 1515283200, 1515369599);
INSERT INTO DayOfOperation (VehicleJourneyRef, StartDate, EndDate) VALUES ('98215', 1517702400, 1517788799);
INSERT INTO DayOfOperation (VehicleJourneyRef, StartDate, EndDate) VALUES ('98215', 1518307200, 1518393599);
INSERT INTO DayOfOperation (VehicleJourneyRef, StartDate, EndDate) VALUES ('98215', 1518912000, 1518998399);
INSERT INTO DayOfOperation (VehicleJourneyRef, StartDate, EndDate) VALUES ('98215', 1519516800, 1519603199);
INSERT INTO DayOfOperation (VehicleJourneyRef, StartDate, EndDate) VALUES ('98215', 1520121600, 1520207999);
INSERT INTO DayOfOperation (VehicleJourneyRef, StartDate, EndDate) VALUES ('98215', 1520726400, 1520812799);
INSERT INTO DayOfOperation (VehicleJourneyRef, StartDate, EndDate) VALUES ('98215', 1521331200, 1521417599);
INSERT INTO DayOfOperation (VehicleJourneyRef, StartDate, EndDate) VALUES ('98215', 1521936000, 1522022399);
INSERT INTO DayOfOperation (VehicleJourneyRef, StartDate, EndDate) VALUES ('98215', 1522540800, 1522627199);
INSERT INTO DayOfOperation (VehicleJourneyRef, StartDate, EndDate) VALUES ('98215', 1523145600, 1523231999);
INSERT INTO DayOfOperation (VehicleJourneyRef, StartDate, EndDate) VALUES ('98215', 1523750400, 1523836799);
INSERT INTO DayOfOperation (VehicleJourneyRef, StartDate, EndDate) VALUES ('98215', 1524355200, 1524441599);
INSERT INTO DayOfOperation (VehicleJourneyRef, StartDate, EndDate) VALUES ('98215', 1524960000, 1525046399);
INSERT INTO DayOfOperation (VehicleJourneyRef, StartDate, EndDate) VALUES ('98215', 1525564800, 1525651199);
INSERT INTO DayOfOperation (VehicleJourneyRef, StartDate, EndDate) VALUES ('98215', 1526169600, 1526255999);
INSERT INTO DayOfOperation (VehicleJourneyRef, StartDate, EndDate) VALUES ('98215', 1526774400, 1526860799);
INSERT INTO DayOfOperation (VehicleJourneyRef, StartDate, EndDate) VALUES ('98215', 1527379200, 1527465599);
INSERT INTO DayOfOperation (VehicleJourneyRef, StartDate, EndDate) VALUES ('98215', 1527984000, 1528070399);
INSERT INTO DayOfOperation (VehicleJourneyRef, StartDate, EndDate) VALUES ('98215', 1528588800, 1528675199);
INSERT INTO DayOfNonOperation (VehicleJourneyRef, StartDate, EndDate) VALUES ('98215', 1490918400, 1508716799);
INSERT INTO VehicleJourney (VehicleJourneyCode, ServiceRef, LineRef, JourneyPatternRef, OperatorRef, Monday, Tuesday, Wednesday, Thursday, Friday, Saturday, Sunday, DepatureHour, DepatureMinute, DepatureSecond, Note, NoteCode) VALUES ('98216', 'FSACM23', '0', 'JPS_FSACM23-3', 'CAL', 0, 0, 0, 0, 0, 0, 1, 14, 40, 0, 'Service subject to change due to tidal conditions', 'TID');
INSERT INTO DayOfOperation (VehicleJourneyRef, StartDate, EndDate) VALUES ('98216', 1509235200, 1509321599);
INSERT INTO DayOfOperation (VehicleJourneyRef, StartDate, EndDate) VALUES ('98216', 1509840000, 1509926399);
INSERT INTO DayOfOperation (VehicleJourneyRef, StartDate, EndDate) VALUES ('98216', 1510444800, 1510531199);
INSERT INTO DayOfOperation (VehicleJourneyRef, StartDate, EndDate) VALUES ('98216', 1511049600, 1511135999);
INSERT INTO DayOfOperation (VehicleJourneyRef, StartDate, EndDate) VALUES ('98216', 1511654400, 1511740799);
INSERT INTO DayOfOperation (VehicleJourneyRef, StartDate, EndDate) VALUES ('98216', 1512259200, 1512345599);
INSERT INTO DayOfOperation (VehicleJourneyRef, StartDate, EndDate) VALUES ('98216', 1512864000, 1512950399);
INSERT INTO DayOfOperation (VehicleJourneyRef, StartDate, EndDate) VALUES ('98216', 1513468800, 1513555199);
INSERT INTO DayOfOperation (VehicleJourneyRef, StartDate, EndDate) VALUES ('98216', 1514073600, 1514159999);
INSERT INTO DayOfOperation (VehicleJourneyRef, StartDate, EndDate) VALUES ('98216', 1514678400, 1514764799);
INSERT INTO DayOfOperation (VehicleJourneyRef, StartDate, EndDate) VALUES ('98216', 1515283200, 1515369599);
INSERT INTO DayOfOperation (VehicleJourneyRef, StartDate, EndDate) VALUES ('98216', 1517702400, 1517788799);
INSERT INTO DayOfOperation (VehicleJourneyRef, StartDate, EndDate) VALUES ('98216', 1518307200, 1518393599);
INSERT INTO DayOfOperation (VehicleJourneyRef, StartDate, EndDate) VALUES ('98216', 1518912000, 1518998399);
INSERT INTO DayOfOperation (VehicleJourneyRef, StartDate, EndDate) VALUES ('98216', 1519516800, 1519603199);
INSERT INTO DayOfOperation (VehicleJourneyRef, StartDate, EndDate) VALUES ('98216', 1520121600, 1520207999);
INSERT INTO DayOfOperation (VehicleJourneyRef, StartDate, EndDate) VALUES ('98216', 1520726400, 1520812799);
INSERT INTO DayOfOperation (VehicleJourneyRef, StartDate, EndDate) VALUES ('98216', 1521331200, 1521417599);
INSERT INTO DayOfOperation (VehicleJourneyRef, StartDate, EndDate) VALUES ('98216', 1521936000, 1522022399);
INSERT INTO DayOfOperation (VehicleJourneyRef, StartDate, EndDate) VALUES ('98216', 1522540800, 1522627199);
INSERT INTO DayOfOperation (VehicleJourneyRef, StartDate, EndDate) VALUES ('98216', 1523145600, 1523231999);
INSERT INTO DayOfOperation (VehicleJourneyRef, StartDate, EndDate) VALUES ('98216', 1523750400, 1523836799);
INSERT INTO DayOfOperation (VehicleJourneyRef, StartDate, EndDate) VALUES ('98216', 1524355200, 1524441599);
INSERT INTO DayOfOperation (VehicleJourneyRef, StartDate, EndDate) VALUES ('98216', 1524960000, 1525046399);
INSERT INTO DayOfOperation (VehicleJourneyRef, StartDate, EndDate) VALUES ('98216', 1525564800, 1525651199);
INSERT INTO DayOfOperation (VehicleJourneyRef, StartDate, EndDate) VALUES ('98216', 1526169600, 1526255999);
INSERT INTO DayOfOperation (VehicleJourneyRef, StartDate, EndDate) VALUES ('98216', 1526774400, 1526860799);
INSERT INTO DayOfOperation (VehicleJourneyRef, StartDate, EndDate) VALUES ('98216', 1527379200, 1527465599);
INSERT INTO DayOfOperation (VehicleJourneyRef, StartDate, EndDate) VALUES ('98216', 1527984000, 1528070399);
INSERT INTO DayOfOperation (VehicleJourneyRef, StartDate, EndDate) VALUES ('98216', 1528588800, 1528675199);
INSERT INTO DayOfNonOperation (VehicleJourneyRef, StartDate, EndDate) VALUES ('98216', 1490918400, 1508716799);
INSERT INTO VehicleJourney (VehicleJourneyCode, ServiceRef, LineRef, JourneyPatternRef, OperatorRef, Monday, Tuesday, Wednesday, Thursday, Friday, Saturday, Sunday, DepatureHour, DepatureMinute, DepatureSecond, Note, NoteCode) VALUES ('98230', 'FSACM23', '0', 'JPS_FSACM23-4', 'CAL', 1, 1, 1, 1, 1, 1, 0, 8, 15, 0, 'Service subject to change due to tidal conditions', 'TID');
INSERT INTO DayOfOperation (VehicleJourneyRef, StartDate, EndDate) VALUES ('98230', 1510963200, 1511049599);
INSERT INTO DayOfOperation (VehicleJourneyRef, StartDate, EndDate) VALUES ('98230', 1511568000, 1511654399);
INSERT INTO DayOfOperation (VehicleJourneyRef, StartDate, EndDate) VALUES ('98230', 1512172800, 1512259199);
INSERT INTO DayOfOperation (VehicleJourneyRef, StartDate, EndDate) VALUES ('98230', 1512777600, 1512863999);
INSERT INTO DayOfOperation (VehicleJourneyRef, StartDate, EndDate) VALUES ('98230', 1513382400, 1513468799);
INSERT INTO DayOfOperation (VehicleJourneyRef, StartDate, EndDate) VALUES ('98230', 1513987200, 1514073599);
INSERT INTO DayOfNonOperation (VehicleJourneyRef, StartDate, EndDate) VALUES ('98230', 1490918400, 1510531199);
INSERT INTO DayOfNonOperation (VehicleJourneyRef, StartDate, EndDate) VALUES ('98230', 1514073600, 2524607999);
INSERT INTO VehicleJourney (VehicleJourneyCode, ServiceRef, LineRef, JourneyPatternRef, OperatorRef, Monday, Tuesday, Wednesday, Thursday, Friday, Saturday, Sunday, DepatureHour, DepatureMinute, DepatureSecond, Note, NoteCode) VALUES ('98231', 'FSACM23', '0', 'JPS_FSACM23-4', 'CAL', 1, 1, 1, 1, 1, 1, 0, 13, 30, 0, 'Service subject to change due to tidal conditions', 'TID');
INSERT INTO DayOfOperation (VehicleJourneyRef, StartDate, EndDate) VALUES ('98231', 1510963200, 1511049599);
INSERT INTO DayOfOperation (VehicleJourneyRef, StartDate, EndDate) VALUES ('98231', 1511568000, 1511654399);
INSERT INTO DayOfOperation (VehicleJourneyRef, StartDate, EndDate) VALUES ('98231', 1512172800, 1512259199);
INSERT INTO DayOfOperation (VehicleJourneyRef, StartDate, EndDate) VALUES ('98231', 1512777600, 1512863999);
INSERT INTO DayOfOperation (VehicleJourneyRef, StartDate, EndDate) VALUES ('98231', 1513382400, 1513468799);
INSERT INTO DayOfOperation (VehicleJourneyRef, StartDate, EndDate) VALUES ('98231', 1513987200, 1514073599);
INSERT INTO DayOfNonOperation (VehicleJourneyRef, StartDate, EndDate) VALUES ('98231', 1490918400, 1510531199);
INSERT INTO DayOfNonOperation (VehicleJourneyRef, StartDate, EndDate) VALUES ('98231', 1514073600, 2524607999);
INSERT INTO VehicleJourney (VehicleJourneyCode, ServiceRef, LineRef, JourneyPatternRef, OperatorRef, Monday, Tuesday, Wednesday, Thursday, Friday, Saturday, Sunday, DepatureHour, DepatureMinute, DepatureSecond, Note, NoteCode) VALUES ('98196', 'FSACM23', '0', 'JPS_FSACM23-3', 'CAL', 1, 1, 1, 1, 1, 1, 0, 9, 25, 0, 'Service subject to change due to tidal conditions', 'TID');
INSERT INTO DayOfOperation (VehicleJourneyRef, StartDate, EndDate) VALUES ('98196', 1510963200, 1511049599);
INSERT INTO DayOfOperation (VehicleJourneyRef, StartDate, EndDate) VALUES ('98196', 1511568000, 1511654399);
INSERT INTO DayOfOperation (VehicleJourneyRef, StartDate, EndDate) VALUES ('98196', 1512172800, 1512259199);
INSERT INTO DayOfOperation (VehicleJourneyRef, StartDate, EndDate) VALUES ('98196', 1512777600, 1512863999);
INSERT INTO DayOfOperation (VehicleJourneyRef, StartDate, EndDate) VALUES ('98196', 1513382400, 1513468799);
INSERT INTO DayOfOperation (VehicleJourneyRef, StartDate, EndDate) VALUES ('98196', 1513987200, 1514073599);
INSERT INTO DayOfNonOperation (VehicleJourneyRef, StartDate, EndDate) VALUES ('98196', 1490918400, 1510531199);
INSERT INTO DayOfNonOperation (VehicleJourneyRef, StartDate, EndDate) VALUES ('98196', 1514073600, 2524607999);
INSERT INTO VehicleJourney (VehicleJourneyCode, ServiceRef, LineRef, JourneyPatternRef, OperatorRef, Monday, Tuesday, Wednesday, Thursday, Friday, Saturday, Sunday, DepatureHour, DepatureMinute, DepatureSecond, Note, NoteCode) VALUES ('98197', 'FSACM23', '0', 'JPS_FSACM23-3', 'CAL', 1, 1, 1, 1, 1, 1, 0, 14, 40, 0, 'Service subject to change due to tidal conditions', 'TID');
INSERT INTO DayOfOperation (VehicleJourneyRef, StartDate, EndDate) VALUES ('98197', 1510963200, 1511049599);
INSERT INTO DayOfOperation (VehicleJourneyRef, StartDate, EndDate) VALUES ('98197', 1511568000, 1511654399);
INSERT INTO DayOfOperation (VehicleJourneyRef, StartDate, EndDate) VALUES ('98197', 1512172800, 1512259199);
INSERT INTO DayOfOperation (VehicleJourneyRef, StartDate, EndDate) VALUES ('98197', 1512777600, 1512863999);
INSERT INTO DayOfOperation (VehicleJourneyRef, StartDate, EndDate) VALUES ('98197', 1513382400, 1513468799);
INSERT INTO DayOfOperation (VehicleJourneyRef, StartDate, EndDate) VALUES ('98197', 1513987200, 1514073599);
INSERT INTO DayOfNonOperation (VehicleJourneyRef, StartDate, EndDate) VALUES ('98197', 1490918400, 1510531199);
INSERT INTO DayOfNonOperation (VehicleJourneyRef, StartDate, EndDate) VALUES ('98197', 1514073600, 2524607999);
INSERT INTO VehicleJourney (VehicleJourneyCode, ServiceRef, LineRef, JourneyPatternRef, OperatorRef, Monday, Tuesday, Wednesday, Thursday, Friday, Saturday, Sunday, DepatureHour, DepatureMinute, DepatureSecond, Note, NoteCode) VALUES ('98232', 'FSACM23', '0', 'JPS_FSACM23-4', 'CAL', 1, 1, 1, 1, 1, 1, 0, 8, 15, 0, 'Service subject to change due to tidal conditions', 'TID');
INSERT INTO DayOfOperation (VehicleJourneyRef, StartDate, EndDate) VALUES ('98232', 1514592000, 1514678399);
INSERT INTO DayOfNonOperation (VehicleJourneyRef, StartDate, EndDate) VALUES ('98232', 1490918400, 1514246399);
INSERT INTO DayOfNonOperation (VehicleJourneyRef, StartDate, EndDate) VALUES ('98232', 1514678400, 2524607999);
INSERT INTO VehicleJourney (VehicleJourneyCode, ServiceRef, LineRef, JourneyPatternRef, OperatorRef, Monday, Tuesday, Wednesday, Thursday, Friday, Saturday, Sunday, DepatureHour, DepatureMinute, DepatureSecond, Note, NoteCode) VALUES ('98198', 'FSACM23', '0', 'JPS_FSACM23-3', 'CAL', 1, 1, 1, 1, 1, 1, 0, 9, 25, 0, 'Service subject to change due to tidal conditions', 'TID');
INSERT INTO DayOfOperation (VehicleJourneyRef, StartDate, EndDate) VALUES ('98198', 1514592000, 1514678399);
INSERT INTO DayOfNonOperation (VehicleJourneyRef, StartDate, EndDate) VALUES ('98198', 1490918400, 1514246399);
INSERT INTO DayOfNonOperation (VehicleJourneyRef, StartDate, EndDate) VALUES ('98198', 1514678400, 2524607999);
INSERT INTO VehicleJourney (VehicleJourneyCode, ServiceRef, LineRef, JourneyPatternRef, OperatorRef, Monday, Tuesday, Wednesday, Thursday, Friday, Saturday, Sunday, DepatureHour, DepatureMinute, DepatureSecond, Note, NoteCode) VALUES ('98233', 'FSACM23', '0', 'JPS_FSACM23-4', 'CAL', 1, 1, 1, 1, 1, 1, 0, 13, 30, 0, 'Service subject to change due to tidal conditions', 'TID');
INSERT INTO DayOfOperation (VehicleJourneyRef, StartDate, EndDate) VALUES ('98233', 1514592000, 1514678399);
INSERT INTO DayOfNonOperation (VehicleJourneyRef, StartDate, EndDate) VALUES ('98233', 1490918400, 1514332799);
INSERT INTO DayOfNonOperation (VehicleJourneyRef, StartDate, EndDate) VALUES ('98233', 1514678400, 2524607999);
INSERT INTO VehicleJourney (VehicleJourneyCode, ServiceRef, LineRef, JourneyPatternRef, OperatorRef, Monday, Tuesday, Wednesday, Thursday, Friday, Saturday, Sunday, DepatureHour, DepatureMinute, DepatureSecond, Note, NoteCode) VALUES ('98199', 'FSACM23', '0', 'JPS_FSACM23-3', 'CAL', 1, 1, 1, 1, 1, 1, 0, 14, 40, 0, 'Service subject to change due to tidal conditions', 'TID');
INSERT INTO DayOfOperation (VehicleJourneyRef, StartDate, EndDate) VALUES ('98199', 1514592000, 1514678399);
INSERT INTO DayOfNonOperation (VehicleJourneyRef, StartDate, EndDate) VALUES ('98199', 1490918400, 1514332799);
INSERT INTO DayOfNonOperation (VehicleJourneyRef, StartDate, EndDate) VALUES ('98199', 1514678400, 2524607999);
INSERT INTO VehicleJourney (VehicleJourneyCode, ServiceRef, LineRef, JourneyPatternRef, OperatorRef, Monday, Tuesday, Wednesday, Thursday, Friday, Saturday, Sunday, DepatureHour, DepatureMinute, DepatureSecond, Note, NoteCode) VALUES ('98234', 'FSACM23', '0', 'JPS_FSACM23-4', 'CAL', 1, 1, 1, 1, 1, 1, 0, 8, 15, 0, 'Service subject to change due to tidal conditions', 'TID');
INSERT INTO DayOfOperation (VehicleJourneyRef, StartDate, EndDate) VALUES ('98234', 1515196800, 1515283199);
INSERT INTO DayOfNonOperation (VehicleJourneyRef, StartDate, EndDate) VALUES ('98234', 1490918400, 1514851199);
INSERT INTO DayOfNonOperation (VehicleJourneyRef, StartDate, EndDate) VALUES ('98234', 1515283200, 2524607999);
INSERT INTO VehicleJourney (VehicleJourneyCode, ServiceRef, LineRef, JourneyPatternRef, OperatorRef, Monday, Tuesday, Wednesday, Thursday, Friday, Saturday, Sunday, DepatureHour, DepatureMinute, DepatureSecond, Note, NoteCode) VALUES ('98200', 'FSACM23', '0', 'JPS_FSACM23-3', 'CAL', 1, 1, 1, 1, 1, 1, 0, 9, 25, 0, 'Service subject to change due to tidal conditions', 'TID');
INSERT INTO DayOfOperation (VehicleJourneyRef, StartDate, EndDate) VALUES ('98200', 1515196800, 1515283199);
INSERT INTO DayOfNonOperation (VehicleJourneyRef, StartDate, EndDate) VALUES ('98200', 1490918400, 1514851199);
INSERT INTO DayOfNonOperation (VehicleJourneyRef, StartDate, EndDate) VALUES ('98200', 1515283200, 2524607999);
INSERT INTO VehicleJourney (VehicleJourneyCode, ServiceRef, LineRef, JourneyPatternRef, OperatorRef, Monday, Tuesday, Wednesday, Thursday, Friday, Saturday, Sunday, DepatureHour, DepatureMinute, DepatureSecond, Note, NoteCode) VALUES ('98235', 'FSACM23', '0', 'JPS_FSACM23-4', 'CAL', 1, 1, 1, 1, 1, 1, 0, 13, 30, 0, 'Service subject to change due to tidal conditions', 'TID');
INSERT INTO DayOfOperation (VehicleJourneyRef, StartDate, EndDate) VALUES ('98235', 1515196800, 1515283199);
INSERT INTO DayOfNonOperation (VehicleJourneyRef, StartDate, EndDate) VALUES ('98235', 1490918400, 1514937599);
INSERT INTO DayOfNonOperation (VehicleJourneyRef, StartDate, EndDate) VALUES ('98235', 1515283200, 2524607999);
INSERT INTO VehicleJourney (VehicleJourneyCode, ServiceRef, LineRef, JourneyPatternRef, OperatorRef, Monday, Tuesday, Wednesday, Thursday, Friday, Saturday, Sunday, DepatureHour, DepatureMinute, DepatureSecond, Note, NoteCode) VALUES ('98201', 'FSACM23', '0', 'JPS_FSACM23-3', 'CAL', 1, 1, 1, 1, 1, 1, 0, 14, 40, 0, 'Service subject to change due to tidal conditions', 'TID');
INSERT INTO DayOfOperation (VehicleJourneyRef, StartDate, EndDate) VALUES ('98201', 1515196800, 1515283199);
INSERT INTO DayOfNonOperation (VehicleJourneyRef, StartDate, EndDate) VALUES ('98201', 1490918400, 1514937599);
INSERT INTO DayOfNonOperation (VehicleJourneyRef, StartDate, EndDate) VALUES ('98201', 1515283200, 2524607999);
INSERT INTO VehicleJourney (VehicleJourneyCode, ServiceRef, LineRef, JourneyPatternRef, OperatorRef, Monday, Tuesday, Wednesday, Thursday, Friday, Saturday, Sunday, DepatureHour, DepatureMinute, DepatureSecond, Note, NoteCode) VALUES ('98236', 'FSACM23', '0', 'JPS_FSACM23-4', 'CAL', 1, 1, 1, 1, 1, 1, 0, 8, 15, 0, 'Service subject to change due to tidal conditions', 'TID');
INSERT INTO DayOfOperation (VehicleJourneyRef, StartDate, EndDate) VALUES ('98236', 1515801600, 1515887999);
INSERT INTO DayOfNonOperation (VehicleJourneyRef, StartDate, EndDate) VALUES ('98236', 1490918400, 1515369599);
INSERT INTO DayOfNonOperation (VehicleJourneyRef, StartDate, EndDate) VALUES ('98236', 1515888000, 2524607999);
INSERT INTO VehicleJourney (VehicleJourneyCode, ServiceRef, LineRef, JourneyPatternRef, OperatorRef, Monday, Tuesday, Wednesday, Thursday, Friday, Saturday, Sunday, DepatureHour, DepatureMinute, DepatureSecond, Note, NoteCode) VALUES ('98237', 'FSACM23', '0', 'JPS_FSACM23-4', 'CAL', 1, 1, 1, 1, 1, 1, 0, 13, 35, 0, 'Service subject to change due to tidal conditions', 'TID');
INSERT INTO DayOfOperation (VehicleJourneyRef, StartDate, EndDate) VALUES ('98237', 1515801600, 1515887999);
INSERT INTO DayOfNonOperation (VehicleJourneyRef, StartDate, EndDate) VALUES ('98237', 1490918400, 1515369599);
INSERT INTO DayOfNonOperation (VehicleJourneyRef, StartDate, EndDate) VALUES ('98237', 1515888000, 2524607999);
INSERT INTO VehicleJourney (VehicleJourneyCode, ServiceRef, LineRef, JourneyPatternRef, OperatorRef, Monday, Tuesday, Wednesday, Thursday, Friday, Saturday, Sunday, DepatureHour, DepatureMinute, DepatureSecond, Note, NoteCode) VALUES ('98202', 'FSACM23', '0', 'JPS_FSACM23-3', 'CAL', 1, 1, 1, 1, 1, 1, 0, 9, 25, 0, 'Service subject to change due to tidal conditions', 'TID');
INSERT INTO DayOfOperation (VehicleJourneyRef, StartDate, EndDate) VALUES ('98202', 1515801600, 1515887999);
INSERT INTO DayOfNonOperation (VehicleJourneyRef, StartDate, EndDate) VALUES ('98202', 1490918400, 1515369599);
INSERT INTO DayOfNonOperation (VehicleJourneyRef, StartDate, EndDate) VALUES ('98202', 1515888000, 2524607999);
INSERT INTO VehicleJourney (VehicleJourneyCode, ServiceRef, LineRef, JourneyPatternRef, OperatorRef, Monday, Tuesday, Wednesday, Thursday, Friday, Saturday, Sunday, DepatureHour, DepatureMinute, DepatureSecond, Note, NoteCode) VALUES ('98203', 'FSACM23', '0', 'JPS_FSACM23-3', 'CAL', 1, 1, 1, 1, 1, 1, 0, 14, 55, 0, 'Service subject to change due to tidal conditions', 'TID');
INSERT INTO DayOfOperation (VehicleJourneyRef, StartDate, EndDate) VALUES ('98203', 1515801600, 1515887999);
INSERT INTO DayOfNonOperation (VehicleJourneyRef, StartDate, EndDate) VALUES ('98203', 1490918400, 1515369599);
INSERT INTO DayOfNonOperation (VehicleJourneyRef, StartDate, EndDate) VALUES ('98203', 1515888000, 2524607999);
INSERT INTO VehicleJourney (VehicleJourneyCode, ServiceRef, LineRef, JourneyPatternRef, OperatorRef, Monday, Tuesday, Wednesday, Thursday, Friday, Saturday, Sunday, DepatureHour, DepatureMinute, DepatureSecond, Note, NoteCode) VALUES ('98251', 'FSACM23', '0', 'JPS_FSACM23-6', 'CAL', 0, 0, 0, 0, 0, 0, 1, 8, 30, 0, 'Service subject to change due to tidal conditions', 'TID');
INSERT INTO DayOfOperation (VehicleJourneyRef, StartDate, EndDate) VALUES ('98251', 1515888000, 1515974399);
INSERT INTO DayOfNonOperation (VehicleJourneyRef, StartDate, EndDate) VALUES ('98251', 1490918400, 1515887999);
INSERT INTO DayOfNonOperation (VehicleJourneyRef, StartDate, EndDate) VALUES ('98251', 1515974400, 2524607999);
INSERT INTO VehicleJourney (VehicleJourneyCode, ServiceRef, LineRef, JourneyPatternRef, OperatorRef, Monday, Tuesday, Wednesday, Thursday, Friday, Saturday, Sunday, DepatureHour, DepatureMinute, DepatureSecond, Note, NoteCode) VALUES ('98252', 'FSACM23', '0', 'JPS_FSACM23-6', 'CAL', 0, 0, 0, 0, 0, 0, 1, 13, 30, 0, 'Service subject to change due to tidal conditions', 'TID');
INSERT INTO DayOfOperation (VehicleJourneyRef, StartDate, EndDate) VALUES ('98252', 1515888000, 1515974399);
INSERT INTO DayOfNonOperation (VehicleJourneyRef, StartDate, EndDate) VALUES ('98252', 1490918400, 1515887999);
INSERT INTO DayOfNonOperation (VehicleJourneyRef, StartDate, EndDate) VALUES ('98252', 1515974400, 2524607999);
INSERT INTO VehicleJourney (VehicleJourneyCode, ServiceRef, LineRef, JourneyPatternRef, OperatorRef, Monday, Tuesday, Wednesday, Thursday, Friday, Saturday, Sunday, DepatureHour, DepatureMinute, DepatureSecond, Note, NoteCode) VALUES ('98217', 'FSACM23', '0', 'JPS_FSACM23-7', 'CAL', 0, 0, 0, 0, 0, 0, 1, 9, 35, 0, 'Service subject to change due to tidal conditions', 'TID');
INSERT INTO DayOfOperation (VehicleJourneyRef, StartDate, EndDate) VALUES ('98217', 1515888000, 1515974399);
INSERT INTO DayOfNonOperation (VehicleJourneyRef, StartDate, EndDate) VALUES ('98217', 1490918400, 1515887999);
INSERT INTO DayOfNonOperation (VehicleJourneyRef, StartDate, EndDate) VALUES ('98217', 1515974400, 2524607999);
INSERT INTO VehicleJourney (VehicleJourneyCode, ServiceRef, LineRef, JourneyPatternRef, OperatorRef, Monday, Tuesday, Wednesday, Thursday, Friday, Saturday, Sunday, DepatureHour, DepatureMinute, DepatureSecond, Note, NoteCode) VALUES ('98218', 'FSACM23', '0', 'JPS_FSACM23-7', 'CAL', 0, 0, 0, 0, 0, 0, 1, 14, 40, 0, 'Service subject to change due to tidal conditions', 'TID');
INSERT INTO DayOfOperation (VehicleJourneyRef, StartDate, EndDate) VALUES ('98218', 1515888000, 1515974399);
INSERT INTO DayOfNonOperation (VehicleJourneyRef, StartDate, EndDate) VALUES ('98218', 1490918400, 1515887999);
INSERT INTO DayOfNonOperation (VehicleJourneyRef, StartDate, EndDate) VALUES ('98218', 1515974400, 2524607999);
INSERT INTO VehicleJourney (VehicleJourneyCode, ServiceRef, LineRef, JourneyPatternRef, OperatorRef, Monday, Tuesday, Wednesday, Thursday, Friday, Saturday, Sunday, DepatureHour, DepatureMinute, DepatureSecond, Note, NoteCode) VALUES ('98238', 'FSACM23', '0', 'JPS_FSACM23-4', 'CAL', 1, 1, 1, 1, 1, 1, 0, 9, 0, 0, 'Service subject to change due to tidal conditions', 'TID');
INSERT INTO DayOfOperation (VehicleJourneyRef, StartDate, EndDate) VALUES ('98238', 1516406400, 1516492799);
INSERT INTO DayOfOperation (VehicleJourneyRef, StartDate, EndDate) VALUES ('98238', 1517011200, 1517097599);
INSERT INTO DayOfNonOperation (VehicleJourneyRef, StartDate, EndDate) VALUES ('98238', 1490918400, 1515974399);
INSERT INTO DayOfNonOperation (VehicleJourneyRef, StartDate, EndDate) VALUES ('98238', 1517097600, 2524607999);
INSERT INTO VehicleJourney (VehicleJourneyCode, ServiceRef, LineRef, JourneyPatternRef, OperatorRef, Monday, Tuesday, Wednesday, Thursday, Friday, Saturday, Sunday, DepatureHour, DepatureMinute, DepatureSecond, Note, NoteCode) VALUES ('98239', 'FSACM23', '0', 'JPS_FSACM23-6', 'CAL', 1, 1, 1, 1, 1, 1, 0, 13, 30, 0, 'Service subject to change due to tidal conditions', 'TID');
INSERT INTO DayOfOperation (VehicleJourneyRef, StartDate, EndDate) VALUES ('98239', 1516406400, 1516492799);
INSERT INTO DayOfOperation (VehicleJourneyRef, StartDate, EndDate) VALUES ('98239', 1517011200, 1517097599);
INSERT INTO DayOfNonOperation (VehicleJourneyRef, StartDate, EndDate) VALUES ('98239', 1490918400, 1515974399);
INSERT INTO DayOfNonOperation (VehicleJourneyRef, StartDate, EndDate) VALUES ('98239', 1517097600, 2524607999);
INSERT INTO VehicleJourney (VehicleJourneyCode, ServiceRef, LineRef, JourneyPatternRef, OperatorRef, Monday, Tuesday, Wednesday, Thursday, Friday, Saturday, Sunday, DepatureHour, DepatureMinute, DepatureSecond, Note, NoteCode) VALUES ('98204', 'FSACM23', '0', 'JPS_FSACM23-7', 'CAL', 1, 1, 1, 1, 1, 1, 0, 10, 20, 0, 'Service subject to change due to tidal conditions', 'TID');
INSERT INTO DayOfOperation (VehicleJourneyRef, StartDate, EndDate) VALUES ('98204', 1516406400, 1516492799);
INSERT INTO DayOfOperation (VehicleJourneyRef, StartDate, EndDate) VALUES ('98204', 1517011200, 1517097599);
INSERT INTO DayOfNonOperation (VehicleJourneyRef, StartDate, EndDate) VALUES ('98204', 1490918400, 1515974399);
INSERT INTO DayOfNonOperation (VehicleJourneyRef, StartDate, EndDate) VALUES ('98204', 1517097600, 2524607999);
INSERT INTO VehicleJourney (VehicleJourneyCode, ServiceRef, LineRef, JourneyPatternRef, OperatorRef, Monday, Tuesday, Wednesday, Thursday, Friday, Saturday, Sunday, DepatureHour, DepatureMinute, DepatureSecond, Note, NoteCode) VALUES ('98205', 'FSACM23', '0', 'JPS_FSACM23-7', 'CAL', 1, 1, 1, 1, 1, 1, 0, 14, 50, 0, 'Service subject to change due to tidal conditions', 'TID');
INSERT INTO DayOfOperation (VehicleJourneyRef, StartDate, EndDate) VALUES ('98205', 1516406400, 1516492799);
INSERT INTO DayOfOperation (VehicleJourneyRef, StartDate, EndDate) VALUES ('98205', 1517011200, 1517097599);
INSERT INTO DayOfNonOperation (VehicleJourneyRef, StartDate, EndDate) VALUES ('98205', 1490918400, 1515974399);
INSERT INTO DayOfNonOperation (VehicleJourneyRef, StartDate, EndDate) VALUES ('98205', 1517097600, 2524607999);
INSERT INTO VehicleJourney (VehicleJourneyCode, ServiceRef, LineRef, JourneyPatternRef, OperatorRef, Monday, Tuesday, Wednesday, Thursday, Friday, Saturday, Sunday, DepatureHour, DepatureMinute, DepatureSecond, Note, NoteCode) VALUES ('98253', 'FSACM23', '0', 'JPS_FSACM23-6', 'CAL', 0, 0, 0, 0, 0, 0, 1, 8, 30, 0, 'Service subject to change due to tidal conditions', 'TID');
INSERT INTO DayOfOperation (VehicleJourneyRef, StartDate, EndDate) VALUES ('98253', 1516492800, 1516579199);
INSERT INTO DayOfNonOperation (VehicleJourneyRef, StartDate, EndDate) VALUES ('98253', 1490918400, 1516492799);
INSERT INTO DayOfNonOperation (VehicleJourneyRef, StartDate, EndDate) VALUES ('98253', 1516579200, 2524607999);
INSERT INTO VehicleJourney (VehicleJourneyCode, ServiceRef, LineRef, JourneyPatternRef, OperatorRef, Monday, Tuesday, Wednesday, Thursday, Friday, Saturday, Sunday, DepatureHour, DepatureMinute, DepatureSecond, Note, NoteCode) VALUES ('98254', 'FSACM23', '0', 'JPS_FSACM23-6', 'CAL', 0, 0, 0, 0, 0, 0, 1, 13, 30, 0, 'Service subject to change due to tidal conditions', 'TID');
INSERT INTO DayOfOperation (VehicleJourneyRef, StartDate, EndDate) VALUES ('98254', 1516492800, 1516579199);
INSERT INTO DayOfNonOperation (VehicleJourneyRef, StartDate, EndDate) VALUES ('98254', 1490918400, 1516492799);
INSERT INTO DayOfNonOperation (VehicleJourneyRef, StartDate, EndDate) VALUES ('98254', 1516579200, 2524607999);
INSERT INTO VehicleJourney (VehicleJourneyCode, ServiceRef, LineRef, JourneyPatternRef, OperatorRef, Monday, Tuesday, Wednesday, Thursday, Friday, Saturday, Sunday, DepatureHour, DepatureMinute, DepatureSecond, Note, NoteCode) VALUES ('98219', 'FSACM23', '0', 'JPS_FSACM23-7', 'CAL', 0, 0, 0, 0, 0, 0, 1, 9, 35, 0, 'Service subject to change due to tidal conditions', 'TID');
INSERT INTO DayOfOperation (VehicleJourneyRef, StartDate, EndDate) VALUES ('98219', 1516492800, 1516579199);
INSERT INTO DayOfNonOperation (VehicleJourneyRef, StartDate, EndDate) VALUES ('98219', 1490918400, 1516492799);
INSERT INTO DayOfNonOperation (VehicleJourneyRef, StartDate, EndDate) VALUES ('98219', 1516579200, 2524607999);
INSERT INTO VehicleJourney (VehicleJourneyCode, ServiceRef, LineRef, JourneyPatternRef, OperatorRef, Monday, Tuesday, Wednesday, Thursday, Friday, Saturday, Sunday, DepatureHour, DepatureMinute, DepatureSecond, Note, NoteCode) VALUES ('98220', 'FSACM23', '0', 'JPS_FSACM23-7', 'CAL', 0, 0, 0, 0, 0, 0, 1, 14, 40, 0, 'Service subject to change due to tidal conditions', 'TID');
INSERT INTO DayOfOperation (VehicleJourneyRef, StartDate, EndDate) VALUES ('98220', 1516492800, 1516579199);
INSERT INTO DayOfNonOperation (VehicleJourneyRef, StartDate, EndDate) VALUES ('98220', 1490918400, 1516492799);
INSERT INTO DayOfNonOperation (VehicleJourneyRef, StartDate, EndDate) VALUES ('98220', 1516579200, 2524607999);
INSERT INTO VehicleJourney (VehicleJourneyCode, ServiceRef, LineRef, JourneyPatternRef, OperatorRef, Monday, Tuesday, Wednesday, Thursday, Friday, Saturday, Sunday, DepatureHour, DepatureMinute, DepatureSecond, Note, NoteCode) VALUES ('98255', 'FSACM23', '0', 'JPS_FSACM23-6', 'CAL', 0, 0, 0, 0, 0, 0, 1, 8, 30, 0, 'Service subject to change due to tidal conditions', 'TID');
INSERT INTO DayOfOperation (VehicleJourneyRef, StartDate, EndDate) VALUES ('98255', 1517097600, 1517183999);
INSERT INTO DayOfNonOperation (VehicleJourneyRef, StartDate, EndDate) VALUES ('98255', 1490918400, 1517097599);
INSERT INTO DayOfNonOperation (VehicleJourneyRef, StartDate, EndDate) VALUES ('98255', 1517184000, 2524607999);
INSERT INTO VehicleJourney (VehicleJourneyCode, ServiceRef, LineRef, JourneyPatternRef, OperatorRef, Monday, Tuesday, Wednesday, Thursday, Friday, Saturday, Sunday, DepatureHour, DepatureMinute, DepatureSecond, Note, NoteCode) VALUES ('98256', 'FSACM23', '0', 'JPS_FSACM23-6', 'CAL', 0, 0, 0, 0, 0, 0, 1, 13, 30, 0, 'Service subject to change due to tidal conditions', 'TID');
INSERT INTO DayOfOperation (VehicleJourneyRef, StartDate, EndDate) VALUES ('98256', 1517097600, 1517183999);
INSERT INTO DayOfNonOperation (VehicleJourneyRef, StartDate, EndDate) VALUES ('98256', 1490918400, 1517097599);
INSERT INTO DayOfNonOperation (VehicleJourneyRef, StartDate, EndDate) VALUES ('98256', 1517184000, 2524607999);
INSERT INTO VehicleJourney (VehicleJourneyCode, ServiceRef, LineRef, JourneyPatternRef, OperatorRef, Monday, Tuesday, Wednesday, Thursday, Friday, Saturday, Sunday, DepatureHour, DepatureMinute, DepatureSecond, Note, NoteCode) VALUES ('98221', 'FSACM23', '0', 'JPS_FSACM23-7', 'CAL', 0, 0, 0, 0, 0, 0, 1, 9, 35, 0, 'Service subject to change due to tidal conditions', 'TID');
INSERT INTO DayOfOperation (VehicleJourneyRef, StartDate, EndDate) VALUES ('98221', 1517097600, 1517183999);
INSERT INTO DayOfNonOperation (VehicleJourneyRef, StartDate, EndDate) VALUES ('98221', 1490918400, 1517097599);
INSERT INTO DayOfNonOperation (VehicleJourneyRef, StartDate, EndDate) VALUES ('98221', 1517184000, 2524607999);
INSERT INTO VehicleJourney (VehicleJourneyCode, ServiceRef, LineRef, JourneyPatternRef, OperatorRef, Monday, Tuesday, Wednesday, Thursday, Friday, Saturday, Sunday, DepatureHour, DepatureMinute, DepatureSecond, Note, NoteCode) VALUES ('98222', 'FSACM23', '0', 'JPS_FSACM23-7', 'CAL', 0, 0, 0, 0, 0, 0, 1, 14, 40, 0, 'Service subject to change due to tidal conditions', 'TID');
INSERT INTO DayOfOperation (VehicleJourneyRef, StartDate, EndDate) VALUES ('98222', 1517097600, 1517183999);
INSERT INTO DayOfNonOperation (VehicleJourneyRef, StartDate, EndDate) VALUES ('98222', 1490918400, 1517097599);
INSERT INTO DayOfNonOperation (VehicleJourneyRef, StartDate, EndDate) VALUES ('98222', 1517184000, 2524607999);
INSERT INTO VehicleJourney (VehicleJourneyCode, ServiceRef, LineRef, JourneyPatternRef, OperatorRef, Monday, Tuesday, Wednesday, Thursday, Friday, Saturday, Sunday, DepatureHour, DepatureMinute, DepatureSecond, Note, NoteCode) VALUES ('98240', 'FSACM23', '0', 'JPS_FSACM23-4', 'CAL', 1, 1, 1, 1, 1, 1, 0, 8, 0, 0, 'Service subject to change due to tidal conditions', 'TID');
INSERT INTO DayOfOperation (VehicleJourneyRef, StartDate, EndDate) VALUES ('98240', 1517616000, 1517702399);
INSERT INTO DayOfOperation (VehicleJourneyRef, StartDate, EndDate) VALUES ('98240', 1518220800, 1518307199);
INSERT INTO DayOfOperation (VehicleJourneyRef, StartDate, EndDate) VALUES ('98240', 1518825600, 1518911999);
INSERT INTO DayOfOperation (VehicleJourneyRef, StartDate, EndDate) VALUES ('98240', 1519430400, 1519516799);
INSERT INTO DayOfNonOperation (VehicleJourneyRef, StartDate, EndDate) VALUES ('98240', 1490918400, 1517183999);
INSERT INTO DayOfNonOperation (VehicleJourneyRef, StartDate, EndDate) VALUES ('98240', 1519516800, 2524607999);
INSERT INTO VehicleJourney (VehicleJourneyCode, ServiceRef, LineRef, JourneyPatternRef, OperatorRef, Monday, Tuesday, Wednesday, Thursday, Friday, Saturday, Sunday, DepatureHour, DepatureMinute, DepatureSecond, Note, NoteCode) VALUES ('98241', 'FSACM23', '0', 'JPS_FSACM23-4', 'CAL', 1, 1, 1, 1, 1, 1, 0, 11, 50, 0, 'Service subject to change due to tidal conditions', 'TID');
INSERT INTO DayOfOperation (VehicleJourneyRef, StartDate, EndDate) VALUES ('98241', 1517616000, 1517702399);
INSERT INTO DayOfOperation (VehicleJourneyRef, StartDate, EndDate) VALUES ('98241', 1518220800, 1518307199);
INSERT INTO DayOfOperation (VehicleJourneyRef, StartDate, EndDate) VALUES ('98241', 1518825600, 1518911999);
INSERT INTO DayOfOperation (VehicleJourneyRef, StartDate, EndDate) VALUES ('98241', 1519430400, 1519516799);
INSERT INTO DayOfNonOperation (VehicleJourneyRef, StartDate, EndDate) VALUES ('98241', 1490918400, 1517183999);
INSERT INTO DayOfNonOperation (VehicleJourneyRef, StartDate, EndDate) VALUES ('98241', 1519516800, 2524607999);
INSERT INTO VehicleJourney (VehicleJourneyCode, ServiceRef, LineRef, JourneyPatternRef, OperatorRef, Monday, Tuesday, Wednesday, Thursday, Friday, Saturday, Sunday, DepatureHour, DepatureMinute, DepatureSecond, Note, NoteCode) VALUES ('98242', 'FSACM23', '0', 'JPS_FSACM23-4', 'CAL', 1, 1, 1, 1, 1, 1, 0, 14, 55, 0, 'Service subject to change due to tidal conditions', 'TID');
INSERT INTO DayOfOperation (VehicleJourneyRef, StartDate, EndDate) VALUES ('98242', 1517616000, 1517702399);
INSERT INTO DayOfOperation (VehicleJourneyRef, StartDate, EndDate) VALUES ('98242', 1518220800, 1518307199);
INSERT INTO DayOfOperation (VehicleJourneyRef, StartDate, EndDate) VALUES ('98242', 1518825600, 1518911999);
INSERT INTO DayOfOperation (VehicleJourneyRef, StartDate, EndDate) VALUES ('98242', 1519430400, 1519516799);
INSERT INTO DayOfNonOperation (VehicleJourneyRef, StartDate, EndDate) VALUES ('98242', 1490918400, 1517183999);
INSERT INTO DayOfNonOperation (VehicleJourneyRef, StartDate, EndDate) VALUES ('98242', 1519516800, 2524607999);
INSERT INTO VehicleJourney (VehicleJourneyCode, ServiceRef, LineRef, JourneyPatternRef, OperatorRef, Monday, Tuesday, Wednesday, Thursday, Friday, Saturday, Sunday, DepatureHour, DepatureMinute, DepatureSecond, Note, NoteCode) VALUES ('98206', 'FSACM23', '0', 'JPS_FSACM23-3', 'CAL', 1, 1, 1, 1, 1, 1, 0, 9, 10, 0, 'Service subject to change due to tidal conditions', 'TID');
INSERT INTO DayOfOperation (VehicleJourneyRef, StartDate, EndDate) VALUES ('98206', 1517616000, 1517702399);
INSERT INTO DayOfOperation (VehicleJourneyRef, StartDate, EndDate) VALUES ('98206', 1518220800, 1518307199);
INSERT INTO DayOfOperation (VehicleJourneyRef, StartDate, EndDate) VALUES ('98206', 1518825600, 1518911999);
INSERT INTO DayOfOperation (VehicleJourneyRef, StartDate, EndDate) VALUES ('98206', 1519430400, 1519516799);
INSERT INTO DayOfNonOperation (VehicleJourneyRef, StartDate, EndDate) VALUES ('98206', 1490918400, 1517183999);
INSERT INTO DayOfNonOperation (VehicleJourneyRef, StartDate, EndDate) VALUES ('98206', 1519516800, 2524607999);
INSERT INTO VehicleJourney (VehicleJourneyCode, ServiceRef, LineRef, JourneyPatternRef, OperatorRef, Monday, Tuesday, Wednesday, Thursday, Friday, Saturday, Sunday, DepatureHour, DepatureMinute, DepatureSecond, Note, NoteCode) VALUES ('98207', 'FSACM23', '0', 'JPS_FSACM23-3', 'CAL', 1, 1, 1, 1, 1, 1, 0, 13, 0, 0, 'Service subject to change due to tidal conditions', 'TID');
INSERT INTO DayOfOperation (VehicleJourneyRef, StartDate, EndDate) VALUES ('98207', 1517616000, 1517702399);
INSERT INTO DayOfOperation (VehicleJourneyRef, StartDate, EndDate) VALUES ('98207', 1518220800, 1518307199);
INSERT INTO DayOfOperation (VehicleJourneyRef, StartDate, EndDate) VALUES ('98207', 1518825600, 1518911999);
INSERT INTO DayOfOperation (VehicleJourneyRef, StartDate, EndDate) VALUES ('98207', 1519430400, 1519516799);
INSERT INTO DayOfNonOperation (VehicleJourneyRef, StartDate, EndDate) VALUES ('98207', 1490918400, 1517183999);
INSERT INTO DayOfNonOperation (VehicleJourneyRef, StartDate, EndDate) VALUES ('98207', 1519516800, 2524607999);
INSERT INTO VehicleJourney (VehicleJourneyCode, ServiceRef, LineRef, JourneyPatternRef, OperatorRef, Monday, Tuesday, Wednesday, Thursday, Friday, Saturday, Sunday, DepatureHour, DepatureMinute, DepatureSecond, Note, NoteCode) VALUES ('98208', 'FSACM23', '0', 'JPS_FSACM23-3', 'CAL', 1, 1, 1, 1, 1, 1, 0, 16, 5, 0, 'Service subject to change due to tidal conditions', 'TID');
INSERT INTO DayOfOperation (VehicleJourneyRef, StartDate, EndDate) VALUES ('98208', 1517616000, 1517702399);
INSERT INTO DayOfOperation (VehicleJourneyRef, StartDate, EndDate) VALUES ('98208', 1518220800, 1518307199);
INSERT INTO DayOfOperation (VehicleJourneyRef, StartDate, EndDate) VALUES ('98208', 1518825600, 1518911999);
INSERT INTO DayOfOperation (VehicleJourneyRef, StartDate, EndDate) VALUES ('98208', 1519430400, 1519516799);
INSERT INTO DayOfNonOperation (VehicleJourneyRef, StartDate, EndDate) VALUES ('98208', 1490918400, 1517183999);
INSERT INTO DayOfNonOperation (VehicleJourneyRef, StartDate, EndDate) VALUES ('98208', 1519516800, 2524607999);
INSERT INTO VehicleJourney (VehicleJourneyCode, ServiceRef, LineRef, JourneyPatternRef, OperatorRef, Monday, Tuesday, Wednesday, Thursday, Friday, Saturday, Sunday, DepatureHour, DepatureMinute, DepatureSecond, Note, NoteCode) VALUES ('98243', 'FSACM23', '0', 'JPS_FSACM23-4', 'CAL', 1, 1, 1, 1, 1, 1, 0, 7, 25, 0, 'Service subject to change due to tidal conditions', 'TID');
INSERT INTO DayOfOperation (VehicleJourneyRef, StartDate, EndDate) VALUES ('98243', 1520035200, 1520121599);
INSERT INTO DayOfOperation (VehicleJourneyRef, StartDate, EndDate) VALUES ('98243', 1520640000, 1520726399);
INSERT INTO DayOfOperation (VehicleJourneyRef, StartDate, EndDate) VALUES ('98243', 1521244800, 1521331199);
INSERT INTO DayOfOperation (VehicleJourneyRef, StartDate, EndDate) VALUES ('98243', 1521849600, 1521935999);
INSERT INTO DayOfNonOperation (VehicleJourneyRef, StartDate, EndDate) VALUES ('98243', 1490918400, 1519603199);
INSERT INTO DayOfNonOperation (VehicleJourneyRef, StartDate, EndDate) VALUES ('98243', 1522368000, 2524607999);
INSERT INTO VehicleJourney (VehicleJourneyCode, ServiceRef, LineRef, JourneyPatternRef, OperatorRef, Monday, Tuesday, Wednesday, Thursday, Friday, Saturday, Sunday, DepatureHour, DepatureMinute, DepatureSecond, Note, NoteCode) VALUES ('98244', 'FSACM23', '0', 'JPS_FSACM23-4', 'CAL', 1, 1, 1, 1, 1, 1, 0, 11, 10, 0, 'Service subject to change due to tidal conditions', 'TID');
INSERT INTO DayOfOperation (VehicleJourneyRef, StartDate, EndDate) VALUES ('98244', 1520035200, 1520121599);
INSERT INTO DayOfOperation (VehicleJourneyRef, StartDate, EndDate) VALUES ('98244', 1520640000, 1520726399);
INSERT INTO DayOfOperation (VehicleJourneyRef, StartDate, EndDate) VALUES ('98244', 1521244800, 1521331199);
INSERT INTO DayOfOperation (VehicleJourneyRef, StartDate, EndDate) VALUES ('98244', 1521849600, 1521935999);
INSERT INTO DayOfNonOperation (VehicleJourneyRef, StartDate, EndDate) VALUES ('98244', 1490918400, 1519603199);
INSERT INTO DayOfNonOperation (VehicleJourneyRef, StartDate, EndDate) VALUES ('98244', 1522368000, 2524607999);
INSERT INTO VehicleJourney (VehicleJourneyCode, ServiceRef, LineRef, JourneyPatternRef, OperatorRef, Monday, Tuesday, Wednesday, Thursday, Friday, Saturday, Sunday, DepatureHour, DepatureMinute, DepatureSecond, Note, NoteCode) VALUES ('98245', 'FSACM23', '0', 'JPS_FSACM23-4', 'CAL', 1, 1, 1, 1, 1, 1, 0, 15, 30, 0, 'Service subject to change due to tidal conditions', 'TID');
INSERT INTO DayOfOperation (VehicleJourneyRef, StartDate, EndDate) VALUES ('98245', 1520035200, 1520121599);
INSERT INTO DayOfOperation (VehicleJourneyRef, StartDate, EndDate) VALUES ('98245', 1520640000, 1520726399);
INSERT INTO DayOfOperation (VehicleJourneyRef, StartDate, EndDate) VALUES ('98245', 1521244800, 1521331199);
INSERT INTO DayOfOperation (VehicleJourneyRef, StartDate, EndDate) VALUES ('98245', 1521849600, 1521935999);
INSERT INTO DayOfNonOperation (VehicleJourneyRef, StartDate, EndDate) VALUES ('98245', 1490918400, 1519603199);
INSERT INTO DayOfNonOperation (VehicleJourneyRef, StartDate, EndDate) VALUES ('98245', 1522368000, 2524607999);
INSERT INTO VehicleJourney (VehicleJourneyCode, ServiceRef, LineRef, JourneyPatternRef, OperatorRef, Monday, Tuesday, Wednesday, Thursday, Friday, Saturday, Sunday, DepatureHour, DepatureMinute, DepatureSecond, Note, NoteCode) VALUES ('98209', 'FSACM23', '0', 'JPS_FSACM23-3', 'CAL', 1, 1, 1, 1, 1, 1, 0, 8, 35, 0, 'Service subject to change due to tidal conditions', 'TID');
INSERT INTO DayOfOperation (VehicleJourneyRef, StartDate, EndDate) VALUES ('98209', 1520035200, 1520121599);
INSERT INTO DayOfOperation (VehicleJourneyRef, StartDate, EndDate) VALUES ('98209', 1520640000, 1520726399);
INSERT INTO DayOfOperation (VehicleJourneyRef, StartDate, EndDate) VALUES ('98209', 1521244800, 1521331199);
INSERT INTO DayOfOperation (VehicleJourneyRef, StartDate, EndDate) VALUES ('98209', 1521849600, 1521935999);
INSERT INTO DayOfNonOperation (VehicleJourneyRef, StartDate, EndDate) VALUES ('98209', 1490918400, 1519603199);
INSERT INTO DayOfNonOperation (VehicleJourneyRef, StartDate, EndDate) VALUES ('98209', 1522368000, 2524607999);
INSERT INTO VehicleJourney (VehicleJourneyCode, ServiceRef, LineRef, JourneyPatternRef, OperatorRef, Monday, Tuesday, Wednesday, Thursday, Friday, Saturday, Sunday, DepatureHour, DepatureMinute, DepatureSecond, Note, NoteCode) VALUES ('98210', 'FSACM23', '0', 'JPS_FSACM23-3', 'CAL', 1, 1, 1, 1, 1, 1, 0, 12, 20, 0, 'Service subject to change due to tidal conditions', 'TID');
INSERT INTO DayOfOperation (VehicleJourneyRef, StartDate, EndDate) VALUES ('98210', 1520035200, 1520121599);
INSERT INTO DayOfOperation (VehicleJourneyRef, StartDate, EndDate) VALUES ('98210', 1520640000, 1520726399);
INSERT INTO DayOfOperation (VehicleJourneyRef, StartDate, EndDate) VALUES ('98210', 1521244800, 1521331199);
INSERT INTO DayOfOperation (VehicleJourneyRef, StartDate, EndDate) VALUES ('98210', 1521849600, 1521935999);
INSERT INTO DayOfNonOperation (VehicleJourneyRef, StartDate, EndDate) VALUES ('98210', 1490918400, 1519603199);
INSERT INTO DayOfNonOperation (VehicleJourneyRef, StartDate, EndDate) VALUES ('98210', 1522368000, 2524607999);
INSERT INTO VehicleJourney (VehicleJourneyCode, ServiceRef, LineRef, JourneyPatternRef, OperatorRef, Monday, Tuesday, Wednesday, Thursday, Friday, Saturday, Sunday, DepatureHour, DepatureMinute, DepatureSecond, Note, NoteCode) VALUES ('98211', 'FSACM23', '0', 'JPS_FSACM23-3', 'CAL', 1, 1, 1, 1, 1, 1, 0, 16, 40, 0, 'Service subject to change due to tidal conditions', 'TID');
INSERT INTO DayOfOperation (VehicleJourneyRef, StartDate, EndDate) VALUES ('98211', 1520035200, 1520121599);
INSERT INTO DayOfOperation (VehicleJourneyRef, StartDate, EndDate) VALUES ('98211', 1520640000, 1520726399);
INSERT INTO DayOfOperation (VehicleJourneyRef, StartDate, EndDate) VALUES ('98211', 1521244800, 1521331199);
INSERT INTO DayOfOperation (VehicleJourneyRef, StartDate, EndDate) VALUES ('98211', 1521849600, 1521935999);
INSERT INTO DayOfNonOperation (VehicleJourneyRef, StartDate, EndDate) VALUES ('98211', 1490918400, 1519603199);
INSERT INTO DayOfNonOperation (VehicleJourneyRef, StartDate, EndDate) VALUES ('98211', 1522368000, 2524607999);INSERT INTO AnnotatedStopPointRef (StopPointRef, CommonName, Latitude, Longitude) VALUES ('9300ULL', 'Ullapool Ferry Terminal', 0, 0);
INSERT INTO AnnotatedStopPointRef (StopPointRef, CommonName, Latitude, Longitude) VALUES ('9300STO', 'Stornoway Lewis Ferry Terminal', 0, 0);
INSERT INTO Route (RouteId, RouteDescription, RouteSectionRef) VALUES ('FSACM25_002', 'Ullapool - Stornoway (Lewis)
', 'FSACM25_002');
INSERT INTO Route (RouteId, RouteDescription, RouteSectionRef) VALUES ('FSACM25_001', 'Stornoway (Lewis) - Ullapool
', 'FSACM25_001');
INSERT INTO RouteSection (RouteSectionId) VALUES ('FSACM25_002');
INSERT INTO RouteLink (RouteLinkId, RouteSectionId, FromStopPointRef, ToStopPointRef, `Order`, RouteDirection) VALUES ('FSACM25_002_289892', 'FSACM25_002', '9300ULL', '9300STO', 0, 'inbound');
INSERT INTO RouteSection (RouteSectionId) VALUES ('FSACM25_001');
INSERT INTO RouteLink (RouteLinkId, RouteSectionId, FromStopPointRef, ToStopPointRef, `Order`, RouteDirection) VALUES ('FSACM25_001_289894', 'FSACM25_001', '9300STO', '9300ULL', 0, 'outbound');
INSERT INTO JourneyPatternSection (JourneyPatternSectionId) VALUES ('JPS_FSACM25-3');
INSERT INTO JourneyPatternTimingLink (JourneyPatternTimingLinkId, JourneyPatternSectionId, JourneyPatternFromStopPointRef, JourneyPatternFromTimingStatus, JourneyPatternToStopPointsRef, JourneyPatternToTimingStatus, RouteLinkRef, JourneyDirection, RunTime, WaitTime) VALUES ('JPS_FSACM25-3_289892', 'JPS_FSACM25-3', '9300ULL', 'PTP', '9300STO', 'PTP', 'FSACM25_002_289892', 'inbound', 'PT9600S', '');
INSERT INTO JourneyPatternSection (JourneyPatternSectionId) VALUES ('JPS_FSACM25-4');
INSERT INTO JourneyPatternTimingLink (JourneyPatternTimingLinkId, JourneyPatternSectionId, JourneyPatternFromStopPointRef, JourneyPatternFromTimingStatus, JourneyPatternToStopPointsRef, JourneyPatternToTimingStatus, RouteLinkRef, JourneyDirection, RunTime, WaitTime) VALUES ('JPS_FSACM25-4_289894', 'JPS_FSACM25-4', '9300STO', 'PTP', '9300ULL', 'PTP', 'FSACM25_001_289894', 'outbound', 'PT9600S', '');
INSERT INTO Operator (OperatorId, NationalOperatorCode, OperatorCode, OperatorShortName) VALUES ('CAL', 'CALM', 'CAL', 'Caledonian MacBrayne');
INSERT INTO Service (ServiceCode, RegisteredOperatorRef, Mode, Description, Origin, Destination, StartDate, EndDate) VALUES ('FSACM25', 'CAL', 'ferry', 'Stornoway (Lewis) - Ullapool', 'Stornoway (Lewis)', 'Ullapool', 1490918400, 2524607999);
INSERT INTO Line (LineId, ServiceRef, LineName) VALUES ('0', 'FSACM25', 'CM25');
INSERT INTO JourneyPattern (JourneyPatternId, ServiceRef, JourneyPatternSectionRef, JourneyPatternDirection) VALUES ('JPS_FSACM25-3', 'FSACM25', 'JPS_FSACM25-3', 'inbound');
INSERT INTO JourneyPattern (JourneyPatternId, ServiceRef, JourneyPatternSectionRef, JourneyPatternDirection) VALUES ('JPS_FSACM25-4', 'FSACM25', 'JPS_FSACM25-4', 'outbound');
INSERT INTO VehicleJourney (VehicleJourneyCode, ServiceRef, LineRef, JourneyPatternRef, OperatorRef, Monday, Tuesday, Wednesday, Thursday, Friday, Saturday, Sunday, DepatureHour, DepatureMinute, DepatureSecond, Note, NoteCode) VALUES ('98257', 'FSACM25', '0', 'JPS_FSACM25-3', 'CAL', 1, 1, 1, 1, 1, 0, 0, 10, 20, 0, 'Departure time shown is actually check in time', 'DCI');
INSERT INTO DayOfNonOperation (VehicleJourneyRef, StartDate, EndDate) VALUES ('98257', 1508716800, 2524607999);
INSERT INTO VehicleJourney (VehicleJourneyCode, ServiceRef, LineRef, JourneyPatternRef, OperatorRef, Monday, Tuesday, Wednesday, Thursday, Friday, Saturday, Sunday, DepatureHour, DepatureMinute, DepatureSecond, Note, NoteCode) VALUES ('98258', 'FSACM25', '0', 'JPS_FSACM25-3', 'CAL', 1, 1, 1, 1, 1, 0, 0, 17, 20, 0, 'Departure time shown is actually check in time', 'DCI');
INSERT INTO DayOfNonOperation (VehicleJourneyRef, StartDate, EndDate) VALUES ('98258', 1508716800, 2524607999);
INSERT INTO VehicleJourney (VehicleJourneyCode, ServiceRef, LineRef, JourneyPatternRef, OperatorRef, Monday, Tuesday, Wednesday, Thursday, Friday, Saturday, Sunday, DepatureHour, DepatureMinute, DepatureSecond, Note, NoteCode) VALUES ('98261', 'FSACM25', '0', 'JPS_FSACM25-3', 'CAL', 0, 0, 0, 0, 0, 1, 0, 10, 20, 0, 'Departure time shown is actually check in time', 'DCI');
INSERT INTO DayOfOperation (VehicleJourneyRef, StartDate, EndDate) VALUES ('98261', 1497657600, 1497743999);
INSERT INTO DayOfOperation (VehicleJourneyRef, StartDate, EndDate) VALUES ('98261', 1498262400, 1498348799);
INSERT INTO DayOfOperation (VehicleJourneyRef, StartDate, EndDate) VALUES ('98261', 1498867200, 1498953599);
INSERT INTO DayOfOperation (VehicleJourneyRef, StartDate, EndDate) VALUES ('98261', 1499472000, 1499558399);
INSERT INTO DayOfOperation (VehicleJourneyRef, StartDate, EndDate) VALUES ('98261', 1500076800, 1500163199);
INSERT INTO DayOfOperation (VehicleJourneyRef, StartDate, EndDate) VALUES ('98261', 1500681600, 1500767999);
INSERT INTO DayOfOperation (VehicleJourneyRef, StartDate, EndDate) VALUES ('98261', 1501286400, 1501372799);
INSERT INTO DayOfOperation (VehicleJourneyRef, StartDate, EndDate) VALUES ('98261', 1501891200, 1501977599);
INSERT INTO DayOfOperation (VehicleJourneyRef, StartDate, EndDate) VALUES ('98261', 1502496000, 1502582399);
INSERT INTO DayOfOperation (VehicleJourneyRef, StartDate, EndDate) VALUES ('98261', 1503100800, 1503187199);
INSERT INTO DayOfOperation (VehicleJourneyRef, StartDate, EndDate) VALUES ('98261', 1503705600, 1503791999);
INSERT INTO DayOfOperation (VehicleJourneyRef, StartDate, EndDate) VALUES ('98261', 1504310400, 1504396799);
INSERT INTO DayOfOperation (VehicleJourneyRef, StartDate, EndDate) VALUES ('98261', 1504915200, 1505001599);
INSERT INTO DayOfOperation (VehicleJourneyRef, StartDate, EndDate) VALUES ('98261', 1505520000, 1505606399);
INSERT INTO DayOfOperation (VehicleJourneyRef, StartDate, EndDate) VALUES ('98261', 1506124800, 1506211199);
INSERT INTO DayOfOperation (VehicleJourneyRef, StartDate, EndDate) VALUES ('98261', 1506729600, 1506815999);
INSERT INTO DayOfOperation (VehicleJourneyRef, StartDate, EndDate) VALUES ('98261', 1507334400, 1507420799);
INSERT INTO DayOfOperation (VehicleJourneyRef, StartDate, EndDate) VALUES ('98261', 1507939200, 1508025599);
INSERT INTO DayOfOperation (VehicleJourneyRef, StartDate, EndDate) VALUES ('98261', 1508544000, 1508630399);
INSERT INTO DayOfNonOperation (VehicleJourneyRef, StartDate, EndDate) VALUES ('98261', 1508716800, 2524607999);
INSERT INTO VehicleJourney (VehicleJourneyCode, ServiceRef, LineRef, JourneyPatternRef, OperatorRef, Monday, Tuesday, Wednesday, Thursday, Friday, Saturday, Sunday, DepatureHour, DepatureMinute, DepatureSecond, Note, NoteCode) VALUES ('98262', 'FSACM25', '0', 'JPS_FSACM25-3', 'CAL', 0, 0, 0, 0, 0, 1, 0, 18, 50, 0, 'Departure time shown is actually check in time', 'DCI');
INSERT INTO DayOfOperation (VehicleJourneyRef, StartDate, EndDate) VALUES ('98262', 1497657600, 1497743999);
INSERT INTO DayOfOperation (VehicleJourneyRef, StartDate, EndDate) VALUES ('98262', 1498262400, 1498348799);
INSERT INTO DayOfOperation (VehicleJourneyRef, StartDate, EndDate) VALUES ('98262', 1498867200, 1498953599);
INSERT INTO DayOfOperation (VehicleJourneyRef, StartDate, EndDate) VALUES ('98262', 1499472000, 1499558399);
INSERT INTO DayOfOperation (VehicleJourneyRef, StartDate, EndDate) VALUES ('98262', 1500076800, 1500163199);
INSERT INTO DayOfOperation (VehicleJourneyRef, StartDate, EndDate) VALUES ('98262', 1500681600, 1500767999);
INSERT INTO DayOfOperation (VehicleJourneyRef, StartDate, EndDate) VALUES ('98262', 1501286400, 1501372799);
INSERT INTO DayOfOperation (VehicleJourneyRef, StartDate, EndDate) VALUES ('98262', 1501891200, 1501977599);
INSERT INTO DayOfOperation (VehicleJourneyRef, StartDate, EndDate) VALUES ('98262', 1502496000, 1502582399);
INSERT INTO DayOfOperation (VehicleJourneyRef, StartDate, EndDate) VALUES ('98262', 1503100800, 1503187199);
INSERT INTO DayOfOperation (VehicleJourneyRef, StartDate, EndDate) VALUES ('98262', 1503705600, 1503791999);
INSERT INTO DayOfOperation (VehicleJourneyRef, StartDate, EndDate) VALUES ('98262', 1504310400, 1504396799);
INSERT INTO DayOfOperation (VehicleJourneyRef, StartDate, EndDate) VALUES ('98262', 1504915200, 1505001599);
INSERT INTO DayOfOperation (VehicleJourneyRef, StartDate, EndDate) VALUES ('98262', 1505520000, 1505606399);
INSERT INTO DayOfOperation (VehicleJourneyRef, StartDate, EndDate) VALUES ('98262', 1506124800, 1506211199);
INSERT INTO DayOfOperation (VehicleJourneyRef, StartDate, EndDate) VALUES ('98262', 1506729600, 1506815999);
INSERT INTO DayOfOperation (VehicleJourneyRef, StartDate, EndDate) VALUES ('98262', 1507334400, 1507420799);
INSERT INTO DayOfOperation (VehicleJourneyRef, StartDate, EndDate) VALUES ('98262', 1507939200, 1508025599);
INSERT INTO DayOfOperation (VehicleJourneyRef, StartDate, EndDate) VALUES ('98262', 1508544000, 1508630399);
INSERT INTO DayOfNonOperation (VehicleJourneyRef, StartDate, EndDate) VALUES ('98262', 1508716800, 2524607999);
INSERT INTO VehicleJourney (VehicleJourneyCode, ServiceRef, LineRef, JourneyPatternRef, OperatorRef, Monday, Tuesday, Wednesday, Thursday, Friday, Saturday, Sunday, DepatureHour, DepatureMinute, DepatureSecond, Note, NoteCode) VALUES ('98266', 'FSACM25', '0', 'JPS_FSACM25-3', 'CAL', 0, 0, 0, 0, 0, 0, 1, 18, 20, 0, 'Departure time shown is actually check in time', 'DCI');
INSERT INTO DayOfOperation (VehicleJourneyRef, StartDate, EndDate) VALUES ('98266', 1497744000, 1497830399);
INSERT INTO DayOfOperation (VehicleJourneyRef, StartDate, EndDate) VALUES ('98266', 1498348800, 1498435199);
INSERT INTO DayOfOperation (VehicleJourneyRef, StartDate, EndDate) VALUES ('98266', 1498953600, 1499039999);
INSERT INTO DayOfOperation (VehicleJourneyRef, StartDate, EndDate) VALUES ('98266', 1499558400, 1499644799);
INSERT INTO DayOfOperation (VehicleJourneyRef, StartDate, EndDate) VALUES ('98266', 1500163200, 1500249599);
INSERT INTO DayOfOperation (VehicleJourneyRef, StartDate, EndDate) VALUES ('98266', 1500768000, 1500854399);
INSERT INTO DayOfOperation (VehicleJourneyRef, StartDate, EndDate) VALUES ('98266', 1501372800, 1501459199);
INSERT INTO DayOfOperation (VehicleJourneyRef, StartDate, EndDate) VALUES ('98266', 1501977600, 1502063999);
INSERT INTO DayOfOperation (VehicleJourneyRef, StartDate, EndDate) VALUES ('98266', 1502582400, 1502668799);
INSERT INTO DayOfOperation (VehicleJourneyRef, StartDate, EndDate) VALUES ('98266', 1503187200, 1503273599);
INSERT INTO DayOfOperation (VehicleJourneyRef, StartDate, EndDate) VALUES ('98266', 1503792000, 1503878399);
INSERT INTO DayOfOperation (VehicleJourneyRef, StartDate, EndDate) VALUES ('98266', 1504396800, 1504483199);
INSERT INTO DayOfOperation (VehicleJourneyRef, StartDate, EndDate) VALUES ('98266', 1505001600, 1505087999);
INSERT INTO DayOfOperation (VehicleJourneyRef, StartDate, EndDate) VALUES ('98266', 1505606400, 1505692799);
INSERT INTO DayOfOperation (VehicleJourneyRef, StartDate, EndDate) VALUES ('98266', 1506211200, 1506297599);
INSERT INTO DayOfOperation (VehicleJourneyRef, StartDate, EndDate) VALUES ('98266', 1506816000, 1506902399);
INSERT INTO DayOfOperation (VehicleJourneyRef, StartDate, EndDate) VALUES ('98266', 1507420800, 1507507199);
INSERT INTO DayOfOperation (VehicleJourneyRef, StartDate, EndDate) VALUES ('98266', 1508025600, 1508111999);
INSERT INTO DayOfOperation (VehicleJourneyRef, StartDate, EndDate) VALUES ('98266', 1508630400, 1508716799);
INSERT INTO DayOfNonOperation (VehicleJourneyRef, StartDate, EndDate) VALUES ('98266', 1508716800, 2524607999);
INSERT INTO VehicleJourney (VehicleJourneyCode, ServiceRef, LineRef, JourneyPatternRef, OperatorRef, Monday, Tuesday, Wednesday, Thursday, Friday, Saturday, Sunday, DepatureHour, DepatureMinute, DepatureSecond, Note, NoteCode) VALUES ('98269', 'FSACM25', '0', 'JPS_FSACM25-4', 'CAL', 1, 1, 1, 1, 1, 0, 0, 6, 50, 0, 'Departure time shown is actually check in time', 'DCI');
INSERT INTO DayOfNonOperation (VehicleJourneyRef, StartDate, EndDate) VALUES ('98269', 1508716800, 2524607999);
INSERT INTO VehicleJourney (VehicleJourneyCode, ServiceRef, LineRef, JourneyPatternRef, OperatorRef, Monday, Tuesday, Wednesday, Thursday, Friday, Saturday, Sunday, DepatureHour, DepatureMinute, DepatureSecond, Note, NoteCode) VALUES ('98270', 'FSACM25', '0', 'JPS_FSACM25-4', 'CAL', 1, 1, 1, 1, 1, 0, 0, 13, 50, 0, 'Departure time shown is actually check in time', 'DCI');
INSERT INTO DayOfNonOperation (VehicleJourneyRef, StartDate, EndDate) VALUES ('98270', 1508716800, 2524607999);
INSERT INTO VehicleJourney (VehicleJourneyCode, ServiceRef, LineRef, JourneyPatternRef, OperatorRef, Monday, Tuesday, Wednesday, Thursday, Friday, Saturday, Sunday, DepatureHour, DepatureMinute, DepatureSecond, Note, NoteCode) VALUES ('98273', 'FSACM25', '0', 'JPS_FSACM25-4', 'CAL', 0, 0, 0, 0, 0, 1, 0, 6, 50, 0, 'Departure time shown is actually check in time', 'DCI');
INSERT INTO DayOfOperation (VehicleJourneyRef, StartDate, EndDate) VALUES ('98273', 1497657600, 1497743999);
INSERT INTO DayOfOperation (VehicleJourneyRef, StartDate, EndDate) VALUES ('98273', 1498262400, 1498348799);
INSERT INTO DayOfOperation (VehicleJourneyRef, StartDate, EndDate) VALUES ('98273', 1498867200, 1498953599);
INSERT INTO DayOfOperation (VehicleJourneyRef, StartDate, EndDate) VALUES ('98273', 1499472000, 1499558399);
INSERT INTO DayOfOperation (VehicleJourneyRef, StartDate, EndDate) VALUES ('98273', 1500076800, 1500163199);
INSERT INTO DayOfOperation (VehicleJourneyRef, StartDate, EndDate) VALUES ('98273', 1500681600, 1500767999);
INSERT INTO DayOfOperation (VehicleJourneyRef, StartDate, EndDate) VALUES ('98273', 1501286400, 1501372799);
INSERT INTO DayOfOperation (VehicleJourneyRef, StartDate, EndDate) VALUES ('98273', 1501891200, 1501977599);
INSERT INTO DayOfOperation (VehicleJourneyRef, StartDate, EndDate) VALUES ('98273', 1502496000, 1502582399);
INSERT INTO DayOfOperation (VehicleJourneyRef, StartDate, EndDate) VALUES ('98273', 1503100800, 1503187199);
INSERT INTO DayOfOperation (VehicleJourneyRef, StartDate, EndDate) VALUES ('98273', 1503705600, 1503791999);
INSERT INTO DayOfOperation (VehicleJourneyRef, StartDate, EndDate) VALUES ('98273', 1504310400, 1504396799);
INSERT INTO DayOfOperation (VehicleJourneyRef, StartDate, EndDate) VALUES ('98273', 1504915200, 1505001599);
INSERT INTO DayOfOperation (VehicleJourneyRef, StartDate, EndDate) VALUES ('98273', 1505520000, 1505606399);
INSERT INTO DayOfOperation (VehicleJourneyRef, StartDate, EndDate) VALUES ('98273', 1506124800, 1506211199);
INSERT INTO DayOfOperation (VehicleJourneyRef, StartDate, EndDate) VALUES ('98273', 1506729600, 1506815999);
INSERT INTO DayOfOperation (VehicleJourneyRef, StartDate, EndDate) VALUES ('98273', 1507334400, 1507420799);
INSERT INTO DayOfOperation (VehicleJourneyRef, StartDate, EndDate) VALUES ('98273', 1507939200, 1508025599);
INSERT INTO DayOfOperation (VehicleJourneyRef, StartDate, EndDate) VALUES ('98273', 1508544000, 1508630399);
INSERT INTO DayOfNonOperation (VehicleJourneyRef, StartDate, EndDate) VALUES ('98273', 1508716800, 2524607999);
INSERT INTO VehicleJourney (VehicleJourneyCode, ServiceRef, LineRef, JourneyPatternRef, OperatorRef, Monday, Tuesday, Wednesday, Thursday, Friday, Saturday, Sunday, DepatureHour, DepatureMinute, DepatureSecond, Note, NoteCode) VALUES ('98274', 'FSACM25', '0', 'JPS_FSACM25-4', 'CAL', 0, 0, 0, 0, 0, 1, 0, 15, 20, 0, 'Departure time shown is actually check in time', 'DCI');
INSERT INTO DayOfOperation (VehicleJourneyRef, StartDate, EndDate) VALUES ('98274', 1497657600, 1497743999);
INSERT INTO DayOfOperation (VehicleJourneyRef, StartDate, EndDate) VALUES ('98274', 1498262400, 1498348799);
INSERT INTO DayOfOperation (VehicleJourneyRef, StartDate, EndDate) VALUES ('98274', 1498867200, 1498953599);
INSERT INTO DayOfOperation (VehicleJourneyRef, StartDate, EndDate) VALUES ('98274', 1499472000, 1499558399);
INSERT INTO DayOfOperation (VehicleJourneyRef, StartDate, EndDate) VALUES ('98274', 1500076800, 1500163199);
INSERT INTO DayOfOperation (VehicleJourneyRef, StartDate, EndDate) VALUES ('98274', 1500681600, 1500767999);
INSERT INTO DayOfOperation (VehicleJourneyRef, StartDate, EndDate) VALUES ('98274', 1501286400, 1501372799);
INSERT INTO DayOfOperation (VehicleJourneyRef, StartDate, EndDate) VALUES ('98274', 1501891200, 1501977599);
INSERT INTO DayOfOperation (VehicleJourneyRef, StartDate, EndDate) VALUES ('98274', 1502496000, 1502582399);
INSERT INTO DayOfOperation (VehicleJourneyRef, StartDate, EndDate) VALUES ('98274', 1503100800, 1503187199);
INSERT INTO DayOfOperation (VehicleJourneyRef, StartDate, EndDate) VALUES ('98274', 1503705600, 1503791999);
INSERT INTO DayOfOperation (VehicleJourneyRef, StartDate, EndDate) VALUES ('98274', 1504310400, 1504396799);
INSERT INTO DayOfOperation (VehicleJourneyRef, StartDate, EndDate) VALUES ('98274', 1504915200, 1505001599);
INSERT INTO DayOfOperation (VehicleJourneyRef, StartDate, EndDate) VALUES ('98274', 1505520000, 1505606399);
INSERT INTO DayOfOperation (VehicleJourneyRef, StartDate, EndDate) VALUES ('98274', 1506124800, 1506211199);
INSERT INTO DayOfOperation (VehicleJourneyRef, StartDate, EndDate) VALUES ('98274', 1506729600, 1506815999);
INSERT INTO DayOfOperation (VehicleJourneyRef, StartDate, EndDate) VALUES ('98274', 1507334400, 1507420799);
INSERT INTO DayOfOperation (VehicleJourneyRef, StartDate, EndDate) VALUES ('98274', 1507939200, 1508025599);
INSERT INTO DayOfOperation (VehicleJourneyRef, StartDate, EndDate) VALUES ('98274', 1508544000, 1508630399);
INSERT INTO DayOfNonOperation (VehicleJourneyRef, StartDate, EndDate) VALUES ('98274', 1508716800, 2524607999);
INSERT INTO VehicleJourney (VehicleJourneyCode, ServiceRef, LineRef, JourneyPatternRef, OperatorRef, Monday, Tuesday, Wednesday, Thursday, Friday, Saturday, Sunday, DepatureHour, DepatureMinute, DepatureSecond, Note, NoteCode) VALUES ('98281', 'FSACM25', '0', 'JPS_FSACM25-4', 'CAL', 0, 0, 0, 0, 0, 0, 1, 14, 20, 0, 'Departure time shown is actually check in time', 'DCI');
INSERT INTO DayOfOperation (VehicleJourneyRef, StartDate, EndDate) VALUES ('98281', 1497744000, 1497830399);
INSERT INTO DayOfOperation (VehicleJourneyRef, StartDate, EndDate) VALUES ('98281', 1505001600, 1505087999);
INSERT INTO DayOfOperation (VehicleJourneyRef, StartDate, EndDate) VALUES ('98281', 1505606400, 1505692799);
INSERT INTO DayOfOperation (VehicleJourneyRef, StartDate, EndDate) VALUES ('98281', 1506211200, 1506297599);
INSERT INTO DayOfOperation (VehicleJourneyRef, StartDate, EndDate) VALUES ('98281', 1506816000, 1506902399);
INSERT INTO DayOfOperation (VehicleJourneyRef, StartDate, EndDate) VALUES ('98281', 1507420800, 1507507199);
INSERT INTO DayOfOperation (VehicleJourneyRef, StartDate, EndDate) VALUES ('98281', 1508025600, 1508111999);
INSERT INTO DayOfOperation (VehicleJourneyRef, StartDate, EndDate) VALUES ('98281', 1508630400, 1508716799);
INSERT INTO DayOfNonOperation (VehicleJourneyRef, StartDate, EndDate) VALUES ('98281', 1508716800, 2524607999);
INSERT INTO VehicleJourney (VehicleJourneyCode, ServiceRef, LineRef, JourneyPatternRef, OperatorRef, Monday, Tuesday, Wednesday, Thursday, Friday, Saturday, Sunday, DepatureHour, DepatureMinute, DepatureSecond, Note, NoteCode) VALUES ('98267', 'FSACM25', '0', 'JPS_FSACM25-3', 'CAL', 0, 0, 0, 0, 0, 0, 1, 11, 20, 0, 'Departure time shown is actually check in time', 'DCI');
INSERT INTO DayOfOperation (VehicleJourneyRef, StartDate, EndDate) VALUES ('98267', 1498348800, 1498435199);
INSERT INTO DayOfOperation (VehicleJourneyRef, StartDate, EndDate) VALUES ('98267', 1498953600, 1499039999);
INSERT INTO DayOfOperation (VehicleJourneyRef, StartDate, EndDate) VALUES ('98267', 1499558400, 1499644799);
INSERT INTO DayOfOperation (VehicleJourneyRef, StartDate, EndDate) VALUES ('98267', 1500163200, 1500249599);
INSERT INTO DayOfOperation (VehicleJourneyRef, StartDate, EndDate) VALUES ('98267', 1500768000, 1500854399);
INSERT INTO DayOfOperation (VehicleJourneyRef, StartDate, EndDate) VALUES ('98267', 1501372800, 1501459199);
INSERT INTO DayOfOperation (VehicleJourneyRef, StartDate, EndDate) VALUES ('98267', 1501977600, 1502063999);
INSERT INTO DayOfOperation (VehicleJourneyRef, StartDate, EndDate) VALUES ('98267', 1502582400, 1502668799);
INSERT INTO DayOfOperation (VehicleJourneyRef, StartDate, EndDate) VALUES ('98267', 1503187200, 1503273599);
INSERT INTO DayOfOperation (VehicleJourneyRef, StartDate, EndDate) VALUES ('98267', 1503792000, 1503878399);
INSERT INTO DayOfOperation (VehicleJourneyRef, StartDate, EndDate) VALUES ('98267', 1504396800, 1504483199);
INSERT INTO DayOfNonOperation (VehicleJourneyRef, StartDate, EndDate) VALUES ('98267', 1490918400, 1498348799);
INSERT INTO DayOfNonOperation (VehicleJourneyRef, StartDate, EndDate) VALUES ('98267', 1504483200, 2524607999);
INSERT INTO VehicleJourney (VehicleJourneyCode, ServiceRef, LineRef, JourneyPatternRef, OperatorRef, Monday, Tuesday, Wednesday, Thursday, Friday, Saturday, Sunday, DepatureHour, DepatureMinute, DepatureSecond, Note, NoteCode) VALUES ('98278', 'FSACM25', '0', 'JPS_FSACM25-4', 'CAL', 0, 0, 0, 0, 0, 0, 1, 7, 50, 0, 'Departure time shown is actually check in time', 'DCI');
INSERT INTO DayOfOperation (VehicleJourneyRef, StartDate, EndDate) VALUES ('98278', 1498348800, 1498435199);
INSERT INTO DayOfOperation (VehicleJourneyRef, StartDate, EndDate) VALUES ('98278', 1498953600, 1499039999);
INSERT INTO DayOfOperation (VehicleJourneyRef, StartDate, EndDate) VALUES ('98278', 1499558400, 1499644799);
INSERT INTO DayOfOperation (VehicleJourneyRef, StartDate, EndDate) VALUES ('98278', 1500163200, 1500249599);
INSERT INTO DayOfOperation (VehicleJourneyRef, StartDate, EndDate) VALUES ('98278', 1500768000, 1500854399);
INSERT INTO DayOfOperation (VehicleJourneyRef, StartDate, EndDate) VALUES ('98278', 1501372800, 1501459199);
INSERT INTO DayOfOperation (VehicleJourneyRef, StartDate, EndDate) VALUES ('98278', 1501977600, 1502063999);
INSERT INTO DayOfOperation (VehicleJourneyRef, StartDate, EndDate) VALUES ('98278', 1502582400, 1502668799);
INSERT INTO DayOfOperation (VehicleJourneyRef, StartDate, EndDate) VALUES ('98278', 1503187200, 1503273599);
INSERT INTO DayOfOperation (VehicleJourneyRef, StartDate, EndDate) VALUES ('98278', 1503792000, 1503878399);
INSERT INTO DayOfOperation (VehicleJourneyRef, StartDate, EndDate) VALUES ('98278', 1504396800, 1504483199);
INSERT INTO DayOfNonOperation (VehicleJourneyRef, StartDate, EndDate) VALUES ('98278', 1490918400, 1498348799);
INSERT INTO DayOfNonOperation (VehicleJourneyRef, StartDate, EndDate) VALUES ('98278', 1504483200, 2524607999);
INSERT INTO VehicleJourney (VehicleJourneyCode, ServiceRef, LineRef, JourneyPatternRef, OperatorRef, Monday, Tuesday, Wednesday, Thursday, Friday, Saturday, Sunday, DepatureHour, DepatureMinute, DepatureSecond, Note, NoteCode) VALUES ('98279', 'FSACM25', '0', 'JPS_FSACM25-4', 'CAL', 0, 0, 0, 0, 0, 0, 1, 14, 50, 0, 'Departure time shown is actually check in time', 'DCI');
INSERT INTO DayOfOperation (VehicleJourneyRef, StartDate, EndDate) VALUES ('98279', 1498348800, 1498435199);
INSERT INTO DayOfOperation (VehicleJourneyRef, StartDate, EndDate) VALUES ('98279', 1498953600, 1499039999);
INSERT INTO DayOfOperation (VehicleJourneyRef, StartDate, EndDate) VALUES ('98279', 1499558400, 1499644799);
INSERT INTO DayOfOperation (VehicleJourneyRef, StartDate, EndDate) VALUES ('98279', 1500163200, 1500249599);
INSERT INTO DayOfOperation (VehicleJourneyRef, StartDate, EndDate) VALUES ('98279', 1500768000, 1500854399);
INSERT INTO DayOfOperation (VehicleJourneyRef, StartDate, EndDate) VALUES ('98279', 1501372800, 1501459199);
INSERT INTO DayOfOperation (VehicleJourneyRef, StartDate, EndDate) VALUES ('98279', 1501977600, 1502063999);
INSERT INTO DayOfOperation (VehicleJourneyRef, StartDate, EndDate) VALUES ('98279', 1502582400, 1502668799);
INSERT INTO DayOfOperation (VehicleJourneyRef, StartDate, EndDate) VALUES ('98279', 1503187200, 1503273599);
INSERT INTO DayOfOperation (VehicleJourneyRef, StartDate, EndDate) VALUES ('98279', 1503792000, 1503878399);
INSERT INTO DayOfOperation (VehicleJourneyRef, StartDate, EndDate) VALUES ('98279', 1504396800, 1504483199);
INSERT INTO DayOfNonOperation (VehicleJourneyRef, StartDate, EndDate) VALUES ('98279', 1490918400, 1498348799);
INSERT INTO DayOfNonOperation (VehicleJourneyRef, StartDate, EndDate) VALUES ('98279', 1504483200, 2524607999);
INSERT INTO VehicleJourney (VehicleJourneyCode, ServiceRef, LineRef, JourneyPatternRef, OperatorRef, Monday, Tuesday, Wednesday, Thursday, Friday, Saturday, Sunday, DepatureHour, DepatureMinute, DepatureSecond, Note, NoteCode) VALUES ('98263', 'FSACM25', '0', 'JPS_FSACM25-3', 'CAL', 0, 0, 0, 0, 0, 1, 0, 21, 50, 0, 'Departure time shown is actually check in time', 'DCI');
INSERT INTO DayOfOperation (VehicleJourneyRef, StartDate, EndDate) VALUES ('98263', 1503100800, 1503187199);
INSERT INTO DayOfNonOperation (VehicleJourneyRef, StartDate, EndDate) VALUES ('98263', 1490918400, 1503100799);
INSERT INTO DayOfNonOperation (VehicleJourneyRef, StartDate, EndDate) VALUES ('98263', 1503187200, 2524607999);
INSERT INTO VehicleJourney (VehicleJourneyCode, ServiceRef, LineRef, JourneyPatternRef, OperatorRef, Monday, Tuesday, Wednesday, Thursday, Friday, Saturday, Sunday, DepatureHour, DepatureMinute, DepatureSecond, Note, NoteCode) VALUES ('98275', 'FSACM25', '0', 'JPS_FSACM25-4', 'CAL', 0, 0, 0, 0, 0, 1, 0, 0, 45, 0, 'Departure time shown is actually check in time', 'DCI');
INSERT INTO DayOfOperation (VehicleJourneyRef, StartDate, EndDate) VALUES ('98275', 1503100800, 1503187199);
INSERT INTO DayOfNonOperation (VehicleJourneyRef, StartDate, EndDate) VALUES ('98275', 1490918400, 1503100799);
INSERT INTO DayOfNonOperation (VehicleJourneyRef, StartDate, EndDate) VALUES ('98275', 1503187200, 2524607999);
INSERT INTO VehicleJourney (VehicleJourneyCode, ServiceRef, LineRef, JourneyPatternRef, OperatorRef, Monday, Tuesday, Wednesday, Thursday, Friday, Saturday, Sunday, DepatureHour, DepatureMinute, DepatureSecond, Note, NoteCode) VALUES ('98259', 'FSACM25', '0', 'JPS_FSACM25-3', 'CAL', 1, 1, 1, 1, 1, 0, 0, 10, 20, 0, 'Departure time shown is actually check in time', 'DCI');
INSERT INTO DayOfNonOperation (VehicleJourneyRef, StartDate, EndDate) VALUES ('98259', 1490918400, 1508716799);
INSERT INTO DayOfNonOperation (VehicleJourneyRef, StartDate, EndDate) VALUES ('98259', 1514160000, 1514332799);
INSERT INTO DayOfNonOperation (VehicleJourneyRef, StartDate, EndDate) VALUES ('98259', 1514764800, 1514851199);
INSERT INTO VehicleJourney (VehicleJourneyCode, ServiceRef, LineRef, JourneyPatternRef, OperatorRef, Monday, Tuesday, Wednesday, Thursday, Friday, Saturday, Sunday, DepatureHour, DepatureMinute, DepatureSecond, Note, NoteCode) VALUES ('98260', 'FSACM25', '0', 'JPS_FSACM25-3', 'CAL', 1, 1, 1, 1, 1, 0, 0, 17, 20, 0, 'Departure time shown is actually check in time', 'DCI');
INSERT INTO DayOfNonOperation (VehicleJourneyRef, StartDate, EndDate) VALUES ('98260', 1490918400, 1508716799);
INSERT INTO DayOfNonOperation (VehicleJourneyRef, StartDate, EndDate) VALUES ('98260', 1514160000, 1514246399);
INSERT INTO DayOfNonOperation (VehicleJourneyRef, StartDate, EndDate) VALUES ('98260', 1514764800, 1514851199);
INSERT INTO VehicleJourney (VehicleJourneyCode, ServiceRef, LineRef, JourneyPatternRef, OperatorRef, Monday, Tuesday, Wednesday, Thursday, Friday, Saturday, Sunday, DepatureHour, DepatureMinute, DepatureSecond, Note, NoteCode) VALUES ('98264', 'FSACM25', '0', 'JPS_FSACM25-3', 'CAL', 0, 0, 0, 0, 0, 1, 0, 10, 20, 0, 'Departure time shown is actually check in time', 'DCI');
INSERT INTO DayOfOperation (VehicleJourneyRef, StartDate, EndDate) VALUES ('98264', 1509148800, 1509235199);
INSERT INTO DayOfOperation (VehicleJourneyRef, StartDate, EndDate) VALUES ('98264', 1509753600, 1509839999);
INSERT INTO DayOfOperation (VehicleJourneyRef, StartDate, EndDate) VALUES ('98264', 1510358400, 1510444799);
INSERT INTO DayOfOperation (VehicleJourneyRef, StartDate, EndDate) VALUES ('98264', 1510963200, 1511049599);
INSERT INTO DayOfOperation (VehicleJourneyRef, StartDate, EndDate) VALUES ('98264', 1511568000, 1511654399);
INSERT INTO DayOfOperation (VehicleJourneyRef, StartDate, EndDate) VALUES ('98264', 1512172800, 1512259199);
INSERT INTO DayOfOperation (VehicleJourneyRef, StartDate, EndDate) VALUES ('98264', 1512777600, 1512863999);
INSERT INTO DayOfOperation (VehicleJourneyRef, StartDate, EndDate) VALUES ('98264', 1513382400, 1513468799);
INSERT INTO DayOfOperation (VehicleJourneyRef, StartDate, EndDate) VALUES ('98264', 1513987200, 1514073599);
INSERT INTO DayOfOperation (VehicleJourneyRef, StartDate, EndDate) VALUES ('98264', 1514592000, 1514678399);
INSERT INTO DayOfOperation (VehicleJourneyRef, StartDate, EndDate) VALUES ('98264', 1515196800, 1515283199);
INSERT INTO DayOfOperation (VehicleJourneyRef, StartDate, EndDate) VALUES ('98264', 1515801600, 1515887999);
INSERT INTO DayOfOperation (VehicleJourneyRef, StartDate, EndDate) VALUES ('98264', 1516406400, 1516492799);
INSERT INTO DayOfOperation (VehicleJourneyRef, StartDate, EndDate) VALUES ('98264', 1517011200, 1517097599);
INSERT INTO DayOfOperation (VehicleJourneyRef, StartDate, EndDate) VALUES ('98264', 1517616000, 1517702399);
INSERT INTO DayOfOperation (VehicleJourneyRef, StartDate, EndDate) VALUES ('98264', 1518220800, 1518307199);
INSERT INTO DayOfOperation (VehicleJourneyRef, StartDate, EndDate) VALUES ('98264', 1518825600, 1518911999);
INSERT INTO DayOfOperation (VehicleJourneyRef, StartDate, EndDate) VALUES ('98264', 1519430400, 1519516799);
INSERT INTO DayOfOperation (VehicleJourneyRef, StartDate, EndDate) VALUES ('98264', 1520035200, 1520121599);
INSERT INTO DayOfOperation (VehicleJourneyRef, StartDate, EndDate) VALUES ('98264', 1520640000, 1520726399);
INSERT INTO DayOfOperation (VehicleJourneyRef, StartDate, EndDate) VALUES ('98264', 1521244800, 1521331199);
INSERT INTO DayOfOperation (VehicleJourneyRef, StartDate, EndDate) VALUES ('98264', 1521849600, 1521935999);
INSERT INTO DayOfOperation (VehicleJourneyRef, StartDate, EndDate) VALUES ('98264', 1522454400, 1522540799);
INSERT INTO DayOfOperation (VehicleJourneyRef, StartDate, EndDate) VALUES ('98264', 1523059200, 1523145599);
INSERT INTO DayOfOperation (VehicleJourneyRef, StartDate, EndDate) VALUES ('98264', 1523664000, 1523750399);
INSERT INTO DayOfOperation (VehicleJourneyRef, StartDate, EndDate) VALUES ('98264', 1524268800, 1524355199);
INSERT INTO DayOfOperation (VehicleJourneyRef, StartDate, EndDate) VALUES ('98264', 1524873600, 1524959999);
INSERT INTO DayOfOperation (VehicleJourneyRef, StartDate, EndDate) VALUES ('98264', 1525478400, 1525564799);
INSERT INTO DayOfOperation (VehicleJourneyRef, StartDate, EndDate) VALUES ('98264', 1526083200, 1526169599);
INSERT INTO DayOfOperation (VehicleJourneyRef, StartDate, EndDate) VALUES ('98264', 1526688000, 1526774399);
INSERT INTO DayOfOperation (VehicleJourneyRef, StartDate, EndDate) VALUES ('98264', 1527292800, 1527379199);
INSERT INTO DayOfOperation (VehicleJourneyRef, StartDate, EndDate) VALUES ('98264', 1527897600, 1527983999);
INSERT INTO DayOfOperation (VehicleJourneyRef, StartDate, EndDate) VALUES ('98264', 1528502400, 1528588799);
INSERT INTO DayOfNonOperation (VehicleJourneyRef, StartDate, EndDate) VALUES ('98264', 1490918400, 1508716799);
INSERT INTO VehicleJourney (VehicleJourneyCode, ServiceRef, LineRef, JourneyPatternRef, OperatorRef, Monday, Tuesday, Wednesday, Thursday, Friday, Saturday, Sunday, DepatureHour, DepatureMinute, DepatureSecond, Note, NoteCode) VALUES ('98265', 'FSACM25', '0', 'JPS_FSACM25-3', 'CAL', 0, 0, 0, 0, 0, 1, 0, 18, 20, 0, 'Departure time shown is actually check in time', 'DCI');
INSERT INTO DayOfOperation (VehicleJourneyRef, StartDate, EndDate) VALUES ('98265', 1509148800, 1509235199);
INSERT INTO DayOfOperation (VehicleJourneyRef, StartDate, EndDate) VALUES ('98265', 1509753600, 1509839999);
INSERT INTO DayOfOperation (VehicleJourneyRef, StartDate, EndDate) VALUES ('98265', 1510358400, 1510444799);
INSERT INTO DayOfOperation (VehicleJourneyRef, StartDate, EndDate) VALUES ('98265', 1510963200, 1511049599);
INSERT INTO DayOfOperation (VehicleJourneyRef, StartDate, EndDate) VALUES ('98265', 1511568000, 1511654399);
INSERT INTO DayOfOperation (VehicleJourneyRef, StartDate, EndDate) VALUES ('98265', 1512172800, 1512259199);
INSERT INTO DayOfOperation (VehicleJourneyRef, StartDate, EndDate) VALUES ('98265', 1512777600, 1512863999);
INSERT INTO DayOfOperation (VehicleJourneyRef, StartDate, EndDate) VALUES ('98265', 1513382400, 1513468799);
INSERT INTO DayOfOperation (VehicleJourneyRef, StartDate, EndDate) VALUES ('98265', 1513987200, 1514073599);
INSERT INTO DayOfOperation (VehicleJourneyRef, StartDate, EndDate) VALUES ('98265', 1514592000, 1514678399);
INSERT INTO DayOfOperation (VehicleJourneyRef, StartDate, EndDate) VALUES ('98265', 1515196800, 1515283199);
INSERT INTO DayOfOperation (VehicleJourneyRef, StartDate, EndDate) VALUES ('98265', 1515801600, 1515887999);
INSERT INTO DayOfOperation (VehicleJourneyRef, StartDate, EndDate) VALUES ('98265', 1516406400, 1516492799);
INSERT INTO DayOfOperation (VehicleJourneyRef, StartDate, EndDate) VALUES ('98265', 1517011200, 1517097599);
INSERT INTO DayOfOperation (VehicleJourneyRef, StartDate, EndDate) VALUES ('98265', 1517616000, 1517702399);
INSERT INTO DayOfOperation (VehicleJourneyRef, StartDate, EndDate) VALUES ('98265', 1518220800, 1518307199);
INSERT INTO DayOfOperation (VehicleJourneyRef, StartDate, EndDate) VALUES ('98265', 1518825600, 1518911999);
INSERT INTO DayOfOperation (VehicleJourneyRef, StartDate, EndDate) VALUES ('98265', 1519430400, 1519516799);
INSERT INTO DayOfOperation (VehicleJourneyRef, StartDate, EndDate) VALUES ('98265', 1520035200, 1520121599);
INSERT INTO DayOfOperation (VehicleJourneyRef, StartDate, EndDate) VALUES ('98265', 1520640000, 1520726399);
INSERT INTO DayOfOperation (VehicleJourneyRef, StartDate, EndDate) VALUES ('98265', 1521244800, 1521331199);
INSERT INTO DayOfOperation (VehicleJourneyRef, StartDate, EndDate) VALUES ('98265', 1521849600, 1521935999);
INSERT INTO DayOfOperation (VehicleJourneyRef, StartDate, EndDate) VALUES ('98265', 1522454400, 1522540799);
INSERT INTO DayOfOperation (VehicleJourneyRef, StartDate, EndDate) VALUES ('98265', 1523059200, 1523145599);
INSERT INTO DayOfOperation (VehicleJourneyRef, StartDate, EndDate) VALUES ('98265', 1523664000, 1523750399);
INSERT INTO DayOfOperation (VehicleJourneyRef, StartDate, EndDate) VALUES ('98265', 1524268800, 1524355199);
INSERT INTO DayOfOperation (VehicleJourneyRef, StartDate, EndDate) VALUES ('98265', 1524873600, 1524959999);
INSERT INTO DayOfOperation (VehicleJourneyRef, StartDate, EndDate) VALUES ('98265', 1525478400, 1525564799);
INSERT INTO DayOfOperation (VehicleJourneyRef, StartDate, EndDate) VALUES ('98265', 1526083200, 1526169599);
INSERT INTO DayOfOperation (VehicleJourneyRef, StartDate, EndDate) VALUES ('98265', 1526688000, 1526774399);
INSERT INTO DayOfOperation (VehicleJourneyRef, StartDate, EndDate) VALUES ('98265', 1527292800, 1527379199);
INSERT INTO DayOfOperation (VehicleJourneyRef, StartDate, EndDate) VALUES ('98265', 1527897600, 1527983999);
INSERT INTO DayOfOperation (VehicleJourneyRef, StartDate, EndDate) VALUES ('98265', 1528502400, 1528588799);
INSERT INTO DayOfNonOperation (VehicleJourneyRef, StartDate, EndDate) VALUES ('98265', 1490918400, 1508716799);
INSERT INTO VehicleJourney (VehicleJourneyCode, ServiceRef, LineRef, JourneyPatternRef, OperatorRef, Monday, Tuesday, Wednesday, Thursday, Friday, Saturday, Sunday, DepatureHour, DepatureMinute, DepatureSecond, Note, NoteCode) VALUES ('98268', 'FSACM25', '0', 'JPS_FSACM25-3', 'CAL', 0, 0, 0, 0, 0, 0, 1, 18, 20, 0, 'Departure time shown is actually check in time', 'DCI');
INSERT INTO DayOfOperation (VehicleJourneyRef, StartDate, EndDate) VALUES ('98268', 1509235200, 1509321599);
INSERT INTO DayOfOperation (VehicleJourneyRef, StartDate, EndDate) VALUES ('98268', 1509840000, 1509926399);
INSERT INTO DayOfOperation (VehicleJourneyRef, StartDate, EndDate) VALUES ('98268', 1510444800, 1510531199);
INSERT INTO DayOfOperation (VehicleJourneyRef, StartDate, EndDate) VALUES ('98268', 1511049600, 1511135999);
INSERT INTO DayOfOperation (VehicleJourneyRef, StartDate, EndDate) VALUES ('98268', 1511654400, 1511740799);
INSERT INTO DayOfOperation (VehicleJourneyRef, StartDate, EndDate) VALUES ('98268', 1512259200, 1512345599);
INSERT INTO DayOfOperation (VehicleJourneyRef, StartDate, EndDate) VALUES ('98268', 1512864000, 1512950399);
INSERT INTO DayOfOperation (VehicleJourneyRef, StartDate, EndDate) VALUES ('98268', 1513468800, 1513555199);
INSERT INTO DayOfOperation (VehicleJourneyRef, StartDate, EndDate) VALUES ('98268', 1514073600, 1514159999);
INSERT INTO DayOfOperation (VehicleJourneyRef, StartDate, EndDate) VALUES ('98268', 1514678400, 1514764799);
INSERT INTO DayOfOperation (VehicleJourneyRef, StartDate, EndDate) VALUES ('98268', 1515283200, 1515369599);
INSERT INTO DayOfOperation (VehicleJourneyRef, StartDate, EndDate) VALUES ('98268', 1515888000, 1515974399);
INSERT INTO DayOfOperation (VehicleJourneyRef, StartDate, EndDate) VALUES ('98268', 1516492800, 1516579199);
INSERT INTO DayOfOperation (VehicleJourneyRef, StartDate, EndDate) VALUES ('98268', 1517097600, 1517183999);
INSERT INTO DayOfOperation (VehicleJourneyRef, StartDate, EndDate) VALUES ('98268', 1517702400, 1517788799);
INSERT INTO DayOfOperation (VehicleJourneyRef, StartDate, EndDate) VALUES ('98268', 1518307200, 1518393599);
INSERT INTO DayOfOperation (VehicleJourneyRef, StartDate, EndDate) VALUES ('98268', 1518912000, 1518998399);
INSERT INTO DayOfOperation (VehicleJourneyRef, StartDate, EndDate) VALUES ('98268', 1519516800, 1519603199);
INSERT INTO DayOfOperation (VehicleJourneyRef, StartDate, EndDate) VALUES ('98268', 1520121600, 1520207999);
INSERT INTO DayOfOperation (VehicleJourneyRef, StartDate, EndDate) VALUES ('98268', 1520726400, 1520812799);
INSERT INTO DayOfOperation (VehicleJourneyRef, StartDate, EndDate) VALUES ('98268', 1521331200, 1521417599);
INSERT INTO DayOfOperation (VehicleJourneyRef, StartDate, EndDate) VALUES ('98268', 1521936000, 1522022399);
INSERT INTO DayOfOperation (VehicleJourneyRef, StartDate, EndDate) VALUES ('98268', 1522540800, 1522627199);
INSERT INTO DayOfOperation (VehicleJourneyRef, StartDate, EndDate) VALUES ('98268', 1523145600, 1523231999);
INSERT INTO DayOfOperation (VehicleJourneyRef, StartDate, EndDate) VALUES ('98268', 1523750400, 1523836799);
INSERT INTO DayOfOperation (VehicleJourneyRef, StartDate, EndDate) VALUES ('98268', 1524355200, 1524441599);
INSERT INTO DayOfOperation (VehicleJourneyRef, StartDate, EndDate) VALUES ('98268', 1524960000, 1525046399);
INSERT INTO DayOfOperation (VehicleJourneyRef, StartDate, EndDate) VALUES ('98268', 1525564800, 1525651199);
INSERT INTO DayOfOperation (VehicleJourneyRef, StartDate, EndDate) VALUES ('98268', 1526169600, 1526255999);
INSERT INTO DayOfOperation (VehicleJourneyRef, StartDate, EndDate) VALUES ('98268', 1526774400, 1526860799);
INSERT INTO DayOfOperation (VehicleJourneyRef, StartDate, EndDate) VALUES ('98268', 1527379200, 1527465599);
INSERT INTO DayOfOperation (VehicleJourneyRef, StartDate, EndDate) VALUES ('98268', 1527984000, 1528070399);
INSERT INTO DayOfOperation (VehicleJourneyRef, StartDate, EndDate) VALUES ('98268', 1528588800, 1528675199);
INSERT INTO DayOfNonOperation (VehicleJourneyRef, StartDate, EndDate) VALUES ('98268', 1490918400, 1508716799);
INSERT INTO VehicleJourney (VehicleJourneyCode, ServiceRef, LineRef, JourneyPatternRef, OperatorRef, Monday, Tuesday, Wednesday, Thursday, Friday, Saturday, Sunday, DepatureHour, DepatureMinute, DepatureSecond, Note, NoteCode) VALUES ('98271', 'FSACM25', '0', 'JPS_FSACM25-4', 'CAL', 1, 1, 1, 1, 1, 0, 0, 6, 50, 0, 'Departure time shown is actually check in time', 'DCI');
INSERT INTO DayOfNonOperation (VehicleJourneyRef, StartDate, EndDate) VALUES ('98271', 1490918400, 1508716799);
INSERT INTO DayOfNonOperation (VehicleJourneyRef, StartDate, EndDate) VALUES ('98271', 1514160000, 1514332799);
INSERT INTO DayOfNonOperation (VehicleJourneyRef, StartDate, EndDate) VALUES ('98271', 1514764800, 1514851199);
INSERT INTO VehicleJourney (VehicleJourneyCode, ServiceRef, LineRef, JourneyPatternRef, OperatorRef, Monday, Tuesday, Wednesday, Thursday, Friday, Saturday, Sunday, DepatureHour, DepatureMinute, DepatureSecond, Note, NoteCode) VALUES ('98272', 'FSACM25', '0', 'JPS_FSACM25-4', 'CAL', 1, 1, 1, 1, 1, 0, 0, 13, 50, 0, 'Departure time shown is actually check in time', 'DCI');
INSERT INTO DayOfNonOperation (VehicleJourneyRef, StartDate, EndDate) VALUES ('98272', 1490918400, 1508716799);
INSERT INTO DayOfNonOperation (VehicleJourneyRef, StartDate, EndDate) VALUES ('98272', 1514160000, 1514246399);
INSERT INTO DayOfNonOperation (VehicleJourneyRef, StartDate, EndDate) VALUES ('98272', 1514764800, 1514851199);
INSERT INTO VehicleJourney (VehicleJourneyCode, ServiceRef, LineRef, JourneyPatternRef, OperatorRef, Monday, Tuesday, Wednesday, Thursday, Friday, Saturday, Sunday, DepatureHour, DepatureMinute, DepatureSecond, Note, NoteCode) VALUES ('98276', 'FSACM25', '0', 'JPS_FSACM25-4', 'CAL', 0, 0, 0, 0, 0, 1, 0, 6, 50, 0, 'Departure time shown is actually check in time', 'DCI');
INSERT INTO DayOfOperation (VehicleJourneyRef, StartDate, EndDate) VALUES ('98276', 1509148800, 1509235199);
INSERT INTO DayOfOperation (VehicleJourneyRef, StartDate, EndDate) VALUES ('98276', 1509753600, 1509839999);
INSERT INTO DayOfOperation (VehicleJourneyRef, StartDate, EndDate) VALUES ('98276', 1510358400, 1510444799);
INSERT INTO DayOfOperation (VehicleJourneyRef, StartDate, EndDate) VALUES ('98276', 1510963200, 1511049599);
INSERT INTO DayOfOperation (VehicleJourneyRef, StartDate, EndDate) VALUES ('98276', 1511568000, 1511654399);
INSERT INTO DayOfOperation (VehicleJourneyRef, StartDate, EndDate) VALUES ('98276', 1512172800, 1512259199);
INSERT INTO DayOfOperation (VehicleJourneyRef, StartDate, EndDate) VALUES ('98276', 1512777600, 1512863999);
INSERT INTO DayOfOperation (VehicleJourneyRef, StartDate, EndDate) VALUES ('98276', 1513382400, 1513468799);
INSERT INTO DayOfOperation (VehicleJourneyRef, StartDate, EndDate) VALUES ('98276', 1513987200, 1514073599);
INSERT INTO DayOfOperation (VehicleJourneyRef, StartDate, EndDate) VALUES ('98276', 1514592000, 1514678399);
INSERT INTO DayOfOperation (VehicleJourneyRef, StartDate, EndDate) VALUES ('98276', 1515196800, 1515283199);
INSERT INTO DayOfOperation (VehicleJourneyRef, StartDate, EndDate) VALUES ('98276', 1515801600, 1515887999);
INSERT INTO DayOfOperation (VehicleJourneyRef, StartDate, EndDate) VALUES ('98276', 1516406400, 1516492799);
INSERT INTO DayOfOperation (VehicleJourneyRef, StartDate, EndDate) VALUES ('98276', 1517011200, 1517097599);
INSERT INTO DayOfOperation (VehicleJourneyRef, StartDate, EndDate) VALUES ('98276', 1517616000, 1517702399);
INSERT INTO DayOfOperation (VehicleJourneyRef, StartDate, EndDate) VALUES ('98276', 1518220800, 1518307199);
INSERT INTO DayOfOperation (VehicleJourneyRef, StartDate, EndDate) VALUES ('98276', 1518825600, 1518911999);
INSERT INTO DayOfOperation (VehicleJourneyRef, StartDate, EndDate) VALUES ('98276', 1519430400, 1519516799);
INSERT INTO DayOfOperation (VehicleJourneyRef, StartDate, EndDate) VALUES ('98276', 1520035200, 1520121599);
INSERT INTO DayOfOperation (VehicleJourneyRef, StartDate, EndDate) VALUES ('98276', 1520640000, 1520726399);
INSERT INTO DayOfOperation (VehicleJourneyRef, StartDate, EndDate) VALUES ('98276', 1521244800, 1521331199);
INSERT INTO DayOfOperation (VehicleJourneyRef, StartDate, EndDate) VALUES ('98276', 1521849600, 1521935999);
INSERT INTO DayOfOperation (VehicleJourneyRef, StartDate, EndDate) VALUES ('98276', 1522454400, 1522540799);
INSERT INTO DayOfOperation (VehicleJourneyRef, StartDate, EndDate) VALUES ('98276', 1523059200, 1523145599);
INSERT INTO DayOfOperation (VehicleJourneyRef, StartDate, EndDate) VALUES ('98276', 1523664000, 1523750399);
INSERT INTO DayOfOperation (VehicleJourneyRef, StartDate, EndDate) VALUES ('98276', 1524268800, 1524355199);
INSERT INTO DayOfOperation (VehicleJourneyRef, StartDate, EndDate) VALUES ('98276', 1524873600, 1524959999);
INSERT INTO DayOfOperation (VehicleJourneyRef, StartDate, EndDate) VALUES ('98276', 1525478400, 1525564799);
INSERT INTO DayOfOperation (VehicleJourneyRef, StartDate, EndDate) VALUES ('98276', 1526083200, 1526169599);
INSERT INTO DayOfOperation (VehicleJourneyRef, StartDate, EndDate) VALUES ('98276', 1526688000, 1526774399);
INSERT INTO DayOfOperation (VehicleJourneyRef, StartDate, EndDate) VALUES ('98276', 1527292800, 1527379199);
INSERT INTO DayOfOperation (VehicleJourneyRef, StartDate, EndDate) VALUES ('98276', 1527897600, 1527983999);
INSERT INTO DayOfOperation (VehicleJourneyRef, StartDate, EndDate) VALUES ('98276', 1528502400, 1528588799);
INSERT INTO DayOfNonOperation (VehicleJourneyRef, StartDate, EndDate) VALUES ('98276', 1490918400, 1508716799);
INSERT INTO VehicleJourney (VehicleJourneyCode, ServiceRef, LineRef, JourneyPatternRef, OperatorRef, Monday, Tuesday, Wednesday, Thursday, Friday, Saturday, Sunday, DepatureHour, DepatureMinute, DepatureSecond, Note, NoteCode) VALUES ('98277', 'FSACM25', '0', 'JPS_FSACM25-4', 'CAL', 0, 0, 0, 0, 0, 1, 0, 14, 20, 0, 'Departure time shown is actually check in time', 'DCI');
INSERT INTO DayOfOperation (VehicleJourneyRef, StartDate, EndDate) VALUES ('98277', 1509148800, 1509235199);
INSERT INTO DayOfOperation (VehicleJourneyRef, StartDate, EndDate) VALUES ('98277', 1509753600, 1509839999);
INSERT INTO DayOfOperation (VehicleJourneyRef, StartDate, EndDate) VALUES ('98277', 1510358400, 1510444799);
INSERT INTO DayOfOperation (VehicleJourneyRef, StartDate, EndDate) VALUES ('98277', 1510963200, 1511049599);
INSERT INTO DayOfOperation (VehicleJourneyRef, StartDate, EndDate) VALUES ('98277', 1511568000, 1511654399);
INSERT INTO DayOfOperation (VehicleJourneyRef, StartDate, EndDate) VALUES ('98277', 1512172800, 1512259199);
INSERT INTO DayOfOperation (VehicleJourneyRef, StartDate, EndDate) VALUES ('98277', 1512777600, 1512863999);
INSERT INTO DayOfOperation (VehicleJourneyRef, StartDate, EndDate) VALUES ('98277', 1513382400, 1513468799);
INSERT INTO DayOfOperation (VehicleJourneyRef, StartDate, EndDate) VALUES ('98277', 1513987200, 1514073599);
INSERT INTO DayOfOperation (VehicleJourneyRef, StartDate, EndDate) VALUES ('98277', 1514592000, 1514678399);
INSERT INTO DayOfOperation (VehicleJourneyRef, StartDate, EndDate) VALUES ('98277', 1515196800, 1515283199);
INSERT INTO DayOfOperation (VehicleJourneyRef, StartDate, EndDate) VALUES ('98277', 1515801600, 1515887999);
INSERT INTO DayOfOperation (VehicleJourneyRef, StartDate, EndDate) VALUES ('98277', 1516406400, 1516492799);
INSERT INTO DayOfOperation (VehicleJourneyRef, StartDate, EndDate) VALUES ('98277', 1517011200, 1517097599);
INSERT INTO DayOfOperation (VehicleJourneyRef, StartDate, EndDate) VALUES ('98277', 1517616000, 1517702399);
INSERT INTO DayOfOperation (VehicleJourneyRef, StartDate, EndDate) VALUES ('98277', 1518220800, 1518307199);
INSERT INTO DayOfOperation (VehicleJourneyRef, StartDate, EndDate) VALUES ('98277', 1518825600, 1518911999);
INSERT INTO DayOfOperation (VehicleJourneyRef, StartDate, EndDate) VALUES ('98277', 1519430400, 1519516799);
INSERT INTO DayOfOperation (VehicleJourneyRef, StartDate, EndDate) VALUES ('98277', 1520035200, 1520121599);
INSERT INTO DayOfOperation (VehicleJourneyRef, StartDate, EndDate) VALUES ('98277', 1520640000, 1520726399);
INSERT INTO DayOfOperation (VehicleJourneyRef, StartDate, EndDate) VALUES ('98277', 1521244800, 1521331199);
INSERT INTO DayOfOperation (VehicleJourneyRef, StartDate, EndDate) VALUES ('98277', 1521849600, 1521935999);
INSERT INTO DayOfOperation (VehicleJourneyRef, StartDate, EndDate) VALUES ('98277', 1522454400, 1522540799);
INSERT INTO DayOfOperation (VehicleJourneyRef, StartDate, EndDate) VALUES ('98277', 1523059200, 1523145599);
INSERT INTO DayOfOperation (VehicleJourneyRef, StartDate, EndDate) VALUES ('98277', 1523664000, 1523750399);
INSERT INTO DayOfOperation (VehicleJourneyRef, StartDate, EndDate) VALUES ('98277', 1524268800, 1524355199);
INSERT INTO DayOfOperation (VehicleJourneyRef, StartDate, EndDate) VALUES ('98277', 1524873600, 1524959999);
INSERT INTO DayOfOperation (VehicleJourneyRef, StartDate, EndDate) VALUES ('98277', 1525478400, 1525564799);
INSERT INTO DayOfOperation (VehicleJourneyRef, StartDate, EndDate) VALUES ('98277', 1526083200, 1526169599);
INSERT INTO DayOfOperation (VehicleJourneyRef, StartDate, EndDate) VALUES ('98277', 1526688000, 1526774399);
INSERT INTO DayOfOperation (VehicleJourneyRef, StartDate, EndDate) VALUES ('98277', 1527292800, 1527379199);
INSERT INTO DayOfOperation (VehicleJourneyRef, StartDate, EndDate) VALUES ('98277', 1527897600, 1527983999);
INSERT INTO DayOfOperation (VehicleJourneyRef, StartDate, EndDate) VALUES ('98277', 1528502400, 1528588799);
INSERT INTO DayOfNonOperation (VehicleJourneyRef, StartDate, EndDate) VALUES ('98277', 1490918400, 1508716799);
INSERT INTO VehicleJourney (VehicleJourneyCode, ServiceRef, LineRef, JourneyPatternRef, OperatorRef, Monday, Tuesday, Wednesday, Thursday, Friday, Saturday, Sunday, DepatureHour, DepatureMinute, DepatureSecond, Note, NoteCode) VALUES ('98280', 'FSACM25', '0', 'JPS_FSACM25-4', 'CAL', 0, 0, 0, 0, 0, 0, 1, 14, 20, 0, 'Departure time shown is actually check in time', 'DCI');
INSERT INTO DayOfOperation (VehicleJourneyRef, StartDate, EndDate) VALUES ('98280', 1509235200, 1509321599);
INSERT INTO DayOfOperation (VehicleJourneyRef, StartDate, EndDate) VALUES ('98280', 1509840000, 1509926399);
INSERT INTO DayOfOperation (VehicleJourneyRef, StartDate, EndDate) VALUES ('98280', 1510444800, 1510531199);
INSERT INTO DayOfOperation (VehicleJourneyRef, StartDate, EndDate) VALUES ('98280', 1511049600, 1511135999);
INSERT INTO DayOfOperation (VehicleJourneyRef, StartDate, EndDate) VALUES ('98280', 1511654400, 1511740799);
INSERT INTO DayOfOperation (VehicleJourneyRef, StartDate, EndDate) VALUES ('98280', 1512259200, 1512345599);
INSERT INTO DayOfOperation (VehicleJourneyRef, StartDate, EndDate) VALUES ('98280', 1512864000, 1512950399);
INSERT INTO DayOfOperation (VehicleJourneyRef, StartDate, EndDate) VALUES ('98280', 1513468800, 1513555199);
INSERT INTO DayOfOperation (VehicleJourneyRef, StartDate, EndDate) VALUES ('98280', 1514073600, 1514159999);
INSERT INTO DayOfOperation (VehicleJourneyRef, StartDate, EndDate) VALUES ('98280', 1514678400, 1514764799);
INSERT INTO DayOfOperation (VehicleJourneyRef, StartDate, EndDate) VALUES ('98280', 1515283200, 1515369599);
INSERT INTO DayOfOperation (VehicleJourneyRef, StartDate, EndDate) VALUES ('98280', 1515888000, 1515974399);
INSERT INTO DayOfOperation (VehicleJourneyRef, StartDate, EndDate) VALUES ('98280', 1516492800, 1516579199);
INSERT INTO DayOfOperation (VehicleJourneyRef, StartDate, EndDate) VALUES ('98280', 1517097600, 1517183999);
INSERT INTO DayOfOperation (VehicleJourneyRef, StartDate, EndDate) VALUES ('98280', 1517702400, 1517788799);
INSERT INTO DayOfOperation (VehicleJourneyRef, StartDate, EndDate) VALUES ('98280', 1518307200, 1518393599);
INSERT INTO DayOfOperation (VehicleJourneyRef, StartDate, EndDate) VALUES ('98280', 1518912000, 1518998399);
INSERT INTO DayOfOperation (VehicleJourneyRef, StartDate, EndDate) VALUES ('98280', 1519516800, 1519603199);
INSERT INTO DayOfOperation (VehicleJourneyRef, StartDate, EndDate) VALUES ('98280', 1520121600, 1520207999);
INSERT INTO DayOfOperation (VehicleJourneyRef, StartDate, EndDate) VALUES ('98280', 1520726400, 1520812799);
INSERT INTO DayOfOperation (VehicleJourneyRef, StartDate, EndDate) VALUES ('98280', 1521331200, 1521417599);
INSERT INTO DayOfOperation (VehicleJourneyRef, StartDate, EndDate) VALUES ('98280', 1521936000, 1522022399);
INSERT INTO DayOfOperation (VehicleJourneyRef, StartDate, EndDate) VALUES ('98280', 1522540800, 1522627199);
INSERT INTO DayOfOperation (VehicleJourneyRef, StartDate, EndDate) VALUES ('98280', 1523145600, 1523231999);
INSERT INTO DayOfOperation (VehicleJourneyRef, StartDate, EndDate) VALUES ('98280', 1523750400, 1523836799);
INSERT INTO DayOfOperation (VehicleJourneyRef, StartDate, EndDate) VALUES ('98280', 1524355200, 1524441599);
INSERT INTO DayOfOperation (VehicleJourneyRef, StartDate, EndDate) VALUES ('98280', 1524960000, 1525046399);
INSERT INTO DayOfOperation (VehicleJourneyRef, StartDate, EndDate) VALUES ('98280', 1525564800, 1525651199);
INSERT INTO DayOfOperation (VehicleJourneyRef, StartDate, EndDate) VALUES ('98280', 1526169600, 1526255999);
INSERT INTO DayOfOperation (VehicleJourneyRef, StartDate, EndDate) VALUES ('98280', 1526774400, 1526860799);
INSERT INTO DayOfOperation (VehicleJourneyRef, StartDate, EndDate) VALUES ('98280', 1527379200, 1527465599);
INSERT INTO DayOfOperation (VehicleJourneyRef, StartDate, EndDate) VALUES ('98280', 1527984000, 1528070399);
INSERT INTO DayOfOperation (VehicleJourneyRef, StartDate, EndDate) VALUES ('98280', 1528588800, 1528675199);
INSERT INTO DayOfNonOperation (VehicleJourneyRef, StartDate, EndDate) VALUES ('98280', 1490918400, 1508716799);

UPDATE AnnotatedStopPointRef SET CommonName = REPLACE(CommonName, " Ferry Terminal", "");
UPDATE AnnotatedStopPointRef SET CommonName = "Brodick" WHERE StopPointRef = "9300BRB";

UPDATE Service SET CalMacServiceId = 5 WHERE ServiceCode = 'FSACM05';
UPDATE Service SET CalMacServiceId = 36 WHERE ServiceCode = 'FSACM05A';
UPDATE Service SET CalMacServiceId = 25 WHERE ServiceCode = 'FSACM25';
UPDATE Service SET CalMacServiceId = 23 WHERE ServiceCode = 'FSACM23';
UPDATE Service SET CalMacServiceId = 3 WHERE ServiceCode = 'FSACM03';
UPDATE Service SET CalMacServiceId = 18 WHERE ServiceCode = 'FSACM18';