INSERT INTO AnnotatedStopPointRef (StopPointRef, CommonName, Latitude, Longitude) VALUES ('9300BRB', 'Brodick Isle of Arran Ferry Terminal', 0, 0);
INSERT INTO AnnotatedStopPointRef (StopPointRef, CommonName, Latitude, Longitude) VALUES ('9300ARD', 'Ardrossan Ferry Terminal', 0, 0);
INSERT INTO Route (RouteId, RouteDescription, RouteSectionRef) VALUES ('FSACM05_001', 'Brodick - Ardrossan
', 'FSACM05_001');
INSERT INTO Route (RouteId, RouteDescription, RouteSectionRef) VALUES ('FSACM05_002', 'Ardrossan - Brodick
', 'FSACM05_002');
INSERT INTO RouteSection (RouteSectionId) VALUES ('FSACM05_001');
INSERT INTO RouteLink (RouteLinkId, RouteSectionId, FromStopPointRef, ToStopPointRef, `Order`, RouteDirection) VALUES ('FSACM05_001_278882', 'FSACM05_001', '9300BRB', '9300ARD', 0, 'inbound');
INSERT INTO RouteSection (RouteSectionId) VALUES ('FSACM05_002');
INSERT INTO RouteLink (RouteLinkId, RouteSectionId, FromStopPointRef, ToStopPointRef, `Order`, RouteDirection) VALUES ('FSACM05_002_278884', 'FSACM05_002', '9300ARD', '9300BRB', 0, 'outbound');
INSERT INTO JourneyPatternSection (JourneyPatternSectionId) VALUES ('JPS_FSACM05-3');
INSERT INTO JourneyPatternTimingLink (JourneyPatternTimingLinkId, JourneyPatternSectionId, JourneyPatternFromStopPointRef, JourneyPatternFromTimingStatus, JourneyPatternToStopPointsRef, JourneyPatternToTimingStatus, RouteLinkRef, JourneyDirection, RunTime, WaitTime) VALUES ('JPS_FSACM05-3_278882', 'JPS_FSACM05-3', '9300BRB', 'PTP', '9300ARD', 'PTP', 'FSACM05_001_278882', 'inbound', 'PT3300S', '');
INSERT INTO JourneyPatternSection (JourneyPatternSectionId) VALUES ('JPS_FSACM05-4');
INSERT INTO JourneyPatternTimingLink (JourneyPatternTimingLinkId, JourneyPatternSectionId, JourneyPatternFromStopPointRef, JourneyPatternFromTimingStatus, JourneyPatternToStopPointsRef, JourneyPatternToTimingStatus, RouteLinkRef, JourneyDirection, RunTime, WaitTime) VALUES ('JPS_FSACM05-4_278884', 'JPS_FSACM05-4', '9300ARD', 'PTP', '9300BRB', 'PTP', 'FSACM05_002_278884', 'outbound', 'PT3300S', '');
INSERT INTO Operator (OperatorId, NationalOperatorCode, OperatorCode, OperatorShortName) VALUES ('CAL', 'CALM', 'CAL', 'Caledonian MacBrayne');
INSERT INTO Service (ServiceCode, RegisteredOperatorRef, Mode, Description, Origin, Destination, StartDate, EndDate) VALUES ('FSACM05', 'CAL', 'ferry', 'Ardrossan - Brodick', 'Ardrossan', 'Brodick', 1522368000, 2524607999);
INSERT INTO Line (LineId, ServiceRef, LineName) VALUES ('0', 'FSACM05', 'CM5');
INSERT INTO JourneyPattern (JourneyPatternId, ServiceRef, JourneyPatternSectionRef, JourneyPatternDirection) VALUES ('JPS_FSACM05-3', 'FSACM05', 'JPS_FSACM05-3', 'inbound');
INSERT INTO JourneyPattern (JourneyPatternId, ServiceRef, JourneyPatternSectionRef, JourneyPatternDirection) VALUES ('JPS_FSACM05-4', 'FSACM05', 'JPS_FSACM05-4', 'outbound');
INSERT INTO VehicleJourney (VehicleJourneyCode, ServiceRef, LineRef, JourneyPatternRef, OperatorRef, Monday, Tuesday, Wednesday, Thursday, Friday, Saturday, Sunday, DepatureHour, DepatureMinute, DepatureSecond, Note, NoteCode) VALUES ('95115', 'FSACM05', '0', 'JPS_FSACM05-3', 'CAL', 0, 0, 0, 0, 1, 0, 0, 21, 40, 0, 'Passengers should check-in 10 mins before ferry departure time shown', 'FER');
INSERT INTO VehicleJourney (VehicleJourneyCode, ServiceRef, LineRef, JourneyPatternRef, OperatorRef, Monday, Tuesday, Wednesday, Thursday, Friday, Saturday, Sunday, DepatureHour, DepatureMinute, DepatureSecond, Note, NoteCode) VALUES ('95116', 'FSACM05', '0', 'JPS_FSACM05-3', 'CAL', 1, 1, 1, 1, 1, 0, 0, 8, 20, 0, 'Passengers should check-in 10 mins before ferry departure time shown', 'FER');
INSERT INTO VehicleJourney (VehicleJourneyCode, ServiceRef, LineRef, JourneyPatternRef, OperatorRef, Monday, Tuesday, Wednesday, Thursday, Friday, Saturday, Sunday, DepatureHour, DepatureMinute, DepatureSecond, Note, NoteCode) VALUES ('95117', 'FSACM05', '0', 'JPS_FSACM05-3', 'CAL', 1, 1, 1, 1, 1, 0, 0, 11, 5, 0, 'Passengers should check-in 10 mins before ferry departure time shown', 'FER');
INSERT INTO VehicleJourney (VehicleJourneyCode, ServiceRef, LineRef, JourneyPatternRef, OperatorRef, Monday, Tuesday, Wednesday, Thursday, Friday, Saturday, Sunday, DepatureHour, DepatureMinute, DepatureSecond, Note, NoteCode) VALUES ('95118', 'FSACM05', '0', 'JPS_FSACM05-3', 'CAL', 1, 1, 1, 1, 1, 0, 0, 13, 55, 0, 'Passengers should check-in 10 mins before ferry departure time shown', 'FER');
INSERT INTO VehicleJourney (VehicleJourneyCode, ServiceRef, LineRef, JourneyPatternRef, OperatorRef, Monday, Tuesday, Wednesday, Thursday, Friday, Saturday, Sunday, DepatureHour, DepatureMinute, DepatureSecond, Note, NoteCode) VALUES ('95119', 'FSACM05', '0', 'JPS_FSACM05-3', 'CAL', 1, 1, 1, 1, 1, 0, 0, 16, 40, 0, 'Passengers should check-in 10 mins before ferry departure time shown', 'FER');
INSERT INTO VehicleJourney (VehicleJourneyCode, ServiceRef, LineRef, JourneyPatternRef, OperatorRef, Monday, Tuesday, Wednesday, Thursday, Friday, Saturday, Sunday, DepatureHour, DepatureMinute, DepatureSecond, Note, NoteCode) VALUES ('95120', 'FSACM05', '0', 'JPS_FSACM05-3', 'CAL', 1, 1, 1, 1, 1, 0, 0, 19, 20, 0, 'Passengers should check-in 10 mins before ferry departure time shown', 'FER');
INSERT INTO VehicleJourney (VehicleJourneyCode, ServiceRef, LineRef, JourneyPatternRef, OperatorRef, Monday, Tuesday, Wednesday, Thursday, Friday, Saturday, Sunday, DepatureHour, DepatureMinute, DepatureSecond, Note, NoteCode) VALUES ('95126', 'FSACM05', '0', 'JPS_FSACM05-3', 'CAL', 0, 0, 0, 0, 0, 1, 0, 8, 20, 0, 'Passengers should check-in 10 mins before ferry departure time shown', 'FER');
INSERT INTO VehicleJourney (VehicleJourneyCode, ServiceRef, LineRef, JourneyPatternRef, OperatorRef, Monday, Tuesday, Wednesday, Thursday, Friday, Saturday, Sunday, DepatureHour, DepatureMinute, DepatureSecond, Note, NoteCode) VALUES ('95127', 'FSACM05', '0', 'JPS_FSACM05-3', 'CAL', 0, 0, 0, 0, 0, 1, 0, 11, 5, 0, 'Passengers should check-in 10 mins before ferry departure time shown', 'FER');
INSERT INTO VehicleJourney (VehicleJourneyCode, ServiceRef, LineRef, JourneyPatternRef, OperatorRef, Monday, Tuesday, Wednesday, Thursday, Friday, Saturday, Sunday, DepatureHour, DepatureMinute, DepatureSecond, Note, NoteCode) VALUES ('95128', 'FSACM05', '0', 'JPS_FSACM05-3', 'CAL', 0, 0, 0, 0, 0, 1, 0, 13, 55, 0, 'Passengers should check-in 10 mins before ferry departure time shown', 'FER');
INSERT INTO VehicleJourney (VehicleJourneyCode, ServiceRef, LineRef, JourneyPatternRef, OperatorRef, Monday, Tuesday, Wednesday, Thursday, Friday, Saturday, Sunday, DepatureHour, DepatureMinute, DepatureSecond, Note, NoteCode) VALUES ('95129', 'FSACM05', '0', 'JPS_FSACM05-3', 'CAL', 0, 0, 0, 0, 0, 1, 0, 16, 40, 0, 'Passengers should check-in 10 mins before ferry departure time shown', 'FER');
INSERT INTO VehicleJourney (VehicleJourneyCode, ServiceRef, LineRef, JourneyPatternRef, OperatorRef, Monday, Tuesday, Wednesday, Thursday, Friday, Saturday, Sunday, DepatureHour, DepatureMinute, DepatureSecond, Note, NoteCode) VALUES ('95130', 'FSACM05', '0', 'JPS_FSACM05-3', 'CAL', 0, 0, 0, 0, 0, 1, 0, 19, 20, 0, 'Passengers should check-in 10 mins before ferry departure time shown', 'FER');
INSERT INTO VehicleJourney (VehicleJourneyCode, ServiceRef, LineRef, JourneyPatternRef, OperatorRef, Monday, Tuesday, Wednesday, Thursday, Friday, Saturday, Sunday, DepatureHour, DepatureMinute, DepatureSecond, Note, NoteCode) VALUES ('95135', 'FSACM05', '0', 'JPS_FSACM05-3', 'CAL', 0, 0, 0, 0, 0, 0, 1, 11, 5, 0, 'Passengers should check-in 10 mins before ferry departure time shown', 'FER');
INSERT INTO VehicleJourney (VehicleJourneyCode, ServiceRef, LineRef, JourneyPatternRef, OperatorRef, Monday, Tuesday, Wednesday, Thursday, Friday, Saturday, Sunday, DepatureHour, DepatureMinute, DepatureSecond, Note, NoteCode) VALUES ('95136', 'FSACM05', '0', 'JPS_FSACM05-3', 'CAL', 0, 0, 0, 0, 0, 0, 1, 13, 55, 0, 'Passengers should check-in 10 mins before ferry departure time shown', 'FER');
INSERT INTO VehicleJourney (VehicleJourneyCode, ServiceRef, LineRef, JourneyPatternRef, OperatorRef, Monday, Tuesday, Wednesday, Thursday, Friday, Saturday, Sunday, DepatureHour, DepatureMinute, DepatureSecond, Note, NoteCode) VALUES ('95137', 'FSACM05', '0', 'JPS_FSACM05-3', 'CAL', 0, 0, 0, 0, 0, 0, 1, 16, 40, 0, 'Passengers should check-in 10 mins before ferry departure time shown', 'FER');
INSERT INTO VehicleJourney (VehicleJourneyCode, ServiceRef, LineRef, JourneyPatternRef, OperatorRef, Monday, Tuesday, Wednesday, Thursday, Friday, Saturday, Sunday, DepatureHour, DepatureMinute, DepatureSecond, Note, NoteCode) VALUES ('95138', 'FSACM05', '0', 'JPS_FSACM05-3', 'CAL', 0, 0, 0, 0, 0, 0, 1, 19, 20, 0, 'Passengers should check-in 10 mins before ferry departure time shown', 'FER');
INSERT INTO VehicleJourney (VehicleJourneyCode, ServiceRef, LineRef, JourneyPatternRef, OperatorRef, Monday, Tuesday, Wednesday, Thursday, Friday, Saturday, Sunday, DepatureHour, DepatureMinute, DepatureSecond, Note, NoteCode) VALUES ('95141', 'FSACM05', '0', 'JPS_FSACM05-4', 'CAL', 0, 0, 0, 0, 1, 0, 0, 20, 30, 0, 'Passengers should check-in 10 mins before ferry departure time shown', 'FER');
INSERT INTO VehicleJourney (VehicleJourneyCode, ServiceRef, LineRef, JourneyPatternRef, OperatorRef, Monday, Tuesday, Wednesday, Thursday, Friday, Saturday, Sunday, DepatureHour, DepatureMinute, DepatureSecond, Note, NoteCode) VALUES ('95142', 'FSACM05', '0', 'JPS_FSACM05-4', 'CAL', 1, 1, 1, 1, 1, 0, 0, 7, 0, 0, 'Passengers should check-in 10 mins before ferry departure time shown', 'FER');
INSERT INTO VehicleJourney (VehicleJourneyCode, ServiceRef, LineRef, JourneyPatternRef, OperatorRef, Monday, Tuesday, Wednesday, Thursday, Friday, Saturday, Sunday, DepatureHour, DepatureMinute, DepatureSecond, Note, NoteCode) VALUES ('95143', 'FSACM05', '0', 'JPS_FSACM05-4', 'CAL', 1, 1, 1, 1, 1, 0, 0, 9, 45, 0, 'Passengers should check-in 10 mins before ferry departure time shown', 'FER');
INSERT INTO VehicleJourney (VehicleJourneyCode, ServiceRef, LineRef, JourneyPatternRef, OperatorRef, Monday, Tuesday, Wednesday, Thursday, Friday, Saturday, Sunday, DepatureHour, DepatureMinute, DepatureSecond, Note, NoteCode) VALUES ('95144', 'FSACM05', '0', 'JPS_FSACM05-4', 'CAL', 1, 1, 1, 1, 1, 0, 0, 12, 30, 0, 'Passengers should check-in 10 mins before ferry departure time shown', 'FER');
INSERT INTO VehicleJourney (VehicleJourneyCode, ServiceRef, LineRef, JourneyPatternRef, OperatorRef, Monday, Tuesday, Wednesday, Thursday, Friday, Saturday, Sunday, DepatureHour, DepatureMinute, DepatureSecond, Note, NoteCode) VALUES ('95145', 'FSACM05', '0', 'JPS_FSACM05-4', 'CAL', 1, 1, 1, 1, 1, 0, 0, 15, 20, 0, 'Passengers should check-in 10 mins before ferry departure time shown', 'FER');
INSERT INTO VehicleJourney (VehicleJourneyCode, ServiceRef, LineRef, JourneyPatternRef, OperatorRef, Monday, Tuesday, Wednesday, Thursday, Friday, Saturday, Sunday, DepatureHour, DepatureMinute, DepatureSecond, Note, NoteCode) VALUES ('95146', 'FSACM05', '0', 'JPS_FSACM05-4', 'CAL', 1, 1, 1, 1, 1, 0, 0, 18, 0, 0, 'Passengers should check-in 10 mins before ferry departure time shown', 'FER');
INSERT INTO VehicleJourney (VehicleJourneyCode, ServiceRef, LineRef, JourneyPatternRef, OperatorRef, Monday, Tuesday, Wednesday, Thursday, Friday, Saturday, Sunday, DepatureHour, DepatureMinute, DepatureSecond, Note, NoteCode) VALUES ('95152', 'FSACM05', '0', 'JPS_FSACM05-4', 'CAL', 0, 0, 0, 0, 0, 1, 0, 7, 0, 0, 'Passengers should check-in 10 mins before ferry departure time shown', 'FER');
INSERT INTO VehicleJourney (VehicleJourneyCode, ServiceRef, LineRef, JourneyPatternRef, OperatorRef, Monday, Tuesday, Wednesday, Thursday, Friday, Saturday, Sunday, DepatureHour, DepatureMinute, DepatureSecond, Note, NoteCode) VALUES ('95153', 'FSACM05', '0', 'JPS_FSACM05-4', 'CAL', 0, 0, 0, 0, 0, 1, 0, 9, 45, 0, 'Passengers should check-in 10 mins before ferry departure time shown', 'FER');
INSERT INTO VehicleJourney (VehicleJourneyCode, ServiceRef, LineRef, JourneyPatternRef, OperatorRef, Monday, Tuesday, Wednesday, Thursday, Friday, Saturday, Sunday, DepatureHour, DepatureMinute, DepatureSecond, Note, NoteCode) VALUES ('95154', 'FSACM05', '0', 'JPS_FSACM05-4', 'CAL', 0, 0, 0, 0, 0, 1, 0, 12, 30, 0, 'Passengers should check-in 10 mins before ferry departure time shown', 'FER');
INSERT INTO VehicleJourney (VehicleJourneyCode, ServiceRef, LineRef, JourneyPatternRef, OperatorRef, Monday, Tuesday, Wednesday, Thursday, Friday, Saturday, Sunday, DepatureHour, DepatureMinute, DepatureSecond, Note, NoteCode) VALUES ('95155', 'FSACM05', '0', 'JPS_FSACM05-4', 'CAL', 0, 0, 0, 0, 0, 1, 0, 15, 20, 0, 'Passengers should check-in 10 mins before ferry departure time shown', 'FER');
INSERT INTO VehicleJourney (VehicleJourneyCode, ServiceRef, LineRef, JourneyPatternRef, OperatorRef, Monday, Tuesday, Wednesday, Thursday, Friday, Saturday, Sunday, DepatureHour, DepatureMinute, DepatureSecond, Note, NoteCode) VALUES ('95156', 'FSACM05', '0', 'JPS_FSACM05-4', 'CAL', 0, 0, 0, 0, 0, 1, 0, 18, 0, 0, 'Passengers should check-in 10 mins before ferry departure time shown', 'FER');
INSERT INTO VehicleJourney (VehicleJourneyCode, ServiceRef, LineRef, JourneyPatternRef, OperatorRef, Monday, Tuesday, Wednesday, Thursday, Friday, Saturday, Sunday, DepatureHour, DepatureMinute, DepatureSecond, Note, NoteCode) VALUES ('95161', 'FSACM05', '0', 'JPS_FSACM05-4', 'CAL', 0, 0, 0, 0, 0, 0, 1, 9, 45, 0, 'Passengers should check-in 10 mins before ferry departure time shown', 'FER');
INSERT INTO VehicleJourney (VehicleJourneyCode, ServiceRef, LineRef, JourneyPatternRef, OperatorRef, Monday, Tuesday, Wednesday, Thursday, Friday, Saturday, Sunday, DepatureHour, DepatureMinute, DepatureSecond, Note, NoteCode) VALUES ('95162', 'FSACM05', '0', 'JPS_FSACM05-4', 'CAL', 0, 0, 0, 0, 0, 0, 1, 12, 30, 0, 'Passengers should check-in 10 mins before ferry departure time shown', 'FER');
INSERT INTO VehicleJourney (VehicleJourneyCode, ServiceRef, LineRef, JourneyPatternRef, OperatorRef, Monday, Tuesday, Wednesday, Thursday, Friday, Saturday, Sunday, DepatureHour, DepatureMinute, DepatureSecond, Note, NoteCode) VALUES ('95163', 'FSACM05', '0', 'JPS_FSACM05-4', 'CAL', 0, 0, 0, 0, 0, 0, 1, 15, 20, 0, 'Passengers should check-in 10 mins before ferry departure time shown', 'FER');
INSERT INTO VehicleJourney (VehicleJourneyCode, ServiceRef, LineRef, JourneyPatternRef, OperatorRef, Monday, Tuesday, Wednesday, Thursday, Friday, Saturday, Sunday, DepatureHour, DepatureMinute, DepatureSecond, Note, NoteCode) VALUES ('95164', 'FSACM05', '0', 'JPS_FSACM05-4', 'CAL', 0, 0, 0, 0, 0, 0, 1, 18, 0, 0, 'Passengers should check-in 10 mins before ferry departure time shown', 'FER');
INSERT INTO VehicleJourney (VehicleJourneyCode, ServiceRef, LineRef, JourneyPatternRef, OperatorRef, Monday, Tuesday, Wednesday, Thursday, Friday, Saturday, Sunday, DepatureHour, DepatureMinute, DepatureSecond, Note, NoteCode) VALUES ('95121', 'FSACM05', '0', 'JPS_FSACM05-3', 'CAL', 1, 1, 1, 1, 1, 0, 0, 12, 30, 0, 'Passengers should check-in 10 mins before ferry departure time shown', 'FER');
INSERT INTO DayOfNonOperation (VehicleJourneyRef, StartDate, EndDate) VALUES ('95121', 1522368000, 1524700799);
INSERT INTO DayOfNonOperation (VehicleJourneyRef, StartDate, EndDate) VALUES ('95121', 1537833600, 2524607999);
INSERT INTO VehicleJourney (VehicleJourneyCode, ServiceRef, LineRef, JourneyPatternRef, OperatorRef, Monday, Tuesday, Wednesday, Thursday, Friday, Saturday, Sunday, DepatureHour, DepatureMinute, DepatureSecond, Note, NoteCode) VALUES ('95122', 'FSACM05', '0', 'JPS_FSACM05-3', 'CAL', 1, 1, 1, 1, 1, 0, 0, 15, 15, 0, 'Passengers should check-in 10 mins before ferry departure time shown', 'FER');
INSERT INTO DayOfNonOperation (VehicleJourneyRef, StartDate, EndDate) VALUES ('95122', 1522368000, 1524700799);
INSERT INTO DayOfNonOperation (VehicleJourneyRef, StartDate, EndDate) VALUES ('95122', 1537833600, 2524607999);
INSERT INTO VehicleJourney (VehicleJourneyCode, ServiceRef, LineRef, JourneyPatternRef, OperatorRef, Monday, Tuesday, Wednesday, Thursday, Friday, Saturday, Sunday, DepatureHour, DepatureMinute, DepatureSecond, Note, NoteCode) VALUES ('95123', 'FSACM05', '0', 'JPS_FSACM05-3', 'CAL', 1, 1, 1, 1, 0, 0, 0, 7, 0, 0, 'Passengers should check-in 10 mins before ferry departure time shown', 'FER');
INSERT INTO DayOfNonOperation (VehicleJourneyRef, StartDate, EndDate) VALUES ('95123', 1522368000, 1524700799);
INSERT INTO DayOfNonOperation (VehicleJourneyRef, StartDate, EndDate) VALUES ('95123', 1537833600, 2524607999);
INSERT INTO VehicleJourney (VehicleJourneyCode, ServiceRef, LineRef, JourneyPatternRef, OperatorRef, Monday, Tuesday, Wednesday, Thursday, Friday, Saturday, Sunday, DepatureHour, DepatureMinute, DepatureSecond, Note, NoteCode) VALUES ('95124', 'FSACM05', '0', 'JPS_FSACM05-3', 'CAL', 1, 1, 1, 1, 0, 0, 0, 9, 45, 0, 'Passengers should check-in 10 mins before ferry departure time shown', 'FER');
INSERT INTO DayOfNonOperation (VehicleJourneyRef, StartDate, EndDate) VALUES ('95124', 1522368000, 1524700799);
INSERT INTO DayOfNonOperation (VehicleJourneyRef, StartDate, EndDate) VALUES ('95124', 1537833600, 2524607999);
INSERT INTO VehicleJourney (VehicleJourneyCode, ServiceRef, LineRef, JourneyPatternRef, OperatorRef, Monday, Tuesday, Wednesday, Thursday, Friday, Saturday, Sunday, DepatureHour, DepatureMinute, DepatureSecond, Note, NoteCode) VALUES ('95125', 'FSACM05', '0', 'JPS_FSACM05-3', 'CAL', 1, 1, 1, 0, 0, 0, 0, 18, 0, 0, 'Passengers should check-in 10 mins before ferry departure time shown', 'FER');
INSERT INTO DayOfNonOperation (VehicleJourneyRef, StartDate, EndDate) VALUES ('95125', 1522368000, 1524700799);
INSERT INTO DayOfNonOperation (VehicleJourneyRef, StartDate, EndDate) VALUES ('95125', 1537833600, 2524607999);
INSERT INTO VehicleJourney (VehicleJourneyCode, ServiceRef, LineRef, JourneyPatternRef, OperatorRef, Monday, Tuesday, Wednesday, Thursday, Friday, Saturday, Sunday, DepatureHour, DepatureMinute, DepatureSecond, Note, NoteCode) VALUES ('95131', 'FSACM05', '0', 'JPS_FSACM05-3', 'CAL', 0, 0, 0, 0, 0, 1, 0, 9, 45, 0, 'Passengers should check-in 10 mins before ferry departure time shown', 'FER');
INSERT INTO DayOfNonOperation (VehicleJourneyRef, StartDate, EndDate) VALUES ('95131', 1522368000, 1524700799);
INSERT INTO DayOfNonOperation (VehicleJourneyRef, StartDate, EndDate) VALUES ('95131', 1537833600, 2524607999);
INSERT INTO VehicleJourney (VehicleJourneyCode, ServiceRef, LineRef, JourneyPatternRef, OperatorRef, Monday, Tuesday, Wednesday, Thursday, Friday, Saturday, Sunday, DepatureHour, DepatureMinute, DepatureSecond, Note, NoteCode) VALUES ('95132', 'FSACM05', '0', 'JPS_FSACM05-3', 'CAL', 0, 0, 0, 0, 0, 1, 0, 12, 30, 0, 'Passengers should check-in 10 mins before ferry departure time shown', 'FER');
INSERT INTO DayOfNonOperation (VehicleJourneyRef, StartDate, EndDate) VALUES ('95132', 1522368000, 1524700799);
INSERT INTO DayOfNonOperation (VehicleJourneyRef, StartDate, EndDate) VALUES ('95132', 1537833600, 2524607999);
INSERT INTO VehicleJourney (VehicleJourneyCode, ServiceRef, LineRef, JourneyPatternRef, OperatorRef, Monday, Tuesday, Wednesday, Thursday, Friday, Saturday, Sunday, DepatureHour, DepatureMinute, DepatureSecond, Note, NoteCode) VALUES ('95133', 'FSACM05', '0', 'JPS_FSACM05-3', 'CAL', 0, 0, 0, 0, 0, 1, 0, 15, 15, 0, 'Passengers should check-in 10 mins before ferry departure time shown', 'FER');
INSERT INTO DayOfNonOperation (VehicleJourneyRef, StartDate, EndDate) VALUES ('95133', 1522368000, 1524700799);
INSERT INTO DayOfNonOperation (VehicleJourneyRef, StartDate, EndDate) VALUES ('95133', 1537833600, 2524607999);
INSERT INTO VehicleJourney (VehicleJourneyCode, ServiceRef, LineRef, JourneyPatternRef, OperatorRef, Monday, Tuesday, Wednesday, Thursday, Friday, Saturday, Sunday, DepatureHour, DepatureMinute, DepatureSecond, Note, NoteCode) VALUES ('95134', 'FSACM05', '0', 'JPS_FSACM05-3', 'CAL', 0, 0, 0, 0, 0, 1, 0, 18, 0, 0, 'Passengers should check-in 10 mins before ferry departure time shown', 'FER');
INSERT INTO DayOfNonOperation (VehicleJourneyRef, StartDate, EndDate) VALUES ('95134', 1522368000, 1524700799);
INSERT INTO DayOfNonOperation (VehicleJourneyRef, StartDate, EndDate) VALUES ('95134', 1537833600, 2524607999);
INSERT INTO VehicleJourney (VehicleJourneyCode, ServiceRef, LineRef, JourneyPatternRef, OperatorRef, Monday, Tuesday, Wednesday, Thursday, Friday, Saturday, Sunday, DepatureHour, DepatureMinute, DepatureSecond, Note, NoteCode) VALUES ('95139', 'FSACM05', '0', 'JPS_FSACM05-3', 'CAL', 0, 0, 0, 0, 0, 0, 1, 9, 5, 0, 'Passengers should check-in 10 mins before ferry departure time shown', 'FER');
INSERT INTO DayOfNonOperation (VehicleJourneyRef, StartDate, EndDate) VALUES ('95139', 1522368000, 1524700799);
INSERT INTO DayOfNonOperation (VehicleJourneyRef, StartDate, EndDate) VALUES ('95139', 1537833600, 2524607999);
INSERT INTO VehicleJourney (VehicleJourneyCode, ServiceRef, LineRef, JourneyPatternRef, OperatorRef, Monday, Tuesday, Wednesday, Thursday, Friday, Saturday, Sunday, DepatureHour, DepatureMinute, DepatureSecond, Note, NoteCode) VALUES ('95140', 'FSACM05', '0', 'JPS_FSACM05-3', 'CAL', 0, 0, 0, 0, 0, 0, 1, 12, 30, 0, 'Passengers should check-in 10 mins before ferry departure time shown', 'FER');
INSERT INTO DayOfNonOperation (VehicleJourneyRef, StartDate, EndDate) VALUES ('95140', 1522368000, 1524700799);
INSERT INTO DayOfNonOperation (VehicleJourneyRef, StartDate, EndDate) VALUES ('95140', 1537833600, 2524607999);
INSERT INTO VehicleJourney (VehicleJourneyCode, ServiceRef, LineRef, JourneyPatternRef, OperatorRef, Monday, Tuesday, Wednesday, Thursday, Friday, Saturday, Sunday, DepatureHour, DepatureMinute, DepatureSecond, Note, NoteCode) VALUES ('95147', 'FSACM05', '0', 'JPS_FSACM05-4', 'CAL', 1, 1, 1, 1, 1, 0, 0, 11, 5, 0, 'Passengers should check-in 10 mins before ferry departure time shown', 'FER');
INSERT INTO DayOfNonOperation (VehicleJourneyRef, StartDate, EndDate) VALUES ('95147', 1522368000, 1524700799);
INSERT INTO DayOfNonOperation (VehicleJourneyRef, StartDate, EndDate) VALUES ('95147', 1537833600, 2524607999);
INSERT INTO VehicleJourney (VehicleJourneyCode, ServiceRef, LineRef, JourneyPatternRef, OperatorRef, Monday, Tuesday, Wednesday, Thursday, Friday, Saturday, Sunday, DepatureHour, DepatureMinute, DepatureSecond, Note, NoteCode) VALUES ('95148', 'FSACM05', '0', 'JPS_FSACM05-4', 'CAL', 1, 1, 1, 1, 1, 0, 0, 13, 50, 0, 'Passengers should check-in 10 mins before ferry departure time shown', 'FER');
INSERT INTO DayOfNonOperation (VehicleJourneyRef, StartDate, EndDate) VALUES ('95148', 1522368000, 1524700799);
INSERT INTO DayOfNonOperation (VehicleJourneyRef, StartDate, EndDate) VALUES ('95148', 1537833600, 2524607999);
INSERT INTO VehicleJourney (VehicleJourneyCode, ServiceRef, LineRef, JourneyPatternRef, OperatorRef, Monday, Tuesday, Wednesday, Thursday, Friday, Saturday, Sunday, DepatureHour, DepatureMinute, DepatureSecond, Note, NoteCode) VALUES ('95149', 'FSACM05', '0', 'JPS_FSACM05-4', 'CAL', 1, 1, 1, 1, 0, 0, 0, 8, 20, 0, 'Passengers should check-in 10 mins before ferry departure time shown', 'FER');
INSERT INTO DayOfNonOperation (VehicleJourneyRef, StartDate, EndDate) VALUES ('95149', 1522368000, 1524700799);
INSERT INTO DayOfNonOperation (VehicleJourneyRef, StartDate, EndDate) VALUES ('95149', 1537833600, 2524607999);
INSERT INTO VehicleJourney (VehicleJourneyCode, ServiceRef, LineRef, JourneyPatternRef, OperatorRef, Monday, Tuesday, Wednesday, Thursday, Friday, Saturday, Sunday, DepatureHour, DepatureMinute, DepatureSecond, Note, NoteCode) VALUES ('95150', 'FSACM05', '0', 'JPS_FSACM05-4', 'CAL', 1, 1, 1, 0, 0, 0, 0, 16, 40, 0, 'Passengers should check-in 10 mins before ferry departure time shown', 'FER');
INSERT INTO DayOfNonOperation (VehicleJourneyRef, StartDate, EndDate) VALUES ('95150', 1522368000, 1524700799);
INSERT INTO DayOfNonOperation (VehicleJourneyRef, StartDate, EndDate) VALUES ('95150', 1537833600, 2524607999);
INSERT INTO VehicleJourney (VehicleJourneyCode, ServiceRef, LineRef, JourneyPatternRef, OperatorRef, Monday, Tuesday, Wednesday, Thursday, Friday, Saturday, Sunday, DepatureHour, DepatureMinute, DepatureSecond, Note, NoteCode) VALUES ('95151', 'FSACM05', '0', 'JPS_FSACM05-4', 'CAL', 1, 1, 1, 0, 0, 0, 0, 19, 20, 0, 'Passengers should check-in 10 mins before ferry departure time shown', 'FER');
INSERT INTO DayOfNonOperation (VehicleJourneyRef, StartDate, EndDate) VALUES ('95151', 1522368000, 1524700799);
INSERT INTO DayOfNonOperation (VehicleJourneyRef, StartDate, EndDate) VALUES ('95151', 1537833600, 2524607999);
INSERT INTO VehicleJourney (VehicleJourneyCode, ServiceRef, LineRef, JourneyPatternRef, OperatorRef, Monday, Tuesday, Wednesday, Thursday, Friday, Saturday, Sunday, DepatureHour, DepatureMinute, DepatureSecond, Note, NoteCode) VALUES ('95157', 'FSACM05', '0', 'JPS_FSACM05-4', 'CAL', 0, 0, 0, 0, 0, 1, 0, 11, 5, 0, 'Passengers should check-in 10 mins before ferry departure time shown', 'FER');
INSERT INTO DayOfNonOperation (VehicleJourneyRef, StartDate, EndDate) VALUES ('95157', 1522368000, 1524700799);
INSERT INTO DayOfNonOperation (VehicleJourneyRef, StartDate, EndDate) VALUES ('95157', 1537833600, 2524607999);
INSERT INTO VehicleJourney (VehicleJourneyCode, ServiceRef, LineRef, JourneyPatternRef, OperatorRef, Monday, Tuesday, Wednesday, Thursday, Friday, Saturday, Sunday, DepatureHour, DepatureMinute, DepatureSecond, Note, NoteCode) VALUES ('95158', 'FSACM05', '0', 'JPS_FSACM05-4', 'CAL', 0, 0, 0, 0, 0, 1, 0, 13, 50, 0, 'Passengers should check-in 10 mins before ferry departure time shown', 'FER');
INSERT INTO DayOfNonOperation (VehicleJourneyRef, StartDate, EndDate) VALUES ('95158', 1522368000, 1524700799);
INSERT INTO DayOfNonOperation (VehicleJourneyRef, StartDate, EndDate) VALUES ('95158', 1537833600, 2524607999);
INSERT INTO VehicleJourney (VehicleJourneyCode, ServiceRef, LineRef, JourneyPatternRef, OperatorRef, Monday, Tuesday, Wednesday, Thursday, Friday, Saturday, Sunday, DepatureHour, DepatureMinute, DepatureSecond, Note, NoteCode) VALUES ('95159', 'FSACM05', '0', 'JPS_FSACM05-4', 'CAL', 0, 0, 0, 0, 0, 1, 0, 16, 40, 0, 'Passengers should check-in 10 mins before ferry departure time shown', 'FER');
INSERT INTO DayOfNonOperation (VehicleJourneyRef, StartDate, EndDate) VALUES ('95159', 1522368000, 1524700799);
INSERT INTO DayOfNonOperation (VehicleJourneyRef, StartDate, EndDate) VALUES ('95159', 1537833600, 2524607999);
INSERT INTO VehicleJourney (VehicleJourneyCode, ServiceRef, LineRef, JourneyPatternRef, OperatorRef, Monday, Tuesday, Wednesday, Thursday, Friday, Saturday, Sunday, DepatureHour, DepatureMinute, DepatureSecond, Note, NoteCode) VALUES ('95160', 'FSACM05', '0', 'JPS_FSACM05-4', 'CAL', 0, 0, 0, 0, 0, 1, 0, 22, 0, 0, 'Passengers should check-in 10 mins before ferry departure time shown', 'FER');
INSERT INTO DayOfNonOperation (VehicleJourneyRef, StartDate, EndDate) VALUES ('95160', 1522368000, 1524700799);
INSERT INTO DayOfNonOperation (VehicleJourneyRef, StartDate, EndDate) VALUES ('95160', 1537833600, 2524607999);
INSERT INTO VehicleJourney (VehicleJourneyCode, ServiceRef, LineRef, JourneyPatternRef, OperatorRef, Monday, Tuesday, Wednesday, Thursday, Friday, Saturday, Sunday, DepatureHour, DepatureMinute, DepatureSecond, Note, NoteCode) VALUES ('95165', 'FSACM05', '0', 'JPS_FSACM05-4', 'CAL', 0, 0, 0, 0, 0, 0, 1, 11, 5, 0, 'Passengers should check-in 10 mins before ferry departure time shown', 'FER');
INSERT INTO DayOfNonOperation (VehicleJourneyRef, StartDate, EndDate) VALUES ('95165', 1522368000, 1524700799);
INSERT INTO DayOfNonOperation (VehicleJourneyRef, StartDate, EndDate) VALUES ('95165', 1537833600, 2524607999);
INSERT INTO VehicleJourney (VehicleJourneyCode, ServiceRef, LineRef, JourneyPatternRef, OperatorRef, Monday, Tuesday, Wednesday, Thursday, Friday, Saturday, Sunday, DepatureHour, DepatureMinute, DepatureSecond, Note, NoteCode) VALUES ('95166', 'FSACM05', '0', 'JPS_FSACM05-4', 'CAL', 0, 0, 0, 0, 0, 0, 1, 20, 0, 0, 'Passengers should check-in 10 mins before ferry departure time shown', 'FER');
INSERT INTO DayOfNonOperation (VehicleJourneyRef, StartDate, EndDate) VALUES ('95166', 1522368000, 1524700799);
INSERT INTO DayOfNonOperation (VehicleJourneyRef, StartDate, EndDate) VALUES ('95166', 1537833600, 2524607999);