INSERT INTO AnnotatedStopPointRef (StopPointRef, CommonName, Latitude, Longitude) VALUES ('9300ARM', 'Armadale Ferry Terminal', 0, 0);
INSERT INTO AnnotatedStopPointRef (StopPointRef, CommonName, Latitude, Longitude) VALUES ('9300MLG', 'Mallaig (CalMac) Ferry Terminal', 0, 0);
INSERT INTO Route (RouteId, RouteDescription, RouteSectionRef) VALUES ('FSACM18_002', 'Armadale (Skye) - Mallaig
', 'FSACM18_002');
INSERT INTO Route (RouteId, RouteDescription, RouteSectionRef) VALUES ('FSACM18_001', 'Mallaig - Armadale (Skye)
', 'FSACM18_001');
INSERT INTO RouteSection (RouteSectionId) VALUES ('FSACM18_002');
INSERT INTO RouteLink (RouteLinkId, RouteSectionId, FromStopPointRef, ToStopPointRef, `Order`, RouteDirection) VALUES ('FSACM18_002_289784', 'FSACM18_002', '9300ARM', '9300MLG', 0, 'inbound');
INSERT INTO RouteSection (RouteSectionId) VALUES ('FSACM18_001');
INSERT INTO RouteLink (RouteLinkId, RouteSectionId, FromStopPointRef, ToStopPointRef, `Order`, RouteDirection) VALUES ('FSACM18_001_289786', 'FSACM18_001', '9300MLG', '9300ARM', 0, 'outbound');
INSERT INTO JourneyPatternSection (JourneyPatternSectionId) VALUES ('JPS_FSACM18-3');
INSERT INTO JourneyPatternTimingLink (JourneyPatternTimingLinkId, JourneyPatternSectionId, JourneyPatternFromStopPointRef, JourneyPatternFromTimingStatus, JourneyPatternToStopPointsRef, JourneyPatternToTimingStatus, RouteLinkRef, JourneyDirection, RunTime, WaitTime) VALUES ('JPS_FSACM18-3_289784', 'JPS_FSACM18-3', '9300ARM', 'PTP', '9300MLG', 'PTP', 'FSACM18_002_289784', 'inbound', 'PT2700S', '');
INSERT INTO JourneyPatternSection (JourneyPatternSectionId) VALUES ('JPS_FSACM18-4');
INSERT INTO JourneyPatternTimingLink (JourneyPatternTimingLinkId, JourneyPatternSectionId, JourneyPatternFromStopPointRef, JourneyPatternFromTimingStatus, JourneyPatternToStopPointsRef, JourneyPatternToTimingStatus, RouteLinkRef, JourneyDirection, RunTime, WaitTime) VALUES ('JPS_FSACM18-4_289784', 'JPS_FSACM18-4', '9300ARM', 'PTP', '9300MLG', 'PTP', 'FSACM18_002_289784', 'inbound', 'PT1500S', '');
INSERT INTO JourneyPatternSection (JourneyPatternSectionId) VALUES ('JPS_FSACM18-5');
INSERT INTO JourneyPatternTimingLink (JourneyPatternTimingLinkId, JourneyPatternSectionId, JourneyPatternFromStopPointRef, JourneyPatternFromTimingStatus, JourneyPatternToStopPointsRef, JourneyPatternToTimingStatus, RouteLinkRef, JourneyDirection, RunTime, WaitTime) VALUES ('JPS_FSACM18-5_289786', 'JPS_FSACM18-5', '9300MLG', 'PTP', '9300ARM', 'PTP', 'FSACM18_001_289786', 'outbound', 'PT6300S', '');
INSERT INTO JourneyPatternSection (JourneyPatternSectionId) VALUES ('JPS_FSACM18-6');
INSERT INTO JourneyPatternTimingLink (JourneyPatternTimingLinkId, JourneyPatternSectionId, JourneyPatternFromStopPointRef, JourneyPatternFromTimingStatus, JourneyPatternToStopPointsRef, JourneyPatternToTimingStatus, RouteLinkRef, JourneyDirection, RunTime, WaitTime) VALUES ('JPS_FSACM18-6_289786', 'JPS_FSACM18-6', '9300MLG', 'PTP', '9300ARM', 'PTP', 'FSACM18_001_289786', 'outbound', 'PT2700S', '');
INSERT INTO JourneyPatternSection (JourneyPatternSectionId) VALUES ('JPS_FSACM18-7');
INSERT INTO JourneyPatternTimingLink (JourneyPatternTimingLinkId, JourneyPatternSectionId, JourneyPatternFromStopPointRef, JourneyPatternFromTimingStatus, JourneyPatternToStopPointsRef, JourneyPatternToTimingStatus, RouteLinkRef, JourneyDirection, RunTime, WaitTime) VALUES ('JPS_FSACM18-7_289786', 'JPS_FSACM18-7', '9300MLG', 'PTP', '9300ARM', 'PTP', 'FSACM18_001_289786', 'outbound', 'PT2100S', '');
INSERT INTO JourneyPatternSection (JourneyPatternSectionId) VALUES ('JPS_FSACM18-8');
INSERT INTO JourneyPatternTimingLink (JourneyPatternTimingLinkId, JourneyPatternSectionId, JourneyPatternFromStopPointRef, JourneyPatternFromTimingStatus, JourneyPatternToStopPointsRef, JourneyPatternToTimingStatus, RouteLinkRef, JourneyDirection, RunTime, WaitTime) VALUES ('JPS_FSACM18-8_289786', 'JPS_FSACM18-8', '9300MLG', 'PTP', '9300ARM', 'PTP', 'FSACM18_001_289786', 'outbound', 'PT1800S', '');
INSERT INTO JourneyPatternSection (JourneyPatternSectionId) VALUES ('JPS_FSACM18-9');
INSERT INTO JourneyPatternTimingLink (JourneyPatternTimingLinkId, JourneyPatternSectionId, JourneyPatternFromStopPointRef, JourneyPatternFromTimingStatus, JourneyPatternToStopPointsRef, JourneyPatternToTimingStatus, RouteLinkRef, JourneyDirection, RunTime, WaitTime) VALUES ('JPS_FSACM18-9_289784', 'JPS_FSACM18-9', '9300ARM', 'PTP', '9300MLG', 'PTP', 'FSACM18_002_289784', 'inbound', 'PT1800S', '');
INSERT INTO Operator (OperatorId, NationalOperatorCode, OperatorCode, OperatorShortName) VALUES ('CAL', 'CALM', 'CAL', 'Caledonian MacBrayne');
INSERT INTO Service (ServiceCode, RegisteredOperatorRef, Mode, Description, Origin, Destination, StartDate, EndDate) VALUES ('FSACM18', 'CAL', 'ferry', 'Mallaig - Armadale (Skye)', 'Mallaig', 'Armadale (Skye)', 1490918400, 2524607999);
INSERT INTO Line (LineId, ServiceRef, LineName) VALUES ('0', 'FSACM18', 'CM18');
INSERT INTO JourneyPattern (JourneyPatternId, ServiceRef, JourneyPatternSectionRef, JourneyPatternDirection) VALUES ('JPS_FSACM18-3', 'FSACM18', 'JPS_FSACM18-3', 'inbound');
INSERT INTO JourneyPattern (JourneyPatternId, ServiceRef, JourneyPatternSectionRef, JourneyPatternDirection) VALUES ('JPS_FSACM18-4', 'FSACM18', 'JPS_FSACM18-4', 'inbound');
INSERT INTO JourneyPattern (JourneyPatternId, ServiceRef, JourneyPatternSectionRef, JourneyPatternDirection) VALUES ('JPS_FSACM18-5', 'FSACM18', 'JPS_FSACM18-5', 'outbound');
INSERT INTO JourneyPattern (JourneyPatternId, ServiceRef, JourneyPatternSectionRef, JourneyPatternDirection) VALUES ('JPS_FSACM18-6', 'FSACM18', 'JPS_FSACM18-6', 'outbound');
INSERT INTO JourneyPattern (JourneyPatternId, ServiceRef, JourneyPatternSectionRef, JourneyPatternDirection) VALUES ('JPS_FSACM18-7', 'FSACM18', 'JPS_FSACM18-7', 'outbound');
INSERT INTO JourneyPattern (JourneyPatternId, ServiceRef, JourneyPatternSectionRef, JourneyPatternDirection) VALUES ('JPS_FSACM18-8', 'FSACM18', 'JPS_FSACM18-8', 'outbound');
INSERT INTO JourneyPattern (JourneyPatternId, ServiceRef, JourneyPatternSectionRef, JourneyPatternDirection) VALUES ('JPS_FSACM18-9', 'FSACM18', 'JPS_FSACM18-9', 'inbound');
INSERT INTO VehicleJourney (VehicleJourneyCode, ServiceRef, LineRef, JourneyPatternRef, OperatorRef, Monday, Tuesday, Wednesday, Thursday, Friday, Saturday, Sunday, DepatureHour, DepatureMinute, DepatureSecond, Note, NoteCode) VALUES ('97831', 'FSACM18', '0', 'JPS_FSACM18-3', 'CAL', 1, 1, 1, 1, 1, 1, 0, 8, 40, 0, '', '');
INSERT INTO DayOfOperation (VehicleJourneyRef, StartDate, EndDate) VALUES ('97831', 1497657600, 1497743999);
INSERT INTO DayOfOperation (VehicleJourneyRef, StartDate, EndDate) VALUES ('97831', 1498262400, 1498348799);
INSERT INTO DayOfOperation (VehicleJourneyRef, StartDate, EndDate) VALUES ('97831', 1498867200, 1498953599);
INSERT INTO DayOfOperation (VehicleJourneyRef, StartDate, EndDate) VALUES ('97831', 1499472000, 1499558399);
INSERT INTO DayOfOperation (VehicleJourneyRef, StartDate, EndDate) VALUES ('97831', 1500076800, 1500163199);
INSERT INTO DayOfOperation (VehicleJourneyRef, StartDate, EndDate) VALUES ('97831', 1500681600, 1500767999);
INSERT INTO DayOfOperation (VehicleJourneyRef, StartDate, EndDate) VALUES ('97831', 1501286400, 1501372799);
INSERT INTO DayOfOperation (VehicleJourneyRef, StartDate, EndDate) VALUES ('97831', 1501891200, 1501977599);
INSERT INTO DayOfOperation (VehicleJourneyRef, StartDate, EndDate) VALUES ('97831', 1502496000, 1502582399);
INSERT INTO DayOfOperation (VehicleJourneyRef, StartDate, EndDate) VALUES ('97831', 1503100800, 1503187199);
INSERT INTO DayOfOperation (VehicleJourneyRef, StartDate, EndDate) VALUES ('97831', 1503705600, 1503791999);
INSERT INTO DayOfOperation (VehicleJourneyRef, StartDate, EndDate) VALUES ('97831', 1504310400, 1504396799);
INSERT INTO DayOfOperation (VehicleJourneyRef, StartDate, EndDate) VALUES ('97831', 1504915200, 1505001599);
INSERT INTO DayOfOperation (VehicleJourneyRef, StartDate, EndDate) VALUES ('97831', 1505520000, 1505606399);
INSERT INTO DayOfOperation (VehicleJourneyRef, StartDate, EndDate) VALUES ('97831', 1506124800, 1506211199);
INSERT INTO DayOfOperation (VehicleJourneyRef, StartDate, EndDate) VALUES ('97831', 1506729600, 1506815999);
INSERT INTO DayOfOperation (VehicleJourneyRef, StartDate, EndDate) VALUES ('97831', 1507334400, 1507420799);
INSERT INTO DayOfOperation (VehicleJourneyRef, StartDate, EndDate) VALUES ('97831', 1507939200, 1508025599);
INSERT INTO DayOfOperation (VehicleJourneyRef, StartDate, EndDate) VALUES ('97831', 1508544000, 1508630399);
INSERT INTO DayOfNonOperation (VehicleJourneyRef, StartDate, EndDate) VALUES ('97831', 1508716800, 2524607999);
INSERT INTO VehicleJourney (VehicleJourneyCode, ServiceRef, LineRef, JourneyPatternRef, OperatorRef, Monday, Tuesday, Wednesday, Thursday, Friday, Saturday, Sunday, DepatureHour, DepatureMinute, DepatureSecond, Note, NoteCode) VALUES ('97832', 'FSACM18', '0', 'JPS_FSACM18-3', 'CAL', 1, 1, 1, 1, 1, 1, 0, 10, 40, 0, '', '');
INSERT INTO DayOfOperation (VehicleJourneyRef, StartDate, EndDate) VALUES ('97832', 1497657600, 1497743999);
INSERT INTO DayOfOperation (VehicleJourneyRef, StartDate, EndDate) VALUES ('97832', 1498262400, 1498348799);
INSERT INTO DayOfOperation (VehicleJourneyRef, StartDate, EndDate) VALUES ('97832', 1498867200, 1498953599);
INSERT INTO DayOfOperation (VehicleJourneyRef, StartDate, EndDate) VALUES ('97832', 1499472000, 1499558399);
INSERT INTO DayOfOperation (VehicleJourneyRef, StartDate, EndDate) VALUES ('97832', 1500076800, 1500163199);
INSERT INTO DayOfOperation (VehicleJourneyRef, StartDate, EndDate) VALUES ('97832', 1500681600, 1500767999);
INSERT INTO DayOfOperation (VehicleJourneyRef, StartDate, EndDate) VALUES ('97832', 1501286400, 1501372799);
INSERT INTO DayOfOperation (VehicleJourneyRef, StartDate, EndDate) VALUES ('97832', 1501891200, 1501977599);
INSERT INTO DayOfOperation (VehicleJourneyRef, StartDate, EndDate) VALUES ('97832', 1502496000, 1502582399);
INSERT INTO DayOfOperation (VehicleJourneyRef, StartDate, EndDate) VALUES ('97832', 1503100800, 1503187199);
INSERT INTO DayOfOperation (VehicleJourneyRef, StartDate, EndDate) VALUES ('97832', 1503705600, 1503791999);
INSERT INTO DayOfOperation (VehicleJourneyRef, StartDate, EndDate) VALUES ('97832', 1504310400, 1504396799);
INSERT INTO DayOfOperation (VehicleJourneyRef, StartDate, EndDate) VALUES ('97832', 1504915200, 1505001599);
INSERT INTO DayOfOperation (VehicleJourneyRef, StartDate, EndDate) VALUES ('97832', 1505520000, 1505606399);
INSERT INTO DayOfOperation (VehicleJourneyRef, StartDate, EndDate) VALUES ('97832', 1506124800, 1506211199);
INSERT INTO DayOfOperation (VehicleJourneyRef, StartDate, EndDate) VALUES ('97832', 1506729600, 1506815999);
INSERT INTO DayOfOperation (VehicleJourneyRef, StartDate, EndDate) VALUES ('97832', 1507334400, 1507420799);
INSERT INTO DayOfOperation (VehicleJourneyRef, StartDate, EndDate) VALUES ('97832', 1507939200, 1508025599);
INSERT INTO DayOfOperation (VehicleJourneyRef, StartDate, EndDate) VALUES ('97832', 1508544000, 1508630399);
INSERT INTO DayOfNonOperation (VehicleJourneyRef, StartDate, EndDate) VALUES ('97832', 1508716800, 2524607999);
INSERT INTO VehicleJourney (VehicleJourneyCode, ServiceRef, LineRef, JourneyPatternRef, OperatorRef, Monday, Tuesday, Wednesday, Thursday, Friday, Saturday, Sunday, DepatureHour, DepatureMinute, DepatureSecond, Note, NoteCode) VALUES ('97833', 'FSACM18', '0', 'JPS_FSACM18-4', 'CAL', 1, 1, 1, 1, 1, 1, 0, 12, 15, 0, '', '');
INSERT INTO DayOfOperation (VehicleJourneyRef, StartDate, EndDate) VALUES ('97833', 1497657600, 1497743999);
INSERT INTO DayOfOperation (VehicleJourneyRef, StartDate, EndDate) VALUES ('97833', 1498262400, 1498348799);
INSERT INTO DayOfOperation (VehicleJourneyRef, StartDate, EndDate) VALUES ('97833', 1498867200, 1498953599);
INSERT INTO DayOfOperation (VehicleJourneyRef, StartDate, EndDate) VALUES ('97833', 1499472000, 1499558399);
INSERT INTO DayOfOperation (VehicleJourneyRef, StartDate, EndDate) VALUES ('97833', 1500076800, 1500163199);
INSERT INTO DayOfOperation (VehicleJourneyRef, StartDate, EndDate) VALUES ('97833', 1500681600, 1500767999);
INSERT INTO DayOfOperation (VehicleJourneyRef, StartDate, EndDate) VALUES ('97833', 1501286400, 1501372799);
INSERT INTO DayOfOperation (VehicleJourneyRef, StartDate, EndDate) VALUES ('97833', 1501891200, 1501977599);
INSERT INTO DayOfOperation (VehicleJourneyRef, StartDate, EndDate) VALUES ('97833', 1502496000, 1502582399);
INSERT INTO DayOfOperation (VehicleJourneyRef, StartDate, EndDate) VALUES ('97833', 1503100800, 1503187199);
INSERT INTO DayOfOperation (VehicleJourneyRef, StartDate, EndDate) VALUES ('97833', 1503705600, 1503791999);
INSERT INTO DayOfOperation (VehicleJourneyRef, StartDate, EndDate) VALUES ('97833', 1504310400, 1504396799);
INSERT INTO DayOfOperation (VehicleJourneyRef, StartDate, EndDate) VALUES ('97833', 1504915200, 1505001599);
INSERT INTO DayOfOperation (VehicleJourneyRef, StartDate, EndDate) VALUES ('97833', 1505520000, 1505606399);
INSERT INTO DayOfOperation (VehicleJourneyRef, StartDate, EndDate) VALUES ('97833', 1506124800, 1506211199);
INSERT INTO DayOfOperation (VehicleJourneyRef, StartDate, EndDate) VALUES ('97833', 1506729600, 1506815999);
INSERT INTO DayOfOperation (VehicleJourneyRef, StartDate, EndDate) VALUES ('97833', 1507334400, 1507420799);
INSERT INTO DayOfOperation (VehicleJourneyRef, StartDate, EndDate) VALUES ('97833', 1507939200, 1508025599);
INSERT INTO DayOfOperation (VehicleJourneyRef, StartDate, EndDate) VALUES ('97833', 1508544000, 1508630399);
INSERT INTO DayOfNonOperation (VehicleJourneyRef, StartDate, EndDate) VALUES ('97833', 1508716800, 2524607999);
INSERT INTO VehicleJourney (VehicleJourneyCode, ServiceRef, LineRef, JourneyPatternRef, OperatorRef, Monday, Tuesday, Wednesday, Thursday, Friday, Saturday, Sunday, DepatureHour, DepatureMinute, DepatureSecond, Note, NoteCode) VALUES ('97834', 'FSACM18', '0', 'JPS_FSACM18-3', 'CAL', 1, 1, 1, 1, 1, 1, 0, 13, 0, 0, '', '');
INSERT INTO DayOfOperation (VehicleJourneyRef, StartDate, EndDate) VALUES ('97834', 1497657600, 1497743999);
INSERT INTO DayOfOperation (VehicleJourneyRef, StartDate, EndDate) VALUES ('97834', 1498262400, 1498348799);
INSERT INTO DayOfOperation (VehicleJourneyRef, StartDate, EndDate) VALUES ('97834', 1498867200, 1498953599);
INSERT INTO DayOfOperation (VehicleJourneyRef, StartDate, EndDate) VALUES ('97834', 1499472000, 1499558399);
INSERT INTO DayOfOperation (VehicleJourneyRef, StartDate, EndDate) VALUES ('97834', 1500076800, 1500163199);
INSERT INTO DayOfOperation (VehicleJourneyRef, StartDate, EndDate) VALUES ('97834', 1500681600, 1500767999);
INSERT INTO DayOfOperation (VehicleJourneyRef, StartDate, EndDate) VALUES ('97834', 1501286400, 1501372799);
INSERT INTO DayOfOperation (VehicleJourneyRef, StartDate, EndDate) VALUES ('97834', 1501891200, 1501977599);
INSERT INTO DayOfOperation (VehicleJourneyRef, StartDate, EndDate) VALUES ('97834', 1502496000, 1502582399);
INSERT INTO DayOfOperation (VehicleJourneyRef, StartDate, EndDate) VALUES ('97834', 1503100800, 1503187199);
INSERT INTO DayOfOperation (VehicleJourneyRef, StartDate, EndDate) VALUES ('97834', 1503705600, 1503791999);
INSERT INTO DayOfOperation (VehicleJourneyRef, StartDate, EndDate) VALUES ('97834', 1504310400, 1504396799);
INSERT INTO DayOfOperation (VehicleJourneyRef, StartDate, EndDate) VALUES ('97834', 1504915200, 1505001599);
INSERT INTO DayOfOperation (VehicleJourneyRef, StartDate, EndDate) VALUES ('97834', 1505520000, 1505606399);
INSERT INTO DayOfOperation (VehicleJourneyRef, StartDate, EndDate) VALUES ('97834', 1506124800, 1506211199);
INSERT INTO DayOfOperation (VehicleJourneyRef, StartDate, EndDate) VALUES ('97834', 1506729600, 1506815999);
INSERT INTO DayOfOperation (VehicleJourneyRef, StartDate, EndDate) VALUES ('97834', 1507334400, 1507420799);
INSERT INTO DayOfOperation (VehicleJourneyRef, StartDate, EndDate) VALUES ('97834', 1507939200, 1508025599);
INSERT INTO DayOfOperation (VehicleJourneyRef, StartDate, EndDate) VALUES ('97834', 1508544000, 1508630399);
INSERT INTO DayOfNonOperation (VehicleJourneyRef, StartDate, EndDate) VALUES ('97834', 1508716800, 2524607999);
INSERT INTO VehicleJourney (VehicleJourneyCode, ServiceRef, LineRef, JourneyPatternRef, OperatorRef, Monday, Tuesday, Wednesday, Thursday, Friday, Saturday, Sunday, DepatureHour, DepatureMinute, DepatureSecond, Note, NoteCode) VALUES ('97835', 'FSACM18', '0', 'JPS_FSACM18-4', 'CAL', 1, 1, 1, 1, 1, 1, 0, 14, 40, 0, '', '');
INSERT INTO DayOfOperation (VehicleJourneyRef, StartDate, EndDate) VALUES ('97835', 1497657600, 1497743999);
INSERT INTO DayOfOperation (VehicleJourneyRef, StartDate, EndDate) VALUES ('97835', 1498262400, 1498348799);
INSERT INTO DayOfOperation (VehicleJourneyRef, StartDate, EndDate) VALUES ('97835', 1498867200, 1498953599);
INSERT INTO DayOfOperation (VehicleJourneyRef, StartDate, EndDate) VALUES ('97835', 1499472000, 1499558399);
INSERT INTO DayOfOperation (VehicleJourneyRef, StartDate, EndDate) VALUES ('97835', 1500076800, 1500163199);
INSERT INTO DayOfOperation (VehicleJourneyRef, StartDate, EndDate) VALUES ('97835', 1500681600, 1500767999);
INSERT INTO DayOfOperation (VehicleJourneyRef, StartDate, EndDate) VALUES ('97835', 1501286400, 1501372799);
INSERT INTO DayOfOperation (VehicleJourneyRef, StartDate, EndDate) VALUES ('97835', 1501891200, 1501977599);
INSERT INTO DayOfOperation (VehicleJourneyRef, StartDate, EndDate) VALUES ('97835', 1502496000, 1502582399);
INSERT INTO DayOfOperation (VehicleJourneyRef, StartDate, EndDate) VALUES ('97835', 1503100800, 1503187199);
INSERT INTO DayOfOperation (VehicleJourneyRef, StartDate, EndDate) VALUES ('97835', 1503705600, 1503791999);
INSERT INTO DayOfOperation (VehicleJourneyRef, StartDate, EndDate) VALUES ('97835', 1504310400, 1504396799);
INSERT INTO DayOfOperation (VehicleJourneyRef, StartDate, EndDate) VALUES ('97835', 1504915200, 1505001599);
INSERT INTO DayOfOperation (VehicleJourneyRef, StartDate, EndDate) VALUES ('97835', 1505520000, 1505606399);
INSERT INTO DayOfOperation (VehicleJourneyRef, StartDate, EndDate) VALUES ('97835', 1506124800, 1506211199);
INSERT INTO DayOfOperation (VehicleJourneyRef, StartDate, EndDate) VALUES ('97835', 1506729600, 1506815999);
INSERT INTO DayOfOperation (VehicleJourneyRef, StartDate, EndDate) VALUES ('97835', 1507334400, 1507420799);
INSERT INTO DayOfOperation (VehicleJourneyRef, StartDate, EndDate) VALUES ('97835', 1507939200, 1508025599);
INSERT INTO DayOfOperation (VehicleJourneyRef, StartDate, EndDate) VALUES ('97835', 1508544000, 1508630399);
INSERT INTO DayOfNonOperation (VehicleJourneyRef, StartDate, EndDate) VALUES ('97835', 1508716800, 2524607999);
INSERT INTO VehicleJourney (VehicleJourneyCode, ServiceRef, LineRef, JourneyPatternRef, OperatorRef, Monday, Tuesday, Wednesday, Thursday, Friday, Saturday, Sunday, DepatureHour, DepatureMinute, DepatureSecond, Note, NoteCode) VALUES ('97836', 'FSACM18', '0', 'JPS_FSACM18-3', 'CAL', 1, 1, 1, 1, 1, 1, 0, 15, 0, 0, '', '');
INSERT INTO DayOfOperation (VehicleJourneyRef, StartDate, EndDate) VALUES ('97836', 1497657600, 1497743999);
INSERT INTO DayOfOperation (VehicleJourneyRef, StartDate, EndDate) VALUES ('97836', 1498262400, 1498348799);
INSERT INTO DayOfOperation (VehicleJourneyRef, StartDate, EndDate) VALUES ('97836', 1498867200, 1498953599);
INSERT INTO DayOfOperation (VehicleJourneyRef, StartDate, EndDate) VALUES ('97836', 1499472000, 1499558399);
INSERT INTO DayOfOperation (VehicleJourneyRef, StartDate, EndDate) VALUES ('97836', 1500076800, 1500163199);
INSERT INTO DayOfOperation (VehicleJourneyRef, StartDate, EndDate) VALUES ('97836', 1500681600, 1500767999);
INSERT INTO DayOfOperation (VehicleJourneyRef, StartDate, EndDate) VALUES ('97836', 1501286400, 1501372799);
INSERT INTO DayOfOperation (VehicleJourneyRef, StartDate, EndDate) VALUES ('97836', 1501891200, 1501977599);
INSERT INTO DayOfOperation (VehicleJourneyRef, StartDate, EndDate) VALUES ('97836', 1502496000, 1502582399);
INSERT INTO DayOfOperation (VehicleJourneyRef, StartDate, EndDate) VALUES ('97836', 1503100800, 1503187199);
INSERT INTO DayOfOperation (VehicleJourneyRef, StartDate, EndDate) VALUES ('97836', 1503705600, 1503791999);
INSERT INTO DayOfOperation (VehicleJourneyRef, StartDate, EndDate) VALUES ('97836', 1504310400, 1504396799);
INSERT INTO DayOfOperation (VehicleJourneyRef, StartDate, EndDate) VALUES ('97836', 1504915200, 1505001599);
INSERT INTO DayOfOperation (VehicleJourneyRef, StartDate, EndDate) VALUES ('97836', 1505520000, 1505606399);
INSERT INTO DayOfOperation (VehicleJourneyRef, StartDate, EndDate) VALUES ('97836', 1506124800, 1506211199);
INSERT INTO DayOfOperation (VehicleJourneyRef, StartDate, EndDate) VALUES ('97836', 1506729600, 1506815999);
INSERT INTO DayOfOperation (VehicleJourneyRef, StartDate, EndDate) VALUES ('97836', 1507334400, 1507420799);
INSERT INTO DayOfOperation (VehicleJourneyRef, StartDate, EndDate) VALUES ('97836', 1507939200, 1508025599);
INSERT INTO DayOfOperation (VehicleJourneyRef, StartDate, EndDate) VALUES ('97836', 1508544000, 1508630399);
INSERT INTO DayOfNonOperation (VehicleJourneyRef, StartDate, EndDate) VALUES ('97836', 1508716800, 2524607999);
INSERT INTO VehicleJourney (VehicleJourneyCode, ServiceRef, LineRef, JourneyPatternRef, OperatorRef, Monday, Tuesday, Wednesday, Thursday, Friday, Saturday, Sunday, DepatureHour, DepatureMinute, DepatureSecond, Note, NoteCode) VALUES ('97837', 'FSACM18', '0', 'JPS_FSACM18-4', 'CAL', 1, 1, 1, 1, 1, 1, 0, 16, 35, 0, '', '');
INSERT INTO DayOfOperation (VehicleJourneyRef, StartDate, EndDate) VALUES ('97837', 1497657600, 1497743999);
INSERT INTO DayOfOperation (VehicleJourneyRef, StartDate, EndDate) VALUES ('97837', 1498262400, 1498348799);
INSERT INTO DayOfOperation (VehicleJourneyRef, StartDate, EndDate) VALUES ('97837', 1498867200, 1498953599);
INSERT INTO DayOfOperation (VehicleJourneyRef, StartDate, EndDate) VALUES ('97837', 1499472000, 1499558399);
INSERT INTO DayOfOperation (VehicleJourneyRef, StartDate, EndDate) VALUES ('97837', 1500076800, 1500163199);
INSERT INTO DayOfOperation (VehicleJourneyRef, StartDate, EndDate) VALUES ('97837', 1500681600, 1500767999);
INSERT INTO DayOfOperation (VehicleJourneyRef, StartDate, EndDate) VALUES ('97837', 1501286400, 1501372799);
INSERT INTO DayOfOperation (VehicleJourneyRef, StartDate, EndDate) VALUES ('97837', 1501891200, 1501977599);
INSERT INTO DayOfOperation (VehicleJourneyRef, StartDate, EndDate) VALUES ('97837', 1502496000, 1502582399);
INSERT INTO DayOfOperation (VehicleJourneyRef, StartDate, EndDate) VALUES ('97837', 1503100800, 1503187199);
INSERT INTO DayOfOperation (VehicleJourneyRef, StartDate, EndDate) VALUES ('97837', 1503705600, 1503791999);
INSERT INTO DayOfOperation (VehicleJourneyRef, StartDate, EndDate) VALUES ('97837', 1504310400, 1504396799);
INSERT INTO DayOfOperation (VehicleJourneyRef, StartDate, EndDate) VALUES ('97837', 1504915200, 1505001599);
INSERT INTO DayOfOperation (VehicleJourneyRef, StartDate, EndDate) VALUES ('97837', 1505520000, 1505606399);
INSERT INTO DayOfOperation (VehicleJourneyRef, StartDate, EndDate) VALUES ('97837', 1506124800, 1506211199);
INSERT INTO DayOfOperation (VehicleJourneyRef, StartDate, EndDate) VALUES ('97837', 1506729600, 1506815999);
INSERT INTO DayOfOperation (VehicleJourneyRef, StartDate, EndDate) VALUES ('97837', 1507334400, 1507420799);
INSERT INTO DayOfOperation (VehicleJourneyRef, StartDate, EndDate) VALUES ('97837', 1507939200, 1508025599);
INSERT INTO DayOfOperation (VehicleJourneyRef, StartDate, EndDate) VALUES ('97837', 1508544000, 1508630399);
INSERT INTO DayOfNonOperation (VehicleJourneyRef, StartDate, EndDate) VALUES ('97837', 1508716800, 2524607999);
INSERT INTO VehicleJourney (VehicleJourneyCode, ServiceRef, LineRef, JourneyPatternRef, OperatorRef, Monday, Tuesday, Wednesday, Thursday, Friday, Saturday, Sunday, DepatureHour, DepatureMinute, DepatureSecond, Note, NoteCode) VALUES ('97838', 'FSACM18', '0', 'JPS_FSACM18-3', 'CAL', 1, 1, 1, 1, 1, 1, 0, 17, 10, 0, '', '');
INSERT INTO DayOfOperation (VehicleJourneyRef, StartDate, EndDate) VALUES ('97838', 1497657600, 1497743999);
INSERT INTO DayOfOperation (VehicleJourneyRef, StartDate, EndDate) VALUES ('97838', 1498262400, 1498348799);
INSERT INTO DayOfOperation (VehicleJourneyRef, StartDate, EndDate) VALUES ('97838', 1498867200, 1498953599);
INSERT INTO DayOfOperation (VehicleJourneyRef, StartDate, EndDate) VALUES ('97838', 1499472000, 1499558399);
INSERT INTO DayOfOperation (VehicleJourneyRef, StartDate, EndDate) VALUES ('97838', 1500076800, 1500163199);
INSERT INTO DayOfOperation (VehicleJourneyRef, StartDate, EndDate) VALUES ('97838', 1500681600, 1500767999);
INSERT INTO DayOfOperation (VehicleJourneyRef, StartDate, EndDate) VALUES ('97838', 1501286400, 1501372799);
INSERT INTO DayOfOperation (VehicleJourneyRef, StartDate, EndDate) VALUES ('97838', 1501891200, 1501977599);
INSERT INTO DayOfOperation (VehicleJourneyRef, StartDate, EndDate) VALUES ('97838', 1502496000, 1502582399);
INSERT INTO DayOfOperation (VehicleJourneyRef, StartDate, EndDate) VALUES ('97838', 1503100800, 1503187199);
INSERT INTO DayOfOperation (VehicleJourneyRef, StartDate, EndDate) VALUES ('97838', 1503705600, 1503791999);
INSERT INTO DayOfOperation (VehicleJourneyRef, StartDate, EndDate) VALUES ('97838', 1504310400, 1504396799);
INSERT INTO DayOfOperation (VehicleJourneyRef, StartDate, EndDate) VALUES ('97838', 1504915200, 1505001599);
INSERT INTO DayOfOperation (VehicleJourneyRef, StartDate, EndDate) VALUES ('97838', 1505520000, 1505606399);
INSERT INTO DayOfOperation (VehicleJourneyRef, StartDate, EndDate) VALUES ('97838', 1506124800, 1506211199);
INSERT INTO DayOfOperation (VehicleJourneyRef, StartDate, EndDate) VALUES ('97838', 1506729600, 1506815999);
INSERT INTO DayOfOperation (VehicleJourneyRef, StartDate, EndDate) VALUES ('97838', 1507334400, 1507420799);
INSERT INTO DayOfOperation (VehicleJourneyRef, StartDate, EndDate) VALUES ('97838', 1507939200, 1508025599);
INSERT INTO DayOfOperation (VehicleJourneyRef, StartDate, EndDate) VALUES ('97838', 1508544000, 1508630399);
INSERT INTO DayOfNonOperation (VehicleJourneyRef, StartDate, EndDate) VALUES ('97838', 1508716800, 2524607999);
INSERT INTO VehicleJourney (VehicleJourneyCode, ServiceRef, LineRef, JourneyPatternRef, OperatorRef, Monday, Tuesday, Wednesday, Thursday, Friday, Saturday, Sunday, DepatureHour, DepatureMinute, DepatureSecond, Note, NoteCode) VALUES ('97839', 'FSACM18', '0', 'JPS_FSACM18-3', 'CAL', 1, 1, 1, 1, 1, 1, 0, 19, 10, 0, '', '');
INSERT INTO DayOfOperation (VehicleJourneyRef, StartDate, EndDate) VALUES ('97839', 1497657600, 1497743999);
INSERT INTO DayOfOperation (VehicleJourneyRef, StartDate, EndDate) VALUES ('97839', 1498262400, 1498348799);
INSERT INTO DayOfOperation (VehicleJourneyRef, StartDate, EndDate) VALUES ('97839', 1498867200, 1498953599);
INSERT INTO DayOfOperation (VehicleJourneyRef, StartDate, EndDate) VALUES ('97839', 1499472000, 1499558399);
INSERT INTO DayOfOperation (VehicleJourneyRef, StartDate, EndDate) VALUES ('97839', 1500076800, 1500163199);
INSERT INTO DayOfOperation (VehicleJourneyRef, StartDate, EndDate) VALUES ('97839', 1500681600, 1500767999);
INSERT INTO DayOfOperation (VehicleJourneyRef, StartDate, EndDate) VALUES ('97839', 1501286400, 1501372799);
INSERT INTO DayOfOperation (VehicleJourneyRef, StartDate, EndDate) VALUES ('97839', 1501891200, 1501977599);
INSERT INTO DayOfOperation (VehicleJourneyRef, StartDate, EndDate) VALUES ('97839', 1502496000, 1502582399);
INSERT INTO DayOfOperation (VehicleJourneyRef, StartDate, EndDate) VALUES ('97839', 1503100800, 1503187199);
INSERT INTO DayOfOperation (VehicleJourneyRef, StartDate, EndDate) VALUES ('97839', 1503705600, 1503791999);
INSERT INTO DayOfOperation (VehicleJourneyRef, StartDate, EndDate) VALUES ('97839', 1504310400, 1504396799);
INSERT INTO DayOfOperation (VehicleJourneyRef, StartDate, EndDate) VALUES ('97839', 1504915200, 1505001599);
INSERT INTO DayOfOperation (VehicleJourneyRef, StartDate, EndDate) VALUES ('97839', 1505520000, 1505606399);
INSERT INTO DayOfOperation (VehicleJourneyRef, StartDate, EndDate) VALUES ('97839', 1506124800, 1506211199);
INSERT INTO DayOfOperation (VehicleJourneyRef, StartDate, EndDate) VALUES ('97839', 1506729600, 1506815999);
INSERT INTO DayOfOperation (VehicleJourneyRef, StartDate, EndDate) VALUES ('97839', 1507334400, 1507420799);
INSERT INTO DayOfOperation (VehicleJourneyRef, StartDate, EndDate) VALUES ('97839', 1507939200, 1508025599);
INSERT INTO DayOfOperation (VehicleJourneyRef, StartDate, EndDate) VALUES ('97839', 1508544000, 1508630399);
INSERT INTO DayOfNonOperation (VehicleJourneyRef, StartDate, EndDate) VALUES ('97839', 1508716800, 2524607999);
INSERT INTO VehicleJourney (VehicleJourneyCode, ServiceRef, LineRef, JourneyPatternRef, OperatorRef, Monday, Tuesday, Wednesday, Thursday, Friday, Saturday, Sunday, DepatureHour, DepatureMinute, DepatureSecond, Note, NoteCode) VALUES ('97844', 'FSACM18', '0', 'JPS_FSACM18-3', 'CAL', 0, 0, 0, 0, 0, 0, 1, 10, 30, 0, '', '');
INSERT INTO DayOfOperation (VehicleJourneyRef, StartDate, EndDate) VALUES ('97844', 1497744000, 1497830399);
INSERT INTO DayOfOperation (VehicleJourneyRef, StartDate, EndDate) VALUES ('97844', 1498348800, 1498435199);
INSERT INTO DayOfOperation (VehicleJourneyRef, StartDate, EndDate) VALUES ('97844', 1498953600, 1499039999);
INSERT INTO DayOfOperation (VehicleJourneyRef, StartDate, EndDate) VALUES ('97844', 1499558400, 1499644799);
INSERT INTO DayOfOperation (VehicleJourneyRef, StartDate, EndDate) VALUES ('97844', 1500163200, 1500249599);
INSERT INTO DayOfOperation (VehicleJourneyRef, StartDate, EndDate) VALUES ('97844', 1500768000, 1500854399);
INSERT INTO DayOfOperation (VehicleJourneyRef, StartDate, EndDate) VALUES ('97844', 1501372800, 1501459199);
INSERT INTO DayOfOperation (VehicleJourneyRef, StartDate, EndDate) VALUES ('97844', 1501977600, 1502063999);
INSERT INTO DayOfOperation (VehicleJourneyRef, StartDate, EndDate) VALUES ('97844', 1502582400, 1502668799);
INSERT INTO DayOfOperation (VehicleJourneyRef, StartDate, EndDate) VALUES ('97844', 1503187200, 1503273599);
INSERT INTO DayOfOperation (VehicleJourneyRef, StartDate, EndDate) VALUES ('97844', 1503792000, 1503878399);
INSERT INTO DayOfOperation (VehicleJourneyRef, StartDate, EndDate) VALUES ('97844', 1504396800, 1504483199);
INSERT INTO DayOfOperation (VehicleJourneyRef, StartDate, EndDate) VALUES ('97844', 1505001600, 1505087999);
INSERT INTO DayOfOperation (VehicleJourneyRef, StartDate, EndDate) VALUES ('97844', 1505606400, 1505692799);
INSERT INTO DayOfOperation (VehicleJourneyRef, StartDate, EndDate) VALUES ('97844', 1506211200, 1506297599);
INSERT INTO DayOfOperation (VehicleJourneyRef, StartDate, EndDate) VALUES ('97844', 1506816000, 1506902399);
INSERT INTO DayOfOperation (VehicleJourneyRef, StartDate, EndDate) VALUES ('97844', 1507420800, 1507507199);
INSERT INTO DayOfOperation (VehicleJourneyRef, StartDate, EndDate) VALUES ('97844', 1508025600, 1508111999);
INSERT INTO DayOfOperation (VehicleJourneyRef, StartDate, EndDate) VALUES ('97844', 1508630400, 1508716799);
INSERT INTO DayOfNonOperation (VehicleJourneyRef, StartDate, EndDate) VALUES ('97844', 1508716800, 2524607999);
INSERT INTO VehicleJourney (VehicleJourneyCode, ServiceRef, LineRef, JourneyPatternRef, OperatorRef, Monday, Tuesday, Wednesday, Thursday, Friday, Saturday, Sunday, DepatureHour, DepatureMinute, DepatureSecond, Note, NoteCode) VALUES ('97845', 'FSACM18', '0', 'JPS_FSACM18-4', 'CAL', 0, 0, 0, 0, 0, 0, 1, 12, 0, 0, '', '');
INSERT INTO DayOfOperation (VehicleJourneyRef, StartDate, EndDate) VALUES ('97845', 1497744000, 1497830399);
INSERT INTO DayOfOperation (VehicleJourneyRef, StartDate, EndDate) VALUES ('97845', 1498348800, 1498435199);
INSERT INTO DayOfOperation (VehicleJourneyRef, StartDate, EndDate) VALUES ('97845', 1498953600, 1499039999);
INSERT INTO DayOfOperation (VehicleJourneyRef, StartDate, EndDate) VALUES ('97845', 1499558400, 1499644799);
INSERT INTO DayOfOperation (VehicleJourneyRef, StartDate, EndDate) VALUES ('97845', 1500163200, 1500249599);
INSERT INTO DayOfOperation (VehicleJourneyRef, StartDate, EndDate) VALUES ('97845', 1500768000, 1500854399);
INSERT INTO DayOfOperation (VehicleJourneyRef, StartDate, EndDate) VALUES ('97845', 1501372800, 1501459199);
INSERT INTO DayOfOperation (VehicleJourneyRef, StartDate, EndDate) VALUES ('97845', 1501977600, 1502063999);
INSERT INTO DayOfOperation (VehicleJourneyRef, StartDate, EndDate) VALUES ('97845', 1502582400, 1502668799);
INSERT INTO DayOfOperation (VehicleJourneyRef, StartDate, EndDate) VALUES ('97845', 1503187200, 1503273599);
INSERT INTO DayOfOperation (VehicleJourneyRef, StartDate, EndDate) VALUES ('97845', 1503792000, 1503878399);
INSERT INTO DayOfOperation (VehicleJourneyRef, StartDate, EndDate) VALUES ('97845', 1504396800, 1504483199);
INSERT INTO DayOfOperation (VehicleJourneyRef, StartDate, EndDate) VALUES ('97845', 1505001600, 1505087999);
INSERT INTO DayOfOperation (VehicleJourneyRef, StartDate, EndDate) VALUES ('97845', 1505606400, 1505692799);
INSERT INTO DayOfOperation (VehicleJourneyRef, StartDate, EndDate) VALUES ('97845', 1506211200, 1506297599);
INSERT INTO DayOfOperation (VehicleJourneyRef, StartDate, EndDate) VALUES ('97845', 1506816000, 1506902399);
INSERT INTO DayOfOperation (VehicleJourneyRef, StartDate, EndDate) VALUES ('97845', 1507420800, 1507507199);
INSERT INTO DayOfOperation (VehicleJourneyRef, StartDate, EndDate) VALUES ('97845', 1508025600, 1508111999);
INSERT INTO DayOfOperation (VehicleJourneyRef, StartDate, EndDate) VALUES ('97845', 1508630400, 1508716799);
INSERT INTO DayOfNonOperation (VehicleJourneyRef, StartDate, EndDate) VALUES ('97845', 1508716800, 2524607999);
INSERT INTO VehicleJourney (VehicleJourneyCode, ServiceRef, LineRef, JourneyPatternRef, OperatorRef, Monday, Tuesday, Wednesday, Thursday, Friday, Saturday, Sunday, DepatureHour, DepatureMinute, DepatureSecond, Note, NoteCode) VALUES ('97846', 'FSACM18', '0', 'JPS_FSACM18-3', 'CAL', 0, 0, 0, 0, 0, 0, 1, 12, 45, 0, '', '');
INSERT INTO DayOfOperation (VehicleJourneyRef, StartDate, EndDate) VALUES ('97846', 1497744000, 1497830399);
INSERT INTO DayOfOperation (VehicleJourneyRef, StartDate, EndDate) VALUES ('97846', 1498348800, 1498435199);
INSERT INTO DayOfOperation (VehicleJourneyRef, StartDate, EndDate) VALUES ('97846', 1498953600, 1499039999);
INSERT INTO DayOfOperation (VehicleJourneyRef, StartDate, EndDate) VALUES ('97846', 1499558400, 1499644799);
INSERT INTO DayOfOperation (VehicleJourneyRef, StartDate, EndDate) VALUES ('97846', 1500163200, 1500249599);
INSERT INTO DayOfOperation (VehicleJourneyRef, StartDate, EndDate) VALUES ('97846', 1500768000, 1500854399);
INSERT INTO DayOfOperation (VehicleJourneyRef, StartDate, EndDate) VALUES ('97846', 1501372800, 1501459199);
INSERT INTO DayOfOperation (VehicleJourneyRef, StartDate, EndDate) VALUES ('97846', 1501977600, 1502063999);
INSERT INTO DayOfOperation (VehicleJourneyRef, StartDate, EndDate) VALUES ('97846', 1502582400, 1502668799);
INSERT INTO DayOfOperation (VehicleJourneyRef, StartDate, EndDate) VALUES ('97846', 1503187200, 1503273599);
INSERT INTO DayOfOperation (VehicleJourneyRef, StartDate, EndDate) VALUES ('97846', 1503792000, 1503878399);
INSERT INTO DayOfOperation (VehicleJourneyRef, StartDate, EndDate) VALUES ('97846', 1504396800, 1504483199);
INSERT INTO DayOfOperation (VehicleJourneyRef, StartDate, EndDate) VALUES ('97846', 1505001600, 1505087999);
INSERT INTO DayOfOperation (VehicleJourneyRef, StartDate, EndDate) VALUES ('97846', 1505606400, 1505692799);
INSERT INTO DayOfOperation (VehicleJourneyRef, StartDate, EndDate) VALUES ('97846', 1506211200, 1506297599);
INSERT INTO DayOfOperation (VehicleJourneyRef, StartDate, EndDate) VALUES ('97846', 1506816000, 1506902399);
INSERT INTO DayOfOperation (VehicleJourneyRef, StartDate, EndDate) VALUES ('97846', 1507420800, 1507507199);
INSERT INTO DayOfOperation (VehicleJourneyRef, StartDate, EndDate) VALUES ('97846', 1508025600, 1508111999);
INSERT INTO DayOfOperation (VehicleJourneyRef, StartDate, EndDate) VALUES ('97846', 1508630400, 1508716799);
INSERT INTO DayOfNonOperation (VehicleJourneyRef, StartDate, EndDate) VALUES ('97846', 1508716800, 2524607999);
INSERT INTO VehicleJourney (VehicleJourneyCode, ServiceRef, LineRef, JourneyPatternRef, OperatorRef, Monday, Tuesday, Wednesday, Thursday, Friday, Saturday, Sunday, DepatureHour, DepatureMinute, DepatureSecond, Note, NoteCode) VALUES ('97847', 'FSACM18', '0', 'JPS_FSACM18-4', 'CAL', 0, 0, 0, 0, 0, 0, 1, 14, 5, 0, '', '');
INSERT INTO DayOfOperation (VehicleJourneyRef, StartDate, EndDate) VALUES ('97847', 1497744000, 1497830399);
INSERT INTO DayOfOperation (VehicleJourneyRef, StartDate, EndDate) VALUES ('97847', 1498348800, 1498435199);
INSERT INTO DayOfOperation (VehicleJourneyRef, StartDate, EndDate) VALUES ('97847', 1498953600, 1499039999);
INSERT INTO DayOfOperation (VehicleJourneyRef, StartDate, EndDate) VALUES ('97847', 1499558400, 1499644799);
INSERT INTO DayOfOperation (VehicleJourneyRef, StartDate, EndDate) VALUES ('97847', 1500163200, 1500249599);
INSERT INTO DayOfOperation (VehicleJourneyRef, StartDate, EndDate) VALUES ('97847', 1500768000, 1500854399);
INSERT INTO DayOfOperation (VehicleJourneyRef, StartDate, EndDate) VALUES ('97847', 1501372800, 1501459199);
INSERT INTO DayOfOperation (VehicleJourneyRef, StartDate, EndDate) VALUES ('97847', 1501977600, 1502063999);
INSERT INTO DayOfOperation (VehicleJourneyRef, StartDate, EndDate) VALUES ('97847', 1502582400, 1502668799);
INSERT INTO DayOfOperation (VehicleJourneyRef, StartDate, EndDate) VALUES ('97847', 1503187200, 1503273599);
INSERT INTO DayOfOperation (VehicleJourneyRef, StartDate, EndDate) VALUES ('97847', 1503792000, 1503878399);
INSERT INTO DayOfOperation (VehicleJourneyRef, StartDate, EndDate) VALUES ('97847', 1504396800, 1504483199);
INSERT INTO DayOfOperation (VehicleJourneyRef, StartDate, EndDate) VALUES ('97847', 1505001600, 1505087999);
INSERT INTO DayOfOperation (VehicleJourneyRef, StartDate, EndDate) VALUES ('97847', 1505606400, 1505692799);
INSERT INTO DayOfOperation (VehicleJourneyRef, StartDate, EndDate) VALUES ('97847', 1506211200, 1506297599);
INSERT INTO DayOfOperation (VehicleJourneyRef, StartDate, EndDate) VALUES ('97847', 1506816000, 1506902399);
INSERT INTO DayOfOperation (VehicleJourneyRef, StartDate, EndDate) VALUES ('97847', 1507420800, 1507507199);
INSERT INTO DayOfOperation (VehicleJourneyRef, StartDate, EndDate) VALUES ('97847', 1508025600, 1508111999);
INSERT INTO DayOfOperation (VehicleJourneyRef, StartDate, EndDate) VALUES ('97847', 1508630400, 1508716799);
INSERT INTO DayOfNonOperation (VehicleJourneyRef, StartDate, EndDate) VALUES ('97847', 1508716800, 2524607999);
INSERT INTO VehicleJourney (VehicleJourneyCode, ServiceRef, LineRef, JourneyPatternRef, OperatorRef, Monday, Tuesday, Wednesday, Thursday, Friday, Saturday, Sunday, DepatureHour, DepatureMinute, DepatureSecond, Note, NoteCode) VALUES ('97848', 'FSACM18', '0', 'JPS_FSACM18-3', 'CAL', 0, 0, 0, 0, 0, 0, 1, 17, 0, 0, '', '');
INSERT INTO DayOfOperation (VehicleJourneyRef, StartDate, EndDate) VALUES ('97848', 1497744000, 1497830399);
INSERT INTO DayOfOperation (VehicleJourneyRef, StartDate, EndDate) VALUES ('97848', 1498348800, 1498435199);
INSERT INTO DayOfOperation (VehicleJourneyRef, StartDate, EndDate) VALUES ('97848', 1498953600, 1499039999);
INSERT INTO DayOfOperation (VehicleJourneyRef, StartDate, EndDate) VALUES ('97848', 1499558400, 1499644799);
INSERT INTO DayOfOperation (VehicleJourneyRef, StartDate, EndDate) VALUES ('97848', 1500163200, 1500249599);
INSERT INTO DayOfOperation (VehicleJourneyRef, StartDate, EndDate) VALUES ('97848', 1500768000, 1500854399);
INSERT INTO DayOfOperation (VehicleJourneyRef, StartDate, EndDate) VALUES ('97848', 1501372800, 1501459199);
INSERT INTO DayOfOperation (VehicleJourneyRef, StartDate, EndDate) VALUES ('97848', 1501977600, 1502063999);
INSERT INTO DayOfOperation (VehicleJourneyRef, StartDate, EndDate) VALUES ('97848', 1502582400, 1502668799);
INSERT INTO DayOfOperation (VehicleJourneyRef, StartDate, EndDate) VALUES ('97848', 1503187200, 1503273599);
INSERT INTO DayOfOperation (VehicleJourneyRef, StartDate, EndDate) VALUES ('97848', 1503792000, 1503878399);
INSERT INTO DayOfOperation (VehicleJourneyRef, StartDate, EndDate) VALUES ('97848', 1504396800, 1504483199);
INSERT INTO DayOfOperation (VehicleJourneyRef, StartDate, EndDate) VALUES ('97848', 1505001600, 1505087999);
INSERT INTO DayOfOperation (VehicleJourneyRef, StartDate, EndDate) VALUES ('97848', 1505606400, 1505692799);
INSERT INTO DayOfOperation (VehicleJourneyRef, StartDate, EndDate) VALUES ('97848', 1506211200, 1506297599);
INSERT INTO DayOfOperation (VehicleJourneyRef, StartDate, EndDate) VALUES ('97848', 1506816000, 1506902399);
INSERT INTO DayOfOperation (VehicleJourneyRef, StartDate, EndDate) VALUES ('97848', 1507420800, 1507507199);
INSERT INTO DayOfOperation (VehicleJourneyRef, StartDate, EndDate) VALUES ('97848', 1508025600, 1508111999);
INSERT INTO DayOfOperation (VehicleJourneyRef, StartDate, EndDate) VALUES ('97848', 1508630400, 1508716799);
INSERT INTO DayOfNonOperation (VehicleJourneyRef, StartDate, EndDate) VALUES ('97848', 1508716800, 2524607999);
INSERT INTO VehicleJourney (VehicleJourneyCode, ServiceRef, LineRef, JourneyPatternRef, OperatorRef, Monday, Tuesday, Wednesday, Thursday, Friday, Saturday, Sunday, DepatureHour, DepatureMinute, DepatureSecond, Note, NoteCode) VALUES ('97849', 'FSACM18', '0', 'JPS_FSACM18-3', 'CAL', 0, 0, 0, 0, 0, 0, 1, 19, 0, 0, '', '');
INSERT INTO DayOfOperation (VehicleJourneyRef, StartDate, EndDate) VALUES ('97849', 1497744000, 1497830399);
INSERT INTO DayOfOperation (VehicleJourneyRef, StartDate, EndDate) VALUES ('97849', 1498348800, 1498435199);
INSERT INTO DayOfOperation (VehicleJourneyRef, StartDate, EndDate) VALUES ('97849', 1498953600, 1499039999);
INSERT INTO DayOfOperation (VehicleJourneyRef, StartDate, EndDate) VALUES ('97849', 1499558400, 1499644799);
INSERT INTO DayOfOperation (VehicleJourneyRef, StartDate, EndDate) VALUES ('97849', 1500163200, 1500249599);
INSERT INTO DayOfOperation (VehicleJourneyRef, StartDate, EndDate) VALUES ('97849', 1500768000, 1500854399);
INSERT INTO DayOfOperation (VehicleJourneyRef, StartDate, EndDate) VALUES ('97849', 1501372800, 1501459199);
INSERT INTO DayOfOperation (VehicleJourneyRef, StartDate, EndDate) VALUES ('97849', 1501977600, 1502063999);
INSERT INTO DayOfOperation (VehicleJourneyRef, StartDate, EndDate) VALUES ('97849', 1502582400, 1502668799);
INSERT INTO DayOfOperation (VehicleJourneyRef, StartDate, EndDate) VALUES ('97849', 1503187200, 1503273599);
INSERT INTO DayOfOperation (VehicleJourneyRef, StartDate, EndDate) VALUES ('97849', 1503792000, 1503878399);
INSERT INTO DayOfOperation (VehicleJourneyRef, StartDate, EndDate) VALUES ('97849', 1504396800, 1504483199);
INSERT INTO DayOfOperation (VehicleJourneyRef, StartDate, EndDate) VALUES ('97849', 1505001600, 1505087999);
INSERT INTO DayOfOperation (VehicleJourneyRef, StartDate, EndDate) VALUES ('97849', 1505606400, 1505692799);
INSERT INTO DayOfOperation (VehicleJourneyRef, StartDate, EndDate) VALUES ('97849', 1506211200, 1506297599);
INSERT INTO DayOfOperation (VehicleJourneyRef, StartDate, EndDate) VALUES ('97849', 1506816000, 1506902399);
INSERT INTO DayOfOperation (VehicleJourneyRef, StartDate, EndDate) VALUES ('97849', 1507420800, 1507507199);
INSERT INTO DayOfOperation (VehicleJourneyRef, StartDate, EndDate) VALUES ('97849', 1508025600, 1508111999);
INSERT INTO DayOfOperation (VehicleJourneyRef, StartDate, EndDate) VALUES ('97849', 1508630400, 1508716799);
INSERT INTO DayOfNonOperation (VehicleJourneyRef, StartDate, EndDate) VALUES ('97849', 1508716800, 2524607999);
INSERT INTO VehicleJourney (VehicleJourneyCode, ServiceRef, LineRef, JourneyPatternRef, OperatorRef, Monday, Tuesday, Wednesday, Thursday, Friday, Saturday, Sunday, DepatureHour, DepatureMinute, DepatureSecond, Note, NoteCode) VALUES ('97851', 'FSACM18', '0', 'JPS_FSACM18-5', 'CAL', 1, 1, 1, 1, 1, 1, 0, 7, 40, 0, '', '');
INSERT INTO DayOfOperation (VehicleJourneyRef, StartDate, EndDate) VALUES ('97851', 1497657600, 1497743999);
INSERT INTO DayOfOperation (VehicleJourneyRef, StartDate, EndDate) VALUES ('97851', 1498262400, 1498348799);
INSERT INTO DayOfOperation (VehicleJourneyRef, StartDate, EndDate) VALUES ('97851', 1498867200, 1498953599);
INSERT INTO DayOfOperation (VehicleJourneyRef, StartDate, EndDate) VALUES ('97851', 1499472000, 1499558399);
INSERT INTO DayOfOperation (VehicleJourneyRef, StartDate, EndDate) VALUES ('97851', 1500076800, 1500163199);
INSERT INTO DayOfOperation (VehicleJourneyRef, StartDate, EndDate) VALUES ('97851', 1500681600, 1500767999);
INSERT INTO DayOfOperation (VehicleJourneyRef, StartDate, EndDate) VALUES ('97851', 1501286400, 1501372799);
INSERT INTO DayOfOperation (VehicleJourneyRef, StartDate, EndDate) VALUES ('97851', 1501891200, 1501977599);
INSERT INTO DayOfOperation (VehicleJourneyRef, StartDate, EndDate) VALUES ('97851', 1502496000, 1502582399);
INSERT INTO DayOfOperation (VehicleJourneyRef, StartDate, EndDate) VALUES ('97851', 1503100800, 1503187199);
INSERT INTO DayOfOperation (VehicleJourneyRef, StartDate, EndDate) VALUES ('97851', 1503705600, 1503791999);
INSERT INTO DayOfOperation (VehicleJourneyRef, StartDate, EndDate) VALUES ('97851', 1504310400, 1504396799);
INSERT INTO DayOfOperation (VehicleJourneyRef, StartDate, EndDate) VALUES ('97851', 1504915200, 1505001599);
INSERT INTO DayOfOperation (VehicleJourneyRef, StartDate, EndDate) VALUES ('97851', 1505520000, 1505606399);
INSERT INTO DayOfOperation (VehicleJourneyRef, StartDate, EndDate) VALUES ('97851', 1506124800, 1506211199);
INSERT INTO DayOfOperation (VehicleJourneyRef, StartDate, EndDate) VALUES ('97851', 1506729600, 1506815999);
INSERT INTO DayOfOperation (VehicleJourneyRef, StartDate, EndDate) VALUES ('97851', 1507334400, 1507420799);
INSERT INTO DayOfOperation (VehicleJourneyRef, StartDate, EndDate) VALUES ('97851', 1507939200, 1508025599);
INSERT INTO DayOfOperation (VehicleJourneyRef, StartDate, EndDate) VALUES ('97851', 1508544000, 1508630399);
INSERT INTO DayOfNonOperation (VehicleJourneyRef, StartDate, EndDate) VALUES ('97851', 1508716800, 2524607999);
INSERT INTO VehicleJourney (VehicleJourneyCode, ServiceRef, LineRef, JourneyPatternRef, OperatorRef, Monday, Tuesday, Wednesday, Thursday, Friday, Saturday, Sunday, DepatureHour, DepatureMinute, DepatureSecond, Note, NoteCode) VALUES ('97852', 'FSACM18', '0', 'JPS_FSACM18-6', 'CAL', 1, 1, 1, 1, 1, 1, 0, 9, 40, 0, '', '');
INSERT INTO DayOfOperation (VehicleJourneyRef, StartDate, EndDate) VALUES ('97852', 1497657600, 1497743999);
INSERT INTO DayOfOperation (VehicleJourneyRef, StartDate, EndDate) VALUES ('97852', 1498262400, 1498348799);
INSERT INTO DayOfOperation (VehicleJourneyRef, StartDate, EndDate) VALUES ('97852', 1498867200, 1498953599);
INSERT INTO DayOfOperation (VehicleJourneyRef, StartDate, EndDate) VALUES ('97852', 1499472000, 1499558399);
INSERT INTO DayOfOperation (VehicleJourneyRef, StartDate, EndDate) VALUES ('97852', 1500076800, 1500163199);
INSERT INTO DayOfOperation (VehicleJourneyRef, StartDate, EndDate) VALUES ('97852', 1500681600, 1500767999);
INSERT INTO DayOfOperation (VehicleJourneyRef, StartDate, EndDate) VALUES ('97852', 1501286400, 1501372799);
INSERT INTO DayOfOperation (VehicleJourneyRef, StartDate, EndDate) VALUES ('97852', 1501891200, 1501977599);
INSERT INTO DayOfOperation (VehicleJourneyRef, StartDate, EndDate) VALUES ('97852', 1502496000, 1502582399);
INSERT INTO DayOfOperation (VehicleJourneyRef, StartDate, EndDate) VALUES ('97852', 1503100800, 1503187199);
INSERT INTO DayOfOperation (VehicleJourneyRef, StartDate, EndDate) VALUES ('97852', 1503705600, 1503791999);
INSERT INTO DayOfOperation (VehicleJourneyRef, StartDate, EndDate) VALUES ('97852', 1504310400, 1504396799);
INSERT INTO DayOfOperation (VehicleJourneyRef, StartDate, EndDate) VALUES ('97852', 1504915200, 1505001599);
INSERT INTO DayOfOperation (VehicleJourneyRef, StartDate, EndDate) VALUES ('97852', 1505520000, 1505606399);
INSERT INTO DayOfOperation (VehicleJourneyRef, StartDate, EndDate) VALUES ('97852', 1506124800, 1506211199);
INSERT INTO DayOfOperation (VehicleJourneyRef, StartDate, EndDate) VALUES ('97852', 1506729600, 1506815999);
INSERT INTO DayOfOperation (VehicleJourneyRef, StartDate, EndDate) VALUES ('97852', 1507334400, 1507420799);
INSERT INTO DayOfOperation (VehicleJourneyRef, StartDate, EndDate) VALUES ('97852', 1507939200, 1508025599);
INSERT INTO DayOfOperation (VehicleJourneyRef, StartDate, EndDate) VALUES ('97852', 1508544000, 1508630399);
INSERT INTO DayOfNonOperation (VehicleJourneyRef, StartDate, EndDate) VALUES ('97852', 1508716800, 2524607999);
INSERT INTO VehicleJourney (VehicleJourneyCode, ServiceRef, LineRef, JourneyPatternRef, OperatorRef, Monday, Tuesday, Wednesday, Thursday, Friday, Saturday, Sunday, DepatureHour, DepatureMinute, DepatureSecond, Note, NoteCode) VALUES ('97853', 'FSACM18', '0', 'JPS_FSACM18-7', 'CAL', 1, 1, 1, 1, 1, 1, 0, 11, 0, 0, '', '');
INSERT INTO DayOfOperation (VehicleJourneyRef, StartDate, EndDate) VALUES ('97853', 1497657600, 1497743999);
INSERT INTO DayOfOperation (VehicleJourneyRef, StartDate, EndDate) VALUES ('97853', 1498262400, 1498348799);
INSERT INTO DayOfOperation (VehicleJourneyRef, StartDate, EndDate) VALUES ('97853', 1498867200, 1498953599);
INSERT INTO DayOfOperation (VehicleJourneyRef, StartDate, EndDate) VALUES ('97853', 1499472000, 1499558399);
INSERT INTO DayOfOperation (VehicleJourneyRef, StartDate, EndDate) VALUES ('97853', 1500076800, 1500163199);
INSERT INTO DayOfOperation (VehicleJourneyRef, StartDate, EndDate) VALUES ('97853', 1500681600, 1500767999);
INSERT INTO DayOfOperation (VehicleJourneyRef, StartDate, EndDate) VALUES ('97853', 1501286400, 1501372799);
INSERT INTO DayOfOperation (VehicleJourneyRef, StartDate, EndDate) VALUES ('97853', 1501891200, 1501977599);
INSERT INTO DayOfOperation (VehicleJourneyRef, StartDate, EndDate) VALUES ('97853', 1502496000, 1502582399);
INSERT INTO DayOfOperation (VehicleJourneyRef, StartDate, EndDate) VALUES ('97853', 1503100800, 1503187199);
INSERT INTO DayOfOperation (VehicleJourneyRef, StartDate, EndDate) VALUES ('97853', 1503705600, 1503791999);
INSERT INTO DayOfOperation (VehicleJourneyRef, StartDate, EndDate) VALUES ('97853', 1504310400, 1504396799);
INSERT INTO DayOfOperation (VehicleJourneyRef, StartDate, EndDate) VALUES ('97853', 1504915200, 1505001599);
INSERT INTO DayOfOperation (VehicleJourneyRef, StartDate, EndDate) VALUES ('97853', 1505520000, 1505606399);
INSERT INTO DayOfOperation (VehicleJourneyRef, StartDate, EndDate) VALUES ('97853', 1506124800, 1506211199);
INSERT INTO DayOfOperation (VehicleJourneyRef, StartDate, EndDate) VALUES ('97853', 1506729600, 1506815999);
INSERT INTO DayOfOperation (VehicleJourneyRef, StartDate, EndDate) VALUES ('97853', 1507334400, 1507420799);
INSERT INTO DayOfOperation (VehicleJourneyRef, StartDate, EndDate) VALUES ('97853', 1507939200, 1508025599);
INSERT INTO DayOfOperation (VehicleJourneyRef, StartDate, EndDate) VALUES ('97853', 1508544000, 1508630399);
INSERT INTO DayOfNonOperation (VehicleJourneyRef, StartDate, EndDate) VALUES ('97853', 1508716800, 2524607999);
INSERT INTO VehicleJourney (VehicleJourneyCode, ServiceRef, LineRef, JourneyPatternRef, OperatorRef, Monday, Tuesday, Wednesday, Thursday, Friday, Saturday, Sunday, DepatureHour, DepatureMinute, DepatureSecond, Note, NoteCode) VALUES ('97854', 'FSACM18', '0', 'JPS_FSACM18-6', 'CAL', 1, 1, 1, 1, 1, 1, 0, 12, 0, 0, '', '');
INSERT INTO DayOfOperation (VehicleJourneyRef, StartDate, EndDate) VALUES ('97854', 1497657600, 1497743999);
INSERT INTO DayOfOperation (VehicleJourneyRef, StartDate, EndDate) VALUES ('97854', 1498262400, 1498348799);
INSERT INTO DayOfOperation (VehicleJourneyRef, StartDate, EndDate) VALUES ('97854', 1498867200, 1498953599);
INSERT INTO DayOfOperation (VehicleJourneyRef, StartDate, EndDate) VALUES ('97854', 1499472000, 1499558399);
INSERT INTO DayOfOperation (VehicleJourneyRef, StartDate, EndDate) VALUES ('97854', 1500076800, 1500163199);
INSERT INTO DayOfOperation (VehicleJourneyRef, StartDate, EndDate) VALUES ('97854', 1500681600, 1500767999);
INSERT INTO DayOfOperation (VehicleJourneyRef, StartDate, EndDate) VALUES ('97854', 1501286400, 1501372799);
INSERT INTO DayOfOperation (VehicleJourneyRef, StartDate, EndDate) VALUES ('97854', 1501891200, 1501977599);
INSERT INTO DayOfOperation (VehicleJourneyRef, StartDate, EndDate) VALUES ('97854', 1502496000, 1502582399);
INSERT INTO DayOfOperation (VehicleJourneyRef, StartDate, EndDate) VALUES ('97854', 1503100800, 1503187199);
INSERT INTO DayOfOperation (VehicleJourneyRef, StartDate, EndDate) VALUES ('97854', 1503705600, 1503791999);
INSERT INTO DayOfOperation (VehicleJourneyRef, StartDate, EndDate) VALUES ('97854', 1504310400, 1504396799);
INSERT INTO DayOfOperation (VehicleJourneyRef, StartDate, EndDate) VALUES ('97854', 1504915200, 1505001599);
INSERT INTO DayOfOperation (VehicleJourneyRef, StartDate, EndDate) VALUES ('97854', 1505520000, 1505606399);
INSERT INTO DayOfOperation (VehicleJourneyRef, StartDate, EndDate) VALUES ('97854', 1506124800, 1506211199);
INSERT INTO DayOfOperation (VehicleJourneyRef, StartDate, EndDate) VALUES ('97854', 1506729600, 1506815999);
INSERT INTO DayOfOperation (VehicleJourneyRef, StartDate, EndDate) VALUES ('97854', 1507334400, 1507420799);
INSERT INTO DayOfOperation (VehicleJourneyRef, StartDate, EndDate) VALUES ('97854', 1507939200, 1508025599);
INSERT INTO DayOfOperation (VehicleJourneyRef, StartDate, EndDate) VALUES ('97854', 1508544000, 1508630399);
INSERT INTO DayOfNonOperation (VehicleJourneyRef, StartDate, EndDate) VALUES ('97854', 1508716800, 2524607999);
INSERT INTO VehicleJourney (VehicleJourneyCode, ServiceRef, LineRef, JourneyPatternRef, OperatorRef, Monday, Tuesday, Wednesday, Thursday, Friday, Saturday, Sunday, DepatureHour, DepatureMinute, DepatureSecond, Note, NoteCode) VALUES ('97855', 'FSACM18', '0', 'JPS_FSACM18-7', 'CAL', 1, 1, 1, 1, 1, 1, 0, 13, 30, 0, '', '');
INSERT INTO DayOfOperation (VehicleJourneyRef, StartDate, EndDate) VALUES ('97855', 1497657600, 1497743999);
INSERT INTO DayOfOperation (VehicleJourneyRef, StartDate, EndDate) VALUES ('97855', 1498262400, 1498348799);
INSERT INTO DayOfOperation (VehicleJourneyRef, StartDate, EndDate) VALUES ('97855', 1498867200, 1498953599);
INSERT INTO DayOfOperation (VehicleJourneyRef, StartDate, EndDate) VALUES ('97855', 1499472000, 1499558399);
INSERT INTO DayOfOperation (VehicleJourneyRef, StartDate, EndDate) VALUES ('97855', 1500076800, 1500163199);
INSERT INTO DayOfOperation (VehicleJourneyRef, StartDate, EndDate) VALUES ('97855', 1500681600, 1500767999);
INSERT INTO DayOfOperation (VehicleJourneyRef, StartDate, EndDate) VALUES ('97855', 1501286400, 1501372799);
INSERT INTO DayOfOperation (VehicleJourneyRef, StartDate, EndDate) VALUES ('97855', 1501891200, 1501977599);
INSERT INTO DayOfOperation (VehicleJourneyRef, StartDate, EndDate) VALUES ('97855', 1502496000, 1502582399);
INSERT INTO DayOfOperation (VehicleJourneyRef, StartDate, EndDate) VALUES ('97855', 1503100800, 1503187199);
INSERT INTO DayOfOperation (VehicleJourneyRef, StartDate, EndDate) VALUES ('97855', 1503705600, 1503791999);
INSERT INTO DayOfOperation (VehicleJourneyRef, StartDate, EndDate) VALUES ('97855', 1504310400, 1504396799);
INSERT INTO DayOfOperation (VehicleJourneyRef, StartDate, EndDate) VALUES ('97855', 1504915200, 1505001599);
INSERT INTO DayOfOperation (VehicleJourneyRef, StartDate, EndDate) VALUES ('97855', 1505520000, 1505606399);
INSERT INTO DayOfOperation (VehicleJourneyRef, StartDate, EndDate) VALUES ('97855', 1506124800, 1506211199);
INSERT INTO DayOfOperation (VehicleJourneyRef, StartDate, EndDate) VALUES ('97855', 1506729600, 1506815999);
INSERT INTO DayOfOperation (VehicleJourneyRef, StartDate, EndDate) VALUES ('97855', 1507334400, 1507420799);
INSERT INTO DayOfOperation (VehicleJourneyRef, StartDate, EndDate) VALUES ('97855', 1507939200, 1508025599);
INSERT INTO DayOfOperation (VehicleJourneyRef, StartDate, EndDate) VALUES ('97855', 1508544000, 1508630399);
INSERT INTO DayOfNonOperation (VehicleJourneyRef, StartDate, EndDate) VALUES ('97855', 1508716800, 2524607999);
INSERT INTO VehicleJourney (VehicleJourneyCode, ServiceRef, LineRef, JourneyPatternRef, OperatorRef, Monday, Tuesday, Wednesday, Thursday, Friday, Saturday, Sunday, DepatureHour, DepatureMinute, DepatureSecond, Note, NoteCode) VALUES ('97856', 'FSACM18', '0', 'JPS_FSACM18-6', 'CAL', 1, 1, 1, 1, 1, 1, 0, 14, 0, 0, '', '');
INSERT INTO DayOfOperation (VehicleJourneyRef, StartDate, EndDate) VALUES ('97856', 1497657600, 1497743999);
INSERT INTO DayOfOperation (VehicleJourneyRef, StartDate, EndDate) VALUES ('97856', 1498262400, 1498348799);
INSERT INTO DayOfOperation (VehicleJourneyRef, StartDate, EndDate) VALUES ('97856', 1498867200, 1498953599);
INSERT INTO DayOfOperation (VehicleJourneyRef, StartDate, EndDate) VALUES ('97856', 1499472000, 1499558399);
INSERT INTO DayOfOperation (VehicleJourneyRef, StartDate, EndDate) VALUES ('97856', 1500076800, 1500163199);
INSERT INTO DayOfOperation (VehicleJourneyRef, StartDate, EndDate) VALUES ('97856', 1500681600, 1500767999);
INSERT INTO DayOfOperation (VehicleJourneyRef, StartDate, EndDate) VALUES ('97856', 1501286400, 1501372799);
INSERT INTO DayOfOperation (VehicleJourneyRef, StartDate, EndDate) VALUES ('97856', 1501891200, 1501977599);
INSERT INTO DayOfOperation (VehicleJourneyRef, StartDate, EndDate) VALUES ('97856', 1502496000, 1502582399);
INSERT INTO DayOfOperation (VehicleJourneyRef, StartDate, EndDate) VALUES ('97856', 1503100800, 1503187199);
INSERT INTO DayOfOperation (VehicleJourneyRef, StartDate, EndDate) VALUES ('97856', 1503705600, 1503791999);
INSERT INTO DayOfOperation (VehicleJourneyRef, StartDate, EndDate) VALUES ('97856', 1504310400, 1504396799);
INSERT INTO DayOfOperation (VehicleJourneyRef, StartDate, EndDate) VALUES ('97856', 1504915200, 1505001599);
INSERT INTO DayOfOperation (VehicleJourneyRef, StartDate, EndDate) VALUES ('97856', 1505520000, 1505606399);
INSERT INTO DayOfOperation (VehicleJourneyRef, StartDate, EndDate) VALUES ('97856', 1506124800, 1506211199);
INSERT INTO DayOfOperation (VehicleJourneyRef, StartDate, EndDate) VALUES ('97856', 1506729600, 1506815999);
INSERT INTO DayOfOperation (VehicleJourneyRef, StartDate, EndDate) VALUES ('97856', 1507334400, 1507420799);
INSERT INTO DayOfOperation (VehicleJourneyRef, StartDate, EndDate) VALUES ('97856', 1507939200, 1508025599);
INSERT INTO DayOfOperation (VehicleJourneyRef, StartDate, EndDate) VALUES ('97856', 1508544000, 1508630399);
INSERT INTO DayOfNonOperation (VehicleJourneyRef, StartDate, EndDate) VALUES ('97856', 1508716800, 2524607999);
INSERT INTO VehicleJourney (VehicleJourneyCode, ServiceRef, LineRef, JourneyPatternRef, OperatorRef, Monday, Tuesday, Wednesday, Thursday, Friday, Saturday, Sunday, DepatureHour, DepatureMinute, DepatureSecond, Note, NoteCode) VALUES ('97857', 'FSACM18', '0', 'JPS_FSACM18-7', 'CAL', 1, 1, 1, 1, 1, 1, 0, 15, 20, 0, '', '');
INSERT INTO DayOfOperation (VehicleJourneyRef, StartDate, EndDate) VALUES ('97857', 1497657600, 1497743999);
INSERT INTO DayOfOperation (VehicleJourneyRef, StartDate, EndDate) VALUES ('97857', 1498262400, 1498348799);
INSERT INTO DayOfOperation (VehicleJourneyRef, StartDate, EndDate) VALUES ('97857', 1498867200, 1498953599);
INSERT INTO DayOfOperation (VehicleJourneyRef, StartDate, EndDate) VALUES ('97857', 1499472000, 1499558399);
INSERT INTO DayOfOperation (VehicleJourneyRef, StartDate, EndDate) VALUES ('97857', 1500076800, 1500163199);
INSERT INTO DayOfOperation (VehicleJourneyRef, StartDate, EndDate) VALUES ('97857', 1500681600, 1500767999);
INSERT INTO DayOfOperation (VehicleJourneyRef, StartDate, EndDate) VALUES ('97857', 1501286400, 1501372799);
INSERT INTO DayOfOperation (VehicleJourneyRef, StartDate, EndDate) VALUES ('97857', 1501891200, 1501977599);
INSERT INTO DayOfOperation (VehicleJourneyRef, StartDate, EndDate) VALUES ('97857', 1502496000, 1502582399);
INSERT INTO DayOfOperation (VehicleJourneyRef, StartDate, EndDate) VALUES ('97857', 1503100800, 1503187199);
INSERT INTO DayOfOperation (VehicleJourneyRef, StartDate, EndDate) VALUES ('97857', 1503705600, 1503791999);
INSERT INTO DayOfOperation (VehicleJourneyRef, StartDate, EndDate) VALUES ('97857', 1504310400, 1504396799);
INSERT INTO DayOfOperation (VehicleJourneyRef, StartDate, EndDate) VALUES ('97857', 1504915200, 1505001599);
INSERT INTO DayOfOperation (VehicleJourneyRef, StartDate, EndDate) VALUES ('97857', 1505520000, 1505606399);
INSERT INTO DayOfOperation (VehicleJourneyRef, StartDate, EndDate) VALUES ('97857', 1506124800, 1506211199);
INSERT INTO DayOfOperation (VehicleJourneyRef, StartDate, EndDate) VALUES ('97857', 1506729600, 1506815999);
INSERT INTO DayOfOperation (VehicleJourneyRef, StartDate, EndDate) VALUES ('97857', 1507334400, 1507420799);
INSERT INTO DayOfOperation (VehicleJourneyRef, StartDate, EndDate) VALUES ('97857', 1507939200, 1508025599);
INSERT INTO DayOfOperation (VehicleJourneyRef, StartDate, EndDate) VALUES ('97857', 1508544000, 1508630399);
INSERT INTO DayOfNonOperation (VehicleJourneyRef, StartDate, EndDate) VALUES ('97857', 1508716800, 2524607999);
INSERT INTO VehicleJourney (VehicleJourneyCode, ServiceRef, LineRef, JourneyPatternRef, OperatorRef, Monday, Tuesday, Wednesday, Thursday, Friday, Saturday, Sunday, DepatureHour, DepatureMinute, DepatureSecond, Note, NoteCode) VALUES ('97858', 'FSACM18', '0', 'JPS_FSACM18-6', 'CAL', 1, 1, 1, 1, 1, 1, 0, 16, 0, 0, '', '');
INSERT INTO DayOfOperation (VehicleJourneyRef, StartDate, EndDate) VALUES ('97858', 1497657600, 1497743999);
INSERT INTO DayOfOperation (VehicleJourneyRef, StartDate, EndDate) VALUES ('97858', 1498262400, 1498348799);
INSERT INTO DayOfOperation (VehicleJourneyRef, StartDate, EndDate) VALUES ('97858', 1498867200, 1498953599);
INSERT INTO DayOfOperation (VehicleJourneyRef, StartDate, EndDate) VALUES ('97858', 1499472000, 1499558399);
INSERT INTO DayOfOperation (VehicleJourneyRef, StartDate, EndDate) VALUES ('97858', 1500076800, 1500163199);
INSERT INTO DayOfOperation (VehicleJourneyRef, StartDate, EndDate) VALUES ('97858', 1500681600, 1500767999);
INSERT INTO DayOfOperation (VehicleJourneyRef, StartDate, EndDate) VALUES ('97858', 1501286400, 1501372799);
INSERT INTO DayOfOperation (VehicleJourneyRef, StartDate, EndDate) VALUES ('97858', 1501891200, 1501977599);
INSERT INTO DayOfOperation (VehicleJourneyRef, StartDate, EndDate) VALUES ('97858', 1502496000, 1502582399);
INSERT INTO DayOfOperation (VehicleJourneyRef, StartDate, EndDate) VALUES ('97858', 1503100800, 1503187199);
INSERT INTO DayOfOperation (VehicleJourneyRef, StartDate, EndDate) VALUES ('97858', 1503705600, 1503791999);
INSERT INTO DayOfOperation (VehicleJourneyRef, StartDate, EndDate) VALUES ('97858', 1504310400, 1504396799);
INSERT INTO DayOfOperation (VehicleJourneyRef, StartDate, EndDate) VALUES ('97858', 1504915200, 1505001599);
INSERT INTO DayOfOperation (VehicleJourneyRef, StartDate, EndDate) VALUES ('97858', 1505520000, 1505606399);
INSERT INTO DayOfOperation (VehicleJourneyRef, StartDate, EndDate) VALUES ('97858', 1506124800, 1506211199);
INSERT INTO DayOfOperation (VehicleJourneyRef, StartDate, EndDate) VALUES ('97858', 1506729600, 1506815999);
INSERT INTO DayOfOperation (VehicleJourneyRef, StartDate, EndDate) VALUES ('97858', 1507334400, 1507420799);
INSERT INTO DayOfOperation (VehicleJourneyRef, StartDate, EndDate) VALUES ('97858', 1507939200, 1508025599);
INSERT INTO DayOfOperation (VehicleJourneyRef, StartDate, EndDate) VALUES ('97858', 1508544000, 1508630399);
INSERT INTO DayOfNonOperation (VehicleJourneyRef, StartDate, EndDate) VALUES ('97858', 1508716800, 2524607999);
INSERT INTO VehicleJourney (VehicleJourneyCode, ServiceRef, LineRef, JourneyPatternRef, OperatorRef, Monday, Tuesday, Wednesday, Thursday, Friday, Saturday, Sunday, DepatureHour, DepatureMinute, DepatureSecond, Note, NoteCode) VALUES ('97859', 'FSACM18', '0', 'JPS_FSACM18-6', 'CAL', 1, 1, 1, 1, 1, 1, 0, 18, 10, 0, '', '');
INSERT INTO DayOfOperation (VehicleJourneyRef, StartDate, EndDate) VALUES ('97859', 1497657600, 1497743999);
INSERT INTO DayOfOperation (VehicleJourneyRef, StartDate, EndDate) VALUES ('97859', 1498262400, 1498348799);
INSERT INTO DayOfOperation (VehicleJourneyRef, StartDate, EndDate) VALUES ('97859', 1498867200, 1498953599);
INSERT INTO DayOfOperation (VehicleJourneyRef, StartDate, EndDate) VALUES ('97859', 1499472000, 1499558399);
INSERT INTO DayOfOperation (VehicleJourneyRef, StartDate, EndDate) VALUES ('97859', 1500076800, 1500163199);
INSERT INTO DayOfOperation (VehicleJourneyRef, StartDate, EndDate) VALUES ('97859', 1500681600, 1500767999);
INSERT INTO DayOfOperation (VehicleJourneyRef, StartDate, EndDate) VALUES ('97859', 1501286400, 1501372799);
INSERT INTO DayOfOperation (VehicleJourneyRef, StartDate, EndDate) VALUES ('97859', 1501891200, 1501977599);
INSERT INTO DayOfOperation (VehicleJourneyRef, StartDate, EndDate) VALUES ('97859', 1502496000, 1502582399);
INSERT INTO DayOfOperation (VehicleJourneyRef, StartDate, EndDate) VALUES ('97859', 1503100800, 1503187199);
INSERT INTO DayOfOperation (VehicleJourneyRef, StartDate, EndDate) VALUES ('97859', 1503705600, 1503791999);
INSERT INTO DayOfOperation (VehicleJourneyRef, StartDate, EndDate) VALUES ('97859', 1504310400, 1504396799);
INSERT INTO DayOfOperation (VehicleJourneyRef, StartDate, EndDate) VALUES ('97859', 1504915200, 1505001599);
INSERT INTO DayOfOperation (VehicleJourneyRef, StartDate, EndDate) VALUES ('97859', 1505520000, 1505606399);
INSERT INTO DayOfOperation (VehicleJourneyRef, StartDate, EndDate) VALUES ('97859', 1506124800, 1506211199);
INSERT INTO DayOfOperation (VehicleJourneyRef, StartDate, EndDate) VALUES ('97859', 1506729600, 1506815999);
INSERT INTO DayOfOperation (VehicleJourneyRef, StartDate, EndDate) VALUES ('97859', 1507334400, 1507420799);
INSERT INTO DayOfOperation (VehicleJourneyRef, StartDate, EndDate) VALUES ('97859', 1507939200, 1508025599);
INSERT INTO DayOfOperation (VehicleJourneyRef, StartDate, EndDate) VALUES ('97859', 1508544000, 1508630399);
INSERT INTO DayOfNonOperation (VehicleJourneyRef, StartDate, EndDate) VALUES ('97859', 1508716800, 2524607999);
INSERT INTO VehicleJourney (VehicleJourneyCode, ServiceRef, LineRef, JourneyPatternRef, OperatorRef, Monday, Tuesday, Wednesday, Thursday, Friday, Saturday, Sunday, DepatureHour, DepatureMinute, DepatureSecond, Note, NoteCode) VALUES ('97864', 'FSACM18', '0', 'JPS_FSACM18-6', 'CAL', 0, 0, 0, 0, 0, 0, 1, 9, 30, 0, '', '');
INSERT INTO DayOfOperation (VehicleJourneyRef, StartDate, EndDate) VALUES ('97864', 1497744000, 1497830399);
INSERT INTO DayOfOperation (VehicleJourneyRef, StartDate, EndDate) VALUES ('97864', 1498348800, 1498435199);
INSERT INTO DayOfOperation (VehicleJourneyRef, StartDate, EndDate) VALUES ('97864', 1498953600, 1499039999);
INSERT INTO DayOfOperation (VehicleJourneyRef, StartDate, EndDate) VALUES ('97864', 1499558400, 1499644799);
INSERT INTO DayOfOperation (VehicleJourneyRef, StartDate, EndDate) VALUES ('97864', 1500163200, 1500249599);
INSERT INTO DayOfOperation (VehicleJourneyRef, StartDate, EndDate) VALUES ('97864', 1500768000, 1500854399);
INSERT INTO DayOfOperation (VehicleJourneyRef, StartDate, EndDate) VALUES ('97864', 1501372800, 1501459199);
INSERT INTO DayOfOperation (VehicleJourneyRef, StartDate, EndDate) VALUES ('97864', 1501977600, 1502063999);
INSERT INTO DayOfOperation (VehicleJourneyRef, StartDate, EndDate) VALUES ('97864', 1502582400, 1502668799);
INSERT INTO DayOfOperation (VehicleJourneyRef, StartDate, EndDate) VALUES ('97864', 1503187200, 1503273599);
INSERT INTO DayOfOperation (VehicleJourneyRef, StartDate, EndDate) VALUES ('97864', 1503792000, 1503878399);
INSERT INTO DayOfOperation (VehicleJourneyRef, StartDate, EndDate) VALUES ('97864', 1504396800, 1504483199);
INSERT INTO DayOfOperation (VehicleJourneyRef, StartDate, EndDate) VALUES ('97864', 1505001600, 1505087999);
INSERT INTO DayOfOperation (VehicleJourneyRef, StartDate, EndDate) VALUES ('97864', 1505606400, 1505692799);
INSERT INTO DayOfOperation (VehicleJourneyRef, StartDate, EndDate) VALUES ('97864', 1506211200, 1506297599);
INSERT INTO DayOfOperation (VehicleJourneyRef, StartDate, EndDate) VALUES ('97864', 1506816000, 1506902399);
INSERT INTO DayOfOperation (VehicleJourneyRef, StartDate, EndDate) VALUES ('97864', 1507420800, 1507507199);
INSERT INTO DayOfOperation (VehicleJourneyRef, StartDate, EndDate) VALUES ('97864', 1508025600, 1508111999);
INSERT INTO DayOfOperation (VehicleJourneyRef, StartDate, EndDate) VALUES ('97864', 1508630400, 1508716799);
INSERT INTO DayOfNonOperation (VehicleJourneyRef, StartDate, EndDate) VALUES ('97864', 1508716800, 2524607999);
INSERT INTO VehicleJourney (VehicleJourneyCode, ServiceRef, LineRef, JourneyPatternRef, OperatorRef, Monday, Tuesday, Wednesday, Thursday, Friday, Saturday, Sunday, DepatureHour, DepatureMinute, DepatureSecond, Note, NoteCode) VALUES ('97865', 'FSACM18', '0', 'JPS_FSACM18-7', 'CAL', 0, 0, 0, 0, 0, 0, 1, 11, 0, 0, '', '');
INSERT INTO DayOfOperation (VehicleJourneyRef, StartDate, EndDate) VALUES ('97865', 1497744000, 1497830399);
INSERT INTO DayOfOperation (VehicleJourneyRef, StartDate, EndDate) VALUES ('97865', 1498348800, 1498435199);
INSERT INTO DayOfOperation (VehicleJourneyRef, StartDate, EndDate) VALUES ('97865', 1498953600, 1499039999);
INSERT INTO DayOfOperation (VehicleJourneyRef, StartDate, EndDate) VALUES ('97865', 1499558400, 1499644799);
INSERT INTO DayOfOperation (VehicleJourneyRef, StartDate, EndDate) VALUES ('97865', 1500163200, 1500249599);
INSERT INTO DayOfOperation (VehicleJourneyRef, StartDate, EndDate) VALUES ('97865', 1500768000, 1500854399);
INSERT INTO DayOfOperation (VehicleJourneyRef, StartDate, EndDate) VALUES ('97865', 1501372800, 1501459199);
INSERT INTO DayOfOperation (VehicleJourneyRef, StartDate, EndDate) VALUES ('97865', 1501977600, 1502063999);
INSERT INTO DayOfOperation (VehicleJourneyRef, StartDate, EndDate) VALUES ('97865', 1502582400, 1502668799);
INSERT INTO DayOfOperation (VehicleJourneyRef, StartDate, EndDate) VALUES ('97865', 1503187200, 1503273599);
INSERT INTO DayOfOperation (VehicleJourneyRef, StartDate, EndDate) VALUES ('97865', 1503792000, 1503878399);
INSERT INTO DayOfOperation (VehicleJourneyRef, StartDate, EndDate) VALUES ('97865', 1504396800, 1504483199);
INSERT INTO DayOfOperation (VehicleJourneyRef, StartDate, EndDate) VALUES ('97865', 1505001600, 1505087999);
INSERT INTO DayOfOperation (VehicleJourneyRef, StartDate, EndDate) VALUES ('97865', 1505606400, 1505692799);
INSERT INTO DayOfOperation (VehicleJourneyRef, StartDate, EndDate) VALUES ('97865', 1506211200, 1506297599);
INSERT INTO DayOfOperation (VehicleJourneyRef, StartDate, EndDate) VALUES ('97865', 1506816000, 1506902399);
INSERT INTO DayOfOperation (VehicleJourneyRef, StartDate, EndDate) VALUES ('97865', 1507420800, 1507507199);
INSERT INTO DayOfOperation (VehicleJourneyRef, StartDate, EndDate) VALUES ('97865', 1508025600, 1508111999);
INSERT INTO DayOfOperation (VehicleJourneyRef, StartDate, EndDate) VALUES ('97865', 1508630400, 1508716799);
INSERT INTO DayOfNonOperation (VehicleJourneyRef, StartDate, EndDate) VALUES ('97865', 1508716800, 2524607999);
INSERT INTO VehicleJourney (VehicleJourneyCode, ServiceRef, LineRef, JourneyPatternRef, OperatorRef, Monday, Tuesday, Wednesday, Thursday, Friday, Saturday, Sunday, DepatureHour, DepatureMinute, DepatureSecond, Note, NoteCode) VALUES ('97866', 'FSACM18', '0', 'JPS_FSACM18-6', 'CAL', 0, 0, 0, 0, 0, 0, 1, 11, 30, 0, '', '');
INSERT INTO DayOfOperation (VehicleJourneyRef, StartDate, EndDate) VALUES ('97866', 1497744000, 1497830399);
INSERT INTO DayOfOperation (VehicleJourneyRef, StartDate, EndDate) VALUES ('97866', 1498348800, 1498435199);
INSERT INTO DayOfOperation (VehicleJourneyRef, StartDate, EndDate) VALUES ('97866', 1498953600, 1499039999);
INSERT INTO DayOfOperation (VehicleJourneyRef, StartDate, EndDate) VALUES ('97866', 1499558400, 1499644799);
INSERT INTO DayOfOperation (VehicleJourneyRef, StartDate, EndDate) VALUES ('97866', 1500163200, 1500249599);
INSERT INTO DayOfOperation (VehicleJourneyRef, StartDate, EndDate) VALUES ('97866', 1500768000, 1500854399);
INSERT INTO DayOfOperation (VehicleJourneyRef, StartDate, EndDate) VALUES ('97866', 1501372800, 1501459199);
INSERT INTO DayOfOperation (VehicleJourneyRef, StartDate, EndDate) VALUES ('97866', 1501977600, 1502063999);
INSERT INTO DayOfOperation (VehicleJourneyRef, StartDate, EndDate) VALUES ('97866', 1502582400, 1502668799);
INSERT INTO DayOfOperation (VehicleJourneyRef, StartDate, EndDate) VALUES ('97866', 1503187200, 1503273599);
INSERT INTO DayOfOperation (VehicleJourneyRef, StartDate, EndDate) VALUES ('97866', 1503792000, 1503878399);
INSERT INTO DayOfOperation (VehicleJourneyRef, StartDate, EndDate) VALUES ('97866', 1504396800, 1504483199);
INSERT INTO DayOfOperation (VehicleJourneyRef, StartDate, EndDate) VALUES ('97866', 1505001600, 1505087999);
INSERT INTO DayOfOperation (VehicleJourneyRef, StartDate, EndDate) VALUES ('97866', 1505606400, 1505692799);
INSERT INTO DayOfOperation (VehicleJourneyRef, StartDate, EndDate) VALUES ('97866', 1506211200, 1506297599);
INSERT INTO DayOfOperation (VehicleJourneyRef, StartDate, EndDate) VALUES ('97866', 1506816000, 1506902399);
INSERT INTO DayOfOperation (VehicleJourneyRef, StartDate, EndDate) VALUES ('97866', 1507420800, 1507507199);
INSERT INTO DayOfOperation (VehicleJourneyRef, StartDate, EndDate) VALUES ('97866', 1508025600, 1508111999);
INSERT INTO DayOfOperation (VehicleJourneyRef, StartDate, EndDate) VALUES ('97866', 1508630400, 1508716799);
INSERT INTO DayOfNonOperation (VehicleJourneyRef, StartDate, EndDate) VALUES ('97866', 1508716800, 2524607999);
INSERT INTO VehicleJourney (VehicleJourneyCode, ServiceRef, LineRef, JourneyPatternRef, OperatorRef, Monday, Tuesday, Wednesday, Thursday, Friday, Saturday, Sunday, DepatureHour, DepatureMinute, DepatureSecond, Note, NoteCode) VALUES ('97867', 'FSACM18', '0', 'JPS_FSACM18-7', 'CAL', 0, 0, 0, 0, 0, 0, 1, 13, 0, 0, '', '');
INSERT INTO DayOfOperation (VehicleJourneyRef, StartDate, EndDate) VALUES ('97867', 1497744000, 1497830399);
INSERT INTO DayOfOperation (VehicleJourneyRef, StartDate, EndDate) VALUES ('97867', 1498348800, 1498435199);
INSERT INTO DayOfOperation (VehicleJourneyRef, StartDate, EndDate) VALUES ('97867', 1498953600, 1499039999);
INSERT INTO DayOfOperation (VehicleJourneyRef, StartDate, EndDate) VALUES ('97867', 1499558400, 1499644799);
INSERT INTO DayOfOperation (VehicleJourneyRef, StartDate, EndDate) VALUES ('97867', 1500163200, 1500249599);
INSERT INTO DayOfOperation (VehicleJourneyRef, StartDate, EndDate) VALUES ('97867', 1500768000, 1500854399);
INSERT INTO DayOfOperation (VehicleJourneyRef, StartDate, EndDate) VALUES ('97867', 1501372800, 1501459199);
INSERT INTO DayOfOperation (VehicleJourneyRef, StartDate, EndDate) VALUES ('97867', 1501977600, 1502063999);
INSERT INTO DayOfOperation (VehicleJourneyRef, StartDate, EndDate) VALUES ('97867', 1502582400, 1502668799);
INSERT INTO DayOfOperation (VehicleJourneyRef, StartDate, EndDate) VALUES ('97867', 1503187200, 1503273599);
INSERT INTO DayOfOperation (VehicleJourneyRef, StartDate, EndDate) VALUES ('97867', 1503792000, 1503878399);
INSERT INTO DayOfOperation (VehicleJourneyRef, StartDate, EndDate) VALUES ('97867', 1504396800, 1504483199);
INSERT INTO DayOfOperation (VehicleJourneyRef, StartDate, EndDate) VALUES ('97867', 1505001600, 1505087999);
INSERT INTO DayOfOperation (VehicleJourneyRef, StartDate, EndDate) VALUES ('97867', 1505606400, 1505692799);
INSERT INTO DayOfOperation (VehicleJourneyRef, StartDate, EndDate) VALUES ('97867', 1506211200, 1506297599);
INSERT INTO DayOfOperation (VehicleJourneyRef, StartDate, EndDate) VALUES ('97867', 1506816000, 1506902399);
INSERT INTO DayOfOperation (VehicleJourneyRef, StartDate, EndDate) VALUES ('97867', 1507420800, 1507507199);
INSERT INTO DayOfOperation (VehicleJourneyRef, StartDate, EndDate) VALUES ('97867', 1508025600, 1508111999);
INSERT INTO DayOfOperation (VehicleJourneyRef, StartDate, EndDate) VALUES ('97867', 1508630400, 1508716799);
INSERT INTO DayOfNonOperation (VehicleJourneyRef, StartDate, EndDate) VALUES ('97867', 1508716800, 2524607999);
INSERT INTO VehicleJourney (VehicleJourneyCode, ServiceRef, LineRef, JourneyPatternRef, OperatorRef, Monday, Tuesday, Wednesday, Thursday, Friday, Saturday, Sunday, DepatureHour, DepatureMinute, DepatureSecond, Note, NoteCode) VALUES ('97868', 'FSACM18', '0', 'JPS_FSACM18-6', 'CAL', 0, 0, 0, 0, 0, 0, 1, 16, 0, 0, '', '');
INSERT INTO DayOfOperation (VehicleJourneyRef, StartDate, EndDate) VALUES ('97868', 1497744000, 1497830399);
INSERT INTO DayOfOperation (VehicleJourneyRef, StartDate, EndDate) VALUES ('97868', 1498348800, 1498435199);
INSERT INTO DayOfOperation (VehicleJourneyRef, StartDate, EndDate) VALUES ('97868', 1498953600, 1499039999);
INSERT INTO DayOfOperation (VehicleJourneyRef, StartDate, EndDate) VALUES ('97868', 1499558400, 1499644799);
INSERT INTO DayOfOperation (VehicleJourneyRef, StartDate, EndDate) VALUES ('97868', 1500163200, 1500249599);
INSERT INTO DayOfOperation (VehicleJourneyRef, StartDate, EndDate) VALUES ('97868', 1500768000, 1500854399);
INSERT INTO DayOfOperation (VehicleJourneyRef, StartDate, EndDate) VALUES ('97868', 1501372800, 1501459199);
INSERT INTO DayOfOperation (VehicleJourneyRef, StartDate, EndDate) VALUES ('97868', 1501977600, 1502063999);
INSERT INTO DayOfOperation (VehicleJourneyRef, StartDate, EndDate) VALUES ('97868', 1502582400, 1502668799);
INSERT INTO DayOfOperation (VehicleJourneyRef, StartDate, EndDate) VALUES ('97868', 1503187200, 1503273599);
INSERT INTO DayOfOperation (VehicleJourneyRef, StartDate, EndDate) VALUES ('97868', 1503792000, 1503878399);
INSERT INTO DayOfOperation (VehicleJourneyRef, StartDate, EndDate) VALUES ('97868', 1504396800, 1504483199);
INSERT INTO DayOfOperation (VehicleJourneyRef, StartDate, EndDate) VALUES ('97868', 1505001600, 1505087999);
INSERT INTO DayOfOperation (VehicleJourneyRef, StartDate, EndDate) VALUES ('97868', 1505606400, 1505692799);
INSERT INTO DayOfOperation (VehicleJourneyRef, StartDate, EndDate) VALUES ('97868', 1506211200, 1506297599);
INSERT INTO DayOfOperation (VehicleJourneyRef, StartDate, EndDate) VALUES ('97868', 1506816000, 1506902399);
INSERT INTO DayOfOperation (VehicleJourneyRef, StartDate, EndDate) VALUES ('97868', 1507420800, 1507507199);
INSERT INTO DayOfOperation (VehicleJourneyRef, StartDate, EndDate) VALUES ('97868', 1508025600, 1508111999);
INSERT INTO DayOfOperation (VehicleJourneyRef, StartDate, EndDate) VALUES ('97868', 1508630400, 1508716799);
INSERT INTO DayOfNonOperation (VehicleJourneyRef, StartDate, EndDate) VALUES ('97868', 1508716800, 2524607999);
INSERT INTO VehicleJourney (VehicleJourneyCode, ServiceRef, LineRef, JourneyPatternRef, OperatorRef, Monday, Tuesday, Wednesday, Thursday, Friday, Saturday, Sunday, DepatureHour, DepatureMinute, DepatureSecond, Note, NoteCode) VALUES ('97869', 'FSACM18', '0', 'JPS_FSACM18-6', 'CAL', 0, 0, 0, 0, 0, 0, 1, 18, 0, 0, '', '');
INSERT INTO DayOfOperation (VehicleJourneyRef, StartDate, EndDate) VALUES ('97869', 1497744000, 1497830399);
INSERT INTO DayOfOperation (VehicleJourneyRef, StartDate, EndDate) VALUES ('97869', 1498348800, 1498435199);
INSERT INTO DayOfOperation (VehicleJourneyRef, StartDate, EndDate) VALUES ('97869', 1498953600, 1499039999);
INSERT INTO DayOfOperation (VehicleJourneyRef, StartDate, EndDate) VALUES ('97869', 1499558400, 1499644799);
INSERT INTO DayOfOperation (VehicleJourneyRef, StartDate, EndDate) VALUES ('97869', 1500163200, 1500249599);
INSERT INTO DayOfOperation (VehicleJourneyRef, StartDate, EndDate) VALUES ('97869', 1500768000, 1500854399);
INSERT INTO DayOfOperation (VehicleJourneyRef, StartDate, EndDate) VALUES ('97869', 1501372800, 1501459199);
INSERT INTO DayOfOperation (VehicleJourneyRef, StartDate, EndDate) VALUES ('97869', 1501977600, 1502063999);
INSERT INTO DayOfOperation (VehicleJourneyRef, StartDate, EndDate) VALUES ('97869', 1502582400, 1502668799);
INSERT INTO DayOfOperation (VehicleJourneyRef, StartDate, EndDate) VALUES ('97869', 1503187200, 1503273599);
INSERT INTO DayOfOperation (VehicleJourneyRef, StartDate, EndDate) VALUES ('97869', 1503792000, 1503878399);
INSERT INTO DayOfOperation (VehicleJourneyRef, StartDate, EndDate) VALUES ('97869', 1504396800, 1504483199);
INSERT INTO DayOfOperation (VehicleJourneyRef, StartDate, EndDate) VALUES ('97869', 1505001600, 1505087999);
INSERT INTO DayOfOperation (VehicleJourneyRef, StartDate, EndDate) VALUES ('97869', 1505606400, 1505692799);
INSERT INTO DayOfOperation (VehicleJourneyRef, StartDate, EndDate) VALUES ('97869', 1506211200, 1506297599);
INSERT INTO DayOfOperation (VehicleJourneyRef, StartDate, EndDate) VALUES ('97869', 1506816000, 1506902399);
INSERT INTO DayOfOperation (VehicleJourneyRef, StartDate, EndDate) VALUES ('97869', 1507420800, 1507507199);
INSERT INTO DayOfOperation (VehicleJourneyRef, StartDate, EndDate) VALUES ('97869', 1508025600, 1508111999);
INSERT INTO DayOfOperation (VehicleJourneyRef, StartDate, EndDate) VALUES ('97869', 1508630400, 1508716799);
INSERT INTO DayOfNonOperation (VehicleJourneyRef, StartDate, EndDate) VALUES ('97869', 1508716800, 2524607999);
INSERT INTO VehicleJourney (VehicleJourneyCode, ServiceRef, LineRef, JourneyPatternRef, OperatorRef, Monday, Tuesday, Wednesday, Thursday, Friday, Saturday, Sunday, DepatureHour, DepatureMinute, DepatureSecond, Note, NoteCode) VALUES ('97860', 'FSACM18', '0', 'JPS_FSACM18-8', 'CAL', 1, 1, 1, 1, 1, 1, 0, 17, 30, 0, '', '');
INSERT INTO DayOfOperation (VehicleJourneyRef, StartDate, EndDate) VALUES ('97860', 1509148800, 1509235199);
INSERT INTO DayOfOperation (VehicleJourneyRef, StartDate, EndDate) VALUES ('97860', 1509753600, 1509839999);
INSERT INTO DayOfNonOperation (VehicleJourneyRef, StartDate, EndDate) VALUES ('97860', 1490918400, 1508716799);
INSERT INTO DayOfNonOperation (VehicleJourneyRef, StartDate, EndDate) VALUES ('97860', 1509840000, 2524607999);
INSERT INTO VehicleJourney (VehicleJourneyCode, ServiceRef, LineRef, JourneyPatternRef, OperatorRef, Monday, Tuesday, Wednesday, Thursday, Friday, Saturday, Sunday, DepatureHour, DepatureMinute, DepatureSecond, Note, NoteCode) VALUES ('97840', 'FSACM18', '0', 'JPS_FSACM18-9', 'CAL', 1, 1, 1, 1, 1, 1, 0, 18, 15, 0, '', '');
INSERT INTO DayOfOperation (VehicleJourneyRef, StartDate, EndDate) VALUES ('97840', 1509148800, 1509235199);
INSERT INTO DayOfOperation (VehicleJourneyRef, StartDate, EndDate) VALUES ('97840', 1509753600, 1509839999);
INSERT INTO DayOfNonOperation (VehicleJourneyRef, StartDate, EndDate) VALUES ('97840', 1490918400, 1508716799);
INSERT INTO DayOfNonOperation (VehicleJourneyRef, StartDate, EndDate) VALUES ('97840', 1509840000, 2524607999);
INSERT INTO VehicleJourney (VehicleJourneyCode, ServiceRef, LineRef, JourneyPatternRef, OperatorRef, Monday, Tuesday, Wednesday, Thursday, Friday, Saturday, Sunday, DepatureHour, DepatureMinute, DepatureSecond, Note, NoteCode) VALUES ('97862', 'FSACM18', '0', 'JPS_FSACM18-8', 'CAL', 1, 1, 1, 1, 1, 1, 0, 8, 40, 0, '', '');
INSERT INTO DayOfOperation (VehicleJourneyRef, StartDate, EndDate) VALUES ('97862', 1509148800, 1509235199);
INSERT INTO DayOfOperation (VehicleJourneyRef, StartDate, EndDate) VALUES ('97862', 1509753600, 1509839999);
INSERT INTO DayOfOperation (VehicleJourneyRef, StartDate, EndDate) VALUES ('97862', 1510358400, 1510444799);
INSERT INTO DayOfOperation (VehicleJourneyRef, StartDate, EndDate) VALUES ('97862', 1510963200, 1511049599);
INSERT INTO DayOfOperation (VehicleJourneyRef, StartDate, EndDate) VALUES ('97862', 1511568000, 1511654399);
INSERT INTO DayOfOperation (VehicleJourneyRef, StartDate, EndDate) VALUES ('97862', 1512172800, 1512259199);
INSERT INTO DayOfOperation (VehicleJourneyRef, StartDate, EndDate) VALUES ('97862', 1512777600, 1512863999);
INSERT INTO DayOfOperation (VehicleJourneyRef, StartDate, EndDate) VALUES ('97862', 1513382400, 1513468799);
INSERT INTO DayOfOperation (VehicleJourneyRef, StartDate, EndDate) VALUES ('97862', 1513987200, 1514073599);
INSERT INTO DayOfOperation (VehicleJourneyRef, StartDate, EndDate) VALUES ('97862', 1514592000, 1514678399);
INSERT INTO DayOfOperation (VehicleJourneyRef, StartDate, EndDate) VALUES ('97862', 1515196800, 1515283199);
INSERT INTO DayOfOperation (VehicleJourneyRef, StartDate, EndDate) VALUES ('97862', 1515801600, 1515887999);
INSERT INTO DayOfOperation (VehicleJourneyRef, StartDate, EndDate) VALUES ('97862', 1516406400, 1516492799);
INSERT INTO DayOfOperation (VehicleJourneyRef, StartDate, EndDate) VALUES ('97862', 1517011200, 1517097599);
INSERT INTO DayOfOperation (VehicleJourneyRef, StartDate, EndDate) VALUES ('97862', 1517616000, 1517702399);
INSERT INTO DayOfOperation (VehicleJourneyRef, StartDate, EndDate) VALUES ('97862', 1518220800, 1518307199);
INSERT INTO DayOfOperation (VehicleJourneyRef, StartDate, EndDate) VALUES ('97862', 1518825600, 1518911999);
INSERT INTO DayOfOperation (VehicleJourneyRef, StartDate, EndDate) VALUES ('97862', 1519430400, 1519516799);
INSERT INTO DayOfOperation (VehicleJourneyRef, StartDate, EndDate) VALUES ('97862', 1520035200, 1520121599);
INSERT INTO DayOfOperation (VehicleJourneyRef, StartDate, EndDate) VALUES ('97862', 1520640000, 1520726399);
INSERT INTO DayOfOperation (VehicleJourneyRef, StartDate, EndDate) VALUES ('97862', 1521244800, 1521331199);
INSERT INTO DayOfOperation (VehicleJourneyRef, StartDate, EndDate) VALUES ('97862', 1521849600, 1521935999);
INSERT INTO DayOfOperation (VehicleJourneyRef, StartDate, EndDate) VALUES ('97862', 1522454400, 1522540799);
INSERT INTO DayOfOperation (VehicleJourneyRef, StartDate, EndDate) VALUES ('97862', 1523059200, 1523145599);
INSERT INTO DayOfOperation (VehicleJourneyRef, StartDate, EndDate) VALUES ('97862', 1523664000, 1523750399);
INSERT INTO DayOfOperation (VehicleJourneyRef, StartDate, EndDate) VALUES ('97862', 1524268800, 1524355199);
INSERT INTO DayOfOperation (VehicleJourneyRef, StartDate, EndDate) VALUES ('97862', 1524873600, 1524959999);
INSERT INTO DayOfOperation (VehicleJourneyRef, StartDate, EndDate) VALUES ('97862', 1525478400, 1525564799);
INSERT INTO DayOfOperation (VehicleJourneyRef, StartDate, EndDate) VALUES ('97862', 1526083200, 1526169599);
INSERT INTO DayOfOperation (VehicleJourneyRef, StartDate, EndDate) VALUES ('97862', 1526688000, 1526774399);
INSERT INTO DayOfOperation (VehicleJourneyRef, StartDate, EndDate) VALUES ('97862', 1527292800, 1527379199);
INSERT INTO DayOfOperation (VehicleJourneyRef, StartDate, EndDate) VALUES ('97862', 1527897600, 1527983999);
INSERT INTO DayOfOperation (VehicleJourneyRef, StartDate, EndDate) VALUES ('97862', 1528502400, 1528588799);
INSERT INTO DayOfNonOperation (VehicleJourneyRef, StartDate, EndDate) VALUES ('97862', 1490918400, 1508716799);
INSERT INTO DayOfNonOperation (VehicleJourneyRef, StartDate, EndDate) VALUES ('97862', 1514160000, 1514332799);
INSERT INTO DayOfNonOperation (VehicleJourneyRef, StartDate, EndDate) VALUES ('97862', 1514764800, 1514937599);
INSERT INTO VehicleJourney (VehicleJourneyCode, ServiceRef, LineRef, JourneyPatternRef, OperatorRef, Monday, Tuesday, Wednesday, Thursday, Friday, Saturday, Sunday, DepatureHour, DepatureMinute, DepatureSecond, Note, NoteCode) VALUES ('97863', 'FSACM18', '0', 'JPS_FSACM18-8', 'CAL', 1, 1, 1, 1, 1, 1, 0, 16, 0, 0, '', '');
INSERT INTO DayOfOperation (VehicleJourneyRef, StartDate, EndDate) VALUES ('97863', 1509148800, 1509235199);
INSERT INTO DayOfOperation (VehicleJourneyRef, StartDate, EndDate) VALUES ('97863', 1509753600, 1509839999);
INSERT INTO DayOfOperation (VehicleJourneyRef, StartDate, EndDate) VALUES ('97863', 1510358400, 1510444799);
INSERT INTO DayOfOperation (VehicleJourneyRef, StartDate, EndDate) VALUES ('97863', 1510963200, 1511049599);
INSERT INTO DayOfOperation (VehicleJourneyRef, StartDate, EndDate) VALUES ('97863', 1511568000, 1511654399);
INSERT INTO DayOfOperation (VehicleJourneyRef, StartDate, EndDate) VALUES ('97863', 1512172800, 1512259199);
INSERT INTO DayOfOperation (VehicleJourneyRef, StartDate, EndDate) VALUES ('97863', 1512777600, 1512863999);
INSERT INTO DayOfOperation (VehicleJourneyRef, StartDate, EndDate) VALUES ('97863', 1513382400, 1513468799);
INSERT INTO DayOfOperation (VehicleJourneyRef, StartDate, EndDate) VALUES ('97863', 1513987200, 1514073599);
INSERT INTO DayOfOperation (VehicleJourneyRef, StartDate, EndDate) VALUES ('97863', 1514592000, 1514678399);
INSERT INTO DayOfOperation (VehicleJourneyRef, StartDate, EndDate) VALUES ('97863', 1515196800, 1515283199);
INSERT INTO DayOfOperation (VehicleJourneyRef, StartDate, EndDate) VALUES ('97863', 1515801600, 1515887999);
INSERT INTO DayOfOperation (VehicleJourneyRef, StartDate, EndDate) VALUES ('97863', 1516406400, 1516492799);
INSERT INTO DayOfOperation (VehicleJourneyRef, StartDate, EndDate) VALUES ('97863', 1517011200, 1517097599);
INSERT INTO DayOfOperation (VehicleJourneyRef, StartDate, EndDate) VALUES ('97863', 1517616000, 1517702399);
INSERT INTO DayOfOperation (VehicleJourneyRef, StartDate, EndDate) VALUES ('97863', 1518220800, 1518307199);
INSERT INTO DayOfOperation (VehicleJourneyRef, StartDate, EndDate) VALUES ('97863', 1518825600, 1518911999);
INSERT INTO DayOfOperation (VehicleJourneyRef, StartDate, EndDate) VALUES ('97863', 1519430400, 1519516799);
INSERT INTO DayOfOperation (VehicleJourneyRef, StartDate, EndDate) VALUES ('97863', 1520035200, 1520121599);
INSERT INTO DayOfOperation (VehicleJourneyRef, StartDate, EndDate) VALUES ('97863', 1520640000, 1520726399);
INSERT INTO DayOfOperation (VehicleJourneyRef, StartDate, EndDate) VALUES ('97863', 1521244800, 1521331199);
INSERT INTO DayOfOperation (VehicleJourneyRef, StartDate, EndDate) VALUES ('97863', 1521849600, 1521935999);
INSERT INTO DayOfOperation (VehicleJourneyRef, StartDate, EndDate) VALUES ('97863', 1522454400, 1522540799);
INSERT INTO DayOfOperation (VehicleJourneyRef, StartDate, EndDate) VALUES ('97863', 1523059200, 1523145599);
INSERT INTO DayOfOperation (VehicleJourneyRef, StartDate, EndDate) VALUES ('97863', 1523664000, 1523750399);
INSERT INTO DayOfOperation (VehicleJourneyRef, StartDate, EndDate) VALUES ('97863', 1524268800, 1524355199);
INSERT INTO DayOfOperation (VehicleJourneyRef, StartDate, EndDate) VALUES ('97863', 1524873600, 1524959999);
INSERT INTO DayOfOperation (VehicleJourneyRef, StartDate, EndDate) VALUES ('97863', 1525478400, 1525564799);
INSERT INTO DayOfOperation (VehicleJourneyRef, StartDate, EndDate) VALUES ('97863', 1526083200, 1526169599);
INSERT INTO DayOfOperation (VehicleJourneyRef, StartDate, EndDate) VALUES ('97863', 1526688000, 1526774399);
INSERT INTO DayOfOperation (VehicleJourneyRef, StartDate, EndDate) VALUES ('97863', 1527292800, 1527379199);
INSERT INTO DayOfOperation (VehicleJourneyRef, StartDate, EndDate) VALUES ('97863', 1527897600, 1527983999);
INSERT INTO DayOfOperation (VehicleJourneyRef, StartDate, EndDate) VALUES ('97863', 1528502400, 1528588799);
INSERT INTO DayOfNonOperation (VehicleJourneyRef, StartDate, EndDate) VALUES ('97863', 1490918400, 1508716799);
INSERT INTO DayOfNonOperation (VehicleJourneyRef, StartDate, EndDate) VALUES ('97863', 1514160000, 1514332799);
INSERT INTO DayOfNonOperation (VehicleJourneyRef, StartDate, EndDate) VALUES ('97863', 1514764800, 1514937599);
INSERT INTO VehicleJourney (VehicleJourneyCode, ServiceRef, LineRef, JourneyPatternRef, OperatorRef, Monday, Tuesday, Wednesday, Thursday, Friday, Saturday, Sunday, DepatureHour, DepatureMinute, DepatureSecond, Note, NoteCode) VALUES ('97842', 'FSACM18', '0', 'JPS_FSACM18-9', 'CAL', 1, 1, 1, 1, 1, 1, 0, 9, 25, 0, '', '');
INSERT INTO DayOfOperation (VehicleJourneyRef, StartDate, EndDate) VALUES ('97842', 1509148800, 1509235199);
INSERT INTO DayOfOperation (VehicleJourneyRef, StartDate, EndDate) VALUES ('97842', 1509753600, 1509839999);
INSERT INTO DayOfOperation (VehicleJourneyRef, StartDate, EndDate) VALUES ('97842', 1510358400, 1510444799);
INSERT INTO DayOfOperation (VehicleJourneyRef, StartDate, EndDate) VALUES ('97842', 1510963200, 1511049599);
INSERT INTO DayOfOperation (VehicleJourneyRef, StartDate, EndDate) VALUES ('97842', 1511568000, 1511654399);
INSERT INTO DayOfOperation (VehicleJourneyRef, StartDate, EndDate) VALUES ('97842', 1512172800, 1512259199);
INSERT INTO DayOfOperation (VehicleJourneyRef, StartDate, EndDate) VALUES ('97842', 1512777600, 1512863999);
INSERT INTO DayOfOperation (VehicleJourneyRef, StartDate, EndDate) VALUES ('97842', 1513382400, 1513468799);
INSERT INTO DayOfOperation (VehicleJourneyRef, StartDate, EndDate) VALUES ('97842', 1513987200, 1514073599);
INSERT INTO DayOfOperation (VehicleJourneyRef, StartDate, EndDate) VALUES ('97842', 1514592000, 1514678399);
INSERT INTO DayOfOperation (VehicleJourneyRef, StartDate, EndDate) VALUES ('97842', 1515196800, 1515283199);
INSERT INTO DayOfOperation (VehicleJourneyRef, StartDate, EndDate) VALUES ('97842', 1515801600, 1515887999);
INSERT INTO DayOfOperation (VehicleJourneyRef, StartDate, EndDate) VALUES ('97842', 1516406400, 1516492799);
INSERT INTO DayOfOperation (VehicleJourneyRef, StartDate, EndDate) VALUES ('97842', 1517011200, 1517097599);
INSERT INTO DayOfOperation (VehicleJourneyRef, StartDate, EndDate) VALUES ('97842', 1517616000, 1517702399);
INSERT INTO DayOfOperation (VehicleJourneyRef, StartDate, EndDate) VALUES ('97842', 1518220800, 1518307199);
INSERT INTO DayOfOperation (VehicleJourneyRef, StartDate, EndDate) VALUES ('97842', 1518825600, 1518911999);
INSERT INTO DayOfOperation (VehicleJourneyRef, StartDate, EndDate) VALUES ('97842', 1519430400, 1519516799);
INSERT INTO DayOfOperation (VehicleJourneyRef, StartDate, EndDate) VALUES ('97842', 1520035200, 1520121599);
INSERT INTO DayOfOperation (VehicleJourneyRef, StartDate, EndDate) VALUES ('97842', 1520640000, 1520726399);
INSERT INTO DayOfOperation (VehicleJourneyRef, StartDate, EndDate) VALUES ('97842', 1521244800, 1521331199);
INSERT INTO DayOfOperation (VehicleJourneyRef, StartDate, EndDate) VALUES ('97842', 1521849600, 1521935999);
INSERT INTO DayOfOperation (VehicleJourneyRef, StartDate, EndDate) VALUES ('97842', 1522454400, 1522540799);
INSERT INTO DayOfOperation (VehicleJourneyRef, StartDate, EndDate) VALUES ('97842', 1523059200, 1523145599);
INSERT INTO DayOfOperation (VehicleJourneyRef, StartDate, EndDate) VALUES ('97842', 1523664000, 1523750399);
INSERT INTO DayOfOperation (VehicleJourneyRef, StartDate, EndDate) VALUES ('97842', 1524268800, 1524355199);
INSERT INTO DayOfOperation (VehicleJourneyRef, StartDate, EndDate) VALUES ('97842', 1524873600, 1524959999);
INSERT INTO DayOfOperation (VehicleJourneyRef, StartDate, EndDate) VALUES ('97842', 1525478400, 1525564799);
INSERT INTO DayOfOperation (VehicleJourneyRef, StartDate, EndDate) VALUES ('97842', 1526083200, 1526169599);
INSERT INTO DayOfOperation (VehicleJourneyRef, StartDate, EndDate) VALUES ('97842', 1526688000, 1526774399);
INSERT INTO DayOfOperation (VehicleJourneyRef, StartDate, EndDate) VALUES ('97842', 1527292800, 1527379199);
INSERT INTO DayOfOperation (VehicleJourneyRef, StartDate, EndDate) VALUES ('97842', 1527897600, 1527983999);
INSERT INTO DayOfOperation (VehicleJourneyRef, StartDate, EndDate) VALUES ('97842', 1528502400, 1528588799);
INSERT INTO DayOfNonOperation (VehicleJourneyRef, StartDate, EndDate) VALUES ('97842', 1490918400, 1508716799);
INSERT INTO DayOfNonOperation (VehicleJourneyRef, StartDate, EndDate) VALUES ('97842', 1514160000, 1514332799);
INSERT INTO DayOfNonOperation (VehicleJourneyRef, StartDate, EndDate) VALUES ('97842', 1514764800, 1514937599);
INSERT INTO VehicleJourney (VehicleJourneyCode, ServiceRef, LineRef, JourneyPatternRef, OperatorRef, Monday, Tuesday, Wednesday, Thursday, Friday, Saturday, Sunday, DepatureHour, DepatureMinute, DepatureSecond, Note, NoteCode) VALUES ('97843', 'FSACM18', '0', 'JPS_FSACM18-9', 'CAL', 1, 1, 1, 1, 1, 1, 0, 16, 45, 0, '', '');
INSERT INTO DayOfOperation (VehicleJourneyRef, StartDate, EndDate) VALUES ('97843', 1509148800, 1509235199);
INSERT INTO DayOfOperation (VehicleJourneyRef, StartDate, EndDate) VALUES ('97843', 1509753600, 1509839999);
INSERT INTO DayOfOperation (VehicleJourneyRef, StartDate, EndDate) VALUES ('97843', 1510358400, 1510444799);
INSERT INTO DayOfOperation (VehicleJourneyRef, StartDate, EndDate) VALUES ('97843', 1510963200, 1511049599);
INSERT INTO DayOfOperation (VehicleJourneyRef, StartDate, EndDate) VALUES ('97843', 1511568000, 1511654399);
INSERT INTO DayOfOperation (VehicleJourneyRef, StartDate, EndDate) VALUES ('97843', 1512172800, 1512259199);
INSERT INTO DayOfOperation (VehicleJourneyRef, StartDate, EndDate) VALUES ('97843', 1512777600, 1512863999);
INSERT INTO DayOfOperation (VehicleJourneyRef, StartDate, EndDate) VALUES ('97843', 1513382400, 1513468799);
INSERT INTO DayOfOperation (VehicleJourneyRef, StartDate, EndDate) VALUES ('97843', 1513987200, 1514073599);
INSERT INTO DayOfOperation (VehicleJourneyRef, StartDate, EndDate) VALUES ('97843', 1514592000, 1514678399);
INSERT INTO DayOfOperation (VehicleJourneyRef, StartDate, EndDate) VALUES ('97843', 1515196800, 1515283199);
INSERT INTO DayOfOperation (VehicleJourneyRef, StartDate, EndDate) VALUES ('97843', 1515801600, 1515887999);
INSERT INTO DayOfOperation (VehicleJourneyRef, StartDate, EndDate) VALUES ('97843', 1516406400, 1516492799);
INSERT INTO DayOfOperation (VehicleJourneyRef, StartDate, EndDate) VALUES ('97843', 1517011200, 1517097599);
INSERT INTO DayOfOperation (VehicleJourneyRef, StartDate, EndDate) VALUES ('97843', 1517616000, 1517702399);
INSERT INTO DayOfOperation (VehicleJourneyRef, StartDate, EndDate) VALUES ('97843', 1518220800, 1518307199);
INSERT INTO DayOfOperation (VehicleJourneyRef, StartDate, EndDate) VALUES ('97843', 1518825600, 1518911999);
INSERT INTO DayOfOperation (VehicleJourneyRef, StartDate, EndDate) VALUES ('97843', 1519430400, 1519516799);
INSERT INTO DayOfOperation (VehicleJourneyRef, StartDate, EndDate) VALUES ('97843', 1520035200, 1520121599);
INSERT INTO DayOfOperation (VehicleJourneyRef, StartDate, EndDate) VALUES ('97843', 1520640000, 1520726399);
INSERT INTO DayOfOperation (VehicleJourneyRef, StartDate, EndDate) VALUES ('97843', 1521244800, 1521331199);
INSERT INTO DayOfOperation (VehicleJourneyRef, StartDate, EndDate) VALUES ('97843', 1521849600, 1521935999);
INSERT INTO DayOfOperation (VehicleJourneyRef, StartDate, EndDate) VALUES ('97843', 1522454400, 1522540799);
INSERT INTO DayOfOperation (VehicleJourneyRef, StartDate, EndDate) VALUES ('97843', 1523059200, 1523145599);
INSERT INTO DayOfOperation (VehicleJourneyRef, StartDate, EndDate) VALUES ('97843', 1523664000, 1523750399);
INSERT INTO DayOfOperation (VehicleJourneyRef, StartDate, EndDate) VALUES ('97843', 1524268800, 1524355199);
INSERT INTO DayOfOperation (VehicleJourneyRef, StartDate, EndDate) VALUES ('97843', 1524873600, 1524959999);
INSERT INTO DayOfOperation (VehicleJourneyRef, StartDate, EndDate) VALUES ('97843', 1525478400, 1525564799);
INSERT INTO DayOfOperation (VehicleJourneyRef, StartDate, EndDate) VALUES ('97843', 1526083200, 1526169599);
INSERT INTO DayOfOperation (VehicleJourneyRef, StartDate, EndDate) VALUES ('97843', 1526688000, 1526774399);
INSERT INTO DayOfOperation (VehicleJourneyRef, StartDate, EndDate) VALUES ('97843', 1527292800, 1527379199);
INSERT INTO DayOfOperation (VehicleJourneyRef, StartDate, EndDate) VALUES ('97843', 1527897600, 1527983999);
INSERT INTO DayOfOperation (VehicleJourneyRef, StartDate, EndDate) VALUES ('97843', 1528502400, 1528588799);
INSERT INTO DayOfNonOperation (VehicleJourneyRef, StartDate, EndDate) VALUES ('97843', 1490918400, 1508716799);
INSERT INTO DayOfNonOperation (VehicleJourneyRef, StartDate, EndDate) VALUES ('97843', 1514160000, 1514332799);
INSERT INTO DayOfNonOperation (VehicleJourneyRef, StartDate, EndDate) VALUES ('97843', 1514764800, 1514937599);
INSERT INTO VehicleJourney (VehicleJourneyCode, ServiceRef, LineRef, JourneyPatternRef, OperatorRef, Monday, Tuesday, Wednesday, Thursday, Friday, Saturday, Sunday, DepatureHour, DepatureMinute, DepatureSecond, Note, NoteCode) VALUES ('97850', 'FSACM18', '0', 'JPS_FSACM18-9', 'CAL', 0, 0, 0, 0, 0, 0, 1, 16, 45, 0, '', '');
INSERT INTO DayOfOperation (VehicleJourneyRef, StartDate, EndDate) VALUES ('97850', 1509235200, 1509321599);
INSERT INTO DayOfOperation (VehicleJourneyRef, StartDate, EndDate) VALUES ('97850', 1509840000, 1509926399);
INSERT INTO DayOfOperation (VehicleJourneyRef, StartDate, EndDate) VALUES ('97850', 1510444800, 1510531199);
INSERT INTO DayOfOperation (VehicleJourneyRef, StartDate, EndDate) VALUES ('97850', 1511049600, 1511135999);
INSERT INTO DayOfOperation (VehicleJourneyRef, StartDate, EndDate) VALUES ('97850', 1511654400, 1511740799);
INSERT INTO DayOfOperation (VehicleJourneyRef, StartDate, EndDate) VALUES ('97850', 1512259200, 1512345599);
INSERT INTO DayOfOperation (VehicleJourneyRef, StartDate, EndDate) VALUES ('97850', 1512864000, 1512950399);
INSERT INTO DayOfOperation (VehicleJourneyRef, StartDate, EndDate) VALUES ('97850', 1513468800, 1513555199);
INSERT INTO DayOfOperation (VehicleJourneyRef, StartDate, EndDate) VALUES ('97850', 1514073600, 1514159999);
INSERT INTO DayOfOperation (VehicleJourneyRef, StartDate, EndDate) VALUES ('97850', 1514678400, 1514764799);
INSERT INTO DayOfOperation (VehicleJourneyRef, StartDate, EndDate) VALUES ('97850', 1515283200, 1515369599);
INSERT INTO DayOfOperation (VehicleJourneyRef, StartDate, EndDate) VALUES ('97850', 1515888000, 1515974399);
INSERT INTO DayOfOperation (VehicleJourneyRef, StartDate, EndDate) VALUES ('97850', 1516492800, 1516579199);
INSERT INTO DayOfOperation (VehicleJourneyRef, StartDate, EndDate) VALUES ('97850', 1517097600, 1517183999);
INSERT INTO DayOfOperation (VehicleJourneyRef, StartDate, EndDate) VALUES ('97850', 1517702400, 1517788799);
INSERT INTO DayOfOperation (VehicleJourneyRef, StartDate, EndDate) VALUES ('97850', 1518307200, 1518393599);
INSERT INTO DayOfOperation (VehicleJourneyRef, StartDate, EndDate) VALUES ('97850', 1518912000, 1518998399);
INSERT INTO DayOfOperation (VehicleJourneyRef, StartDate, EndDate) VALUES ('97850', 1519516800, 1519603199);
INSERT INTO DayOfOperation (VehicleJourneyRef, StartDate, EndDate) VALUES ('97850', 1520121600, 1520207999);
INSERT INTO DayOfOperation (VehicleJourneyRef, StartDate, EndDate) VALUES ('97850', 1520726400, 1520812799);
INSERT INTO DayOfOperation (VehicleJourneyRef, StartDate, EndDate) VALUES ('97850', 1521331200, 1521417599);
INSERT INTO DayOfOperation (VehicleJourneyRef, StartDate, EndDate) VALUES ('97850', 1521936000, 1522022399);
INSERT INTO DayOfOperation (VehicleJourneyRef, StartDate, EndDate) VALUES ('97850', 1522540800, 1522627199);
INSERT INTO DayOfOperation (VehicleJourneyRef, StartDate, EndDate) VALUES ('97850', 1523145600, 1523231999);
INSERT INTO DayOfOperation (VehicleJourneyRef, StartDate, EndDate) VALUES ('97850', 1523750400, 1523836799);
INSERT INTO DayOfOperation (VehicleJourneyRef, StartDate, EndDate) VALUES ('97850', 1524355200, 1524441599);
INSERT INTO DayOfOperation (VehicleJourneyRef, StartDate, EndDate) VALUES ('97850', 1524960000, 1525046399);
INSERT INTO DayOfOperation (VehicleJourneyRef, StartDate, EndDate) VALUES ('97850', 1525564800, 1525651199);
INSERT INTO DayOfOperation (VehicleJourneyRef, StartDate, EndDate) VALUES ('97850', 1526169600, 1526255999);
INSERT INTO DayOfOperation (VehicleJourneyRef, StartDate, EndDate) VALUES ('97850', 1526774400, 1526860799);
INSERT INTO DayOfOperation (VehicleJourneyRef, StartDate, EndDate) VALUES ('97850', 1527379200, 1527465599);
INSERT INTO DayOfOperation (VehicleJourneyRef, StartDate, EndDate) VALUES ('97850', 1527984000, 1528070399);
INSERT INTO DayOfOperation (VehicleJourneyRef, StartDate, EndDate) VALUES ('97850', 1528588800, 1528675199);
INSERT INTO DayOfNonOperation (VehicleJourneyRef, StartDate, EndDate) VALUES ('97850', 1490918400, 1508716799);
INSERT INTO VehicleJourney (VehicleJourneyCode, ServiceRef, LineRef, JourneyPatternRef, OperatorRef, Monday, Tuesday, Wednesday, Thursday, Friday, Saturday, Sunday, DepatureHour, DepatureMinute, DepatureSecond, Note, NoteCode) VALUES ('97870', 'FSACM18', '0', 'JPS_FSACM18-8', 'CAL', 0, 0, 0, 0, 0, 0, 1, 16, 0, 0, '', '');
INSERT INTO DayOfOperation (VehicleJourneyRef, StartDate, EndDate) VALUES ('97870', 1509235200, 1509321599);
INSERT INTO DayOfOperation (VehicleJourneyRef, StartDate, EndDate) VALUES ('97870', 1509840000, 1509926399);
INSERT INTO DayOfOperation (VehicleJourneyRef, StartDate, EndDate) VALUES ('97870', 1510444800, 1510531199);
INSERT INTO DayOfOperation (VehicleJourneyRef, StartDate, EndDate) VALUES ('97870', 1511049600, 1511135999);
INSERT INTO DayOfOperation (VehicleJourneyRef, StartDate, EndDate) VALUES ('97870', 1511654400, 1511740799);
INSERT INTO DayOfOperation (VehicleJourneyRef, StartDate, EndDate) VALUES ('97870', 1512259200, 1512345599);
INSERT INTO DayOfOperation (VehicleJourneyRef, StartDate, EndDate) VALUES ('97870', 1512864000, 1512950399);
INSERT INTO DayOfOperation (VehicleJourneyRef, StartDate, EndDate) VALUES ('97870', 1513468800, 1513555199);
INSERT INTO DayOfOperation (VehicleJourneyRef, StartDate, EndDate) VALUES ('97870', 1514073600, 1514159999);
INSERT INTO DayOfOperation (VehicleJourneyRef, StartDate, EndDate) VALUES ('97870', 1514678400, 1514764799);
INSERT INTO DayOfOperation (VehicleJourneyRef, StartDate, EndDate) VALUES ('97870', 1515283200, 1515369599);
INSERT INTO DayOfOperation (VehicleJourneyRef, StartDate, EndDate) VALUES ('97870', 1515888000, 1515974399);
INSERT INTO DayOfOperation (VehicleJourneyRef, StartDate, EndDate) VALUES ('97870', 1516492800, 1516579199);
INSERT INTO DayOfOperation (VehicleJourneyRef, StartDate, EndDate) VALUES ('97870', 1517097600, 1517183999);
INSERT INTO DayOfOperation (VehicleJourneyRef, StartDate, EndDate) VALUES ('97870', 1517702400, 1517788799);
INSERT INTO DayOfOperation (VehicleJourneyRef, StartDate, EndDate) VALUES ('97870', 1518307200, 1518393599);
INSERT INTO DayOfOperation (VehicleJourneyRef, StartDate, EndDate) VALUES ('97870', 1518912000, 1518998399);
INSERT INTO DayOfOperation (VehicleJourneyRef, StartDate, EndDate) VALUES ('97870', 1519516800, 1519603199);
INSERT INTO DayOfOperation (VehicleJourneyRef, StartDate, EndDate) VALUES ('97870', 1520121600, 1520207999);
INSERT INTO DayOfOperation (VehicleJourneyRef, StartDate, EndDate) VALUES ('97870', 1520726400, 1520812799);
INSERT INTO DayOfOperation (VehicleJourneyRef, StartDate, EndDate) VALUES ('97870', 1521331200, 1521417599);
INSERT INTO DayOfOperation (VehicleJourneyRef, StartDate, EndDate) VALUES ('97870', 1521936000, 1522022399);
INSERT INTO DayOfOperation (VehicleJourneyRef, StartDate, EndDate) VALUES ('97870', 1522540800, 1522627199);
INSERT INTO DayOfOperation (VehicleJourneyRef, StartDate, EndDate) VALUES ('97870', 1523145600, 1523231999);
INSERT INTO DayOfOperation (VehicleJourneyRef, StartDate, EndDate) VALUES ('97870', 1523750400, 1523836799);
INSERT INTO DayOfOperation (VehicleJourneyRef, StartDate, EndDate) VALUES ('97870', 1524355200, 1524441599);
INSERT INTO DayOfOperation (VehicleJourneyRef, StartDate, EndDate) VALUES ('97870', 1524960000, 1525046399);
INSERT INTO DayOfOperation (VehicleJourneyRef, StartDate, EndDate) VALUES ('97870', 1525564800, 1525651199);
INSERT INTO DayOfOperation (VehicleJourneyRef, StartDate, EndDate) VALUES ('97870', 1526169600, 1526255999);
INSERT INTO DayOfOperation (VehicleJourneyRef, StartDate, EndDate) VALUES ('97870', 1526774400, 1526860799);
INSERT INTO DayOfOperation (VehicleJourneyRef, StartDate, EndDate) VALUES ('97870', 1527379200, 1527465599);
INSERT INTO DayOfOperation (VehicleJourneyRef, StartDate, EndDate) VALUES ('97870', 1527984000, 1528070399);
INSERT INTO DayOfOperation (VehicleJourneyRef, StartDate, EndDate) VALUES ('97870', 1528588800, 1528675199);
INSERT INTO DayOfNonOperation (VehicleJourneyRef, StartDate, EndDate) VALUES ('97870', 1490918400, 1508716799);
INSERT INTO VehicleJourney (VehicleJourneyCode, ServiceRef, LineRef, JourneyPatternRef, OperatorRef, Monday, Tuesday, Wednesday, Thursday, Friday, Saturday, Sunday, DepatureHour, DepatureMinute, DepatureSecond, Note, NoteCode) VALUES ('97861', 'FSACM18', '0', 'JPS_FSACM18-8', 'CAL', 1, 1, 1, 1, 1, 1, 0, 17, 30, 0, '', '');
INSERT INTO DayOfOperation (VehicleJourneyRef, StartDate, EndDate) VALUES ('97861', 1521244800, 1521331199);
INSERT INTO DayOfOperation (VehicleJourneyRef, StartDate, EndDate) VALUES ('97861', 1521849600, 1521935999);
INSERT INTO DayOfNonOperation (VehicleJourneyRef, StartDate, EndDate) VALUES ('97861', 1490918400, 1521071999);
INSERT INTO DayOfNonOperation (VehicleJourneyRef, StartDate, EndDate) VALUES ('97861', 1522368000, 2524607999);
INSERT INTO VehicleJourney (VehicleJourneyCode, ServiceRef, LineRef, JourneyPatternRef, OperatorRef, Monday, Tuesday, Wednesday, Thursday, Friday, Saturday, Sunday, DepatureHour, DepatureMinute, DepatureSecond, Note, NoteCode) VALUES ('97841', 'FSACM18', '0', 'JPS_FSACM18-9', 'CAL', 1, 1, 1, 1, 1, 1, 0, 18, 15, 0, '', '');
INSERT INTO DayOfOperation (VehicleJourneyRef, StartDate, EndDate) VALUES ('97841', 1521244800, 1521331199);
INSERT INTO DayOfOperation (VehicleJourneyRef, StartDate, EndDate) VALUES ('97841', 1521849600, 1521935999);
INSERT INTO DayOfNonOperation (VehicleJourneyRef, StartDate, EndDate) VALUES ('97841', 1490918400, 1521071999);
INSERT INTO DayOfNonOperation (VehicleJourneyRef, StartDate, EndDate) VALUES ('97841', 1522368000, 2524607999);