INSERT INTO AnnotatedStopPointRef (StopPointRef, CommonName, Latitude, Longitude) VALUES ('9300BRB', 'Brodick Isle of Arran Ferry Terminal', 0, 0);
INSERT INTO AnnotatedStopPointRef (StopPointRef, CommonName, Latitude, Longitude) VALUES ('9300ARD', 'Ardrossan Ferry Terminal', 0, 0);
INSERT INTO Route (RouteId, RouteDescription, RouteSectionRef) VALUES ('FSACM05_001', 'Brodick - Ardrossan
', 'FSACM05_001');
INSERT INTO Route (RouteId, RouteDescription, RouteSectionRef) VALUES ('FSACM05_002', 'Ardrossan - Brodick
', 'FSACM05_002');
INSERT INTO RouteSection (RouteSectionId) VALUES ('FSACM05_001');
INSERT INTO RouteLink (RouteLinkId, RouteSectionId, FromStopPointRef, ToStopPointRef, `Order`, RouteDirection) VALUES ('FSACM05_001_265820', 'FSACM05_001', '9300BRB', '9300ARD', 0, 'inbound');
INSERT INTO RouteSection (RouteSectionId) VALUES ('FSACM05_002');
INSERT INTO RouteLink (RouteLinkId, RouteSectionId, FromStopPointRef, ToStopPointRef, `Order`, RouteDirection) VALUES ('FSACM05_002_265822', 'FSACM05_002', '9300ARD', '9300BRB', 0, 'outbound');
INSERT INTO JourneyPatternSection (JourneyPatternSectionId) VALUES ('JPS_FSACM05-3');
INSERT INTO JourneyPatternTimingLink (JourneyPatternTimingLinkId, JourneyPatternSectionId, JourneyPatternFromStopPointRef, JourneyPatternFromTimingStatus, JourneyPatternToStopPointsRef, JourneyPatternToTimingStatus, RouteLinkRef, JourneyDirection, RunTime, WaitTime) VALUES ('JPS_FSACM05-3_265820', 'JPS_FSACM05-3', '9300BRB', 'PTP', '9300ARD', 'PTP', 'FSACM05_001_265820', 'inbound', 'PT3300S', '');
INSERT INTO JourneyPatternSection (JourneyPatternSectionId) VALUES ('JPS_FSACM05-4');
INSERT INTO JourneyPatternTimingLink (JourneyPatternTimingLinkId, JourneyPatternSectionId, JourneyPatternFromStopPointRef, JourneyPatternFromTimingStatus, JourneyPatternToStopPointsRef, JourneyPatternToTimingStatus, RouteLinkRef, JourneyDirection, RunTime, WaitTime) VALUES ('JPS_FSACM05-4_265822', 'JPS_FSACM05-4', '9300ARD', 'PTP', '9300BRB', 'PTP', 'FSACM05_002_265822', 'outbound', 'PT3300S', '');
INSERT INTO Operator (OperatorId, NationalOperatorCode, OperatorCode, OperatorShortName) VALUES ('CAL', 'CALM', 'CAL', 'Caledonian MacBrayne');
INSERT INTO Service (ServiceCode, RegisteredOperatorRef, Mode, Description, Origin, Destination, StartDate, EndDate) VALUES ('FSACM05', 'CAL', 'ferry', 'Ardrossan - Brodick', 'Ardrossan', 'Brodick', 1548460800, 2524607999);
INSERT INTO Line (LineId, ServiceRef, LineName) VALUES ('0', 'FSACM05', 'CM5');
INSERT INTO JourneyPattern (JourneyPatternId, ServiceRef, JourneyPatternSectionRef, JourneyPatternDirection) VALUES ('JPS_FSACM05-3', 'FSACM05', 'JPS_FSACM05-3', 'inbound');
INSERT INTO JourneyPattern (JourneyPatternId, ServiceRef, JourneyPatternSectionRef, JourneyPatternDirection) VALUES ('JPS_FSACM05-4', 'FSACM05', 'JPS_FSACM05-4', 'outbound');
INSERT INTO VehicleJourney (VehicleJourneyCode, ServiceRef, LineRef, JourneyPatternRef, OperatorRef, Monday, Tuesday, Wednesday, Thursday, Friday, Saturday, Sunday, DepatureHour, DepatureMinute, DepatureSecond, Note, NoteCode) VALUES ('82673', 'FSACM05', '0', 'JPS_FSACM05-3', 'CAL', 1, 1, 1, 1, 1, 0, 0, 8, 20, 0, 'Passengers should check-in 10 mins before ferry departure time shown', 'FER');
INSERT INTO DayOfNonOperation (VehicleJourneyRef, StartDate, EndDate) VALUES ('82673', 1553817600, 2524607999);
INSERT INTO VehicleJourney (VehicleJourneyCode, ServiceRef, LineRef, JourneyPatternRef, OperatorRef, Monday, Tuesday, Wednesday, Thursday, Friday, Saturday, Sunday, DepatureHour, DepatureMinute, DepatureSecond, Note, NoteCode) VALUES ('82674', 'FSACM05', '0', 'JPS_FSACM05-3', 'CAL', 1, 1, 1, 1, 1, 0, 0, 11, 5, 0, 'Passengers should check-in 10 mins before ferry departure time shown', 'FER');
INSERT INTO DayOfNonOperation (VehicleJourneyRef, StartDate, EndDate) VALUES ('82674', 1553817600, 2524607999);
INSERT INTO VehicleJourney (VehicleJourneyCode, ServiceRef, LineRef, JourneyPatternRef, OperatorRef, Monday, Tuesday, Wednesday, Thursday, Friday, Saturday, Sunday, DepatureHour, DepatureMinute, DepatureSecond, Note, NoteCode) VALUES ('82675', 'FSACM05', '0', 'JPS_FSACM05-3', 'CAL', 1, 1, 1, 1, 1, 0, 0, 13, 55, 0, 'Passengers should check-in 10 mins before ferry departure time shown', 'FER');
INSERT INTO DayOfNonOperation (VehicleJourneyRef, StartDate, EndDate) VALUES ('82675', 1553817600, 2524607999);
INSERT INTO VehicleJourney (VehicleJourneyCode, ServiceRef, LineRef, JourneyPatternRef, OperatorRef, Monday, Tuesday, Wednesday, Thursday, Friday, Saturday, Sunday, DepatureHour, DepatureMinute, DepatureSecond, Note, NoteCode) VALUES ('82676', 'FSACM05', '0', 'JPS_FSACM05-3', 'CAL', 1, 1, 1, 1, 1, 0, 0, 16, 40, 0, 'Passengers should check-in 10 mins before ferry departure time shown', 'FER');
INSERT INTO DayOfNonOperation (VehicleJourneyRef, StartDate, EndDate) VALUES ('82676', 1553817600, 2524607999);
INSERT INTO VehicleJourney (VehicleJourneyCode, ServiceRef, LineRef, JourneyPatternRef, OperatorRef, Monday, Tuesday, Wednesday, Thursday, Friday, Saturday, Sunday, DepatureHour, DepatureMinute, DepatureSecond, Note, NoteCode) VALUES ('82677', 'FSACM05', '0', 'JPS_FSACM05-3', 'CAL', 1, 1, 1, 1, 1, 0, 0, 19, 20, 0, 'Passengers should check-in 10 mins before ferry departure time shown', 'FER');
INSERT INTO DayOfNonOperation (VehicleJourneyRef, StartDate, EndDate) VALUES ('82677', 1553817600, 2524607999);
INSERT INTO VehicleJourney (VehicleJourneyCode, ServiceRef, LineRef, JourneyPatternRef, OperatorRef, Monday, Tuesday, Wednesday, Thursday, Friday, Saturday, Sunday, DepatureHour, DepatureMinute, DepatureSecond, Note, NoteCode) VALUES ('82688', 'FSACM05', '0', 'JPS_FSACM05-3', 'CAL', 0, 0, 0, 0, 0, 1, 0, 8, 20, 0, 'Passengers should check-in 10 mins before ferry departure time shown', 'FER');
INSERT INTO DayOfNonOperation (VehicleJourneyRef, StartDate, EndDate) VALUES ('82688', 1553817600, 2524607999);
INSERT INTO VehicleJourney (VehicleJourneyCode, ServiceRef, LineRef, JourneyPatternRef, OperatorRef, Monday, Tuesday, Wednesday, Thursday, Friday, Saturday, Sunday, DepatureHour, DepatureMinute, DepatureSecond, Note, NoteCode) VALUES ('82689', 'FSACM05', '0', 'JPS_FSACM05-3', 'CAL', 0, 0, 0, 0, 0, 1, 0, 11, 5, 0, 'Passengers should check-in 10 mins before ferry departure time shown', 'FER');
INSERT INTO DayOfNonOperation (VehicleJourneyRef, StartDate, EndDate) VALUES ('82689', 1553817600, 2524607999);
INSERT INTO VehicleJourney (VehicleJourneyCode, ServiceRef, LineRef, JourneyPatternRef, OperatorRef, Monday, Tuesday, Wednesday, Thursday, Friday, Saturday, Sunday, DepatureHour, DepatureMinute, DepatureSecond, Note, NoteCode) VALUES ('82690', 'FSACM05', '0', 'JPS_FSACM05-3', 'CAL', 0, 0, 0, 0, 0, 1, 0, 13, 55, 0, 'Passengers should check-in 10 mins before ferry departure time shown', 'FER');
INSERT INTO DayOfNonOperation (VehicleJourneyRef, StartDate, EndDate) VALUES ('82690', 1553817600, 2524607999);
INSERT INTO VehicleJourney (VehicleJourneyCode, ServiceRef, LineRef, JourneyPatternRef, OperatorRef, Monday, Tuesday, Wednesday, Thursday, Friday, Saturday, Sunday, DepatureHour, DepatureMinute, DepatureSecond, Note, NoteCode) VALUES ('82691', 'FSACM05', '0', 'JPS_FSACM05-3', 'CAL', 0, 0, 0, 0, 0, 1, 0, 16, 40, 0, 'Passengers should check-in 10 mins before ferry departure time shown', 'FER');
INSERT INTO DayOfNonOperation (VehicleJourneyRef, StartDate, EndDate) VALUES ('82691', 1553817600, 2524607999);
INSERT INTO VehicleJourney (VehicleJourneyCode, ServiceRef, LineRef, JourneyPatternRef, OperatorRef, Monday, Tuesday, Wednesday, Thursday, Friday, Saturday, Sunday, DepatureHour, DepatureMinute, DepatureSecond, Note, NoteCode) VALUES ('82701', 'FSACM05', '0', 'JPS_FSACM05-3', 'CAL', 0, 0, 0, 0, 0, 0, 1, 8, 20, 0, 'Passengers should check-in 10 mins before ferry departure time shown', 'FER');
INSERT INTO DayOfNonOperation (VehicleJourneyRef, StartDate, EndDate) VALUES ('82701', 1553817600, 2524607999);
INSERT INTO VehicleJourney (VehicleJourneyCode, ServiceRef, LineRef, JourneyPatternRef, OperatorRef, Monday, Tuesday, Wednesday, Thursday, Friday, Saturday, Sunday, DepatureHour, DepatureMinute, DepatureSecond, Note, NoteCode) VALUES ('82702', 'FSACM05', '0', 'JPS_FSACM05-3', 'CAL', 0, 0, 0, 0, 0, 0, 1, 11, 5, 0, 'Passengers should check-in 10 mins before ferry departure time shown', 'FER');
INSERT INTO DayOfNonOperation (VehicleJourneyRef, StartDate, EndDate) VALUES ('82702', 1553817600, 2524607999);
INSERT INTO VehicleJourney (VehicleJourneyCode, ServiceRef, LineRef, JourneyPatternRef, OperatorRef, Monday, Tuesday, Wednesday, Thursday, Friday, Saturday, Sunday, DepatureHour, DepatureMinute, DepatureSecond, Note, NoteCode) VALUES ('82703', 'FSACM05', '0', 'JPS_FSACM05-3', 'CAL', 0, 0, 0, 0, 0, 0, 1, 13, 50, 0, 'Passengers should check-in 10 mins before ferry departure time shown', 'FER');
INSERT INTO DayOfNonOperation (VehicleJourneyRef, StartDate, EndDate) VALUES ('82703', 1553817600, 2524607999);
INSERT INTO VehicleJourney (VehicleJourneyCode, ServiceRef, LineRef, JourneyPatternRef, OperatorRef, Monday, Tuesday, Wednesday, Thursday, Friday, Saturday, Sunday, DepatureHour, DepatureMinute, DepatureSecond, Note, NoteCode) VALUES ('82704', 'FSACM05', '0', 'JPS_FSACM05-3', 'CAL', 0, 0, 0, 0, 0, 0, 1, 16, 40, 0, 'Passengers should check-in 10 mins before ferry departure time shown', 'FER');
INSERT INTO DayOfNonOperation (VehicleJourneyRef, StartDate, EndDate) VALUES ('82704', 1553817600, 2524607999);
INSERT INTO VehicleJourney (VehicleJourneyCode, ServiceRef, LineRef, JourneyPatternRef, OperatorRef, Monday, Tuesday, Wednesday, Thursday, Friday, Saturday, Sunday, DepatureHour, DepatureMinute, DepatureSecond, Note, NoteCode) VALUES ('82705', 'FSACM05', '0', 'JPS_FSACM05-3', 'CAL', 0, 0, 0, 0, 0, 0, 1, 19, 20, 0, 'Passengers should check-in 10 mins before ferry departure time shown', 'FER');
INSERT INTO DayOfNonOperation (VehicleJourneyRef, StartDate, EndDate) VALUES ('82705', 1553817600, 2524607999);
INSERT INTO VehicleJourney (VehicleJourneyCode, ServiceRef, LineRef, JourneyPatternRef, OperatorRef, Monday, Tuesday, Wednesday, Thursday, Friday, Saturday, Sunday, DepatureHour, DepatureMinute, DepatureSecond, Note, NoteCode) VALUES ('82713', 'FSACM05', '0', 'JPS_FSACM05-4', 'CAL', 1, 1, 1, 1, 1, 0, 0, 7, 0, 0, 'Passengers should check-in 10 mins before ferry departure time shown', 'FER');
INSERT INTO DayOfNonOperation (VehicleJourneyRef, StartDate, EndDate) VALUES ('82713', 1553817600, 2524607999);
INSERT INTO VehicleJourney (VehicleJourneyCode, ServiceRef, LineRef, JourneyPatternRef, OperatorRef, Monday, Tuesday, Wednesday, Thursday, Friday, Saturday, Sunday, DepatureHour, DepatureMinute, DepatureSecond, Note, NoteCode) VALUES ('82714', 'FSACM05', '0', 'JPS_FSACM05-4', 'CAL', 1, 1, 1, 1, 1, 0, 0, 9, 45, 0, 'Passengers should check-in 10 mins before ferry departure time shown', 'FER');
INSERT INTO DayOfNonOperation (VehicleJourneyRef, StartDate, EndDate) VALUES ('82714', 1553817600, 2524607999);
INSERT INTO VehicleJourney (VehicleJourneyCode, ServiceRef, LineRef, JourneyPatternRef, OperatorRef, Monday, Tuesday, Wednesday, Thursday, Friday, Saturday, Sunday, DepatureHour, DepatureMinute, DepatureSecond, Note, NoteCode) VALUES ('82715', 'FSACM05', '0', 'JPS_FSACM05-4', 'CAL', 1, 1, 1, 1, 1, 0, 0, 12, 30, 0, 'Passengers should check-in 10 mins before ferry departure time shown', 'FER');
INSERT INTO DayOfNonOperation (VehicleJourneyRef, StartDate, EndDate) VALUES ('82715', 1553817600, 2524607999);
INSERT INTO VehicleJourney (VehicleJourneyCode, ServiceRef, LineRef, JourneyPatternRef, OperatorRef, Monday, Tuesday, Wednesday, Thursday, Friday, Saturday, Sunday, DepatureHour, DepatureMinute, DepatureSecond, Note, NoteCode) VALUES ('82716', 'FSACM05', '0', 'JPS_FSACM05-4', 'CAL', 1, 1, 1, 1, 1, 0, 0, 15, 20, 0, 'Passengers should check-in 10 mins before ferry departure time shown', 'FER');
INSERT INTO DayOfNonOperation (VehicleJourneyRef, StartDate, EndDate) VALUES ('82716', 1553817600, 2524607999);
INSERT INTO VehicleJourney (VehicleJourneyCode, ServiceRef, LineRef, JourneyPatternRef, OperatorRef, Monday, Tuesday, Wednesday, Thursday, Friday, Saturday, Sunday, DepatureHour, DepatureMinute, DepatureSecond, Note, NoteCode) VALUES ('82717', 'FSACM05', '0', 'JPS_FSACM05-4', 'CAL', 1, 1, 1, 1, 1, 0, 0, 18, 0, 0, 'Passengers should check-in 10 mins before ferry departure time shown', 'FER');
INSERT INTO DayOfNonOperation (VehicleJourneyRef, StartDate, EndDate) VALUES ('82717', 1553817600, 2524607999);
INSERT INTO VehicleJourney (VehicleJourneyCode, ServiceRef, LineRef, JourneyPatternRef, OperatorRef, Monday, Tuesday, Wednesday, Thursday, Friday, Saturday, Sunday, DepatureHour, DepatureMinute, DepatureSecond, Note, NoteCode) VALUES ('82728', 'FSACM05', '0', 'JPS_FSACM05-4', 'CAL', 0, 0, 0, 0, 0, 1, 0, 7, 0, 0, 'Passengers should check-in 10 mins before ferry departure time shown', 'FER');
INSERT INTO DayOfNonOperation (VehicleJourneyRef, StartDate, EndDate) VALUES ('82728', 1553817600, 2524607999);
INSERT INTO VehicleJourney (VehicleJourneyCode, ServiceRef, LineRef, JourneyPatternRef, OperatorRef, Monday, Tuesday, Wednesday, Thursday, Friday, Saturday, Sunday, DepatureHour, DepatureMinute, DepatureSecond, Note, NoteCode) VALUES ('82729', 'FSACM05', '0', 'JPS_FSACM05-4', 'CAL', 0, 0, 0, 0, 0, 1, 0, 9, 45, 0, 'Passengers should check-in 10 mins before ferry departure time shown', 'FER');
INSERT INTO DayOfNonOperation (VehicleJourneyRef, StartDate, EndDate) VALUES ('82729', 1553817600, 2524607999);
INSERT INTO VehicleJourney (VehicleJourneyCode, ServiceRef, LineRef, JourneyPatternRef, OperatorRef, Monday, Tuesday, Wednesday, Thursday, Friday, Saturday, Sunday, DepatureHour, DepatureMinute, DepatureSecond, Note, NoteCode) VALUES ('82730', 'FSACM05', '0', 'JPS_FSACM05-4', 'CAL', 0, 0, 0, 0, 0, 1, 0, 12, 30, 0, 'Passengers should check-in 10 mins before ferry departure time shown', 'FER');
INSERT INTO DayOfNonOperation (VehicleJourneyRef, StartDate, EndDate) VALUES ('82730', 1553817600, 2524607999);
INSERT INTO VehicleJourney (VehicleJourneyCode, ServiceRef, LineRef, JourneyPatternRef, OperatorRef, Monday, Tuesday, Wednesday, Thursday, Friday, Saturday, Sunday, DepatureHour, DepatureMinute, DepatureSecond, Note, NoteCode) VALUES ('82731', 'FSACM05', '0', 'JPS_FSACM05-4', 'CAL', 0, 0, 0, 0, 0, 1, 0, 15, 20, 0, 'Passengers should check-in 10 mins before ferry departure time shown', 'FER');
INSERT INTO DayOfNonOperation (VehicleJourneyRef, StartDate, EndDate) VALUES ('82731', 1553817600, 2524607999);
INSERT INTO VehicleJourney (VehicleJourneyCode, ServiceRef, LineRef, JourneyPatternRef, OperatorRef, Monday, Tuesday, Wednesday, Thursday, Friday, Saturday, Sunday, DepatureHour, DepatureMinute, DepatureSecond, Note, NoteCode) VALUES ('82732', 'FSACM05', '0', 'JPS_FSACM05-4', 'CAL', 0, 0, 0, 0, 0, 1, 0, 18, 0, 0, 'Passengers should check-in 10 mins before ferry departure time shown', 'FER');
INSERT INTO DayOfNonOperation (VehicleJourneyRef, StartDate, EndDate) VALUES ('82732', 1553817600, 2524607999);
INSERT INTO VehicleJourney (VehicleJourneyCode, ServiceRef, LineRef, JourneyPatternRef, OperatorRef, Monday, Tuesday, Wednesday, Thursday, Friday, Saturday, Sunday, DepatureHour, DepatureMinute, DepatureSecond, Note, NoteCode) VALUES ('82742', 'FSACM05', '0', 'JPS_FSACM05-4', 'CAL', 0, 0, 0, 0, 0, 0, 1, 9, 45, 0, 'Passengers should check-in 10 mins before ferry departure time shown', 'FER');
INSERT INTO DayOfNonOperation (VehicleJourneyRef, StartDate, EndDate) VALUES ('82742', 1553817600, 2524607999);
INSERT INTO VehicleJourney (VehicleJourneyCode, ServiceRef, LineRef, JourneyPatternRef, OperatorRef, Monday, Tuesday, Wednesday, Thursday, Friday, Saturday, Sunday, DepatureHour, DepatureMinute, DepatureSecond, Note, NoteCode) VALUES ('82743', 'FSACM05', '0', 'JPS_FSACM05-4', 'CAL', 0, 0, 0, 0, 0, 0, 1, 12, 30, 0, 'Passengers should check-in 10 mins before ferry departure time shown', 'FER');
INSERT INTO DayOfNonOperation (VehicleJourneyRef, StartDate, EndDate) VALUES ('82743', 1553817600, 2524607999);
INSERT INTO VehicleJourney (VehicleJourneyCode, ServiceRef, LineRef, JourneyPatternRef, OperatorRef, Monday, Tuesday, Wednesday, Thursday, Friday, Saturday, Sunday, DepatureHour, DepatureMinute, DepatureSecond, Note, NoteCode) VALUES ('82744', 'FSACM05', '0', 'JPS_FSACM05-4', 'CAL', 0, 0, 0, 0, 0, 0, 1, 15, 15, 0, 'Passengers should check-in 10 mins before ferry departure time shown', 'FER');
INSERT INTO DayOfNonOperation (VehicleJourneyRef, StartDate, EndDate) VALUES ('82744', 1553817600, 2524607999);
INSERT INTO VehicleJourney (VehicleJourneyCode, ServiceRef, LineRef, JourneyPatternRef, OperatorRef, Monday, Tuesday, Wednesday, Thursday, Friday, Saturday, Sunday, DepatureHour, DepatureMinute, DepatureSecond, Note, NoteCode) VALUES ('82745', 'FSACM05', '0', 'JPS_FSACM05-4', 'CAL', 0, 0, 0, 0, 0, 0, 1, 18, 0, 0, 'Passengers should check-in 10 mins before ferry departure time shown', 'FER');
INSERT INTO DayOfNonOperation (VehicleJourneyRef, StartDate, EndDate) VALUES ('82745', 1553817600, 2524607999);
INSERT INTO VehicleJourney (VehicleJourneyCode, ServiceRef, LineRef, JourneyPatternRef, OperatorRef, Monday, Tuesday, Wednesday, Thursday, Friday, Saturday, Sunday, DepatureHour, DepatureMinute, DepatureSecond, Note, NoteCode) VALUES ('82672', 'FSACM05', '0', 'JPS_FSACM05-3', 'CAL', 0, 0, 0, 0, 1, 0, 0, 21, 40, 0, 'Passengers should check-in 10 mins before ferry departure time shown', 'FER');
INSERT INTO DayOfNonOperation (VehicleJourneyRef, StartDate, EndDate) VALUES ('82672', 1548460800, 1553817599);
INSERT INTO VehicleJourney (VehicleJourneyCode, ServiceRef, LineRef, JourneyPatternRef, OperatorRef, Monday, Tuesday, Wednesday, Thursday, Friday, Saturday, Sunday, DepatureHour, DepatureMinute, DepatureSecond, Note, NoteCode) VALUES ('82678', 'FSACM05', '0', 'JPS_FSACM05-3', 'CAL', 1, 1, 1, 1, 1, 0, 0, 8, 20, 0, 'Passengers should check-in 10 mins before ferry departure time shown', 'FER');
INSERT INTO DayOfNonOperation (VehicleJourneyRef, StartDate, EndDate) VALUES ('82678', 1548460800, 1553817599);
INSERT INTO VehicleJourney (VehicleJourneyCode, ServiceRef, LineRef, JourneyPatternRef, OperatorRef, Monday, Tuesday, Wednesday, Thursday, Friday, Saturday, Sunday, DepatureHour, DepatureMinute, DepatureSecond, Note, NoteCode) VALUES ('82679', 'FSACM05', '0', 'JPS_FSACM05-3', 'CAL', 1, 1, 1, 1, 1, 0, 0, 11, 5, 0, 'Passengers should check-in 10 mins before ferry departure time shown', 'FER');
INSERT INTO DayOfNonOperation (VehicleJourneyRef, StartDate, EndDate) VALUES ('82679', 1548460800, 1553817599);
INSERT INTO VehicleJourney (VehicleJourneyCode, ServiceRef, LineRef, JourneyPatternRef, OperatorRef, Monday, Tuesday, Wednesday, Thursday, Friday, Saturday, Sunday, DepatureHour, DepatureMinute, DepatureSecond, Note, NoteCode) VALUES ('82680', 'FSACM05', '0', 'JPS_FSACM05-3', 'CAL', 1, 1, 1, 1, 1, 0, 0, 13, 55, 0, 'Passengers should check-in 10 mins before ferry departure time shown', 'FER');
INSERT INTO DayOfNonOperation (VehicleJourneyRef, StartDate, EndDate) VALUES ('82680', 1548460800, 1553817599);
INSERT INTO VehicleJourney (VehicleJourneyCode, ServiceRef, LineRef, JourneyPatternRef, OperatorRef, Monday, Tuesday, Wednesday, Thursday, Friday, Saturday, Sunday, DepatureHour, DepatureMinute, DepatureSecond, Note, NoteCode) VALUES ('82681', 'FSACM05', '0', 'JPS_FSACM05-3', 'CAL', 1, 1, 1, 1, 1, 0, 0, 16, 40, 0, 'Passengers should check-in 10 mins before ferry departure time shown', 'FER');
INSERT INTO DayOfNonOperation (VehicleJourneyRef, StartDate, EndDate) VALUES ('82681', 1548460800, 1553817599);
INSERT INTO VehicleJourney (VehicleJourneyCode, ServiceRef, LineRef, JourneyPatternRef, OperatorRef, Monday, Tuesday, Wednesday, Thursday, Friday, Saturday, Sunday, DepatureHour, DepatureMinute, DepatureSecond, Note, NoteCode) VALUES ('82682', 'FSACM05', '0', 'JPS_FSACM05-3', 'CAL', 1, 1, 1, 1, 1, 0, 0, 19, 20, 0, 'Passengers should check-in 10 mins before ferry departure time shown', 'FER');
INSERT INTO DayOfNonOperation (VehicleJourneyRef, StartDate, EndDate) VALUES ('82682', 1548460800, 1553817599);
INSERT INTO VehicleJourney (VehicleJourneyCode, ServiceRef, LineRef, JourneyPatternRef, OperatorRef, Monday, Tuesday, Wednesday, Thursday, Friday, Saturday, Sunday, DepatureHour, DepatureMinute, DepatureSecond, Note, NoteCode) VALUES ('82692', 'FSACM05', '0', 'JPS_FSACM05-3', 'CAL', 0, 0, 0, 0, 0, 1, 0, 8, 20, 0, 'Passengers should check-in 10 mins before ferry departure time shown', 'FER');
INSERT INTO DayOfNonOperation (VehicleJourneyRef, StartDate, EndDate) VALUES ('82692', 1548460800, 1553817599);
INSERT INTO VehicleJourney (VehicleJourneyCode, ServiceRef, LineRef, JourneyPatternRef, OperatorRef, Monday, Tuesday, Wednesday, Thursday, Friday, Saturday, Sunday, DepatureHour, DepatureMinute, DepatureSecond, Note, NoteCode) VALUES ('82693', 'FSACM05', '0', 'JPS_FSACM05-3', 'CAL', 0, 0, 0, 0, 0, 1, 0, 11, 5, 0, 'Passengers should check-in 10 mins before ferry departure time shown', 'FER');
INSERT INTO DayOfNonOperation (VehicleJourneyRef, StartDate, EndDate) VALUES ('82693', 1548460800, 1553817599);
INSERT INTO VehicleJourney (VehicleJourneyCode, ServiceRef, LineRef, JourneyPatternRef, OperatorRef, Monday, Tuesday, Wednesday, Thursday, Friday, Saturday, Sunday, DepatureHour, DepatureMinute, DepatureSecond, Note, NoteCode) VALUES ('82694', 'FSACM05', '0', 'JPS_FSACM05-3', 'CAL', 0, 0, 0, 0, 0, 1, 0, 13, 55, 0, 'Passengers should check-in 10 mins before ferry departure time shown', 'FER');
INSERT INTO DayOfNonOperation (VehicleJourneyRef, StartDate, EndDate) VALUES ('82694', 1548460800, 1553817599);
INSERT INTO VehicleJourney (VehicleJourneyCode, ServiceRef, LineRef, JourneyPatternRef, OperatorRef, Monday, Tuesday, Wednesday, Thursday, Friday, Saturday, Sunday, DepatureHour, DepatureMinute, DepatureSecond, Note, NoteCode) VALUES ('82695', 'FSACM05', '0', 'JPS_FSACM05-3', 'CAL', 0, 0, 0, 0, 0, 1, 0, 16, 40, 0, 'Passengers should check-in 10 mins before ferry departure time shown', 'FER');
INSERT INTO DayOfNonOperation (VehicleJourneyRef, StartDate, EndDate) VALUES ('82695', 1548460800, 1553817599);
INSERT INTO VehicleJourney (VehicleJourneyCode, ServiceRef, LineRef, JourneyPatternRef, OperatorRef, Monday, Tuesday, Wednesday, Thursday, Friday, Saturday, Sunday, DepatureHour, DepatureMinute, DepatureSecond, Note, NoteCode) VALUES ('82696', 'FSACM05', '0', 'JPS_FSACM05-3', 'CAL', 0, 0, 0, 0, 0, 1, 0, 19, 20, 0, 'Passengers should check-in 10 mins before ferry departure time shown', 'FER');
INSERT INTO DayOfNonOperation (VehicleJourneyRef, StartDate, EndDate) VALUES ('82696', 1548460800, 1553817599);
INSERT INTO VehicleJourney (VehicleJourneyCode, ServiceRef, LineRef, JourneyPatternRef, OperatorRef, Monday, Tuesday, Wednesday, Thursday, Friday, Saturday, Sunday, DepatureHour, DepatureMinute, DepatureSecond, Note, NoteCode) VALUES ('82706', 'FSACM05', '0', 'JPS_FSACM05-3', 'CAL', 0, 0, 0, 0, 0, 0, 1, 11, 5, 0, 'Passengers should check-in 10 mins before ferry departure time shown', 'FER');
INSERT INTO DayOfNonOperation (VehicleJourneyRef, StartDate, EndDate) VALUES ('82706', 1548460800, 1553817599);
INSERT INTO VehicleJourney (VehicleJourneyCode, ServiceRef, LineRef, JourneyPatternRef, OperatorRef, Monday, Tuesday, Wednesday, Thursday, Friday, Saturday, Sunday, DepatureHour, DepatureMinute, DepatureSecond, Note, NoteCode) VALUES ('82707', 'FSACM05', '0', 'JPS_FSACM05-3', 'CAL', 0, 0, 0, 0, 0, 0, 1, 13, 55, 0, 'Passengers should check-in 10 mins before ferry departure time shown', 'FER');
INSERT INTO DayOfNonOperation (VehicleJourneyRef, StartDate, EndDate) VALUES ('82707', 1548460800, 1553817599);
INSERT INTO VehicleJourney (VehicleJourneyCode, ServiceRef, LineRef, JourneyPatternRef, OperatorRef, Monday, Tuesday, Wednesday, Thursday, Friday, Saturday, Sunday, DepatureHour, DepatureMinute, DepatureSecond, Note, NoteCode) VALUES ('82708', 'FSACM05', '0', 'JPS_FSACM05-3', 'CAL', 0, 0, 0, 0, 0, 0, 1, 16, 40, 0, 'Passengers should check-in 10 mins before ferry departure time shown', 'FER');
INSERT INTO DayOfNonOperation (VehicleJourneyRef, StartDate, EndDate) VALUES ('82708', 1548460800, 1553817599);
INSERT INTO VehicleJourney (VehicleJourneyCode, ServiceRef, LineRef, JourneyPatternRef, OperatorRef, Monday, Tuesday, Wednesday, Thursday, Friday, Saturday, Sunday, DepatureHour, DepatureMinute, DepatureSecond, Note, NoteCode) VALUES ('82709', 'FSACM05', '0', 'JPS_FSACM05-3', 'CAL', 0, 0, 0, 0, 0, 0, 1, 19, 20, 0, 'Passengers should check-in 10 mins before ferry departure time shown', 'FER');
INSERT INTO DayOfNonOperation (VehicleJourneyRef, StartDate, EndDate) VALUES ('82709', 1548460800, 1553817599);
INSERT INTO VehicleJourney (VehicleJourneyCode, ServiceRef, LineRef, JourneyPatternRef, OperatorRef, Monday, Tuesday, Wednesday, Thursday, Friday, Saturday, Sunday, DepatureHour, DepatureMinute, DepatureSecond, Note, NoteCode) VALUES ('82712', 'FSACM05', '0', 'JPS_FSACM05-4', 'CAL', 0, 0, 0, 0, 1, 0, 0, 20, 30, 0, 'Passengers should check-in 10 mins before ferry departure time shown', 'FER');
INSERT INTO DayOfNonOperation (VehicleJourneyRef, StartDate, EndDate) VALUES ('82712', 1548460800, 1553817599);
INSERT INTO VehicleJourney (VehicleJourneyCode, ServiceRef, LineRef, JourneyPatternRef, OperatorRef, Monday, Tuesday, Wednesday, Thursday, Friday, Saturday, Sunday, DepatureHour, DepatureMinute, DepatureSecond, Note, NoteCode) VALUES ('82718', 'FSACM05', '0', 'JPS_FSACM05-4', 'CAL', 1, 1, 1, 1, 1, 0, 0, 7, 0, 0, 'Passengers should check-in 10 mins before ferry departure time shown', 'FER');
INSERT INTO DayOfNonOperation (VehicleJourneyRef, StartDate, EndDate) VALUES ('82718', 1548460800, 1553817599);
INSERT INTO VehicleJourney (VehicleJourneyCode, ServiceRef, LineRef, JourneyPatternRef, OperatorRef, Monday, Tuesday, Wednesday, Thursday, Friday, Saturday, Sunday, DepatureHour, DepatureMinute, DepatureSecond, Note, NoteCode) VALUES ('82719', 'FSACM05', '0', 'JPS_FSACM05-4', 'CAL', 1, 1, 1, 1, 1, 0, 0, 9, 45, 0, 'Passengers should check-in 10 mins before ferry departure time shown', 'FER');
INSERT INTO DayOfNonOperation (VehicleJourneyRef, StartDate, EndDate) VALUES ('82719', 1548460800, 1553817599);
INSERT INTO VehicleJourney (VehicleJourneyCode, ServiceRef, LineRef, JourneyPatternRef, OperatorRef, Monday, Tuesday, Wednesday, Thursday, Friday, Saturday, Sunday, DepatureHour, DepatureMinute, DepatureSecond, Note, NoteCode) VALUES ('82720', 'FSACM05', '0', 'JPS_FSACM05-4', 'CAL', 1, 1, 1, 1, 1, 0, 0, 12, 30, 0, 'Passengers should check-in 10 mins before ferry departure time shown', 'FER');
INSERT INTO DayOfNonOperation (VehicleJourneyRef, StartDate, EndDate) VALUES ('82720', 1548460800, 1553817599);
INSERT INTO VehicleJourney (VehicleJourneyCode, ServiceRef, LineRef, JourneyPatternRef, OperatorRef, Monday, Tuesday, Wednesday, Thursday, Friday, Saturday, Sunday, DepatureHour, DepatureMinute, DepatureSecond, Note, NoteCode) VALUES ('82721', 'FSACM05', '0', 'JPS_FSACM05-4', 'CAL', 1, 1, 1, 1, 1, 0, 0, 15, 20, 0, 'Passengers should check-in 10 mins before ferry departure time shown', 'FER');
INSERT INTO DayOfNonOperation (VehicleJourneyRef, StartDate, EndDate) VALUES ('82721', 1548460800, 1553817599);
INSERT INTO VehicleJourney (VehicleJourneyCode, ServiceRef, LineRef, JourneyPatternRef, OperatorRef, Monday, Tuesday, Wednesday, Thursday, Friday, Saturday, Sunday, DepatureHour, DepatureMinute, DepatureSecond, Note, NoteCode) VALUES ('82722', 'FSACM05', '0', 'JPS_FSACM05-4', 'CAL', 1, 1, 1, 1, 1, 0, 0, 18, 0, 0, 'Passengers should check-in 10 mins before ferry departure time shown', 'FER');
INSERT INTO DayOfNonOperation (VehicleJourneyRef, StartDate, EndDate) VALUES ('82722', 1548460800, 1553817599);
INSERT INTO VehicleJourney (VehicleJourneyCode, ServiceRef, LineRef, JourneyPatternRef, OperatorRef, Monday, Tuesday, Wednesday, Thursday, Friday, Saturday, Sunday, DepatureHour, DepatureMinute, DepatureSecond, Note, NoteCode) VALUES ('82733', 'FSACM05', '0', 'JPS_FSACM05-4', 'CAL', 0, 0, 0, 0, 0, 1, 0, 7, 0, 0, 'Passengers should check-in 10 mins before ferry departure time shown', 'FER');
INSERT INTO DayOfNonOperation (VehicleJourneyRef, StartDate, EndDate) VALUES ('82733', 1548460800, 1553817599);
INSERT INTO VehicleJourney (VehicleJourneyCode, ServiceRef, LineRef, JourneyPatternRef, OperatorRef, Monday, Tuesday, Wednesday, Thursday, Friday, Saturday, Sunday, DepatureHour, DepatureMinute, DepatureSecond, Note, NoteCode) VALUES ('82734', 'FSACM05', '0', 'JPS_FSACM05-4', 'CAL', 0, 0, 0, 0, 0, 1, 0, 9, 45, 0, 'Passengers should check-in 10 mins before ferry departure time shown', 'FER');
INSERT INTO DayOfNonOperation (VehicleJourneyRef, StartDate, EndDate) VALUES ('82734', 1548460800, 1553817599);
INSERT INTO VehicleJourney (VehicleJourneyCode, ServiceRef, LineRef, JourneyPatternRef, OperatorRef, Monday, Tuesday, Wednesday, Thursday, Friday, Saturday, Sunday, DepatureHour, DepatureMinute, DepatureSecond, Note, NoteCode) VALUES ('82735', 'FSACM05', '0', 'JPS_FSACM05-4', 'CAL', 0, 0, 0, 0, 0, 1, 0, 12, 30, 0, 'Passengers should check-in 10 mins before ferry departure time shown', 'FER');
INSERT INTO DayOfNonOperation (VehicleJourneyRef, StartDate, EndDate) VALUES ('82735', 1548460800, 1553817599);
INSERT INTO VehicleJourney (VehicleJourneyCode, ServiceRef, LineRef, JourneyPatternRef, OperatorRef, Monday, Tuesday, Wednesday, Thursday, Friday, Saturday, Sunday, DepatureHour, DepatureMinute, DepatureSecond, Note, NoteCode) VALUES ('82736', 'FSACM05', '0', 'JPS_FSACM05-4', 'CAL', 0, 0, 0, 0, 0, 1, 0, 15, 20, 0, 'Passengers should check-in 10 mins before ferry departure time shown', 'FER');
INSERT INTO DayOfNonOperation (VehicleJourneyRef, StartDate, EndDate) VALUES ('82736', 1548460800, 1553817599);
INSERT INTO VehicleJourney (VehicleJourneyCode, ServiceRef, LineRef, JourneyPatternRef, OperatorRef, Monday, Tuesday, Wednesday, Thursday, Friday, Saturday, Sunday, DepatureHour, DepatureMinute, DepatureSecond, Note, NoteCode) VALUES ('82737', 'FSACM05', '0', 'JPS_FSACM05-4', 'CAL', 0, 0, 0, 0, 0, 1, 0, 18, 0, 0, 'Passengers should check-in 10 mins before ferry departure time shown', 'FER');
INSERT INTO DayOfNonOperation (VehicleJourneyRef, StartDate, EndDate) VALUES ('82737', 1548460800, 1553817599);
INSERT INTO VehicleJourney (VehicleJourneyCode, ServiceRef, LineRef, JourneyPatternRef, OperatorRef, Monday, Tuesday, Wednesday, Thursday, Friday, Saturday, Sunday, DepatureHour, DepatureMinute, DepatureSecond, Note, NoteCode) VALUES ('82746', 'FSACM05', '0', 'JPS_FSACM05-4', 'CAL', 0, 0, 0, 0, 0, 0, 1, 9, 45, 0, 'Passengers should check-in 10 mins before ferry departure time shown', 'FER');
INSERT INTO DayOfNonOperation (VehicleJourneyRef, StartDate, EndDate) VALUES ('82746', 1548460800, 1553817599);
INSERT INTO VehicleJourney (VehicleJourneyCode, ServiceRef, LineRef, JourneyPatternRef, OperatorRef, Monday, Tuesday, Wednesday, Thursday, Friday, Saturday, Sunday, DepatureHour, DepatureMinute, DepatureSecond, Note, NoteCode) VALUES ('82747', 'FSACM05', '0', 'JPS_FSACM05-4', 'CAL', 0, 0, 0, 0, 0, 0, 1, 12, 30, 0, 'Passengers should check-in 10 mins before ferry departure time shown', 'FER');
INSERT INTO DayOfNonOperation (VehicleJourneyRef, StartDate, EndDate) VALUES ('82747', 1548460800, 1553817599);
INSERT INTO VehicleJourney (VehicleJourneyCode, ServiceRef, LineRef, JourneyPatternRef, OperatorRef, Monday, Tuesday, Wednesday, Thursday, Friday, Saturday, Sunday, DepatureHour, DepatureMinute, DepatureSecond, Note, NoteCode) VALUES ('82748', 'FSACM05', '0', 'JPS_FSACM05-4', 'CAL', 0, 0, 0, 0, 0, 0, 1, 15, 20, 0, 'Passengers should check-in 10 mins before ferry departure time shown', 'FER');
INSERT INTO DayOfNonOperation (VehicleJourneyRef, StartDate, EndDate) VALUES ('82748', 1548460800, 1553817599);
INSERT INTO VehicleJourney (VehicleJourneyCode, ServiceRef, LineRef, JourneyPatternRef, OperatorRef, Monday, Tuesday, Wednesday, Thursday, Friday, Saturday, Sunday, DepatureHour, DepatureMinute, DepatureSecond, Note, NoteCode) VALUES ('82749', 'FSACM05', '0', 'JPS_FSACM05-4', 'CAL', 0, 0, 0, 0, 0, 0, 1, 18, 0, 0, 'Passengers should check-in 10 mins before ferry departure time shown', 'FER');
INSERT INTO DayOfNonOperation (VehicleJourneyRef, StartDate, EndDate) VALUES ('82749', 1548460800, 1553817599);
INSERT INTO VehicleJourney (VehicleJourneyCode, ServiceRef, LineRef, JourneyPatternRef, OperatorRef, Monday, Tuesday, Wednesday, Thursday, Friday, Saturday, Sunday, DepatureHour, DepatureMinute, DepatureSecond, Note, NoteCode) VALUES ('82683', 'FSACM05', '0', 'JPS_FSACM05-3', 'CAL', 1, 1, 1, 1, 1, 0, 0, 12, 30, 0, 'Passengers should check-in 10 mins before ferry departure time shown', 'FER');
INSERT INTO DayOfNonOperation (VehicleJourneyRef, StartDate, EndDate) VALUES ('82683', 1548460800, 1556755199);
INSERT INTO DayOfNonOperation (VehicleJourneyRef, StartDate, EndDate) VALUES ('82683', 1569888000, 2524607999);
INSERT INTO VehicleJourney (VehicleJourneyCode, ServiceRef, LineRef, JourneyPatternRef, OperatorRef, Monday, Tuesday, Wednesday, Thursday, Friday, Saturday, Sunday, DepatureHour, DepatureMinute, DepatureSecond, Note, NoteCode) VALUES ('82684', 'FSACM05', '0', 'JPS_FSACM05-3', 'CAL', 1, 1, 1, 1, 1, 0, 0, 15, 15, 0, 'Passengers should check-in 10 mins before ferry departure time shown', 'FER');
INSERT INTO DayOfNonOperation (VehicleJourneyRef, StartDate, EndDate) VALUES ('82684', 1548460800, 1556755199);
INSERT INTO DayOfNonOperation (VehicleJourneyRef, StartDate, EndDate) VALUES ('82684', 1569888000, 2524607999);
INSERT INTO VehicleJourney (VehicleJourneyCode, ServiceRef, LineRef, JourneyPatternRef, OperatorRef, Monday, Tuesday, Wednesday, Thursday, Friday, Saturday, Sunday, DepatureHour, DepatureMinute, DepatureSecond, Note, NoteCode) VALUES ('82685', 'FSACM05', '0', 'JPS_FSACM05-3', 'CAL', 1, 1, 1, 1, 0, 0, 0, 7, 0, 0, 'Passengers should check-in 10 mins before ferry departure time shown', 'FER');
INSERT INTO DayOfNonOperation (VehicleJourneyRef, StartDate, EndDate) VALUES ('82685', 1548460800, 1556755199);
INSERT INTO DayOfNonOperation (VehicleJourneyRef, StartDate, EndDate) VALUES ('82685', 1569888000, 2524607999);
INSERT INTO VehicleJourney (VehicleJourneyCode, ServiceRef, LineRef, JourneyPatternRef, OperatorRef, Monday, Tuesday, Wednesday, Thursday, Friday, Saturday, Sunday, DepatureHour, DepatureMinute, DepatureSecond, Note, NoteCode) VALUES ('82686', 'FSACM05', '0', 'JPS_FSACM05-3', 'CAL', 1, 1, 1, 1, 0, 0, 0, 9, 45, 0, 'Passengers should check-in 10 mins before ferry departure time shown', 'FER');
INSERT INTO DayOfNonOperation (VehicleJourneyRef, StartDate, EndDate) VALUES ('82686', 1548460800, 1556755199);
INSERT INTO DayOfNonOperation (VehicleJourneyRef, StartDate, EndDate) VALUES ('82686', 1569888000, 2524607999);
INSERT INTO VehicleJourney (VehicleJourneyCode, ServiceRef, LineRef, JourneyPatternRef, OperatorRef, Monday, Tuesday, Wednesday, Thursday, Friday, Saturday, Sunday, DepatureHour, DepatureMinute, DepatureSecond, Note, NoteCode) VALUES ('82687', 'FSACM05', '0', 'JPS_FSACM05-3', 'CAL', 1, 1, 1, 0, 0, 0, 0, 18, 0, 0, 'Passengers should check-in 10 mins before ferry departure time shown', 'FER');
INSERT INTO DayOfNonOperation (VehicleJourneyRef, StartDate, EndDate) VALUES ('82687', 1548460800, 1556755199);
INSERT INTO DayOfNonOperation (VehicleJourneyRef, StartDate, EndDate) VALUES ('82687', 1569888000, 2524607999);
INSERT INTO VehicleJourney (VehicleJourneyCode, ServiceRef, LineRef, JourneyPatternRef, OperatorRef, Monday, Tuesday, Wednesday, Thursday, Friday, Saturday, Sunday, DepatureHour, DepatureMinute, DepatureSecond, Note, NoteCode) VALUES ('82697', 'FSACM05', '0', 'JPS_FSACM05-3', 'CAL', 0, 0, 0, 0, 0, 1, 0, 9, 45, 0, 'Passengers should check-in 10 mins before ferry departure time shown', 'FER');
INSERT INTO DayOfNonOperation (VehicleJourneyRef, StartDate, EndDate) VALUES ('82697', 1548460800, 1556755199);
INSERT INTO DayOfNonOperation (VehicleJourneyRef, StartDate, EndDate) VALUES ('82697', 1569888000, 2524607999);
INSERT INTO VehicleJourney (VehicleJourneyCode, ServiceRef, LineRef, JourneyPatternRef, OperatorRef, Monday, Tuesday, Wednesday, Thursday, Friday, Saturday, Sunday, DepatureHour, DepatureMinute, DepatureSecond, Note, NoteCode) VALUES ('82698', 'FSACM05', '0', 'JPS_FSACM05-3', 'CAL', 0, 0, 0, 0, 0, 1, 0, 12, 30, 0, 'Passengers should check-in 10 mins before ferry departure time shown', 'FER');
INSERT INTO DayOfNonOperation (VehicleJourneyRef, StartDate, EndDate) VALUES ('82698', 1548460800, 1556755199);
INSERT INTO DayOfNonOperation (VehicleJourneyRef, StartDate, EndDate) VALUES ('82698', 1569888000, 2524607999);
INSERT INTO VehicleJourney (VehicleJourneyCode, ServiceRef, LineRef, JourneyPatternRef, OperatorRef, Monday, Tuesday, Wednesday, Thursday, Friday, Saturday, Sunday, DepatureHour, DepatureMinute, DepatureSecond, Note, NoteCode) VALUES ('82699', 'FSACM05', '0', 'JPS_FSACM05-3', 'CAL', 0, 0, 0, 0, 0, 1, 0, 15, 15, 0, 'Passengers should check-in 10 mins before ferry departure time shown', 'FER');
INSERT INTO DayOfNonOperation (VehicleJourneyRef, StartDate, EndDate) VALUES ('82699', 1548460800, 1556755199);
INSERT INTO DayOfNonOperation (VehicleJourneyRef, StartDate, EndDate) VALUES ('82699', 1569888000, 2524607999);
INSERT INTO VehicleJourney (VehicleJourneyCode, ServiceRef, LineRef, JourneyPatternRef, OperatorRef, Monday, Tuesday, Wednesday, Thursday, Friday, Saturday, Sunday, DepatureHour, DepatureMinute, DepatureSecond, Note, NoteCode) VALUES ('82700', 'FSACM05', '0', 'JPS_FSACM05-3', 'CAL', 0, 0, 0, 0, 0, 1, 0, 18, 0, 0, 'Passengers should check-in 10 mins before ferry departure time shown', 'FER');
INSERT INTO DayOfNonOperation (VehicleJourneyRef, StartDate, EndDate) VALUES ('82700', 1548460800, 1556755199);
INSERT INTO DayOfNonOperation (VehicleJourneyRef, StartDate, EndDate) VALUES ('82700', 1569888000, 2524607999);
INSERT INTO VehicleJourney (VehicleJourneyCode, ServiceRef, LineRef, JourneyPatternRef, OperatorRef, Monday, Tuesday, Wednesday, Thursday, Friday, Saturday, Sunday, DepatureHour, DepatureMinute, DepatureSecond, Note, NoteCode) VALUES ('82710', 'FSACM05', '0', 'JPS_FSACM05-3', 'CAL', 0, 0, 0, 0, 0, 0, 1, 9, 5, 0, 'Passengers should check-in 10 mins before ferry departure time shown', 'FER');
INSERT INTO DayOfNonOperation (VehicleJourneyRef, StartDate, EndDate) VALUES ('82710', 1548460800, 1556755199);
INSERT INTO DayOfNonOperation (VehicleJourneyRef, StartDate, EndDate) VALUES ('82710', 1569888000, 2524607999);
INSERT INTO VehicleJourney (VehicleJourneyCode, ServiceRef, LineRef, JourneyPatternRef, OperatorRef, Monday, Tuesday, Wednesday, Thursday, Friday, Saturday, Sunday, DepatureHour, DepatureMinute, DepatureSecond, Note, NoteCode) VALUES ('82711', 'FSACM05', '0', 'JPS_FSACM05-3', 'CAL', 0, 0, 0, 0, 0, 0, 1, 12, 30, 0, 'Passengers should check-in 10 mins before ferry departure time shown', 'FER');
INSERT INTO DayOfNonOperation (VehicleJourneyRef, StartDate, EndDate) VALUES ('82711', 1548460800, 1556755199);
INSERT INTO DayOfNonOperation (VehicleJourneyRef, StartDate, EndDate) VALUES ('82711', 1569888000, 2524607999);
INSERT INTO VehicleJourney (VehicleJourneyCode, ServiceRef, LineRef, JourneyPatternRef, OperatorRef, Monday, Tuesday, Wednesday, Thursday, Friday, Saturday, Sunday, DepatureHour, DepatureMinute, DepatureSecond, Note, NoteCode) VALUES ('82723', 'FSACM05', '0', 'JPS_FSACM05-4', 'CAL', 1, 1, 1, 1, 1, 0, 0, 11, 5, 0, 'Passengers should check-in 10 mins before ferry departure time shown', 'FER');
INSERT INTO DayOfNonOperation (VehicleJourneyRef, StartDate, EndDate) VALUES ('82723', 1548460800, 1556755199);
INSERT INTO DayOfNonOperation (VehicleJourneyRef, StartDate, EndDate) VALUES ('82723', 1569888000, 2524607999);
INSERT INTO VehicleJourney (VehicleJourneyCode, ServiceRef, LineRef, JourneyPatternRef, OperatorRef, Monday, Tuesday, Wednesday, Thursday, Friday, Saturday, Sunday, DepatureHour, DepatureMinute, DepatureSecond, Note, NoteCode) VALUES ('82724', 'FSACM05', '0', 'JPS_FSACM05-4', 'CAL', 1, 1, 1, 1, 1, 0, 0, 13, 50, 0, 'Passengers should check-in 10 mins before ferry departure time shown', 'FER');
INSERT INTO DayOfNonOperation (VehicleJourneyRef, StartDate, EndDate) VALUES ('82724', 1548460800, 1556755199);
INSERT INTO DayOfNonOperation (VehicleJourneyRef, StartDate, EndDate) VALUES ('82724', 1569888000, 2524607999);
INSERT INTO VehicleJourney (VehicleJourneyCode, ServiceRef, LineRef, JourneyPatternRef, OperatorRef, Monday, Tuesday, Wednesday, Thursday, Friday, Saturday, Sunday, DepatureHour, DepatureMinute, DepatureSecond, Note, NoteCode) VALUES ('82725', 'FSACM05', '0', 'JPS_FSACM05-4', 'CAL', 1, 1, 1, 1, 0, 0, 0, 8, 20, 0, 'Passengers should check-in 10 mins before ferry departure time shown', 'FER');
INSERT INTO DayOfNonOperation (VehicleJourneyRef, StartDate, EndDate) VALUES ('82725', 1548460800, 1556755199);
INSERT INTO DayOfNonOperation (VehicleJourneyRef, StartDate, EndDate) VALUES ('82725', 1569888000, 2524607999);
INSERT INTO VehicleJourney (VehicleJourneyCode, ServiceRef, LineRef, JourneyPatternRef, OperatorRef, Monday, Tuesday, Wednesday, Thursday, Friday, Saturday, Sunday, DepatureHour, DepatureMinute, DepatureSecond, Note, NoteCode) VALUES ('82726', 'FSACM05', '0', 'JPS_FSACM05-4', 'CAL', 1, 1, 1, 0, 0, 0, 0, 16, 40, 0, 'Passengers should check-in 10 mins before ferry departure time shown', 'FER');
INSERT INTO DayOfNonOperation (VehicleJourneyRef, StartDate, EndDate) VALUES ('82726', 1548460800, 1556755199);
INSERT INTO DayOfNonOperation (VehicleJourneyRef, StartDate, EndDate) VALUES ('82726', 1569888000, 2524607999);
INSERT INTO VehicleJourney (VehicleJourneyCode, ServiceRef, LineRef, JourneyPatternRef, OperatorRef, Monday, Tuesday, Wednesday, Thursday, Friday, Saturday, Sunday, DepatureHour, DepatureMinute, DepatureSecond, Note, NoteCode) VALUES ('82727', 'FSACM05', '0', 'JPS_FSACM05-4', 'CAL', 1, 1, 1, 0, 0, 0, 0, 19, 20, 0, 'Passengers should check-in 10 mins before ferry departure time shown', 'FER');
INSERT INTO DayOfNonOperation (VehicleJourneyRef, StartDate, EndDate) VALUES ('82727', 1548460800, 1556755199);
INSERT INTO DayOfNonOperation (VehicleJourneyRef, StartDate, EndDate) VALUES ('82727', 1569888000, 2524607999);
INSERT INTO VehicleJourney (VehicleJourneyCode, ServiceRef, LineRef, JourneyPatternRef, OperatorRef, Monday, Tuesday, Wednesday, Thursday, Friday, Saturday, Sunday, DepatureHour, DepatureMinute, DepatureSecond, Note, NoteCode) VALUES ('82738', 'FSACM05', '0', 'JPS_FSACM05-4', 'CAL', 0, 0, 0, 0, 0, 1, 0, 11, 5, 0, 'Passengers should check-in 10 mins before ferry departure time shown', 'FER');
INSERT INTO DayOfNonOperation (VehicleJourneyRef, StartDate, EndDate) VALUES ('82738', 1548460800, 1556755199);
INSERT INTO DayOfNonOperation (VehicleJourneyRef, StartDate, EndDate) VALUES ('82738', 1569888000, 2524607999);
INSERT INTO VehicleJourney (VehicleJourneyCode, ServiceRef, LineRef, JourneyPatternRef, OperatorRef, Monday, Tuesday, Wednesday, Thursday, Friday, Saturday, Sunday, DepatureHour, DepatureMinute, DepatureSecond, Note, NoteCode) VALUES ('82739', 'FSACM05', '0', 'JPS_FSACM05-4', 'CAL', 0, 0, 0, 0, 0, 1, 0, 13, 50, 0, 'Passengers should check-in 10 mins before ferry departure time shown', 'FER');
INSERT INTO DayOfNonOperation (VehicleJourneyRef, StartDate, EndDate) VALUES ('82739', 1548460800, 1556755199);
INSERT INTO DayOfNonOperation (VehicleJourneyRef, StartDate, EndDate) VALUES ('82739', 1569888000, 2524607999);
INSERT INTO VehicleJourney (VehicleJourneyCode, ServiceRef, LineRef, JourneyPatternRef, OperatorRef, Monday, Tuesday, Wednesday, Thursday, Friday, Saturday, Sunday, DepatureHour, DepatureMinute, DepatureSecond, Note, NoteCode) VALUES ('82740', 'FSACM05', '0', 'JPS_FSACM05-4', 'CAL', 0, 0, 0, 0, 0, 1, 0, 16, 40, 0, 'Passengers should check-in 10 mins before ferry departure time shown', 'FER');
INSERT INTO DayOfNonOperation (VehicleJourneyRef, StartDate, EndDate) VALUES ('82740', 1548460800, 1556755199);
INSERT INTO DayOfNonOperation (VehicleJourneyRef, StartDate, EndDate) VALUES ('82740', 1569888000, 2524607999);
INSERT INTO VehicleJourney (VehicleJourneyCode, ServiceRef, LineRef, JourneyPatternRef, OperatorRef, Monday, Tuesday, Wednesday, Thursday, Friday, Saturday, Sunday, DepatureHour, DepatureMinute, DepatureSecond, Note, NoteCode) VALUES ('82741', 'FSACM05', '0', 'JPS_FSACM05-4', 'CAL', 0, 0, 0, 0, 0, 1, 0, 22, 0, 0, 'Passengers should check-in 10 mins before ferry departure time shown', 'FER');
INSERT INTO DayOfNonOperation (VehicleJourneyRef, StartDate, EndDate) VALUES ('82741', 1548460800, 1556755199);
INSERT INTO DayOfNonOperation (VehicleJourneyRef, StartDate, EndDate) VALUES ('82741', 1569888000, 2524607999);
INSERT INTO VehicleJourney (VehicleJourneyCode, ServiceRef, LineRef, JourneyPatternRef, OperatorRef, Monday, Tuesday, Wednesday, Thursday, Friday, Saturday, Sunday, DepatureHour, DepatureMinute, DepatureSecond, Note, NoteCode) VALUES ('82750', 'FSACM05', '0', 'JPS_FSACM05-4', 'CAL', 0, 0, 0, 0, 0, 0, 1, 11, 5, 0, 'Passengers should check-in 10 mins before ferry departure time shown', 'FER');
INSERT INTO DayOfNonOperation (VehicleJourneyRef, StartDate, EndDate) VALUES ('82750', 1548460800, 1556755199);
INSERT INTO DayOfNonOperation (VehicleJourneyRef, StartDate, EndDate) VALUES ('82750', 1569888000, 2524607999);
INSERT INTO VehicleJourney (VehicleJourneyCode, ServiceRef, LineRef, JourneyPatternRef, OperatorRef, Monday, Tuesday, Wednesday, Thursday, Friday, Saturday, Sunday, DepatureHour, DepatureMinute, DepatureSecond, Note, NoteCode) VALUES ('82751', 'FSACM05', '0', 'JPS_FSACM05-4', 'CAL', 0, 0, 0, 0, 0, 0, 1, 20, 0, 0, 'Passengers should check-in 10 mins before ferry departure time shown', 'FER');
INSERT INTO DayOfNonOperation (VehicleJourneyRef, StartDate, EndDate) VALUES ('82751', 1548460800, 1556755199);
INSERT INTO DayOfNonOperation (VehicleJourneyRef, StartDate, EndDate) VALUES ('82751', 1569888000, 2524607999);