INSERT INTO AnnotatedStopPointRef (StopPointRef, CommonName, Latitude, Longitude) VALUES ('9300ULL', 'Ullapool Ferry Terminal', 0, 0);
INSERT INTO AnnotatedStopPointRef (StopPointRef, CommonName, Latitude, Longitude) VALUES ('9300STO', 'Stornoway Lewis Ferry Terminal', 0, 0);
INSERT INTO Route (RouteId, RouteDescription, RouteSectionRef) VALUES ('FSACM25_002', 'Ullapool - Stornoway (Lewis)
', 'FSACM25_002');
INSERT INTO Route (RouteId, RouteDescription, RouteSectionRef) VALUES ('FSACM25_001', 'Stornoway (Lewis) - Ullapool
', 'FSACM25_001');
INSERT INTO RouteSection (RouteSectionId) VALUES ('FSACM25_002');
INSERT INTO RouteLink (RouteLinkId, RouteSectionId, FromStopPointRef, ToStopPointRef, `Order`, RouteDirection) VALUES ('FSACM25_002_289892', 'FSACM25_002', '9300ULL', '9300STO', 0, 'inbound');
INSERT INTO RouteSection (RouteSectionId) VALUES ('FSACM25_001');
INSERT INTO RouteLink (RouteLinkId, RouteSectionId, FromStopPointRef, ToStopPointRef, `Order`, RouteDirection) VALUES ('FSACM25_001_289894', 'FSACM25_001', '9300STO', '9300ULL', 0, 'outbound');
INSERT INTO JourneyPatternSection (JourneyPatternSectionId) VALUES ('JPS_FSACM25-3');
INSERT INTO JourneyPatternTimingLink (JourneyPatternTimingLinkId, JourneyPatternSectionId, JourneyPatternFromStopPointRef, JourneyPatternFromTimingStatus, JourneyPatternToStopPointsRef, JourneyPatternToTimingStatus, RouteLinkRef, JourneyDirection, RunTime, WaitTime) VALUES ('JPS_FSACM25-3_289892', 'JPS_FSACM25-3', '9300ULL', 'PTP', '9300STO', 'PTP', 'FSACM25_002_289892', 'inbound', 'PT9600S', '');
INSERT INTO JourneyPatternSection (JourneyPatternSectionId) VALUES ('JPS_FSACM25-4');
INSERT INTO JourneyPatternTimingLink (JourneyPatternTimingLinkId, JourneyPatternSectionId, JourneyPatternFromStopPointRef, JourneyPatternFromTimingStatus, JourneyPatternToStopPointsRef, JourneyPatternToTimingStatus, RouteLinkRef, JourneyDirection, RunTime, WaitTime) VALUES ('JPS_FSACM25-4_289894', 'JPS_FSACM25-4', '9300STO', 'PTP', '9300ULL', 'PTP', 'FSACM25_001_289894', 'outbound', 'PT9600S', '');
INSERT INTO Operator (OperatorId, NationalOperatorCode, OperatorCode, OperatorShortName) VALUES ('CAL', 'CALM', 'CAL', 'Caledonian MacBrayne');
INSERT INTO Service (ServiceCode, RegisteredOperatorRef, Mode, Description, Origin, Destination, StartDate, EndDate) VALUES ('FSACM25', 'CAL', 'ferry', 'Stornoway (Lewis) - Ullapool', 'Stornoway (Lewis)', 'Ullapool', 1490918400, 2524607999);
INSERT INTO Line (LineId, ServiceRef, LineName) VALUES ('0', 'FSACM25', 'CM25');
INSERT INTO JourneyPattern (JourneyPatternId, ServiceRef, JourneyPatternSectionRef, JourneyPatternDirection) VALUES ('JPS_FSACM25-3', 'FSACM25', 'JPS_FSACM25-3', 'inbound');
INSERT INTO JourneyPattern (JourneyPatternId, ServiceRef, JourneyPatternSectionRef, JourneyPatternDirection) VALUES ('JPS_FSACM25-4', 'FSACM25', 'JPS_FSACM25-4', 'outbound');
INSERT INTO VehicleJourney (VehicleJourneyCode, ServiceRef, LineRef, JourneyPatternRef, OperatorRef, Monday, Tuesday, Wednesday, Thursday, Friday, Saturday, Sunday, DepatureHour, DepatureMinute, DepatureSecond, Note, NoteCode) VALUES ('98257', 'FSACM25', '0', 'JPS_FSACM25-3', 'CAL', 1, 1, 1, 1, 1, 0, 0, 10, 20, 0, 'Departure time shown is actually check in time', 'DCI');
INSERT INTO DayOfNonOperation (VehicleJourneyRef, StartDate, EndDate) VALUES ('98257', 1508716800, 2524607999);
INSERT INTO VehicleJourney (VehicleJourneyCode, ServiceRef, LineRef, JourneyPatternRef, OperatorRef, Monday, Tuesday, Wednesday, Thursday, Friday, Saturday, Sunday, DepatureHour, DepatureMinute, DepatureSecond, Note, NoteCode) VALUES ('98258', 'FSACM25', '0', 'JPS_FSACM25-3', 'CAL', 1, 1, 1, 1, 1, 0, 0, 17, 20, 0, 'Departure time shown is actually check in time', 'DCI');
INSERT INTO DayOfNonOperation (VehicleJourneyRef, StartDate, EndDate) VALUES ('98258', 1508716800, 2524607999);
INSERT INTO VehicleJourney (VehicleJourneyCode, ServiceRef, LineRef, JourneyPatternRef, OperatorRef, Monday, Tuesday, Wednesday, Thursday, Friday, Saturday, Sunday, DepatureHour, DepatureMinute, DepatureSecond, Note, NoteCode) VALUES ('98261', 'FSACM25', '0', 'JPS_FSACM25-3', 'CAL', 0, 0, 0, 0, 0, 1, 0, 10, 20, 0, 'Departure time shown is actually check in time', 'DCI');
INSERT INTO DayOfOperation (VehicleJourneyRef, StartDate, EndDate) VALUES ('98261', 1497657600, 1497743999);
INSERT INTO DayOfOperation (VehicleJourneyRef, StartDate, EndDate) VALUES ('98261', 1498262400, 1498348799);
INSERT INTO DayOfOperation (VehicleJourneyRef, StartDate, EndDate) VALUES ('98261', 1498867200, 1498953599);
INSERT INTO DayOfOperation (VehicleJourneyRef, StartDate, EndDate) VALUES ('98261', 1499472000, 1499558399);
INSERT INTO DayOfOperation (VehicleJourneyRef, StartDate, EndDate) VALUES ('98261', 1500076800, 1500163199);
INSERT INTO DayOfOperation (VehicleJourneyRef, StartDate, EndDate) VALUES ('98261', 1500681600, 1500767999);
INSERT INTO DayOfOperation (VehicleJourneyRef, StartDate, EndDate) VALUES ('98261', 1501286400, 1501372799);
INSERT INTO DayOfOperation (VehicleJourneyRef, StartDate, EndDate) VALUES ('98261', 1501891200, 1501977599);
INSERT INTO DayOfOperation (VehicleJourneyRef, StartDate, EndDate) VALUES ('98261', 1502496000, 1502582399);
INSERT INTO DayOfOperation (VehicleJourneyRef, StartDate, EndDate) VALUES ('98261', 1503100800, 1503187199);
INSERT INTO DayOfOperation (VehicleJourneyRef, StartDate, EndDate) VALUES ('98261', 1503705600, 1503791999);
INSERT INTO DayOfOperation (VehicleJourneyRef, StartDate, EndDate) VALUES ('98261', 1504310400, 1504396799);
INSERT INTO DayOfOperation (VehicleJourneyRef, StartDate, EndDate) VALUES ('98261', 1504915200, 1505001599);
INSERT INTO DayOfOperation (VehicleJourneyRef, StartDate, EndDate) VALUES ('98261', 1505520000, 1505606399);
INSERT INTO DayOfOperation (VehicleJourneyRef, StartDate, EndDate) VALUES ('98261', 1506124800, 1506211199);
INSERT INTO DayOfOperation (VehicleJourneyRef, StartDate, EndDate) VALUES ('98261', 1506729600, 1506815999);
INSERT INTO DayOfOperation (VehicleJourneyRef, StartDate, EndDate) VALUES ('98261', 1507334400, 1507420799);
INSERT INTO DayOfOperation (VehicleJourneyRef, StartDate, EndDate) VALUES ('98261', 1507939200, 1508025599);
INSERT INTO DayOfOperation (VehicleJourneyRef, StartDate, EndDate) VALUES ('98261', 1508544000, 1508630399);
INSERT INTO DayOfNonOperation (VehicleJourneyRef, StartDate, EndDate) VALUES ('98261', 1508716800, 2524607999);
INSERT INTO VehicleJourney (VehicleJourneyCode, ServiceRef, LineRef, JourneyPatternRef, OperatorRef, Monday, Tuesday, Wednesday, Thursday, Friday, Saturday, Sunday, DepatureHour, DepatureMinute, DepatureSecond, Note, NoteCode) VALUES ('98262', 'FSACM25', '0', 'JPS_FSACM25-3', 'CAL', 0, 0, 0, 0, 0, 1, 0, 18, 50, 0, 'Departure time shown is actually check in time', 'DCI');
INSERT INTO DayOfOperation (VehicleJourneyRef, StartDate, EndDate) VALUES ('98262', 1497657600, 1497743999);
INSERT INTO DayOfOperation (VehicleJourneyRef, StartDate, EndDate) VALUES ('98262', 1498262400, 1498348799);
INSERT INTO DayOfOperation (VehicleJourneyRef, StartDate, EndDate) VALUES ('98262', 1498867200, 1498953599);
INSERT INTO DayOfOperation (VehicleJourneyRef, StartDate, EndDate) VALUES ('98262', 1499472000, 1499558399);
INSERT INTO DayOfOperation (VehicleJourneyRef, StartDate, EndDate) VALUES ('98262', 1500076800, 1500163199);
INSERT INTO DayOfOperation (VehicleJourneyRef, StartDate, EndDate) VALUES ('98262', 1500681600, 1500767999);
INSERT INTO DayOfOperation (VehicleJourneyRef, StartDate, EndDate) VALUES ('98262', 1501286400, 1501372799);
INSERT INTO DayOfOperation (VehicleJourneyRef, StartDate, EndDate) VALUES ('98262', 1501891200, 1501977599);
INSERT INTO DayOfOperation (VehicleJourneyRef, StartDate, EndDate) VALUES ('98262', 1502496000, 1502582399);
INSERT INTO DayOfOperation (VehicleJourneyRef, StartDate, EndDate) VALUES ('98262', 1503100800, 1503187199);
INSERT INTO DayOfOperation (VehicleJourneyRef, StartDate, EndDate) VALUES ('98262', 1503705600, 1503791999);
INSERT INTO DayOfOperation (VehicleJourneyRef, StartDate, EndDate) VALUES ('98262', 1504310400, 1504396799);
INSERT INTO DayOfOperation (VehicleJourneyRef, StartDate, EndDate) VALUES ('98262', 1504915200, 1505001599);
INSERT INTO DayOfOperation (VehicleJourneyRef, StartDate, EndDate) VALUES ('98262', 1505520000, 1505606399);
INSERT INTO DayOfOperation (VehicleJourneyRef, StartDate, EndDate) VALUES ('98262', 1506124800, 1506211199);
INSERT INTO DayOfOperation (VehicleJourneyRef, StartDate, EndDate) VALUES ('98262', 1506729600, 1506815999);
INSERT INTO DayOfOperation (VehicleJourneyRef, StartDate, EndDate) VALUES ('98262', 1507334400, 1507420799);
INSERT INTO DayOfOperation (VehicleJourneyRef, StartDate, EndDate) VALUES ('98262', 1507939200, 1508025599);
INSERT INTO DayOfOperation (VehicleJourneyRef, StartDate, EndDate) VALUES ('98262', 1508544000, 1508630399);
INSERT INTO DayOfNonOperation (VehicleJourneyRef, StartDate, EndDate) VALUES ('98262', 1508716800, 2524607999);
INSERT INTO VehicleJourney (VehicleJourneyCode, ServiceRef, LineRef, JourneyPatternRef, OperatorRef, Monday, Tuesday, Wednesday, Thursday, Friday, Saturday, Sunday, DepatureHour, DepatureMinute, DepatureSecond, Note, NoteCode) VALUES ('98266', 'FSACM25', '0', 'JPS_FSACM25-3', 'CAL', 0, 0, 0, 0, 0, 0, 1, 18, 20, 0, 'Departure time shown is actually check in time', 'DCI');
INSERT INTO DayOfOperation (VehicleJourneyRef, StartDate, EndDate) VALUES ('98266', 1497744000, 1497830399);
INSERT INTO DayOfOperation (VehicleJourneyRef, StartDate, EndDate) VALUES ('98266', 1498348800, 1498435199);
INSERT INTO DayOfOperation (VehicleJourneyRef, StartDate, EndDate) VALUES ('98266', 1498953600, 1499039999);
INSERT INTO DayOfOperation (VehicleJourneyRef, StartDate, EndDate) VALUES ('98266', 1499558400, 1499644799);
INSERT INTO DayOfOperation (VehicleJourneyRef, StartDate, EndDate) VALUES ('98266', 1500163200, 1500249599);
INSERT INTO DayOfOperation (VehicleJourneyRef, StartDate, EndDate) VALUES ('98266', 1500768000, 1500854399);
INSERT INTO DayOfOperation (VehicleJourneyRef, StartDate, EndDate) VALUES ('98266', 1501372800, 1501459199);
INSERT INTO DayOfOperation (VehicleJourneyRef, StartDate, EndDate) VALUES ('98266', 1501977600, 1502063999);
INSERT INTO DayOfOperation (VehicleJourneyRef, StartDate, EndDate) VALUES ('98266', 1502582400, 1502668799);
INSERT INTO DayOfOperation (VehicleJourneyRef, StartDate, EndDate) VALUES ('98266', 1503187200, 1503273599);
INSERT INTO DayOfOperation (VehicleJourneyRef, StartDate, EndDate) VALUES ('98266', 1503792000, 1503878399);
INSERT INTO DayOfOperation (VehicleJourneyRef, StartDate, EndDate) VALUES ('98266', 1504396800, 1504483199);
INSERT INTO DayOfOperation (VehicleJourneyRef, StartDate, EndDate) VALUES ('98266', 1505001600, 1505087999);
INSERT INTO DayOfOperation (VehicleJourneyRef, StartDate, EndDate) VALUES ('98266', 1505606400, 1505692799);
INSERT INTO DayOfOperation (VehicleJourneyRef, StartDate, EndDate) VALUES ('98266', 1506211200, 1506297599);
INSERT INTO DayOfOperation (VehicleJourneyRef, StartDate, EndDate) VALUES ('98266', 1506816000, 1506902399);
INSERT INTO DayOfOperation (VehicleJourneyRef, StartDate, EndDate) VALUES ('98266', 1507420800, 1507507199);
INSERT INTO DayOfOperation (VehicleJourneyRef, StartDate, EndDate) VALUES ('98266', 1508025600, 1508111999);
INSERT INTO DayOfOperation (VehicleJourneyRef, StartDate, EndDate) VALUES ('98266', 1508630400, 1508716799);
INSERT INTO DayOfNonOperation (VehicleJourneyRef, StartDate, EndDate) VALUES ('98266', 1508716800, 2524607999);
INSERT INTO VehicleJourney (VehicleJourneyCode, ServiceRef, LineRef, JourneyPatternRef, OperatorRef, Monday, Tuesday, Wednesday, Thursday, Friday, Saturday, Sunday, DepatureHour, DepatureMinute, DepatureSecond, Note, NoteCode) VALUES ('98269', 'FSACM25', '0', 'JPS_FSACM25-4', 'CAL', 1, 1, 1, 1, 1, 0, 0, 6, 50, 0, 'Departure time shown is actually check in time', 'DCI');
INSERT INTO DayOfNonOperation (VehicleJourneyRef, StartDate, EndDate) VALUES ('98269', 1508716800, 2524607999);
INSERT INTO VehicleJourney (VehicleJourneyCode, ServiceRef, LineRef, JourneyPatternRef, OperatorRef, Monday, Tuesday, Wednesday, Thursday, Friday, Saturday, Sunday, DepatureHour, DepatureMinute, DepatureSecond, Note, NoteCode) VALUES ('98270', 'FSACM25', '0', 'JPS_FSACM25-4', 'CAL', 1, 1, 1, 1, 1, 0, 0, 13, 50, 0, 'Departure time shown is actually check in time', 'DCI');
INSERT INTO DayOfNonOperation (VehicleJourneyRef, StartDate, EndDate) VALUES ('98270', 1508716800, 2524607999);
INSERT INTO VehicleJourney (VehicleJourneyCode, ServiceRef, LineRef, JourneyPatternRef, OperatorRef, Monday, Tuesday, Wednesday, Thursday, Friday, Saturday, Sunday, DepatureHour, DepatureMinute, DepatureSecond, Note, NoteCode) VALUES ('98273', 'FSACM25', '0', 'JPS_FSACM25-4', 'CAL', 0, 0, 0, 0, 0, 1, 0, 6, 50, 0, 'Departure time shown is actually check in time', 'DCI');
INSERT INTO DayOfOperation (VehicleJourneyRef, StartDate, EndDate) VALUES ('98273', 1497657600, 1497743999);
INSERT INTO DayOfOperation (VehicleJourneyRef, StartDate, EndDate) VALUES ('98273', 1498262400, 1498348799);
INSERT INTO DayOfOperation (VehicleJourneyRef, StartDate, EndDate) VALUES ('98273', 1498867200, 1498953599);
INSERT INTO DayOfOperation (VehicleJourneyRef, StartDate, EndDate) VALUES ('98273', 1499472000, 1499558399);
INSERT INTO DayOfOperation (VehicleJourneyRef, StartDate, EndDate) VALUES ('98273', 1500076800, 1500163199);
INSERT INTO DayOfOperation (VehicleJourneyRef, StartDate, EndDate) VALUES ('98273', 1500681600, 1500767999);
INSERT INTO DayOfOperation (VehicleJourneyRef, StartDate, EndDate) VALUES ('98273', 1501286400, 1501372799);
INSERT INTO DayOfOperation (VehicleJourneyRef, StartDate, EndDate) VALUES ('98273', 1501891200, 1501977599);
INSERT INTO DayOfOperation (VehicleJourneyRef, StartDate, EndDate) VALUES ('98273', 1502496000, 1502582399);
INSERT INTO DayOfOperation (VehicleJourneyRef, StartDate, EndDate) VALUES ('98273', 1503100800, 1503187199);
INSERT INTO DayOfOperation (VehicleJourneyRef, StartDate, EndDate) VALUES ('98273', 1503705600, 1503791999);
INSERT INTO DayOfOperation (VehicleJourneyRef, StartDate, EndDate) VALUES ('98273', 1504310400, 1504396799);
INSERT INTO DayOfOperation (VehicleJourneyRef, StartDate, EndDate) VALUES ('98273', 1504915200, 1505001599);
INSERT INTO DayOfOperation (VehicleJourneyRef, StartDate, EndDate) VALUES ('98273', 1505520000, 1505606399);
INSERT INTO DayOfOperation (VehicleJourneyRef, StartDate, EndDate) VALUES ('98273', 1506124800, 1506211199);
INSERT INTO DayOfOperation (VehicleJourneyRef, StartDate, EndDate) VALUES ('98273', 1506729600, 1506815999);
INSERT INTO DayOfOperation (VehicleJourneyRef, StartDate, EndDate) VALUES ('98273', 1507334400, 1507420799);
INSERT INTO DayOfOperation (VehicleJourneyRef, StartDate, EndDate) VALUES ('98273', 1507939200, 1508025599);
INSERT INTO DayOfOperation (VehicleJourneyRef, StartDate, EndDate) VALUES ('98273', 1508544000, 1508630399);
INSERT INTO DayOfNonOperation (VehicleJourneyRef, StartDate, EndDate) VALUES ('98273', 1508716800, 2524607999);
INSERT INTO VehicleJourney (VehicleJourneyCode, ServiceRef, LineRef, JourneyPatternRef, OperatorRef, Monday, Tuesday, Wednesday, Thursday, Friday, Saturday, Sunday, DepatureHour, DepatureMinute, DepatureSecond, Note, NoteCode) VALUES ('98274', 'FSACM25', '0', 'JPS_FSACM25-4', 'CAL', 0, 0, 0, 0, 0, 1, 0, 15, 20, 0, 'Departure time shown is actually check in time', 'DCI');
INSERT INTO DayOfOperation (VehicleJourneyRef, StartDate, EndDate) VALUES ('98274', 1497657600, 1497743999);
INSERT INTO DayOfOperation (VehicleJourneyRef, StartDate, EndDate) VALUES ('98274', 1498262400, 1498348799);
INSERT INTO DayOfOperation (VehicleJourneyRef, StartDate, EndDate) VALUES ('98274', 1498867200, 1498953599);
INSERT INTO DayOfOperation (VehicleJourneyRef, StartDate, EndDate) VALUES ('98274', 1499472000, 1499558399);
INSERT INTO DayOfOperation (VehicleJourneyRef, StartDate, EndDate) VALUES ('98274', 1500076800, 1500163199);
INSERT INTO DayOfOperation (VehicleJourneyRef, StartDate, EndDate) VALUES ('98274', 1500681600, 1500767999);
INSERT INTO DayOfOperation (VehicleJourneyRef, StartDate, EndDate) VALUES ('98274', 1501286400, 1501372799);
INSERT INTO DayOfOperation (VehicleJourneyRef, StartDate, EndDate) VALUES ('98274', 1501891200, 1501977599);
INSERT INTO DayOfOperation (VehicleJourneyRef, StartDate, EndDate) VALUES ('98274', 1502496000, 1502582399);
INSERT INTO DayOfOperation (VehicleJourneyRef, StartDate, EndDate) VALUES ('98274', 1503100800, 1503187199);
INSERT INTO DayOfOperation (VehicleJourneyRef, StartDate, EndDate) VALUES ('98274', 1503705600, 1503791999);
INSERT INTO DayOfOperation (VehicleJourneyRef, StartDate, EndDate) VALUES ('98274', 1504310400, 1504396799);
INSERT INTO DayOfOperation (VehicleJourneyRef, StartDate, EndDate) VALUES ('98274', 1504915200, 1505001599);
INSERT INTO DayOfOperation (VehicleJourneyRef, StartDate, EndDate) VALUES ('98274', 1505520000, 1505606399);
INSERT INTO DayOfOperation (VehicleJourneyRef, StartDate, EndDate) VALUES ('98274', 1506124800, 1506211199);
INSERT INTO DayOfOperation (VehicleJourneyRef, StartDate, EndDate) VALUES ('98274', 1506729600, 1506815999);
INSERT INTO DayOfOperation (VehicleJourneyRef, StartDate, EndDate) VALUES ('98274', 1507334400, 1507420799);
INSERT INTO DayOfOperation (VehicleJourneyRef, StartDate, EndDate) VALUES ('98274', 1507939200, 1508025599);
INSERT INTO DayOfOperation (VehicleJourneyRef, StartDate, EndDate) VALUES ('98274', 1508544000, 1508630399);
INSERT INTO DayOfNonOperation (VehicleJourneyRef, StartDate, EndDate) VALUES ('98274', 1508716800, 2524607999);
INSERT INTO VehicleJourney (VehicleJourneyCode, ServiceRef, LineRef, JourneyPatternRef, OperatorRef, Monday, Tuesday, Wednesday, Thursday, Friday, Saturday, Sunday, DepatureHour, DepatureMinute, DepatureSecond, Note, NoteCode) VALUES ('98281', 'FSACM25', '0', 'JPS_FSACM25-4', 'CAL', 0, 0, 0, 0, 0, 0, 1, 14, 20, 0, 'Departure time shown is actually check in time', 'DCI');
INSERT INTO DayOfOperation (VehicleJourneyRef, StartDate, EndDate) VALUES ('98281', 1497744000, 1497830399);
INSERT INTO DayOfOperation (VehicleJourneyRef, StartDate, EndDate) VALUES ('98281', 1505001600, 1505087999);
INSERT INTO DayOfOperation (VehicleJourneyRef, StartDate, EndDate) VALUES ('98281', 1505606400, 1505692799);
INSERT INTO DayOfOperation (VehicleJourneyRef, StartDate, EndDate) VALUES ('98281', 1506211200, 1506297599);
INSERT INTO DayOfOperation (VehicleJourneyRef, StartDate, EndDate) VALUES ('98281', 1506816000, 1506902399);
INSERT INTO DayOfOperation (VehicleJourneyRef, StartDate, EndDate) VALUES ('98281', 1507420800, 1507507199);
INSERT INTO DayOfOperation (VehicleJourneyRef, StartDate, EndDate) VALUES ('98281', 1508025600, 1508111999);
INSERT INTO DayOfOperation (VehicleJourneyRef, StartDate, EndDate) VALUES ('98281', 1508630400, 1508716799);
INSERT INTO DayOfNonOperation (VehicleJourneyRef, StartDate, EndDate) VALUES ('98281', 1508716800, 2524607999);
INSERT INTO VehicleJourney (VehicleJourneyCode, ServiceRef, LineRef, JourneyPatternRef, OperatorRef, Monday, Tuesday, Wednesday, Thursday, Friday, Saturday, Sunday, DepatureHour, DepatureMinute, DepatureSecond, Note, NoteCode) VALUES ('98267', 'FSACM25', '0', 'JPS_FSACM25-3', 'CAL', 0, 0, 0, 0, 0, 0, 1, 11, 20, 0, 'Departure time shown is actually check in time', 'DCI');
INSERT INTO DayOfOperation (VehicleJourneyRef, StartDate, EndDate) VALUES ('98267', 1498348800, 1498435199);
INSERT INTO DayOfOperation (VehicleJourneyRef, StartDate, EndDate) VALUES ('98267', 1498953600, 1499039999);
INSERT INTO DayOfOperation (VehicleJourneyRef, StartDate, EndDate) VALUES ('98267', 1499558400, 1499644799);
INSERT INTO DayOfOperation (VehicleJourneyRef, StartDate, EndDate) VALUES ('98267', 1500163200, 1500249599);
INSERT INTO DayOfOperation (VehicleJourneyRef, StartDate, EndDate) VALUES ('98267', 1500768000, 1500854399);
INSERT INTO DayOfOperation (VehicleJourneyRef, StartDate, EndDate) VALUES ('98267', 1501372800, 1501459199);
INSERT INTO DayOfOperation (VehicleJourneyRef, StartDate, EndDate) VALUES ('98267', 1501977600, 1502063999);
INSERT INTO DayOfOperation (VehicleJourneyRef, StartDate, EndDate) VALUES ('98267', 1502582400, 1502668799);
INSERT INTO DayOfOperation (VehicleJourneyRef, StartDate, EndDate) VALUES ('98267', 1503187200, 1503273599);
INSERT INTO DayOfOperation (VehicleJourneyRef, StartDate, EndDate) VALUES ('98267', 1503792000, 1503878399);
INSERT INTO DayOfOperation (VehicleJourneyRef, StartDate, EndDate) VALUES ('98267', 1504396800, 1504483199);
INSERT INTO DayOfNonOperation (VehicleJourneyRef, StartDate, EndDate) VALUES ('98267', 1490918400, 1498348799);
INSERT INTO DayOfNonOperation (VehicleJourneyRef, StartDate, EndDate) VALUES ('98267', 1504483200, 2524607999);
INSERT INTO VehicleJourney (VehicleJourneyCode, ServiceRef, LineRef, JourneyPatternRef, OperatorRef, Monday, Tuesday, Wednesday, Thursday, Friday, Saturday, Sunday, DepatureHour, DepatureMinute, DepatureSecond, Note, NoteCode) VALUES ('98278', 'FSACM25', '0', 'JPS_FSACM25-4', 'CAL', 0, 0, 0, 0, 0, 0, 1, 7, 50, 0, 'Departure time shown is actually check in time', 'DCI');
INSERT INTO DayOfOperation (VehicleJourneyRef, StartDate, EndDate) VALUES ('98278', 1498348800, 1498435199);
INSERT INTO DayOfOperation (VehicleJourneyRef, StartDate, EndDate) VALUES ('98278', 1498953600, 1499039999);
INSERT INTO DayOfOperation (VehicleJourneyRef, StartDate, EndDate) VALUES ('98278', 1499558400, 1499644799);
INSERT INTO DayOfOperation (VehicleJourneyRef, StartDate, EndDate) VALUES ('98278', 1500163200, 1500249599);
INSERT INTO DayOfOperation (VehicleJourneyRef, StartDate, EndDate) VALUES ('98278', 1500768000, 1500854399);
INSERT INTO DayOfOperation (VehicleJourneyRef, StartDate, EndDate) VALUES ('98278', 1501372800, 1501459199);
INSERT INTO DayOfOperation (VehicleJourneyRef, StartDate, EndDate) VALUES ('98278', 1501977600, 1502063999);
INSERT INTO DayOfOperation (VehicleJourneyRef, StartDate, EndDate) VALUES ('98278', 1502582400, 1502668799);
INSERT INTO DayOfOperation (VehicleJourneyRef, StartDate, EndDate) VALUES ('98278', 1503187200, 1503273599);
INSERT INTO DayOfOperation (VehicleJourneyRef, StartDate, EndDate) VALUES ('98278', 1503792000, 1503878399);
INSERT INTO DayOfOperation (VehicleJourneyRef, StartDate, EndDate) VALUES ('98278', 1504396800, 1504483199);
INSERT INTO DayOfNonOperation (VehicleJourneyRef, StartDate, EndDate) VALUES ('98278', 1490918400, 1498348799);
INSERT INTO DayOfNonOperation (VehicleJourneyRef, StartDate, EndDate) VALUES ('98278', 1504483200, 2524607999);
INSERT INTO VehicleJourney (VehicleJourneyCode, ServiceRef, LineRef, JourneyPatternRef, OperatorRef, Monday, Tuesday, Wednesday, Thursday, Friday, Saturday, Sunday, DepatureHour, DepatureMinute, DepatureSecond, Note, NoteCode) VALUES ('98279', 'FSACM25', '0', 'JPS_FSACM25-4', 'CAL', 0, 0, 0, 0, 0, 0, 1, 14, 50, 0, 'Departure time shown is actually check in time', 'DCI');
INSERT INTO DayOfOperation (VehicleJourneyRef, StartDate, EndDate) VALUES ('98279', 1498348800, 1498435199);
INSERT INTO DayOfOperation (VehicleJourneyRef, StartDate, EndDate) VALUES ('98279', 1498953600, 1499039999);
INSERT INTO DayOfOperation (VehicleJourneyRef, StartDate, EndDate) VALUES ('98279', 1499558400, 1499644799);
INSERT INTO DayOfOperation (VehicleJourneyRef, StartDate, EndDate) VALUES ('98279', 1500163200, 1500249599);
INSERT INTO DayOfOperation (VehicleJourneyRef, StartDate, EndDate) VALUES ('98279', 1500768000, 1500854399);
INSERT INTO DayOfOperation (VehicleJourneyRef, StartDate, EndDate) VALUES ('98279', 1501372800, 1501459199);
INSERT INTO DayOfOperation (VehicleJourneyRef, StartDate, EndDate) VALUES ('98279', 1501977600, 1502063999);
INSERT INTO DayOfOperation (VehicleJourneyRef, StartDate, EndDate) VALUES ('98279', 1502582400, 1502668799);
INSERT INTO DayOfOperation (VehicleJourneyRef, StartDate, EndDate) VALUES ('98279', 1503187200, 1503273599);
INSERT INTO DayOfOperation (VehicleJourneyRef, StartDate, EndDate) VALUES ('98279', 1503792000, 1503878399);
INSERT INTO DayOfOperation (VehicleJourneyRef, StartDate, EndDate) VALUES ('98279', 1504396800, 1504483199);
INSERT INTO DayOfNonOperation (VehicleJourneyRef, StartDate, EndDate) VALUES ('98279', 1490918400, 1498348799);
INSERT INTO DayOfNonOperation (VehicleJourneyRef, StartDate, EndDate) VALUES ('98279', 1504483200, 2524607999);
INSERT INTO VehicleJourney (VehicleJourneyCode, ServiceRef, LineRef, JourneyPatternRef, OperatorRef, Monday, Tuesday, Wednesday, Thursday, Friday, Saturday, Sunday, DepatureHour, DepatureMinute, DepatureSecond, Note, NoteCode) VALUES ('98263', 'FSACM25', '0', 'JPS_FSACM25-3', 'CAL', 0, 0, 0, 0, 0, 1, 0, 21, 50, 0, 'Departure time shown is actually check in time', 'DCI');
INSERT INTO DayOfOperation (VehicleJourneyRef, StartDate, EndDate) VALUES ('98263', 1503100800, 1503187199);
INSERT INTO DayOfNonOperation (VehicleJourneyRef, StartDate, EndDate) VALUES ('98263', 1490918400, 1503100799);
INSERT INTO DayOfNonOperation (VehicleJourneyRef, StartDate, EndDate) VALUES ('98263', 1503187200, 2524607999);
INSERT INTO VehicleJourney (VehicleJourneyCode, ServiceRef, LineRef, JourneyPatternRef, OperatorRef, Monday, Tuesday, Wednesday, Thursday, Friday, Saturday, Sunday, DepatureHour, DepatureMinute, DepatureSecond, Note, NoteCode) VALUES ('98275', 'FSACM25', '0', 'JPS_FSACM25-4', 'CAL', 0, 0, 0, 0, 0, 1, 0, 0, 45, 0, 'Departure time shown is actually check in time', 'DCI');
INSERT INTO DayOfOperation (VehicleJourneyRef, StartDate, EndDate) VALUES ('98275', 1503100800, 1503187199);
INSERT INTO DayOfNonOperation (VehicleJourneyRef, StartDate, EndDate) VALUES ('98275', 1490918400, 1503100799);
INSERT INTO DayOfNonOperation (VehicleJourneyRef, StartDate, EndDate) VALUES ('98275', 1503187200, 2524607999);
INSERT INTO VehicleJourney (VehicleJourneyCode, ServiceRef, LineRef, JourneyPatternRef, OperatorRef, Monday, Tuesday, Wednesday, Thursday, Friday, Saturday, Sunday, DepatureHour, DepatureMinute, DepatureSecond, Note, NoteCode) VALUES ('98259', 'FSACM25', '0', 'JPS_FSACM25-3', 'CAL', 1, 1, 1, 1, 1, 0, 0, 10, 20, 0, 'Departure time shown is actually check in time', 'DCI');
INSERT INTO DayOfNonOperation (VehicleJourneyRef, StartDate, EndDate) VALUES ('98259', 1490918400, 1508716799);
INSERT INTO DayOfNonOperation (VehicleJourneyRef, StartDate, EndDate) VALUES ('98259', 1514160000, 1514332799);
INSERT INTO DayOfNonOperation (VehicleJourneyRef, StartDate, EndDate) VALUES ('98259', 1514764800, 1514851199);
INSERT INTO VehicleJourney (VehicleJourneyCode, ServiceRef, LineRef, JourneyPatternRef, OperatorRef, Monday, Tuesday, Wednesday, Thursday, Friday, Saturday, Sunday, DepatureHour, DepatureMinute, DepatureSecond, Note, NoteCode) VALUES ('98260', 'FSACM25', '0', 'JPS_FSACM25-3', 'CAL', 1, 1, 1, 1, 1, 0, 0, 17, 20, 0, 'Departure time shown is actually check in time', 'DCI');
INSERT INTO DayOfNonOperation (VehicleJourneyRef, StartDate, EndDate) VALUES ('98260', 1490918400, 1508716799);
INSERT INTO DayOfNonOperation (VehicleJourneyRef, StartDate, EndDate) VALUES ('98260', 1514160000, 1514246399);
INSERT INTO DayOfNonOperation (VehicleJourneyRef, StartDate, EndDate) VALUES ('98260', 1514764800, 1514851199);
INSERT INTO VehicleJourney (VehicleJourneyCode, ServiceRef, LineRef, JourneyPatternRef, OperatorRef, Monday, Tuesday, Wednesday, Thursday, Friday, Saturday, Sunday, DepatureHour, DepatureMinute, DepatureSecond, Note, NoteCode) VALUES ('98264', 'FSACM25', '0', 'JPS_FSACM25-3', 'CAL', 0, 0, 0, 0, 0, 1, 0, 10, 20, 0, 'Departure time shown is actually check in time', 'DCI');
INSERT INTO DayOfOperation (VehicleJourneyRef, StartDate, EndDate) VALUES ('98264', 1509148800, 1509235199);
INSERT INTO DayOfOperation (VehicleJourneyRef, StartDate, EndDate) VALUES ('98264', 1509753600, 1509839999);
INSERT INTO DayOfOperation (VehicleJourneyRef, StartDate, EndDate) VALUES ('98264', 1510358400, 1510444799);
INSERT INTO DayOfOperation (VehicleJourneyRef, StartDate, EndDate) VALUES ('98264', 1510963200, 1511049599);
INSERT INTO DayOfOperation (VehicleJourneyRef, StartDate, EndDate) VALUES ('98264', 1511568000, 1511654399);
INSERT INTO DayOfOperation (VehicleJourneyRef, StartDate, EndDate) VALUES ('98264', 1512172800, 1512259199);
INSERT INTO DayOfOperation (VehicleJourneyRef, StartDate, EndDate) VALUES ('98264', 1512777600, 1512863999);
INSERT INTO DayOfOperation (VehicleJourneyRef, StartDate, EndDate) VALUES ('98264', 1513382400, 1513468799);
INSERT INTO DayOfOperation (VehicleJourneyRef, StartDate, EndDate) VALUES ('98264', 1513987200, 1514073599);
INSERT INTO DayOfOperation (VehicleJourneyRef, StartDate, EndDate) VALUES ('98264', 1514592000, 1514678399);
INSERT INTO DayOfOperation (VehicleJourneyRef, StartDate, EndDate) VALUES ('98264', 1515196800, 1515283199);
INSERT INTO DayOfOperation (VehicleJourneyRef, StartDate, EndDate) VALUES ('98264', 1515801600, 1515887999);
INSERT INTO DayOfOperation (VehicleJourneyRef, StartDate, EndDate) VALUES ('98264', 1516406400, 1516492799);
INSERT INTO DayOfOperation (VehicleJourneyRef, StartDate, EndDate) VALUES ('98264', 1517011200, 1517097599);
INSERT INTO DayOfOperation (VehicleJourneyRef, StartDate, EndDate) VALUES ('98264', 1517616000, 1517702399);
INSERT INTO DayOfOperation (VehicleJourneyRef, StartDate, EndDate) VALUES ('98264', 1518220800, 1518307199);
INSERT INTO DayOfOperation (VehicleJourneyRef, StartDate, EndDate) VALUES ('98264', 1518825600, 1518911999);
INSERT INTO DayOfOperation (VehicleJourneyRef, StartDate, EndDate) VALUES ('98264', 1519430400, 1519516799);
INSERT INTO DayOfOperation (VehicleJourneyRef, StartDate, EndDate) VALUES ('98264', 1520035200, 1520121599);
INSERT INTO DayOfOperation (VehicleJourneyRef, StartDate, EndDate) VALUES ('98264', 1520640000, 1520726399);
INSERT INTO DayOfOperation (VehicleJourneyRef, StartDate, EndDate) VALUES ('98264', 1521244800, 1521331199);
INSERT INTO DayOfOperation (VehicleJourneyRef, StartDate, EndDate) VALUES ('98264', 1521849600, 1521935999);
INSERT INTO DayOfOperation (VehicleJourneyRef, StartDate, EndDate) VALUES ('98264', 1522454400, 1522540799);
INSERT INTO DayOfOperation (VehicleJourneyRef, StartDate, EndDate) VALUES ('98264', 1523059200, 1523145599);
INSERT INTO DayOfOperation (VehicleJourneyRef, StartDate, EndDate) VALUES ('98264', 1523664000, 1523750399);
INSERT INTO DayOfOperation (VehicleJourneyRef, StartDate, EndDate) VALUES ('98264', 1524268800, 1524355199);
INSERT INTO DayOfOperation (VehicleJourneyRef, StartDate, EndDate) VALUES ('98264', 1524873600, 1524959999);
INSERT INTO DayOfOperation (VehicleJourneyRef, StartDate, EndDate) VALUES ('98264', 1525478400, 1525564799);
INSERT INTO DayOfOperation (VehicleJourneyRef, StartDate, EndDate) VALUES ('98264', 1526083200, 1526169599);
INSERT INTO DayOfOperation (VehicleJourneyRef, StartDate, EndDate) VALUES ('98264', 1526688000, 1526774399);
INSERT INTO DayOfOperation (VehicleJourneyRef, StartDate, EndDate) VALUES ('98264', 1527292800, 1527379199);
INSERT INTO DayOfOperation (VehicleJourneyRef, StartDate, EndDate) VALUES ('98264', 1527897600, 1527983999);
INSERT INTO DayOfOperation (VehicleJourneyRef, StartDate, EndDate) VALUES ('98264', 1528502400, 1528588799);
INSERT INTO DayOfNonOperation (VehicleJourneyRef, StartDate, EndDate) VALUES ('98264', 1490918400, 1508716799);
INSERT INTO VehicleJourney (VehicleJourneyCode, ServiceRef, LineRef, JourneyPatternRef, OperatorRef, Monday, Tuesday, Wednesday, Thursday, Friday, Saturday, Sunday, DepatureHour, DepatureMinute, DepatureSecond, Note, NoteCode) VALUES ('98265', 'FSACM25', '0', 'JPS_FSACM25-3', 'CAL', 0, 0, 0, 0, 0, 1, 0, 18, 20, 0, 'Departure time shown is actually check in time', 'DCI');
INSERT INTO DayOfOperation (VehicleJourneyRef, StartDate, EndDate) VALUES ('98265', 1509148800, 1509235199);
INSERT INTO DayOfOperation (VehicleJourneyRef, StartDate, EndDate) VALUES ('98265', 1509753600, 1509839999);
INSERT INTO DayOfOperation (VehicleJourneyRef, StartDate, EndDate) VALUES ('98265', 1510358400, 1510444799);
INSERT INTO DayOfOperation (VehicleJourneyRef, StartDate, EndDate) VALUES ('98265', 1510963200, 1511049599);
INSERT INTO DayOfOperation (VehicleJourneyRef, StartDate, EndDate) VALUES ('98265', 1511568000, 1511654399);
INSERT INTO DayOfOperation (VehicleJourneyRef, StartDate, EndDate) VALUES ('98265', 1512172800, 1512259199);
INSERT INTO DayOfOperation (VehicleJourneyRef, StartDate, EndDate) VALUES ('98265', 1512777600, 1512863999);
INSERT INTO DayOfOperation (VehicleJourneyRef, StartDate, EndDate) VALUES ('98265', 1513382400, 1513468799);
INSERT INTO DayOfOperation (VehicleJourneyRef, StartDate, EndDate) VALUES ('98265', 1513987200, 1514073599);
INSERT INTO DayOfOperation (VehicleJourneyRef, StartDate, EndDate) VALUES ('98265', 1514592000, 1514678399);
INSERT INTO DayOfOperation (VehicleJourneyRef, StartDate, EndDate) VALUES ('98265', 1515196800, 1515283199);
INSERT INTO DayOfOperation (VehicleJourneyRef, StartDate, EndDate) VALUES ('98265', 1515801600, 1515887999);
INSERT INTO DayOfOperation (VehicleJourneyRef, StartDate, EndDate) VALUES ('98265', 1516406400, 1516492799);
INSERT INTO DayOfOperation (VehicleJourneyRef, StartDate, EndDate) VALUES ('98265', 1517011200, 1517097599);
INSERT INTO DayOfOperation (VehicleJourneyRef, StartDate, EndDate) VALUES ('98265', 1517616000, 1517702399);
INSERT INTO DayOfOperation (VehicleJourneyRef, StartDate, EndDate) VALUES ('98265', 1518220800, 1518307199);
INSERT INTO DayOfOperation (VehicleJourneyRef, StartDate, EndDate) VALUES ('98265', 1518825600, 1518911999);
INSERT INTO DayOfOperation (VehicleJourneyRef, StartDate, EndDate) VALUES ('98265', 1519430400, 1519516799);
INSERT INTO DayOfOperation (VehicleJourneyRef, StartDate, EndDate) VALUES ('98265', 1520035200, 1520121599);
INSERT INTO DayOfOperation (VehicleJourneyRef, StartDate, EndDate) VALUES ('98265', 1520640000, 1520726399);
INSERT INTO DayOfOperation (VehicleJourneyRef, StartDate, EndDate) VALUES ('98265', 1521244800, 1521331199);
INSERT INTO DayOfOperation (VehicleJourneyRef, StartDate, EndDate) VALUES ('98265', 1521849600, 1521935999);
INSERT INTO DayOfOperation (VehicleJourneyRef, StartDate, EndDate) VALUES ('98265', 1522454400, 1522540799);
INSERT INTO DayOfOperation (VehicleJourneyRef, StartDate, EndDate) VALUES ('98265', 1523059200, 1523145599);
INSERT INTO DayOfOperation (VehicleJourneyRef, StartDate, EndDate) VALUES ('98265', 1523664000, 1523750399);
INSERT INTO DayOfOperation (VehicleJourneyRef, StartDate, EndDate) VALUES ('98265', 1524268800, 1524355199);
INSERT INTO DayOfOperation (VehicleJourneyRef, StartDate, EndDate) VALUES ('98265', 1524873600, 1524959999);
INSERT INTO DayOfOperation (VehicleJourneyRef, StartDate, EndDate) VALUES ('98265', 1525478400, 1525564799);
INSERT INTO DayOfOperation (VehicleJourneyRef, StartDate, EndDate) VALUES ('98265', 1526083200, 1526169599);
INSERT INTO DayOfOperation (VehicleJourneyRef, StartDate, EndDate) VALUES ('98265', 1526688000, 1526774399);
INSERT INTO DayOfOperation (VehicleJourneyRef, StartDate, EndDate) VALUES ('98265', 1527292800, 1527379199);
INSERT INTO DayOfOperation (VehicleJourneyRef, StartDate, EndDate) VALUES ('98265', 1527897600, 1527983999);
INSERT INTO DayOfOperation (VehicleJourneyRef, StartDate, EndDate) VALUES ('98265', 1528502400, 1528588799);
INSERT INTO DayOfNonOperation (VehicleJourneyRef, StartDate, EndDate) VALUES ('98265', 1490918400, 1508716799);
INSERT INTO VehicleJourney (VehicleJourneyCode, ServiceRef, LineRef, JourneyPatternRef, OperatorRef, Monday, Tuesday, Wednesday, Thursday, Friday, Saturday, Sunday, DepatureHour, DepatureMinute, DepatureSecond, Note, NoteCode) VALUES ('98268', 'FSACM25', '0', 'JPS_FSACM25-3', 'CAL', 0, 0, 0, 0, 0, 0, 1, 18, 20, 0, 'Departure time shown is actually check in time', 'DCI');
INSERT INTO DayOfOperation (VehicleJourneyRef, StartDate, EndDate) VALUES ('98268', 1509235200, 1509321599);
INSERT INTO DayOfOperation (VehicleJourneyRef, StartDate, EndDate) VALUES ('98268', 1509840000, 1509926399);
INSERT INTO DayOfOperation (VehicleJourneyRef, StartDate, EndDate) VALUES ('98268', 1510444800, 1510531199);
INSERT INTO DayOfOperation (VehicleJourneyRef, StartDate, EndDate) VALUES ('98268', 1511049600, 1511135999);
INSERT INTO DayOfOperation (VehicleJourneyRef, StartDate, EndDate) VALUES ('98268', 1511654400, 1511740799);
INSERT INTO DayOfOperation (VehicleJourneyRef, StartDate, EndDate) VALUES ('98268', 1512259200, 1512345599);
INSERT INTO DayOfOperation (VehicleJourneyRef, StartDate, EndDate) VALUES ('98268', 1512864000, 1512950399);
INSERT INTO DayOfOperation (VehicleJourneyRef, StartDate, EndDate) VALUES ('98268', 1513468800, 1513555199);
INSERT INTO DayOfOperation (VehicleJourneyRef, StartDate, EndDate) VALUES ('98268', 1514073600, 1514159999);
INSERT INTO DayOfOperation (VehicleJourneyRef, StartDate, EndDate) VALUES ('98268', 1514678400, 1514764799);
INSERT INTO DayOfOperation (VehicleJourneyRef, StartDate, EndDate) VALUES ('98268', 1515283200, 1515369599);
INSERT INTO DayOfOperation (VehicleJourneyRef, StartDate, EndDate) VALUES ('98268', 1515888000, 1515974399);
INSERT INTO DayOfOperation (VehicleJourneyRef, StartDate, EndDate) VALUES ('98268', 1516492800, 1516579199);
INSERT INTO DayOfOperation (VehicleJourneyRef, StartDate, EndDate) VALUES ('98268', 1517097600, 1517183999);
INSERT INTO DayOfOperation (VehicleJourneyRef, StartDate, EndDate) VALUES ('98268', 1517702400, 1517788799);
INSERT INTO DayOfOperation (VehicleJourneyRef, StartDate, EndDate) VALUES ('98268', 1518307200, 1518393599);
INSERT INTO DayOfOperation (VehicleJourneyRef, StartDate, EndDate) VALUES ('98268', 1518912000, 1518998399);
INSERT INTO DayOfOperation (VehicleJourneyRef, StartDate, EndDate) VALUES ('98268', 1519516800, 1519603199);
INSERT INTO DayOfOperation (VehicleJourneyRef, StartDate, EndDate) VALUES ('98268', 1520121600, 1520207999);
INSERT INTO DayOfOperation (VehicleJourneyRef, StartDate, EndDate) VALUES ('98268', 1520726400, 1520812799);
INSERT INTO DayOfOperation (VehicleJourneyRef, StartDate, EndDate) VALUES ('98268', 1521331200, 1521417599);
INSERT INTO DayOfOperation (VehicleJourneyRef, StartDate, EndDate) VALUES ('98268', 1521936000, 1522022399);
INSERT INTO DayOfOperation (VehicleJourneyRef, StartDate, EndDate) VALUES ('98268', 1522540800, 1522627199);
INSERT INTO DayOfOperation (VehicleJourneyRef, StartDate, EndDate) VALUES ('98268', 1523145600, 1523231999);
INSERT INTO DayOfOperation (VehicleJourneyRef, StartDate, EndDate) VALUES ('98268', 1523750400, 1523836799);
INSERT INTO DayOfOperation (VehicleJourneyRef, StartDate, EndDate) VALUES ('98268', 1524355200, 1524441599);
INSERT INTO DayOfOperation (VehicleJourneyRef, StartDate, EndDate) VALUES ('98268', 1524960000, 1525046399);
INSERT INTO DayOfOperation (VehicleJourneyRef, StartDate, EndDate) VALUES ('98268', 1525564800, 1525651199);
INSERT INTO DayOfOperation (VehicleJourneyRef, StartDate, EndDate) VALUES ('98268', 1526169600, 1526255999);
INSERT INTO DayOfOperation (VehicleJourneyRef, StartDate, EndDate) VALUES ('98268', 1526774400, 1526860799);
INSERT INTO DayOfOperation (VehicleJourneyRef, StartDate, EndDate) VALUES ('98268', 1527379200, 1527465599);
INSERT INTO DayOfOperation (VehicleJourneyRef, StartDate, EndDate) VALUES ('98268', 1527984000, 1528070399);
INSERT INTO DayOfOperation (VehicleJourneyRef, StartDate, EndDate) VALUES ('98268', 1528588800, 1528675199);
INSERT INTO DayOfNonOperation (VehicleJourneyRef, StartDate, EndDate) VALUES ('98268', 1490918400, 1508716799);
INSERT INTO VehicleJourney (VehicleJourneyCode, ServiceRef, LineRef, JourneyPatternRef, OperatorRef, Monday, Tuesday, Wednesday, Thursday, Friday, Saturday, Sunday, DepatureHour, DepatureMinute, DepatureSecond, Note, NoteCode) VALUES ('98271', 'FSACM25', '0', 'JPS_FSACM25-4', 'CAL', 1, 1, 1, 1, 1, 0, 0, 6, 50, 0, 'Departure time shown is actually check in time', 'DCI');
INSERT INTO DayOfNonOperation (VehicleJourneyRef, StartDate, EndDate) VALUES ('98271', 1490918400, 1508716799);
INSERT INTO DayOfNonOperation (VehicleJourneyRef, StartDate, EndDate) VALUES ('98271', 1514160000, 1514332799);
INSERT INTO DayOfNonOperation (VehicleJourneyRef, StartDate, EndDate) VALUES ('98271', 1514764800, 1514851199);
INSERT INTO VehicleJourney (VehicleJourneyCode, ServiceRef, LineRef, JourneyPatternRef, OperatorRef, Monday, Tuesday, Wednesday, Thursday, Friday, Saturday, Sunday, DepatureHour, DepatureMinute, DepatureSecond, Note, NoteCode) VALUES ('98272', 'FSACM25', '0', 'JPS_FSACM25-4', 'CAL', 1, 1, 1, 1, 1, 0, 0, 13, 50, 0, 'Departure time shown is actually check in time', 'DCI');
INSERT INTO DayOfNonOperation (VehicleJourneyRef, StartDate, EndDate) VALUES ('98272', 1490918400, 1508716799);
INSERT INTO DayOfNonOperation (VehicleJourneyRef, StartDate, EndDate) VALUES ('98272', 1514160000, 1514246399);
INSERT INTO DayOfNonOperation (VehicleJourneyRef, StartDate, EndDate) VALUES ('98272', 1514764800, 1514851199);
INSERT INTO VehicleJourney (VehicleJourneyCode, ServiceRef, LineRef, JourneyPatternRef, OperatorRef, Monday, Tuesday, Wednesday, Thursday, Friday, Saturday, Sunday, DepatureHour, DepatureMinute, DepatureSecond, Note, NoteCode) VALUES ('98276', 'FSACM25', '0', 'JPS_FSACM25-4', 'CAL', 0, 0, 0, 0, 0, 1, 0, 6, 50, 0, 'Departure time shown is actually check in time', 'DCI');
INSERT INTO DayOfOperation (VehicleJourneyRef, StartDate, EndDate) VALUES ('98276', 1509148800, 1509235199);
INSERT INTO DayOfOperation (VehicleJourneyRef, StartDate, EndDate) VALUES ('98276', 1509753600, 1509839999);
INSERT INTO DayOfOperation (VehicleJourneyRef, StartDate, EndDate) VALUES ('98276', 1510358400, 1510444799);
INSERT INTO DayOfOperation (VehicleJourneyRef, StartDate, EndDate) VALUES ('98276', 1510963200, 1511049599);
INSERT INTO DayOfOperation (VehicleJourneyRef, StartDate, EndDate) VALUES ('98276', 1511568000, 1511654399);
INSERT INTO DayOfOperation (VehicleJourneyRef, StartDate, EndDate) VALUES ('98276', 1512172800, 1512259199);
INSERT INTO DayOfOperation (VehicleJourneyRef, StartDate, EndDate) VALUES ('98276', 1512777600, 1512863999);
INSERT INTO DayOfOperation (VehicleJourneyRef, StartDate, EndDate) VALUES ('98276', 1513382400, 1513468799);
INSERT INTO DayOfOperation (VehicleJourneyRef, StartDate, EndDate) VALUES ('98276', 1513987200, 1514073599);
INSERT INTO DayOfOperation (VehicleJourneyRef, StartDate, EndDate) VALUES ('98276', 1514592000, 1514678399);
INSERT INTO DayOfOperation (VehicleJourneyRef, StartDate, EndDate) VALUES ('98276', 1515196800, 1515283199);
INSERT INTO DayOfOperation (VehicleJourneyRef, StartDate, EndDate) VALUES ('98276', 1515801600, 1515887999);
INSERT INTO DayOfOperation (VehicleJourneyRef, StartDate, EndDate) VALUES ('98276', 1516406400, 1516492799);
INSERT INTO DayOfOperation (VehicleJourneyRef, StartDate, EndDate) VALUES ('98276', 1517011200, 1517097599);
INSERT INTO DayOfOperation (VehicleJourneyRef, StartDate, EndDate) VALUES ('98276', 1517616000, 1517702399);
INSERT INTO DayOfOperation (VehicleJourneyRef, StartDate, EndDate) VALUES ('98276', 1518220800, 1518307199);
INSERT INTO DayOfOperation (VehicleJourneyRef, StartDate, EndDate) VALUES ('98276', 1518825600, 1518911999);
INSERT INTO DayOfOperation (VehicleJourneyRef, StartDate, EndDate) VALUES ('98276', 1519430400, 1519516799);
INSERT INTO DayOfOperation (VehicleJourneyRef, StartDate, EndDate) VALUES ('98276', 1520035200, 1520121599);
INSERT INTO DayOfOperation (VehicleJourneyRef, StartDate, EndDate) VALUES ('98276', 1520640000, 1520726399);
INSERT INTO DayOfOperation (VehicleJourneyRef, StartDate, EndDate) VALUES ('98276', 1521244800, 1521331199);
INSERT INTO DayOfOperation (VehicleJourneyRef, StartDate, EndDate) VALUES ('98276', 1521849600, 1521935999);
INSERT INTO DayOfOperation (VehicleJourneyRef, StartDate, EndDate) VALUES ('98276', 1522454400, 1522540799);
INSERT INTO DayOfOperation (VehicleJourneyRef, StartDate, EndDate) VALUES ('98276', 1523059200, 1523145599);
INSERT INTO DayOfOperation (VehicleJourneyRef, StartDate, EndDate) VALUES ('98276', 1523664000, 1523750399);
INSERT INTO DayOfOperation (VehicleJourneyRef, StartDate, EndDate) VALUES ('98276', 1524268800, 1524355199);
INSERT INTO DayOfOperation (VehicleJourneyRef, StartDate, EndDate) VALUES ('98276', 1524873600, 1524959999);
INSERT INTO DayOfOperation (VehicleJourneyRef, StartDate, EndDate) VALUES ('98276', 1525478400, 1525564799);
INSERT INTO DayOfOperation (VehicleJourneyRef, StartDate, EndDate) VALUES ('98276', 1526083200, 1526169599);
INSERT INTO DayOfOperation (VehicleJourneyRef, StartDate, EndDate) VALUES ('98276', 1526688000, 1526774399);
INSERT INTO DayOfOperation (VehicleJourneyRef, StartDate, EndDate) VALUES ('98276', 1527292800, 1527379199);
INSERT INTO DayOfOperation (VehicleJourneyRef, StartDate, EndDate) VALUES ('98276', 1527897600, 1527983999);
INSERT INTO DayOfOperation (VehicleJourneyRef, StartDate, EndDate) VALUES ('98276', 1528502400, 1528588799);
INSERT INTO DayOfNonOperation (VehicleJourneyRef, StartDate, EndDate) VALUES ('98276', 1490918400, 1508716799);
INSERT INTO VehicleJourney (VehicleJourneyCode, ServiceRef, LineRef, JourneyPatternRef, OperatorRef, Monday, Tuesday, Wednesday, Thursday, Friday, Saturday, Sunday, DepatureHour, DepatureMinute, DepatureSecond, Note, NoteCode) VALUES ('98277', 'FSACM25', '0', 'JPS_FSACM25-4', 'CAL', 0, 0, 0, 0, 0, 1, 0, 14, 20, 0, 'Departure time shown is actually check in time', 'DCI');
INSERT INTO DayOfOperation (VehicleJourneyRef, StartDate, EndDate) VALUES ('98277', 1509148800, 1509235199);
INSERT INTO DayOfOperation (VehicleJourneyRef, StartDate, EndDate) VALUES ('98277', 1509753600, 1509839999);
INSERT INTO DayOfOperation (VehicleJourneyRef, StartDate, EndDate) VALUES ('98277', 1510358400, 1510444799);
INSERT INTO DayOfOperation (VehicleJourneyRef, StartDate, EndDate) VALUES ('98277', 1510963200, 1511049599);
INSERT INTO DayOfOperation (VehicleJourneyRef, StartDate, EndDate) VALUES ('98277', 1511568000, 1511654399);
INSERT INTO DayOfOperation (VehicleJourneyRef, StartDate, EndDate) VALUES ('98277', 1512172800, 1512259199);
INSERT INTO DayOfOperation (VehicleJourneyRef, StartDate, EndDate) VALUES ('98277', 1512777600, 1512863999);
INSERT INTO DayOfOperation (VehicleJourneyRef, StartDate, EndDate) VALUES ('98277', 1513382400, 1513468799);
INSERT INTO DayOfOperation (VehicleJourneyRef, StartDate, EndDate) VALUES ('98277', 1513987200, 1514073599);
INSERT INTO DayOfOperation (VehicleJourneyRef, StartDate, EndDate) VALUES ('98277', 1514592000, 1514678399);
INSERT INTO DayOfOperation (VehicleJourneyRef, StartDate, EndDate) VALUES ('98277', 1515196800, 1515283199);
INSERT INTO DayOfOperation (VehicleJourneyRef, StartDate, EndDate) VALUES ('98277', 1515801600, 1515887999);
INSERT INTO DayOfOperation (VehicleJourneyRef, StartDate, EndDate) VALUES ('98277', 1516406400, 1516492799);
INSERT INTO DayOfOperation (VehicleJourneyRef, StartDate, EndDate) VALUES ('98277', 1517011200, 1517097599);
INSERT INTO DayOfOperation (VehicleJourneyRef, StartDate, EndDate) VALUES ('98277', 1517616000, 1517702399);
INSERT INTO DayOfOperation (VehicleJourneyRef, StartDate, EndDate) VALUES ('98277', 1518220800, 1518307199);
INSERT INTO DayOfOperation (VehicleJourneyRef, StartDate, EndDate) VALUES ('98277', 1518825600, 1518911999);
INSERT INTO DayOfOperation (VehicleJourneyRef, StartDate, EndDate) VALUES ('98277', 1519430400, 1519516799);
INSERT INTO DayOfOperation (VehicleJourneyRef, StartDate, EndDate) VALUES ('98277', 1520035200, 1520121599);
INSERT INTO DayOfOperation (VehicleJourneyRef, StartDate, EndDate) VALUES ('98277', 1520640000, 1520726399);
INSERT INTO DayOfOperation (VehicleJourneyRef, StartDate, EndDate) VALUES ('98277', 1521244800, 1521331199);
INSERT INTO DayOfOperation (VehicleJourneyRef, StartDate, EndDate) VALUES ('98277', 1521849600, 1521935999);
INSERT INTO DayOfOperation (VehicleJourneyRef, StartDate, EndDate) VALUES ('98277', 1522454400, 1522540799);
INSERT INTO DayOfOperation (VehicleJourneyRef, StartDate, EndDate) VALUES ('98277', 1523059200, 1523145599);
INSERT INTO DayOfOperation (VehicleJourneyRef, StartDate, EndDate) VALUES ('98277', 1523664000, 1523750399);
INSERT INTO DayOfOperation (VehicleJourneyRef, StartDate, EndDate) VALUES ('98277', 1524268800, 1524355199);
INSERT INTO DayOfOperation (VehicleJourneyRef, StartDate, EndDate) VALUES ('98277', 1524873600, 1524959999);
INSERT INTO DayOfOperation (VehicleJourneyRef, StartDate, EndDate) VALUES ('98277', 1525478400, 1525564799);
INSERT INTO DayOfOperation (VehicleJourneyRef, StartDate, EndDate) VALUES ('98277', 1526083200, 1526169599);
INSERT INTO DayOfOperation (VehicleJourneyRef, StartDate, EndDate) VALUES ('98277', 1526688000, 1526774399);
INSERT INTO DayOfOperation (VehicleJourneyRef, StartDate, EndDate) VALUES ('98277', 1527292800, 1527379199);
INSERT INTO DayOfOperation (VehicleJourneyRef, StartDate, EndDate) VALUES ('98277', 1527897600, 1527983999);
INSERT INTO DayOfOperation (VehicleJourneyRef, StartDate, EndDate) VALUES ('98277', 1528502400, 1528588799);
INSERT INTO DayOfNonOperation (VehicleJourneyRef, StartDate, EndDate) VALUES ('98277', 1490918400, 1508716799);
INSERT INTO VehicleJourney (VehicleJourneyCode, ServiceRef, LineRef, JourneyPatternRef, OperatorRef, Monday, Tuesday, Wednesday, Thursday, Friday, Saturday, Sunday, DepatureHour, DepatureMinute, DepatureSecond, Note, NoteCode) VALUES ('98280', 'FSACM25', '0', 'JPS_FSACM25-4', 'CAL', 0, 0, 0, 0, 0, 0, 1, 14, 20, 0, 'Departure time shown is actually check in time', 'DCI');
INSERT INTO DayOfOperation (VehicleJourneyRef, StartDate, EndDate) VALUES ('98280', 1509235200, 1509321599);
INSERT INTO DayOfOperation (VehicleJourneyRef, StartDate, EndDate) VALUES ('98280', 1509840000, 1509926399);
INSERT INTO DayOfOperation (VehicleJourneyRef, StartDate, EndDate) VALUES ('98280', 1510444800, 1510531199);
INSERT INTO DayOfOperation (VehicleJourneyRef, StartDate, EndDate) VALUES ('98280', 1511049600, 1511135999);
INSERT INTO DayOfOperation (VehicleJourneyRef, StartDate, EndDate) VALUES ('98280', 1511654400, 1511740799);
INSERT INTO DayOfOperation (VehicleJourneyRef, StartDate, EndDate) VALUES ('98280', 1512259200, 1512345599);
INSERT INTO DayOfOperation (VehicleJourneyRef, StartDate, EndDate) VALUES ('98280', 1512864000, 1512950399);
INSERT INTO DayOfOperation (VehicleJourneyRef, StartDate, EndDate) VALUES ('98280', 1513468800, 1513555199);
INSERT INTO DayOfOperation (VehicleJourneyRef, StartDate, EndDate) VALUES ('98280', 1514073600, 1514159999);
INSERT INTO DayOfOperation (VehicleJourneyRef, StartDate, EndDate) VALUES ('98280', 1514678400, 1514764799);
INSERT INTO DayOfOperation (VehicleJourneyRef, StartDate, EndDate) VALUES ('98280', 1515283200, 1515369599);
INSERT INTO DayOfOperation (VehicleJourneyRef, StartDate, EndDate) VALUES ('98280', 1515888000, 1515974399);
INSERT INTO DayOfOperation (VehicleJourneyRef, StartDate, EndDate) VALUES ('98280', 1516492800, 1516579199);
INSERT INTO DayOfOperation (VehicleJourneyRef, StartDate, EndDate) VALUES ('98280', 1517097600, 1517183999);
INSERT INTO DayOfOperation (VehicleJourneyRef, StartDate, EndDate) VALUES ('98280', 1517702400, 1517788799);
INSERT INTO DayOfOperation (VehicleJourneyRef, StartDate, EndDate) VALUES ('98280', 1518307200, 1518393599);
INSERT INTO DayOfOperation (VehicleJourneyRef, StartDate, EndDate) VALUES ('98280', 1518912000, 1518998399);
INSERT INTO DayOfOperation (VehicleJourneyRef, StartDate, EndDate) VALUES ('98280', 1519516800, 1519603199);
INSERT INTO DayOfOperation (VehicleJourneyRef, StartDate, EndDate) VALUES ('98280', 1520121600, 1520207999);
INSERT INTO DayOfOperation (VehicleJourneyRef, StartDate, EndDate) VALUES ('98280', 1520726400, 1520812799);
INSERT INTO DayOfOperation (VehicleJourneyRef, StartDate, EndDate) VALUES ('98280', 1521331200, 1521417599);
INSERT INTO DayOfOperation (VehicleJourneyRef, StartDate, EndDate) VALUES ('98280', 1521936000, 1522022399);
INSERT INTO DayOfOperation (VehicleJourneyRef, StartDate, EndDate) VALUES ('98280', 1522540800, 1522627199);
INSERT INTO DayOfOperation (VehicleJourneyRef, StartDate, EndDate) VALUES ('98280', 1523145600, 1523231999);
INSERT INTO DayOfOperation (VehicleJourneyRef, StartDate, EndDate) VALUES ('98280', 1523750400, 1523836799);
INSERT INTO DayOfOperation (VehicleJourneyRef, StartDate, EndDate) VALUES ('98280', 1524355200, 1524441599);
INSERT INTO DayOfOperation (VehicleJourneyRef, StartDate, EndDate) VALUES ('98280', 1524960000, 1525046399);
INSERT INTO DayOfOperation (VehicleJourneyRef, StartDate, EndDate) VALUES ('98280', 1525564800, 1525651199);
INSERT INTO DayOfOperation (VehicleJourneyRef, StartDate, EndDate) VALUES ('98280', 1526169600, 1526255999);
INSERT INTO DayOfOperation (VehicleJourneyRef, StartDate, EndDate) VALUES ('98280', 1526774400, 1526860799);
INSERT INTO DayOfOperation (VehicleJourneyRef, StartDate, EndDate) VALUES ('98280', 1527379200, 1527465599);
INSERT INTO DayOfOperation (VehicleJourneyRef, StartDate, EndDate) VALUES ('98280', 1527984000, 1528070399);
INSERT INTO DayOfOperation (VehicleJourneyRef, StartDate, EndDate) VALUES ('98280', 1528588800, 1528675199);
INSERT INTO DayOfNonOperation (VehicleJourneyRef, StartDate, EndDate) VALUES ('98280', 1490918400, 1508716799);