INSERT INTO AnnotatedStopPointRef (StopPointRef, CommonName, Latitude, Longitude) VALUES ('9300CPB', 'Campbeltown Ferry Terminal', 0, 0);
INSERT INTO AnnotatedStopPointRef (StopPointRef, CommonName, Latitude, Longitude) VALUES ('9300ARD', 'Ardrossan Ferry Terminal', 0, 0);
INSERT INTO AnnotatedStopPointRef (StopPointRef, CommonName, Latitude, Longitude) VALUES ('9300BRB', 'Brodick Isle of Arran Ferry Terminal', 0, 0);
INSERT INTO Route (RouteId, RouteDescription, RouteSectionRef) VALUES ('FSACM05A001', 'Campbeltown - Ardrossan
', 'FSACM05A001');
INSERT INTO Route (RouteId, RouteDescription, RouteSectionRef) VALUES ('FSACM05A002', 'Campbeltown - Ardrossan
', 'FSACM05A002');
INSERT INTO Route (RouteId, RouteDescription, RouteSectionRef) VALUES ('FSACM05A003', 'Ardrossan - Campbeltown
', 'FSACM05A003');
INSERT INTO RouteSection (RouteSectionId) VALUES ('FSACM05A001');
INSERT INTO RouteLink (RouteLinkId, RouteSectionId, FromStopPointRef, ToStopPointRef, `Order`, RouteDirection) VALUES ('FSACM05A001_280661', 'FSACM05A001', '9300CPB', '9300ARD', 0, 'inbound');
INSERT INTO RouteSection (RouteSectionId) VALUES ('FSACM05A002');
INSERT INTO RouteLink (RouteLinkId, RouteSectionId, FromStopPointRef, ToStopPointRef, `Order`, RouteDirection) VALUES ('FSACM05A002_280663', 'FSACM05A002', '9300CPB', '9300BRB', 0, 'inbound');
INSERT INTO RouteLink (RouteLinkId, RouteSectionId, FromStopPointRef, ToStopPointRef, `Order`, RouteDirection) VALUES ('FSACM05A002_280664', 'FSACM05A002', '9300BRB', '9300ARD', 1, 'inbound');
INSERT INTO RouteSection (RouteSectionId) VALUES ('FSACM05A003');
INSERT INTO RouteLink (RouteLinkId, RouteSectionId, FromStopPointRef, ToStopPointRef, `Order`, RouteDirection) VALUES ('FSACM05A003_280666', 'FSACM05A003', '9300ARD', '9300CPB', 0, 'outbound');
INSERT INTO JourneyPatternSection (JourneyPatternSectionId) VALUES ('JPS_FSACM05A-4');
INSERT INTO JourneyPatternTimingLink (JourneyPatternTimingLinkId, JourneyPatternSectionId, JourneyPatternFromStopPointRef, JourneyPatternFromTimingStatus, JourneyPatternToStopPointsRef, JourneyPatternToTimingStatus, RouteLinkRef, JourneyDirection, RunTime, WaitTime) VALUES ('JPS_FSACM05A-4_280661', 'JPS_FSACM05A-4', '9300CPB', 'PTP', '9300ARD', 'PTP', 'FSACM05A001_280661', 'inbound', 'PT9600S', '');
INSERT INTO JourneyPatternSection (JourneyPatternSectionId) VALUES ('JPS_FSACM05A-5');
INSERT INTO JourneyPatternTimingLink (JourneyPatternTimingLinkId, JourneyPatternSectionId, JourneyPatternFromStopPointRef, JourneyPatternFromTimingStatus, JourneyPatternToStopPointsRef, JourneyPatternToTimingStatus, RouteLinkRef, JourneyDirection, RunTime, WaitTime) VALUES ('JPS_FSACM05A-5_280663', 'JPS_FSACM05A-5', '9300CPB', 'PTP', '9300BRB', 'PTP', 'FSACM05A002_280663', 'inbound', 'PT8400S', '');
INSERT INTO JourneyPatternTimingLink (JourneyPatternTimingLinkId, JourneyPatternSectionId, JourneyPatternFromStopPointRef, JourneyPatternFromTimingStatus, JourneyPatternToStopPointsRef, JourneyPatternToTimingStatus, RouteLinkRef, JourneyDirection, RunTime, WaitTime) VALUES ('JPS_FSACM05A-5_280664', 'JPS_FSACM05A-5', '9300BRB', 'PTP', '9300ARD', 'PTP', 'FSACM05A002_280664', 'inbound', 'PT3300S', 'PT1500S');
INSERT INTO JourneyPatternSection (JourneyPatternSectionId) VALUES ('JPS_FSACM05A-6');
INSERT INTO JourneyPatternTimingLink (JourneyPatternTimingLinkId, JourneyPatternSectionId, JourneyPatternFromStopPointRef, JourneyPatternFromTimingStatus, JourneyPatternToStopPointsRef, JourneyPatternToTimingStatus, RouteLinkRef, JourneyDirection, RunTime, WaitTime) VALUES ('JPS_FSACM05A-6_280666', 'JPS_FSACM05A-6', '9300ARD', 'PTP', '9300CPB', 'PTP', 'FSACM05A003_280666', 'outbound', 'PT9600S', '');
INSERT INTO Operator (OperatorId, NationalOperatorCode, OperatorCode, OperatorShortName) VALUES ('CAL', 'CALM', 'CAL', 'Caledonian MacBrayne');
INSERT INTO Service (ServiceCode, RegisteredOperatorRef, Mode, Description, Origin, Destination, StartDate, EndDate) VALUES ('FSACM05A', 'CAL', 'ferry', 'Ardrossan - Campbeltown', 'Ardrossan', 'Campbeltown', 1524700800, 1537747199);
INSERT INTO Line (LineId, ServiceRef, LineName) VALUES ('0', 'FSACM05A', 'CM5A');
INSERT INTO JourneyPattern (JourneyPatternId, ServiceRef, JourneyPatternSectionRef, JourneyPatternDirection) VALUES ('JPS_FSACM05A-4', 'FSACM05A', 'JPS_FSACM05A-4', 'inbound');
INSERT INTO JourneyPattern (JourneyPatternId, ServiceRef, JourneyPatternSectionRef, JourneyPatternDirection) VALUES ('JPS_FSACM05A-5', 'FSACM05A', 'JPS_FSACM05A-5', 'inbound');
INSERT INTO JourneyPattern (JourneyPatternId, ServiceRef, JourneyPatternSectionRef, JourneyPatternDirection) VALUES ('JPS_FSACM05A-6', 'FSACM05A', 'JPS_FSACM05A-6', 'outbound');
INSERT INTO VehicleJourney (VehicleJourneyCode, ServiceRef, LineRef, JourneyPatternRef, OperatorRef, Monday, Tuesday, Wednesday, Thursday, Friday, Saturday, Sunday, DepatureHour, DepatureMinute, DepatureSecond, Note, NoteCode) VALUES ('81979', 'FSACM05A', '0', 'JPS_FSACM05A-4', 'CAL', 0, 0, 0, 0, 1, 0, 0, 7, 35, 0, 'Passengers should check-in 10 mins before ferry departure time shown', 'FER');
INSERT INTO VehicleJourney (VehicleJourneyCode, ServiceRef, LineRef, JourneyPatternRef, OperatorRef, Monday, Tuesday, Wednesday, Thursday, Friday, Saturday, Sunday, DepatureHour, DepatureMinute, DepatureSecond, Note, NoteCode) VALUES ('81980', 'FSACM05A', '0', 'JPS_FSACM05A-5', 'CAL', 0, 0, 0, 0, 0, 1, 0, 7, 0, 0, 'Passengers should check-in 10 mins before ferry departure time shown', 'FER');
INSERT INTO VehicleJourney (VehicleJourneyCode, ServiceRef, LineRef, JourneyPatternRef, OperatorRef, Monday, Tuesday, Wednesday, Thursday, Friday, Saturday, Sunday, DepatureHour, DepatureMinute, DepatureSecond, Note, NoteCode) VALUES ('81981', 'FSACM05A', '0', 'JPS_FSACM05A-4', 'CAL', 0, 0, 0, 0, 0, 0, 1, 16, 55, 0, 'Passengers should check-in 10 mins before ferry departure time shown', 'FER');
INSERT INTO VehicleJourney (VehicleJourneyCode, ServiceRef, LineRef, JourneyPatternRef, OperatorRef, Monday, Tuesday, Wednesday, Thursday, Friday, Saturday, Sunday, DepatureHour, DepatureMinute, DepatureSecond, Note, NoteCode) VALUES ('81982', 'FSACM05A', '0', 'JPS_FSACM05A-6', 'CAL', 0, 0, 0, 0, 0, 0, 1, 13, 50, 0, 'Passengers should check-in 10 mins before ferry departure time shown', 'FER');
INSERT INTO VehicleJourney (VehicleJourneyCode, ServiceRef, LineRef, JourneyPatternRef, OperatorRef, Monday, Tuesday, Wednesday, Thursday, Friday, Saturday, Sunday, DepatureHour, DepatureMinute, DepatureSecond, Note, NoteCode) VALUES ('81983', 'FSACM05A', '0', 'JPS_FSACM05A-6', 'CAL', 0, 0, 0, 1, 1, 0, 0, 18, 40, 0, 'Passengers should check-in 10 mins before ferry departure time shown', 'FER');