INSERT INTO AnnotatedStopPointRef (StopPointRef, CommonName, Latitude, Longitude) VALUES ('9300ARM', 'Armadale Ferry Terminal', 0, 0);
INSERT INTO AnnotatedStopPointRef (StopPointRef, CommonName, Latitude, Longitude) VALUES ('9300MLG', 'Mallaig (CalMac) Ferry Terminal', 0, 0);
INSERT INTO Route (RouteId, RouteDescription, RouteSectionRef) VALUES ('FSACM18_002', 'Armadale (Skye) - Mallaig
', 'FSACM18_002');
INSERT INTO Route (RouteId, RouteDescription, RouteSectionRef) VALUES ('FSACM18_001', 'Mallaig - Armadale (Skye)
', 'FSACM18_001');
INSERT INTO RouteSection (RouteSectionId) VALUES ('FSACM18_002');
INSERT INTO RouteLink (RouteLinkId, RouteSectionId, FromStopPointRef, ToStopPointRef, `Order`, RouteDirection) VALUES ('FSACM18_002_280762', 'FSACM18_002', '9300ARM', '9300MLG', 0, 'inbound');
INSERT INTO RouteSection (RouteSectionId) VALUES ('FSACM18_001');
INSERT INTO RouteLink (RouteLinkId, RouteSectionId, FromStopPointRef, ToStopPointRef, `Order`, RouteDirection) VALUES ('FSACM18_001_280764', 'FSACM18_001', '9300MLG', '9300ARM', 0, 'outbound');
INSERT INTO JourneyPatternSection (JourneyPatternSectionId) VALUES ('JPS_FSACM18-3');
INSERT INTO JourneyPatternTimingLink (JourneyPatternTimingLinkId, JourneyPatternSectionId, JourneyPatternFromStopPointRef, JourneyPatternFromTimingStatus, JourneyPatternToStopPointsRef, JourneyPatternToTimingStatus, RouteLinkRef, JourneyDirection, RunTime, WaitTime) VALUES ('JPS_FSACM18-3_280762', 'JPS_FSACM18-3', '9300ARM', 'PTP', '9300MLG', 'PTP', 'FSACM18_002_280762', 'inbound', 'PT2700S', '');
INSERT INTO JourneyPatternSection (JourneyPatternSectionId) VALUES ('JPS_FSACM18-4');
INSERT INTO JourneyPatternTimingLink (JourneyPatternTimingLinkId, JourneyPatternSectionId, JourneyPatternFromStopPointRef, JourneyPatternFromTimingStatus, JourneyPatternToStopPointsRef, JourneyPatternToTimingStatus, RouteLinkRef, JourneyDirection, RunTime, WaitTime) VALUES ('JPS_FSACM18-4_280762', 'JPS_FSACM18-4', '9300ARM', 'PTP', '9300MLG', 'PTP', 'FSACM18_002_280762', 'inbound', 'PT1500S', '');
INSERT INTO JourneyPatternSection (JourneyPatternSectionId) VALUES ('JPS_FSACM18-5');
INSERT INTO JourneyPatternTimingLink (JourneyPatternTimingLinkId, JourneyPatternSectionId, JourneyPatternFromStopPointRef, JourneyPatternFromTimingStatus, JourneyPatternToStopPointsRef, JourneyPatternToTimingStatus, RouteLinkRef, JourneyDirection, RunTime, WaitTime) VALUES ('JPS_FSACM18-5_280764', 'JPS_FSACM18-5', '9300MLG', 'PTP', '9300ARM', 'PTP', 'FSACM18_001_280764', 'outbound', 'PT2700S', '');
INSERT INTO JourneyPatternSection (JourneyPatternSectionId) VALUES ('JPS_FSACM18-6');
INSERT INTO JourneyPatternTimingLink (JourneyPatternTimingLinkId, JourneyPatternSectionId, JourneyPatternFromStopPointRef, JourneyPatternFromTimingStatus, JourneyPatternToStopPointsRef, JourneyPatternToTimingStatus, RouteLinkRef, JourneyDirection, RunTime, WaitTime) VALUES ('JPS_FSACM18-6_280764', 'JPS_FSACM18-6', '9300MLG', 'PTP', '9300ARM', 'PTP', 'FSACM18_001_280764', 'outbound', 'PT2100S', '');
INSERT INTO JourneyPatternSection (JourneyPatternSectionId) VALUES ('JPS_FSACM18-7');
INSERT INTO JourneyPatternTimingLink (JourneyPatternTimingLinkId, JourneyPatternSectionId, JourneyPatternFromStopPointRef, JourneyPatternFromTimingStatus, JourneyPatternToStopPointsRef, JourneyPatternToTimingStatus, RouteLinkRef, JourneyDirection, RunTime, WaitTime) VALUES ('JPS_FSACM18-7_280764', 'JPS_FSACM18-7', '9300MLG', 'PTP', '9300ARM', 'PTP', 'FSACM18_001_280764', 'outbound', 'PT3300S', '');
INSERT INTO JourneyPatternSection (JourneyPatternSectionId) VALUES ('JPS_FSACM18-8');
INSERT INTO JourneyPatternTimingLink (JourneyPatternTimingLinkId, JourneyPatternSectionId, JourneyPatternFromStopPointRef, JourneyPatternFromTimingStatus, JourneyPatternToStopPointsRef, JourneyPatternToTimingStatus, RouteLinkRef, JourneyDirection, RunTime, WaitTime) VALUES ('JPS_FSACM18-8_280762', 'JPS_FSACM18-8', '9300ARM', 'PTP', '9300MLG', 'PTP', 'FSACM18_002_280762', 'inbound', 'PT1800S', '');
INSERT INTO JourneyPatternSection (JourneyPatternSectionId) VALUES ('JPS_FSACM18-9');
INSERT INTO JourneyPatternTimingLink (JourneyPatternTimingLinkId, JourneyPatternSectionId, JourneyPatternFromStopPointRef, JourneyPatternFromTimingStatus, JourneyPatternToStopPointsRef, JourneyPatternToTimingStatus, RouteLinkRef, JourneyDirection, RunTime, WaitTime) VALUES ('JPS_FSACM18-9_280764', 'JPS_FSACM18-9', '9300MLG', 'PTP', '9300ARM', 'PTP', 'FSACM18_001_280764', 'outbound', 'PT1800S', '');
INSERT INTO Operator (OperatorId, NationalOperatorCode, OperatorCode, OperatorShortName) VALUES ('CAL', 'CALM', 'CAL', 'Caledonian MacBrayne');
INSERT INTO Service (ServiceCode, RegisteredOperatorRef, Mode, Description, Origin, Destination, StartDate, EndDate) VALUES ('FSACM18', 'CAL', 'ferry', 'Mallaig - Armadale (Skye)', 'Mallaig', 'Armadale (Skye)', 1522368000, 2524607999);
INSERT INTO Line (LineId, ServiceRef, LineName) VALUES ('0', 'FSACM18', 'CM18');
INSERT INTO JourneyPattern (JourneyPatternId, ServiceRef, JourneyPatternSectionRef, JourneyPatternDirection) VALUES ('JPS_FSACM18-3', 'FSACM18', 'JPS_FSACM18-3', 'inbound');
INSERT INTO JourneyPattern (JourneyPatternId, ServiceRef, JourneyPatternSectionRef, JourneyPatternDirection) VALUES ('JPS_FSACM18-4', 'FSACM18', 'JPS_FSACM18-4', 'inbound');
INSERT INTO JourneyPattern (JourneyPatternId, ServiceRef, JourneyPatternSectionRef, JourneyPatternDirection) VALUES ('JPS_FSACM18-5', 'FSACM18', 'JPS_FSACM18-5', 'outbound');
INSERT INTO JourneyPattern (JourneyPatternId, ServiceRef, JourneyPatternSectionRef, JourneyPatternDirection) VALUES ('JPS_FSACM18-6', 'FSACM18', 'JPS_FSACM18-6', 'outbound');
INSERT INTO JourneyPattern (JourneyPatternId, ServiceRef, JourneyPatternSectionRef, JourneyPatternDirection) VALUES ('JPS_FSACM18-7', 'FSACM18', 'JPS_FSACM18-7', 'outbound');
INSERT INTO JourneyPattern (JourneyPatternId, ServiceRef, JourneyPatternSectionRef, JourneyPatternDirection) VALUES ('JPS_FSACM18-8', 'FSACM18', 'JPS_FSACM18-8', 'inbound');
INSERT INTO JourneyPattern (JourneyPatternId, ServiceRef, JourneyPatternSectionRef, JourneyPatternDirection) VALUES ('JPS_FSACM18-9', 'FSACM18', 'JPS_FSACM18-9', 'outbound');
INSERT INTO VehicleJourney (VehicleJourneyCode, ServiceRef, LineRef, JourneyPatternRef, OperatorRef, Monday, Tuesday, Wednesday, Thursday, Friday, Saturday, Sunday, DepatureHour, DepatureMinute, DepatureSecond, Note, NoteCode) VALUES ('82848', 'FSACM18', '0', 'JPS_FSACM18-3', 'CAL', 1, 1, 1, 1, 1, 1, 0, 19, 10, 0, 'Passengers should check-in 10 mins before ferry departure time shown', 'FER');
INSERT INTO DayOfNonOperation (VehicleJourneyRef, StartDate, EndDate) VALUES ('82848', 1533859200, 1533945599);
INSERT INTO DayOfNonOperation (VehicleJourneyRef, StartDate, EndDate) VALUES ('82848', 1534291200, 1534377599);
INSERT INTO DayOfNonOperation (VehicleJourneyRef, StartDate, EndDate) VALUES ('82848', 1538697600, 2524607999);
INSERT INTO VehicleJourney (VehicleJourneyCode, ServiceRef, LineRef, JourneyPatternRef, OperatorRef, Monday, Tuesday, Wednesday, Thursday, Friday, Saturday, Sunday, DepatureHour, DepatureMinute, DepatureSecond, Note, NoteCode) VALUES ('82859', 'FSACM18', '0', 'JPS_FSACM18-3', 'CAL', 0, 0, 0, 0, 0, 0, 1, 19, 0, 0, 'Passengers should check-in 10 mins before ferry departure time shown', 'FER');
INSERT INTO DayOfNonOperation (VehicleJourneyRef, StartDate, EndDate) VALUES ('82859', 1531612800, 1531699199);
INSERT INTO DayOfNonOperation (VehicleJourneyRef, StartDate, EndDate) VALUES ('82859', 1538870400, 1538956799);
INSERT INTO DayOfNonOperation (VehicleJourneyRef, StartDate, EndDate) VALUES ('82859', 1539302400, 2524607999);
INSERT INTO VehicleJourney (VehicleJourneyCode, ServiceRef, LineRef, JourneyPatternRef, OperatorRef, Monday, Tuesday, Wednesday, Thursday, Friday, Saturday, Sunday, DepatureHour, DepatureMinute, DepatureSecond, Note, NoteCode) VALUES ('82836', 'FSACM18', '0', 'JPS_FSACM18-3', 'CAL', 1, 1, 1, 1, 1, 1, 0, 8, 40, 0, 'Passengers should check-in 10 mins before ferry departure time shown', 'FER');
INSERT INTO DayOfNonOperation (VehicleJourneyRef, StartDate, EndDate) VALUES ('82836', 1540166400, 2524607999);
INSERT INTO VehicleJourney (VehicleJourneyCode, ServiceRef, LineRef, JourneyPatternRef, OperatorRef, Monday, Tuesday, Wednesday, Thursday, Friday, Saturday, Sunday, DepatureHour, DepatureMinute, DepatureSecond, Note, NoteCode) VALUES ('82837', 'FSACM18', '0', 'JPS_FSACM18-3', 'CAL', 1, 1, 1, 1, 1, 1, 0, 10, 40, 0, 'Passengers should check-in 10 mins before ferry departure time shown', 'FER');
INSERT INTO DayOfNonOperation (VehicleJourneyRef, StartDate, EndDate) VALUES ('82837', 1531267200, 1531439999);
INSERT INTO DayOfNonOperation (VehicleJourneyRef, StartDate, EndDate) VALUES ('82837', 1533859200, 1534031999);
INSERT INTO DayOfNonOperation (VehicleJourneyRef, StartDate, EndDate) VALUES ('82837', 1536364800, 1536451199);
INSERT INTO DayOfNonOperation (VehicleJourneyRef, StartDate, EndDate) VALUES ('82837', 1538956800, 1539043199);
INSERT INTO DayOfNonOperation (VehicleJourneyRef, StartDate, EndDate) VALUES ('82837', 1540166400, 2524607999);
INSERT INTO VehicleJourney (VehicleJourneyCode, ServiceRef, LineRef, JourneyPatternRef, OperatorRef, Monday, Tuesday, Wednesday, Thursday, Friday, Saturday, Sunday, DepatureHour, DepatureMinute, DepatureSecond, Note, NoteCode) VALUES ('82838', 'FSACM18', '0', 'JPS_FSACM18-4', 'CAL', 1, 1, 1, 1, 1, 1, 0, 12, 15, 0, 'Passengers should check-in 10 mins before ferry departure time shown', 'FER');
INSERT INTO DayOfNonOperation (VehicleJourneyRef, StartDate, EndDate) VALUES ('82838', 1533859200, 1534031999);
INSERT INTO DayOfNonOperation (VehicleJourneyRef, StartDate, EndDate) VALUES ('82838', 1536364800, 1536451199);
INSERT INTO DayOfNonOperation (VehicleJourneyRef, StartDate, EndDate) VALUES ('82838', 1537920000, 1538006399);
INSERT INTO DayOfNonOperation (VehicleJourneyRef, StartDate, EndDate) VALUES ('82838', 1540166400, 2524607999);
INSERT INTO VehicleJourney (VehicleJourneyCode, ServiceRef, LineRef, JourneyPatternRef, OperatorRef, Monday, Tuesday, Wednesday, Thursday, Friday, Saturday, Sunday, DepatureHour, DepatureMinute, DepatureSecond, Note, NoteCode) VALUES ('82839', 'FSACM18', '0', 'JPS_FSACM18-3', 'CAL', 1, 1, 1, 1, 1, 1, 0, 13, 0, 0, 'Passengers should check-in 10 mins before ferry departure time shown', 'FER');
INSERT INTO DayOfNonOperation (VehicleJourneyRef, StartDate, EndDate) VALUES ('82839', 1533859200, 1534031999);
INSERT INTO DayOfNonOperation (VehicleJourneyRef, StartDate, EndDate) VALUES ('82839', 1534118400, 1534291199);
INSERT INTO DayOfNonOperation (VehicleJourneyRef, StartDate, EndDate) VALUES ('82839', 1535328000, 1535500799);
INSERT INTO DayOfNonOperation (VehicleJourneyRef, StartDate, EndDate) VALUES ('82839', 1536364800, 1536451199);
INSERT INTO DayOfNonOperation (VehicleJourneyRef, StartDate, EndDate) VALUES ('82839', 1540166400, 2524607999);
INSERT INTO VehicleJourney (VehicleJourneyCode, ServiceRef, LineRef, JourneyPatternRef, OperatorRef, Monday, Tuesday, Wednesday, Thursday, Friday, Saturday, Sunday, DepatureHour, DepatureMinute, DepatureSecond, Note, NoteCode) VALUES ('82840', 'FSACM18', '0', 'JPS_FSACM18-4', 'CAL', 1, 1, 1, 1, 1, 1, 0, 14, 40, 0, 'Passengers should check-in 10 mins before ferry departure time shown', 'FER');
INSERT INTO DayOfNonOperation (VehicleJourneyRef, StartDate, EndDate) VALUES ('82840', 1531440000, 1531612799);
INSERT INTO DayOfNonOperation (VehicleJourneyRef, StartDate, EndDate) VALUES ('82840', 1533859200, 1533945599);
INSERT INTO DayOfNonOperation (VehicleJourneyRef, StartDate, EndDate) VALUES ('82840', 1540166400, 2524607999);
INSERT INTO VehicleJourney (VehicleJourneyCode, ServiceRef, LineRef, JourneyPatternRef, OperatorRef, Monday, Tuesday, Wednesday, Thursday, Friday, Saturday, Sunday, DepatureHour, DepatureMinute, DepatureSecond, Note, NoteCode) VALUES ('82841', 'FSACM18', '0', 'JPS_FSACM18-3', 'CAL', 1, 1, 1, 1, 1, 1, 0, 15, 0, 0, 'Passengers should check-in 10 mins before ferry departure time shown', 'FER');
INSERT INTO DayOfNonOperation (VehicleJourneyRef, StartDate, EndDate) VALUES ('82841', 1531440000, 1531612799);
INSERT INTO DayOfNonOperation (VehicleJourneyRef, StartDate, EndDate) VALUES ('82841', 1531699200, 1531871999);
INSERT INTO DayOfNonOperation (VehicleJourneyRef, StartDate, EndDate) VALUES ('82841', 1533859200, 1533945599);
INSERT INTO DayOfNonOperation (VehicleJourneyRef, StartDate, EndDate) VALUES ('82841', 1535414400, 1535587199);
INSERT INTO DayOfNonOperation (VehicleJourneyRef, StartDate, EndDate) VALUES ('82841', 1538006400, 1538179199);
INSERT INTO DayOfNonOperation (VehicleJourneyRef, StartDate, EndDate) VALUES ('82841', 1540166400, 2524607999);
INSERT INTO VehicleJourney (VehicleJourneyCode, ServiceRef, LineRef, JourneyPatternRef, OperatorRef, Monday, Tuesday, Wednesday, Thursday, Friday, Saturday, Sunday, DepatureHour, DepatureMinute, DepatureSecond, Note, NoteCode) VALUES ('82842', 'FSACM18', '0', 'JPS_FSACM18-4', 'CAL', 1, 1, 1, 1, 1, 1, 0, 16, 35, 0, 'Passengers should check-in 10 mins before ferry departure time shown', 'FER');
INSERT INTO DayOfNonOperation (VehicleJourneyRef, StartDate, EndDate) VALUES ('82842', 1536537600, 1536623999);
INSERT INTO DayOfNonOperation (VehicleJourneyRef, StartDate, EndDate) VALUES ('82842', 1536796800, 1536883199);
INSERT INTO DayOfNonOperation (VehicleJourneyRef, StartDate, EndDate) VALUES ('82842', 1539216000, 1539302399);
INSERT INTO DayOfNonOperation (VehicleJourneyRef, StartDate, EndDate) VALUES ('82842', 1540166400, 2524607999);
INSERT INTO VehicleJourney (VehicleJourneyCode, ServiceRef, LineRef, JourneyPatternRef, OperatorRef, Monday, Tuesday, Wednesday, Thursday, Friday, Saturday, Sunday, DepatureHour, DepatureMinute, DepatureSecond, Note, NoteCode) VALUES ('82843', 'FSACM18', '0', 'JPS_FSACM18-3', 'CAL', 1, 1, 1, 1, 1, 1, 0, 17, 10, 0, 'Passengers should check-in 10 mins before ferry departure time shown', 'FER');
INSERT INTO DayOfNonOperation (VehicleJourneyRef, StartDate, EndDate) VALUES ('82843', 1531785600, 1531958399);
INSERT INTO DayOfNonOperation (VehicleJourneyRef, StartDate, EndDate) VALUES ('82843', 1533859200, 1533945599);
INSERT INTO DayOfNonOperation (VehicleJourneyRef, StartDate, EndDate) VALUES ('82843', 1536537600, 1536623999);
INSERT INTO DayOfNonOperation (VehicleJourneyRef, StartDate, EndDate) VALUES ('82843', 1536796800, 1536883199);
INSERT INTO DayOfNonOperation (VehicleJourneyRef, StartDate, EndDate) VALUES ('82843', 1538697600, 1538870399);
INSERT INTO DayOfNonOperation (VehicleJourneyRef, StartDate, EndDate) VALUES ('82843', 1538956800, 1539043199);
INSERT INTO DayOfNonOperation (VehicleJourneyRef, StartDate, EndDate) VALUES ('82843', 1540166400, 2524607999);
INSERT INTO VehicleJourney (VehicleJourneyCode, ServiceRef, LineRef, JourneyPatternRef, OperatorRef, Monday, Tuesday, Wednesday, Thursday, Friday, Saturday, Sunday, DepatureHour, DepatureMinute, DepatureSecond, Note, NoteCode) VALUES ('82854', 'FSACM18', '0', 'JPS_FSACM18-3', 'CAL', 0, 0, 0, 0, 0, 0, 1, 10, 30, 0, 'Passengers should check-in 10 mins before ferry departure time shown', 'FER');
INSERT INTO DayOfNonOperation (VehicleJourneyRef, StartDate, EndDate) VALUES ('82854', 1534032000, 1534118399);
INSERT INTO DayOfNonOperation (VehicleJourneyRef, StartDate, EndDate) VALUES ('82854', 1536451200, 1536537599);
INSERT INTO DayOfNonOperation (VehicleJourneyRef, StartDate, EndDate) VALUES ('82854', 1538870400, 1538956799);
INSERT INTO DayOfNonOperation (VehicleJourneyRef, StartDate, EndDate) VALUES ('82854', 1540166400, 2524607999);
INSERT INTO VehicleJourney (VehicleJourneyCode, ServiceRef, LineRef, JourneyPatternRef, OperatorRef, Monday, Tuesday, Wednesday, Thursday, Friday, Saturday, Sunday, DepatureHour, DepatureMinute, DepatureSecond, Note, NoteCode) VALUES ('82855', 'FSACM18', '0', 'JPS_FSACM18-4', 'CAL', 0, 0, 0, 0, 0, 0, 1, 12, 0, 0, 'Passengers should check-in 10 mins before ferry departure time shown', 'FER');
INSERT INTO DayOfNonOperation (VehicleJourneyRef, StartDate, EndDate) VALUES ('82855', 1534032000, 1534118399);
INSERT INTO DayOfNonOperation (VehicleJourneyRef, StartDate, EndDate) VALUES ('82855', 1536451200, 1536537599);
INSERT INTO DayOfNonOperation (VehicleJourneyRef, StartDate, EndDate) VALUES ('82855', 1538870400, 1538956799);
INSERT INTO DayOfNonOperation (VehicleJourneyRef, StartDate, EndDate) VALUES ('82855', 1540166400, 2524607999);
INSERT INTO VehicleJourney (VehicleJourneyCode, ServiceRef, LineRef, JourneyPatternRef, OperatorRef, Monday, Tuesday, Wednesday, Thursday, Friday, Saturday, Sunday, DepatureHour, DepatureMinute, DepatureSecond, Note, NoteCode) VALUES ('82856', 'FSACM18', '0', 'JPS_FSACM18-3', 'CAL', 0, 0, 0, 0, 0, 0, 1, 12, 45, 0, 'Passengers should check-in 10 mins before ferry departure time shown', 'FER');
INSERT INTO DayOfNonOperation (VehicleJourneyRef, StartDate, EndDate) VALUES ('82856', 1531612800, 1531699199);
INSERT INTO DayOfNonOperation (VehicleJourneyRef, StartDate, EndDate) VALUES ('82856', 1534032000, 1534118399);
INSERT INTO DayOfNonOperation (VehicleJourneyRef, StartDate, EndDate) VALUES ('82856', 1535241600, 1535327999);
INSERT INTO DayOfNonOperation (VehicleJourneyRef, StartDate, EndDate) VALUES ('82856', 1536451200, 1536537599);
INSERT INTO DayOfNonOperation (VehicleJourneyRef, StartDate, EndDate) VALUES ('82856', 1540166400, 2524607999);
INSERT INTO VehicleJourney (VehicleJourneyCode, ServiceRef, LineRef, JourneyPatternRef, OperatorRef, Monday, Tuesday, Wednesday, Thursday, Friday, Saturday, Sunday, DepatureHour, DepatureMinute, DepatureSecond, Note, NoteCode) VALUES ('82857', 'FSACM18', '0', 'JPS_FSACM18-4', 'CAL', 0, 0, 0, 0, 0, 0, 1, 14, 5, 0, 'Passengers should check-in 10 mins before ferry departure time shown', 'FER');
INSERT INTO DayOfNonOperation (VehicleJourneyRef, StartDate, EndDate) VALUES ('82857', 1531612800, 1531699199);
INSERT INTO DayOfNonOperation (VehicleJourneyRef, StartDate, EndDate) VALUES ('82857', 1534032000, 1534118399);
INSERT INTO DayOfNonOperation (VehicleJourneyRef, StartDate, EndDate) VALUES ('82857', 1536451200, 1536537599);
INSERT INTO DayOfNonOperation (VehicleJourneyRef, StartDate, EndDate) VALUES ('82857', 1540166400, 2524607999);
INSERT INTO VehicleJourney (VehicleJourneyCode, ServiceRef, LineRef, JourneyPatternRef, OperatorRef, Monday, Tuesday, Wednesday, Thursday, Friday, Saturday, Sunday, DepatureHour, DepatureMinute, DepatureSecond, Note, NoteCode) VALUES ('82858', 'FSACM18', '0', 'JPS_FSACM18-3', 'CAL', 0, 0, 0, 0, 0, 0, 1, 17, 0, 0, 'Passengers should check-in 10 mins before ferry departure time shown', 'FER');
INSERT INTO DayOfNonOperation (VehicleJourneyRef, StartDate, EndDate) VALUES ('82858', 1531612800, 1531699199);
INSERT INTO DayOfNonOperation (VehicleJourneyRef, StartDate, EndDate) VALUES ('82858', 1540166400, 2524607999);
INSERT INTO VehicleJourney (VehicleJourneyCode, ServiceRef, LineRef, JourneyPatternRef, OperatorRef, Monday, Tuesday, Wednesday, Thursday, Friday, Saturday, Sunday, DepatureHour, DepatureMinute, DepatureSecond, Note, NoteCode) VALUES ('82908', 'FSACM18', '0', 'JPS_FSACM18-5', 'CAL', 1, 1, 1, 1, 1, 1, 0, 7, 40, 0, 'Passengers should check-in 10 mins before ferry departure time shown', 'FER');
INSERT INTO DayOfNonOperation (VehicleJourneyRef, StartDate, EndDate) VALUES ('82908', 1540166400, 2524607999);
INSERT INTO VehicleJourney (VehicleJourneyCode, ServiceRef, LineRef, JourneyPatternRef, OperatorRef, Monday, Tuesday, Wednesday, Thursday, Friday, Saturday, Sunday, DepatureHour, DepatureMinute, DepatureSecond, Note, NoteCode) VALUES ('82909', 'FSACM18', '0', 'JPS_FSACM18-5', 'CAL', 1, 1, 1, 1, 1, 1, 0, 9, 40, 0, 'Passengers should check-in 10 mins before ferry departure time shown', 'FER');
INSERT INTO DayOfNonOperation (VehicleJourneyRef, StartDate, EndDate) VALUES ('82909', 1533945600, 1534031999);
INSERT INTO DayOfNonOperation (VehicleJourneyRef, StartDate, EndDate) VALUES ('82909', 1540166400, 2524607999);
INSERT INTO VehicleJourney (VehicleJourneyCode, ServiceRef, LineRef, JourneyPatternRef, OperatorRef, Monday, Tuesday, Wednesday, Thursday, Friday, Saturday, Sunday, DepatureHour, DepatureMinute, DepatureSecond, Note, NoteCode) VALUES ('82910', 'FSACM18', '0', 'JPS_FSACM18-6', 'CAL', 1, 1, 1, 1, 1, 1, 0, 11, 0, 0, 'Passengers should check-in 10 mins before ferry departure time shown', 'FER');
INSERT INTO DayOfNonOperation (VehicleJourneyRef, StartDate, EndDate) VALUES ('82910', 1531353600, 1531439999);
INSERT INTO DayOfNonOperation (VehicleJourneyRef, StartDate, EndDate) VALUES ('82910', 1533859200, 1534031999);
INSERT INTO DayOfNonOperation (VehicleJourneyRef, StartDate, EndDate) VALUES ('82910', 1536364800, 1536451199);
INSERT INTO DayOfNonOperation (VehicleJourneyRef, StartDate, EndDate) VALUES ('82910', 1538956800, 1539043199);
INSERT INTO DayOfNonOperation (VehicleJourneyRef, StartDate, EndDate) VALUES ('82910', 1540166400, 2524607999);
INSERT INTO VehicleJourney (VehicleJourneyCode, ServiceRef, LineRef, JourneyPatternRef, OperatorRef, Monday, Tuesday, Wednesday, Thursday, Friday, Saturday, Sunday, DepatureHour, DepatureMinute, DepatureSecond, Note, NoteCode) VALUES ('82911', 'FSACM18', '0', 'JPS_FSACM18-5', 'CAL', 1, 1, 1, 1, 1, 1, 0, 12, 0, 0, 'Passengers should check-in 10 mins before ferry departure time shown', 'FER');
INSERT INTO DayOfNonOperation (VehicleJourneyRef, StartDate, EndDate) VALUES ('82911', 1533859200, 1534031999);
INSERT INTO DayOfNonOperation (VehicleJourneyRef, StartDate, EndDate) VALUES ('82911', 1535414400, 1535500799);
INSERT INTO DayOfNonOperation (VehicleJourneyRef, StartDate, EndDate) VALUES ('82911', 1536364800, 1536451199);
INSERT INTO DayOfNonOperation (VehicleJourneyRef, StartDate, EndDate) VALUES ('82911', 1536537600, 1536710399);
INSERT INTO DayOfNonOperation (VehicleJourneyRef, StartDate, EndDate) VALUES ('82911', 1537747200, 1537919999);
INSERT INTO DayOfNonOperation (VehicleJourneyRef, StartDate, EndDate) VALUES ('82911', 1540166400, 2524607999);
INSERT INTO VehicleJourney (VehicleJourneyCode, ServiceRef, LineRef, JourneyPatternRef, OperatorRef, Monday, Tuesday, Wednesday, Thursday, Friday, Saturday, Sunday, DepatureHour, DepatureMinute, DepatureSecond, Note, NoteCode) VALUES ('82912', 'FSACM18', '0', 'JPS_FSACM18-6', 'CAL', 1, 1, 1, 1, 1, 1, 0, 13, 30, 0, 'Passengers should check-in 10 mins before ferry departure time shown', 'FER');
INSERT INTO DayOfNonOperation (VehicleJourneyRef, StartDate, EndDate) VALUES ('82912', 1531699200, 1531785599);
INSERT INTO DayOfNonOperation (VehicleJourneyRef, StartDate, EndDate) VALUES ('82912', 1531872000, 1531958399);
INSERT INTO DayOfNonOperation (VehicleJourneyRef, StartDate, EndDate) VALUES ('82912', 1533859200, 1534031999);
INSERT INTO DayOfNonOperation (VehicleJourneyRef, StartDate, EndDate) VALUES ('82912', 1535414400, 1535500799);
INSERT INTO DayOfNonOperation (VehicleJourneyRef, StartDate, EndDate) VALUES ('82912', 1536364800, 1536451199);
INSERT INTO DayOfNonOperation (VehicleJourneyRef, StartDate, EndDate) VALUES ('82912', 1537920000, 1538006399);
INSERT INTO DayOfNonOperation (VehicleJourneyRef, StartDate, EndDate) VALUES ('82912', 1540166400, 2524607999);
INSERT INTO VehicleJourney (VehicleJourneyCode, ServiceRef, LineRef, JourneyPatternRef, OperatorRef, Monday, Tuesday, Wednesday, Thursday, Friday, Saturday, Sunday, DepatureHour, DepatureMinute, DepatureSecond, Note, NoteCode) VALUES ('82913', 'FSACM18', '0', 'JPS_FSACM18-5', 'CAL', 1, 1, 1, 1, 1, 1, 0, 14, 0, 0, 'Passengers should check-in 10 mins before ferry departure time shown', 'FER');
INSERT INTO DayOfNonOperation (VehicleJourneyRef, StartDate, EndDate) VALUES ('82913', 1531440000, 1531612799);
INSERT INTO DayOfNonOperation (VehicleJourneyRef, StartDate, EndDate) VALUES ('82913', 1531699200, 1531785599);
INSERT INTO DayOfNonOperation (VehicleJourneyRef, StartDate, EndDate) VALUES ('82913', 1533945600, 1534031999);
INSERT INTO DayOfNonOperation (VehicleJourneyRef, StartDate, EndDate) VALUES ('82913', 1536364800, 1536451199);
INSERT INTO DayOfNonOperation (VehicleJourneyRef, StartDate, EndDate) VALUES ('82913', 1540166400, 2524607999);
INSERT INTO VehicleJourney (VehicleJourneyCode, ServiceRef, LineRef, JourneyPatternRef, OperatorRef, Monday, Tuesday, Wednesday, Thursday, Friday, Saturday, Sunday, DepatureHour, DepatureMinute, DepatureSecond, Note, NoteCode) VALUES ('82914', 'FSACM18', '0', 'JPS_FSACM18-6', 'CAL', 1, 1, 1, 1, 1, 1, 0, 15, 20, 0, 'Passengers should check-in 10 mins before ferry departure time shown', 'FER');
INSERT INTO DayOfNonOperation (VehicleJourneyRef, StartDate, EndDate) VALUES ('82914', 1531440000, 1531612799);
INSERT INTO DayOfNonOperation (VehicleJourneyRef, StartDate, EndDate) VALUES ('82914', 1533859200, 1533945599);
INSERT INTO DayOfNonOperation (VehicleJourneyRef, StartDate, EndDate) VALUES ('82914', 1539216000, 1539388799);
INSERT INTO DayOfNonOperation (VehicleJourneyRef, StartDate, EndDate) VALUES ('82914', 1540166400, 2524607999);
INSERT INTO VehicleJourney (VehicleJourneyCode, ServiceRef, LineRef, JourneyPatternRef, OperatorRef, Monday, Tuesday, Wednesday, Thursday, Friday, Saturday, Sunday, DepatureHour, DepatureMinute, DepatureSecond, Note, NoteCode) VALUES ('82915', 'FSACM18', '0', 'JPS_FSACM18-5', 'CAL', 1, 1, 1, 1, 1, 1, 0, 16, 0, 0, 'Passengers should check-in 10 mins before ferry departure time shown', 'FER');
INSERT INTO DayOfNonOperation (VehicleJourneyRef, StartDate, EndDate) VALUES ('82915', 1531440000, 1531526399);
INSERT INTO DayOfNonOperation (VehicleJourneyRef, StartDate, EndDate) VALUES ('82915', 1533859200, 1533945599);
INSERT INTO DayOfNonOperation (VehicleJourneyRef, StartDate, EndDate) VALUES ('82915', 1535414400, 1535500799);
INSERT INTO DayOfNonOperation (VehicleJourneyRef, StartDate, EndDate) VALUES ('82915', 1536537600, 1536623999);
INSERT INTO DayOfNonOperation (VehicleJourneyRef, StartDate, EndDate) VALUES ('82915', 1539302400, 1539388799);
INSERT INTO DayOfNonOperation (VehicleJourneyRef, StartDate, EndDate) VALUES ('82915', 1540166400, 2524607999);
INSERT INTO VehicleJourney (VehicleJourneyCode, ServiceRef, LineRef, JourneyPatternRef, OperatorRef, Monday, Tuesday, Wednesday, Thursday, Friday, Saturday, Sunday, DepatureHour, DepatureMinute, DepatureSecond, Note, NoteCode) VALUES ('82916', 'FSACM18', '0', 'JPS_FSACM18-5', 'CAL', 1, 1, 1, 1, 1, 1, 0, 18, 10, 0, 'Passengers should check-in 10 mins before ferry departure time shown', 'FER');
INSERT INTO DayOfNonOperation (VehicleJourneyRef, StartDate, EndDate) VALUES ('82916', 1533859200, 1533945599);
INSERT INTO DayOfNonOperation (VehicleJourneyRef, StartDate, EndDate) VALUES ('82916', 1534204800, 1534377599);
INSERT INTO DayOfNonOperation (VehicleJourneyRef, StartDate, EndDate) VALUES ('82916', 1536537600, 1536623999);
INSERT INTO DayOfNonOperation (VehicleJourneyRef, StartDate, EndDate) VALUES ('82916', 1538697600, 1538870399);
INSERT INTO DayOfNonOperation (VehicleJourneyRef, StartDate, EndDate) VALUES ('82916', 1540166400, 2524607999);
INSERT INTO VehicleJourney (VehicleJourneyCode, ServiceRef, LineRef, JourneyPatternRef, OperatorRef, Monday, Tuesday, Wednesday, Thursday, Friday, Saturday, Sunday, DepatureHour, DepatureMinute, DepatureSecond, Note, NoteCode) VALUES ('82928', 'FSACM18', '0', 'JPS_FSACM18-5', 'CAL', 0, 0, 0, 0, 0, 0, 1, 9, 30, 0, 'Passengers should check-in 10 mins before ferry departure time shown', 'FER');
INSERT INTO DayOfNonOperation (VehicleJourneyRef, StartDate, EndDate) VALUES ('82928', 1534032000, 1534118399);
INSERT INTO DayOfNonOperation (VehicleJourneyRef, StartDate, EndDate) VALUES ('82928', 1540166400, 2524607999);
INSERT INTO VehicleJourney (VehicleJourneyCode, ServiceRef, LineRef, JourneyPatternRef, OperatorRef, Monday, Tuesday, Wednesday, Thursday, Friday, Saturday, Sunday, DepatureHour, DepatureMinute, DepatureSecond, Note, NoteCode) VALUES ('82929', 'FSACM18', '0', 'JPS_FSACM18-6', 'CAL', 0, 0, 0, 0, 0, 0, 1, 11, 0, 0, 'Passengers should check-in 10 mins before ferry departure time shown', 'FER');
INSERT INTO DayOfNonOperation (VehicleJourneyRef, StartDate, EndDate) VALUES ('82929', 1534032000, 1534118399);
INSERT INTO DayOfNonOperation (VehicleJourneyRef, StartDate, EndDate) VALUES ('82929', 1536451200, 1536537599);
INSERT INTO DayOfNonOperation (VehicleJourneyRef, StartDate, EndDate) VALUES ('82929', 1538870400, 1538956799);
INSERT INTO DayOfNonOperation (VehicleJourneyRef, StartDate, EndDate) VALUES ('82929', 1540166400, 2524607999);
INSERT INTO VehicleJourney (VehicleJourneyCode, ServiceRef, LineRef, JourneyPatternRef, OperatorRef, Monday, Tuesday, Wednesday, Thursday, Friday, Saturday, Sunday, DepatureHour, DepatureMinute, DepatureSecond, Note, NoteCode) VALUES ('82930', 'FSACM18', '0', 'JPS_FSACM18-5', 'CAL', 0, 0, 0, 0, 0, 0, 1, 11, 30, 0, 'Passengers should check-in 10 mins before ferry departure time shown', 'FER');
INSERT INTO DayOfNonOperation (VehicleJourneyRef, StartDate, EndDate) VALUES ('82930', 1534032000, 1534118399);
INSERT INTO DayOfNonOperation (VehicleJourneyRef, StartDate, EndDate) VALUES ('82930', 1536451200, 1536537599);
INSERT INTO DayOfNonOperation (VehicleJourneyRef, StartDate, EndDate) VALUES ('82930', 1538870400, 1538956799);
INSERT INTO DayOfNonOperation (VehicleJourneyRef, StartDate, EndDate) VALUES ('82930', 1540166400, 2524607999);
INSERT INTO VehicleJourney (VehicleJourneyCode, ServiceRef, LineRef, JourneyPatternRef, OperatorRef, Monday, Tuesday, Wednesday, Thursday, Friday, Saturday, Sunday, DepatureHour, DepatureMinute, DepatureSecond, Note, NoteCode) VALUES ('82931', 'FSACM18', '0', 'JPS_FSACM18-6', 'CAL', 0, 0, 0, 0, 0, 0, 1, 13, 0, 0, 'Passengers should check-in 10 mins before ferry departure time shown', 'FER');
INSERT INTO DayOfNonOperation (VehicleJourneyRef, StartDate, EndDate) VALUES ('82931', 1531612800, 1531699199);
INSERT INTO DayOfNonOperation (VehicleJourneyRef, StartDate, EndDate) VALUES ('82931', 1534032000, 1534118399);
INSERT INTO DayOfNonOperation (VehicleJourneyRef, StartDate, EndDate) VALUES ('82931', 1536451200, 1536537599);
INSERT INTO DayOfNonOperation (VehicleJourneyRef, StartDate, EndDate) VALUES ('82931', 1540166400, 2524607999);
INSERT INTO VehicleJourney (VehicleJourneyCode, ServiceRef, LineRef, JourneyPatternRef, OperatorRef, Monday, Tuesday, Wednesday, Thursday, Friday, Saturday, Sunday, DepatureHour, DepatureMinute, DepatureSecond, Note, NoteCode) VALUES ('82932', 'FSACM18', '0', 'JPS_FSACM18-5', 'CAL', 0, 0, 0, 0, 0, 0, 1, 16, 0, 0, 'Passengers should check-in 10 mins before ferry departure time shown', 'FER');
INSERT INTO DayOfNonOperation (VehicleJourneyRef, StartDate, EndDate) VALUES ('82932', 1531612800, 1531699199);
INSERT INTO DayOfNonOperation (VehicleJourneyRef, StartDate, EndDate) VALUES ('82932', 1540166400, 2524607999);
INSERT INTO VehicleJourney (VehicleJourneyCode, ServiceRef, LineRef, JourneyPatternRef, OperatorRef, Monday, Tuesday, Wednesday, Thursday, Friday, Saturday, Sunday, DepatureHour, DepatureMinute, DepatureSecond, Note, NoteCode) VALUES ('82933', 'FSACM18', '0', 'JPS_FSACM18-5', 'CAL', 0, 0, 0, 0, 0, 0, 1, 18, 0, 0, 'Passengers should check-in 10 mins before ferry departure time shown', 'FER');
INSERT INTO DayOfNonOperation (VehicleJourneyRef, StartDate, EndDate) VALUES ('82933', 1531612800, 1531699199);
INSERT INTO DayOfNonOperation (VehicleJourneyRef, StartDate, EndDate) VALUES ('82933', 1538870400, 1538956799);
INSERT INTO DayOfNonOperation (VehicleJourneyRef, StartDate, EndDate) VALUES ('82933', 1540166400, 2524607999);
INSERT INTO VehicleJourney (VehicleJourneyCode, ServiceRef, LineRef, JourneyPatternRef, OperatorRef, Monday, Tuesday, Wednesday, Thursday, Friday, Saturday, Sunday, DepatureHour, DepatureMinute, DepatureSecond, Note, NoteCode) VALUES ('82949', 'FSACM18', '0', 'JPS_FSACM18-6', 'CAL', 0, 0, 0, 1, 0, 0, 0, 10, 45, 0, 'Passengers should check-in 10 mins before ferry departure time shown', 'FER');
INSERT INTO DayOfNonOperation (VehicleJourneyRef, StartDate, EndDate) VALUES ('82949', 1522368000, 1531353599);
INSERT INTO DayOfNonOperation (VehicleJourneyRef, StartDate, EndDate) VALUES ('82949', 1531440000, 2524607999);
INSERT INTO VehicleJourney (VehicleJourneyCode, ServiceRef, LineRef, JourneyPatternRef, OperatorRef, Monday, Tuesday, Wednesday, Thursday, Friday, Saturday, Sunday, DepatureHour, DepatureMinute, DepatureSecond, Note, NoteCode) VALUES ('82950', 'FSACM18', '0', 'JPS_FSACM18-6', 'CAL', 0, 0, 0, 1, 0, 0, 0, 13, 40, 0, 'Passengers should check-in 10 mins before ferry departure time shown', 'FER');
INSERT INTO DayOfNonOperation (VehicleJourneyRef, StartDate, EndDate) VALUES ('82950', 1522368000, 1531353599);
INSERT INTO DayOfNonOperation (VehicleJourneyRef, StartDate, EndDate) VALUES ('82950', 1531440000, 2524607999);
INSERT INTO VehicleJourney (VehicleJourneyCode, ServiceRef, LineRef, JourneyPatternRef, OperatorRef, Monday, Tuesday, Wednesday, Thursday, Friday, Saturday, Sunday, DepatureHour, DepatureMinute, DepatureSecond, Note, NoteCode) VALUES ('82821', 'FSACM18', '0', 'JPS_FSACM18-4', 'CAL', 0, 0, 0, 0, 1, 0, 0, 14, 45, 0, 'Passengers should check-in 10 mins before ferry departure time shown', 'FER');
INSERT INTO DayOfNonOperation (VehicleJourneyRef, StartDate, EndDate) VALUES ('82821', 1522368000, 1531439999);
INSERT INTO DayOfNonOperation (VehicleJourneyRef, StartDate, EndDate) VALUES ('82821', 1531526400, 2524607999);
INSERT INTO VehicleJourney (VehicleJourneyCode, ServiceRef, LineRef, JourneyPatternRef, OperatorRef, Monday, Tuesday, Wednesday, Thursday, Friday, Saturday, Sunday, DepatureHour, DepatureMinute, DepatureSecond, Note, NoteCode) VALUES ('82822', 'FSACM18', '0', 'JPS_FSACM18-3', 'CAL', 0, 0, 0, 0, 1, 0, 0, 15, 15, 0, 'Passengers should check-in 10 mins before ferry departure time shown', 'FER');
INSERT INTO DayOfNonOperation (VehicleJourneyRef, StartDate, EndDate) VALUES ('82822', 1522368000, 1531439999);
INSERT INTO DayOfNonOperation (VehicleJourneyRef, StartDate, EndDate) VALUES ('82822', 1531526400, 2524607999);
INSERT INTO VehicleJourney (VehicleJourneyCode, ServiceRef, LineRef, JourneyPatternRef, OperatorRef, Monday, Tuesday, Wednesday, Thursday, Friday, Saturday, Sunday, DepatureHour, DepatureMinute, DepatureSecond, Note, NoteCode) VALUES ('82891', 'FSACM18', '0', 'JPS_FSACM18-6', 'CAL', 0, 0, 0, 0, 1, 0, 0, 15, 30, 0, 'Passengers should check-in 10 mins before ferry departure time shown', 'FER');
INSERT INTO DayOfNonOperation (VehicleJourneyRef, StartDate, EndDate) VALUES ('82891', 1522368000, 1531439999);
INSERT INTO DayOfNonOperation (VehicleJourneyRef, StartDate, EndDate) VALUES ('82891', 1531526400, 2524607999);
INSERT INTO VehicleJourney (VehicleJourneyCode, ServiceRef, LineRef, JourneyPatternRef, OperatorRef, Monday, Tuesday, Wednesday, Thursday, Friday, Saturday, Sunday, DepatureHour, DepatureMinute, DepatureSecond, Note, NoteCode) VALUES ('82892', 'FSACM18', '0', 'JPS_FSACM18-5', 'CAL', 0, 0, 0, 0, 1, 0, 0, 16, 15, 0, 'Passengers should check-in 10 mins before ferry departure time shown', 'FER');
INSERT INTO DayOfNonOperation (VehicleJourneyRef, StartDate, EndDate) VALUES ('82892', 1522368000, 1531439999);
INSERT INTO DayOfNonOperation (VehicleJourneyRef, StartDate, EndDate) VALUES ('82892', 1531526400, 2524607999);
INSERT INTO VehicleJourney (VehicleJourneyCode, ServiceRef, LineRef, JourneyPatternRef, OperatorRef, Monday, Tuesday, Wednesday, Thursday, Friday, Saturday, Sunday, DepatureHour, DepatureMinute, DepatureSecond, Note, NoteCode) VALUES ('82851', 'FSACM18', '0', 'JPS_FSACM18-4', 'CAL', 0, 0, 0, 0, 0, 1, 0, 11, 50, 0, 'Passengers should check-in 10 mins before ferry departure time shown', 'FER');
INSERT INTO DayOfNonOperation (VehicleJourneyRef, StartDate, EndDate) VALUES ('82851', 1522368000, 1531526399);
INSERT INTO DayOfNonOperation (VehicleJourneyRef, StartDate, EndDate) VALUES ('82851', 1531612800, 2524607999);
INSERT INTO VehicleJourney (VehicleJourneyCode, ServiceRef, LineRef, JourneyPatternRef, OperatorRef, Monday, Tuesday, Wednesday, Thursday, Friday, Saturday, Sunday, DepatureHour, DepatureMinute, DepatureSecond, Note, NoteCode) VALUES ('82922', 'FSACM18', '0', 'JPS_FSACM18-6', 'CAL', 0, 0, 0, 0, 0, 1, 0, 15, 40, 0, 'Passengers should check-in 10 mins before ferry departure time shown', 'FER');
INSERT INTO DayOfNonOperation (VehicleJourneyRef, StartDate, EndDate) VALUES ('82922', 1522368000, 1531526399);
INSERT INTO DayOfNonOperation (VehicleJourneyRef, StartDate, EndDate) VALUES ('82922', 1531612800, 2524607999);
INSERT INTO VehicleJourney (VehicleJourneyCode, ServiceRef, LineRef, JourneyPatternRef, OperatorRef, Monday, Tuesday, Wednesday, Thursday, Friday, Saturday, Sunday, DepatureHour, DepatureMinute, DepatureSecond, Note, NoteCode) VALUES ('82860', 'FSACM18', '0', 'JPS_FSACM18-3', 'CAL', 0, 0, 0, 0, 0, 0, 1, 17, 25, 0, 'Passengers should check-in 10 mins before ferry departure time shown', 'FER');
INSERT INTO DayOfNonOperation (VehicleJourneyRef, StartDate, EndDate) VALUES ('82860', 1522368000, 1531612799);
INSERT INTO DayOfNonOperation (VehicleJourneyRef, StartDate, EndDate) VALUES ('82860', 1531699200, 2524607999);
INSERT INTO VehicleJourney (VehicleJourneyCode, ServiceRef, LineRef, JourneyPatternRef, OperatorRef, Monday, Tuesday, Wednesday, Thursday, Friday, Saturday, Sunday, DepatureHour, DepatureMinute, DepatureSecond, Note, NoteCode) VALUES ('82861', 'FSACM18', '0', 'JPS_FSACM18-3', 'CAL', 0, 0, 0, 0, 0, 0, 1, 19, 10, 0, 'Passengers should check-in 10 mins before ferry departure time shown', 'FER');
INSERT INTO DayOfNonOperation (VehicleJourneyRef, StartDate, EndDate) VALUES ('82861', 1522368000, 1531612799);
INSERT INTO DayOfNonOperation (VehicleJourneyRef, StartDate, EndDate) VALUES ('82861', 1531699200, 2524607999);
INSERT INTO VehicleJourney (VehicleJourneyCode, ServiceRef, LineRef, JourneyPatternRef, OperatorRef, Monday, Tuesday, Wednesday, Thursday, Friday, Saturday, Sunday, DepatureHour, DepatureMinute, DepatureSecond, Note, NoteCode) VALUES ('82934', 'FSACM18', '0', 'JPS_FSACM18-5', 'CAL', 0, 0, 0, 0, 0, 0, 1, 16, 30, 0, 'Passengers should check-in 10 mins before ferry departure time shown', 'FER');
INSERT INTO DayOfNonOperation (VehicleJourneyRef, StartDate, EndDate) VALUES ('82934', 1522368000, 1531612799);
INSERT INTO DayOfNonOperation (VehicleJourneyRef, StartDate, EndDate) VALUES ('82934', 1531699200, 2524607999);
INSERT INTO VehicleJourney (VehicleJourneyCode, ServiceRef, LineRef, JourneyPatternRef, OperatorRef, Monday, Tuesday, Wednesday, Thursday, Friday, Saturday, Sunday, DepatureHour, DepatureMinute, DepatureSecond, Note, NoteCode) VALUES ('82935', 'FSACM18', '0', 'JPS_FSACM18-5', 'CAL', 0, 0, 0, 0, 0, 0, 1, 18, 20, 0, 'Passengers should check-in 10 mins before ferry departure time shown', 'FER');
INSERT INTO DayOfNonOperation (VehicleJourneyRef, StartDate, EndDate) VALUES ('82935', 1522368000, 1531612799);
INSERT INTO DayOfNonOperation (VehicleJourneyRef, StartDate, EndDate) VALUES ('82935', 1531699200, 2524607999);
INSERT INTO VehicleJourney (VehicleJourneyCode, ServiceRef, LineRef, JourneyPatternRef, OperatorRef, Monday, Tuesday, Wednesday, Thursday, Friday, Saturday, Sunday, DepatureHour, DepatureMinute, DepatureSecond, Note, NoteCode) VALUES ('82900', 'FSACM18', '0', 'JPS_FSACM18-6', 'CAL', 1, 0, 0, 0, 0, 0, 0, 13, 15, 0, 'Passengers should check-in 10 mins before ferry departure time shown', 'FER');
INSERT INTO DayOfNonOperation (VehicleJourneyRef, StartDate, EndDate) VALUES ('82900', 1522368000, 1531699199);
INSERT INTO DayOfNonOperation (VehicleJourneyRef, StartDate, EndDate) VALUES ('82900', 1531785600, 2524607999);
INSERT INTO VehicleJourney (VehicleJourneyCode, ServiceRef, LineRef, JourneyPatternRef, OperatorRef, Monday, Tuesday, Wednesday, Thursday, Friday, Saturday, Sunday, DepatureHour, DepatureMinute, DepatureSecond, Note, NoteCode) VALUES ('82868', 'FSACM18', '0', 'JPS_FSACM18-4', 'CAL', 0, 1, 0, 0, 0, 0, 0, 14, 25, 0, 'Passengers should check-in 10 mins before ferry departure time shown', 'FER');
INSERT INTO DayOfNonOperation (VehicleJourneyRef, StartDate, EndDate) VALUES ('82868', 1522368000, 1531785599);
INSERT INTO DayOfNonOperation (VehicleJourneyRef, StartDate, EndDate) VALUES ('82868', 1531872000, 2524607999);
INSERT INTO VehicleJourney (VehicleJourneyCode, ServiceRef, LineRef, JourneyPatternRef, OperatorRef, Monday, Tuesday, Wednesday, Thursday, Friday, Saturday, Sunday, DepatureHour, DepatureMinute, DepatureSecond, Note, NoteCode) VALUES ('82881', 'FSACM18', '0', 'JPS_FSACM18-4', 'CAL', 0, 0, 1, 0, 0, 0, 0, 14, 15, 0, 'Passengers should check-in 10 mins before ferry departure time shown', 'FER');
INSERT INTO DayOfNonOperation (VehicleJourneyRef, StartDate, EndDate) VALUES ('82881', 1522368000, 1531871999);
INSERT INTO DayOfNonOperation (VehicleJourneyRef, StartDate, EndDate) VALUES ('82881', 1531958400, 2524607999);
INSERT INTO VehicleJourney (VehicleJourneyCode, ServiceRef, LineRef, JourneyPatternRef, OperatorRef, Monday, Tuesday, Wednesday, Thursday, Friday, Saturday, Sunday, DepatureHour, DepatureMinute, DepatureSecond, Note, NoteCode) VALUES ('82882', 'FSACM18', '0', 'JPS_FSACM18-4', 'CAL', 0, 0, 1, 0, 0, 0, 0, 15, 55, 0, 'Passengers should check-in 10 mins before ferry departure time shown', 'FER');
INSERT INTO DayOfNonOperation (VehicleJourneyRef, StartDate, EndDate) VALUES ('82882', 1522368000, 1531871999);
INSERT INTO DayOfNonOperation (VehicleJourneyRef, StartDate, EndDate) VALUES ('82882', 1531958400, 2524607999);
INSERT INTO VehicleJourney (VehicleJourneyCode, ServiceRef, LineRef, JourneyPatternRef, OperatorRef, Monday, Tuesday, Wednesday, Thursday, Friday, Saturday, Sunday, DepatureHour, DepatureMinute, DepatureSecond, Note, NoteCode) VALUES ('82954', 'FSACM18', '0', 'JPS_FSACM18-6', 'CAL', 0, 0, 1, 0, 0, 0, 0, 13, 20, 0, 'Passengers should check-in 10 mins before ferry departure time shown', 'FER');
INSERT INTO DayOfNonOperation (VehicleJourneyRef, StartDate, EndDate) VALUES ('82954', 1522368000, 1531871999);
INSERT INTO DayOfNonOperation (VehicleJourneyRef, StartDate, EndDate) VALUES ('82954', 1531958400, 2524607999);
INSERT INTO VehicleJourney (VehicleJourneyCode, ServiceRef, LineRef, JourneyPatternRef, OperatorRef, Monday, Tuesday, Wednesday, Thursday, Friday, Saturday, Sunday, DepatureHour, DepatureMinute, DepatureSecond, Note, NoteCode) VALUES ('82955', 'FSACM18', '0', 'JPS_FSACM18-6', 'CAL', 0, 0, 1, 0, 0, 0, 0, 15, 0, 0, 'Passengers should check-in 10 mins before ferry departure time shown', 'FER');
INSERT INTO DayOfNonOperation (VehicleJourneyRef, StartDate, EndDate) VALUES ('82955', 1522368000, 1531871999);
INSERT INTO DayOfNonOperation (VehicleJourneyRef, StartDate, EndDate) VALUES ('82955', 1531958400, 2524607999);
INSERT INTO VehicleJourney (VehicleJourneyCode, ServiceRef, LineRef, JourneyPatternRef, OperatorRef, Monday, Tuesday, Wednesday, Thursday, Friday, Saturday, Sunday, DepatureHour, DepatureMinute, DepatureSecond, Note, NoteCode) VALUES ('82823', 'FSACM18', '0', 'JPS_FSACM18-4', 'CAL', 0, 0, 0, 0, 1, 0, 0, 13, 15, 0, 'Passengers should check-in 10 mins before ferry departure time shown', 'FER');
INSERT INTO DayOfNonOperation (VehicleJourneyRef, StartDate, EndDate) VALUES ('82823', 1522368000, 1533859199);
INSERT INTO DayOfNonOperation (VehicleJourneyRef, StartDate, EndDate) VALUES ('82823', 1533945600, 2524607999);
INSERT INTO VehicleJourney (VehicleJourneyCode, ServiceRef, LineRef, JourneyPatternRef, OperatorRef, Monday, Tuesday, Wednesday, Thursday, Friday, Saturday, Sunday, DepatureHour, DepatureMinute, DepatureSecond, Note, NoteCode) VALUES ('82824', 'FSACM18', '0', 'JPS_FSACM18-4', 'CAL', 0, 0, 0, 0, 1, 0, 0, 14, 55, 0, 'Passengers should check-in 10 mins before ferry departure time shown', 'FER');
INSERT INTO DayOfNonOperation (VehicleJourneyRef, StartDate, EndDate) VALUES ('82824', 1522368000, 1533859199);
INSERT INTO DayOfNonOperation (VehicleJourneyRef, StartDate, EndDate) VALUES ('82824', 1533945600, 2524607999);
INSERT INTO VehicleJourney (VehicleJourneyCode, ServiceRef, LineRef, JourneyPatternRef, OperatorRef, Monday, Tuesday, Wednesday, Thursday, Friday, Saturday, Sunday, DepatureHour, DepatureMinute, DepatureSecond, Note, NoteCode) VALUES ('82825', 'FSACM18', '0', 'JPS_FSACM18-3', 'CAL', 0, 0, 0, 0, 1, 0, 0, 15, 30, 0, 'Passengers should check-in 10 mins before ferry departure time shown', 'FER');
INSERT INTO DayOfNonOperation (VehicleJourneyRef, StartDate, EndDate) VALUES ('82825', 1522368000, 1533859199);
INSERT INTO DayOfNonOperation (VehicleJourneyRef, StartDate, EndDate) VALUES ('82825', 1533945600, 2524607999);
INSERT INTO VehicleJourney (VehicleJourneyCode, ServiceRef, LineRef, JourneyPatternRef, OperatorRef, Monday, Tuesday, Wednesday, Thursday, Friday, Saturday, Sunday, DepatureHour, DepatureMinute, DepatureSecond, Note, NoteCode) VALUES ('82826', 'FSACM18', '0', 'JPS_FSACM18-3', 'CAL', 0, 0, 0, 0, 1, 0, 0, 17, 30, 0, 'Passengers should check-in 10 mins before ferry departure time shown', 'FER');
INSERT INTO DayOfNonOperation (VehicleJourneyRef, StartDate, EndDate) VALUES ('82826', 1522368000, 1533859199);
INSERT INTO DayOfNonOperation (VehicleJourneyRef, StartDate, EndDate) VALUES ('82826', 1533945600, 2524607999);
INSERT INTO VehicleJourney (VehicleJourneyCode, ServiceRef, LineRef, JourneyPatternRef, OperatorRef, Monday, Tuesday, Wednesday, Thursday, Friday, Saturday, Sunday, DepatureHour, DepatureMinute, DepatureSecond, Note, NoteCode) VALUES ('82827', 'FSACM18', '0', 'JPS_FSACM18-3', 'CAL', 0, 0, 0, 0, 1, 0, 0, 19, 20, 0, 'Passengers should check-in 10 mins before ferry departure time shown', 'FER');
INSERT INTO DayOfNonOperation (VehicleJourneyRef, StartDate, EndDate) VALUES ('82827', 1522368000, 1533859199);
INSERT INTO DayOfNonOperation (VehicleJourneyRef, StartDate, EndDate) VALUES ('82827', 1533945600, 2524607999);
INSERT INTO VehicleJourney (VehicleJourneyCode, ServiceRef, LineRef, JourneyPatternRef, OperatorRef, Monday, Tuesday, Wednesday, Thursday, Friday, Saturday, Sunday, DepatureHour, DepatureMinute, DepatureSecond, Note, NoteCode) VALUES ('82893', 'FSACM18', '0', 'JPS_FSACM18-6', 'CAL', 0, 0, 0, 0, 1, 0, 0, 10, 15, 0, 'Passengers should check-in 10 mins before ferry departure time shown', 'FER');
INSERT INTO DayOfNonOperation (VehicleJourneyRef, StartDate, EndDate) VALUES ('82893', 1522368000, 1533859199);
INSERT INTO DayOfNonOperation (VehicleJourneyRef, StartDate, EndDate) VALUES ('82893', 1533945600, 2524607999);
INSERT INTO VehicleJourney (VehicleJourneyCode, ServiceRef, LineRef, JourneyPatternRef, OperatorRef, Monday, Tuesday, Wednesday, Thursday, Friday, Saturday, Sunday, DepatureHour, DepatureMinute, DepatureSecond, Note, NoteCode) VALUES ('82894', 'FSACM18', '0', 'JPS_FSACM18-5', 'CAL', 0, 0, 0, 0, 1, 0, 0, 14, 30, 0, 'Passengers should check-in 10 mins before ferry departure time shown', 'FER');
INSERT INTO DayOfNonOperation (VehicleJourneyRef, StartDate, EndDate) VALUES ('82894', 1522368000, 1533859199);
INSERT INTO DayOfNonOperation (VehicleJourneyRef, StartDate, EndDate) VALUES ('82894', 1533945600, 2524607999);
INSERT INTO VehicleJourney (VehicleJourneyCode, ServiceRef, LineRef, JourneyPatternRef, OperatorRef, Monday, Tuesday, Wednesday, Thursday, Friday, Saturday, Sunday, DepatureHour, DepatureMinute, DepatureSecond, Note, NoteCode) VALUES ('82895', 'FSACM18', '0', 'JPS_FSACM18-6', 'CAL', 0, 0, 0, 0, 1, 0, 0, 15, 40, 0, 'Passengers should check-in 10 mins before ferry departure time shown', 'FER');
INSERT INTO DayOfNonOperation (VehicleJourneyRef, StartDate, EndDate) VALUES ('82895', 1522368000, 1533859199);
INSERT INTO DayOfNonOperation (VehicleJourneyRef, StartDate, EndDate) VALUES ('82895', 1533945600, 2524607999);
INSERT INTO VehicleJourney (VehicleJourneyCode, ServiceRef, LineRef, JourneyPatternRef, OperatorRef, Monday, Tuesday, Wednesday, Thursday, Friday, Saturday, Sunday, DepatureHour, DepatureMinute, DepatureSecond, Note, NoteCode) VALUES ('82896', 'FSACM18', '0', 'JPS_FSACM18-5', 'CAL', 0, 0, 0, 0, 1, 0, 0, 16, 30, 0, 'Passengers should check-in 10 mins before ferry departure time shown', 'FER');
INSERT INTO DayOfNonOperation (VehicleJourneyRef, StartDate, EndDate) VALUES ('82896', 1522368000, 1533859199);
INSERT INTO DayOfNonOperation (VehicleJourneyRef, StartDate, EndDate) VALUES ('82896', 1533945600, 2524607999);
INSERT INTO VehicleJourney (VehicleJourneyCode, ServiceRef, LineRef, JourneyPatternRef, OperatorRef, Monday, Tuesday, Wednesday, Thursday, Friday, Saturday, Sunday, DepatureHour, DepatureMinute, DepatureSecond, Note, NoteCode) VALUES ('82897', 'FSACM18', '0', 'JPS_FSACM18-5', 'CAL', 0, 0, 0, 0, 1, 0, 0, 18, 25, 0, 'Passengers should check-in 10 mins before ferry departure time shown', 'FER');
INSERT INTO DayOfNonOperation (VehicleJourneyRef, StartDate, EndDate) VALUES ('82897', 1522368000, 1533859199);
INSERT INTO DayOfNonOperation (VehicleJourneyRef, StartDate, EndDate) VALUES ('82897', 1533945600, 2524607999);
INSERT INTO VehicleJourney (VehicleJourneyCode, ServiceRef, LineRef, JourneyPatternRef, OperatorRef, Monday, Tuesday, Wednesday, Thursday, Friday, Saturday, Sunday, DepatureHour, DepatureMinute, DepatureSecond, Note, NoteCode) VALUES ('82852', 'FSACM18', '0', 'JPS_FSACM18-3', 'CAL', 0, 0, 0, 0, 0, 1, 0, 10, 30, 0, 'Passengers should check-in 10 mins before ferry departure time shown', 'FER');
INSERT INTO DayOfNonOperation (VehicleJourneyRef, StartDate, EndDate) VALUES ('82852', 1522368000, 1533945599);
INSERT INTO DayOfNonOperation (VehicleJourneyRef, StartDate, EndDate) VALUES ('82852', 1534032000, 2524607999);
INSERT INTO VehicleJourney (VehicleJourneyCode, ServiceRef, LineRef, JourneyPatternRef, OperatorRef, Monday, Tuesday, Wednesday, Thursday, Friday, Saturday, Sunday, DepatureHour, DepatureMinute, DepatureSecond, Note, NoteCode) VALUES ('82923', 'FSACM18', '0', 'JPS_FSACM18-5', 'CAL', 0, 0, 0, 0, 0, 1, 0, 9, 35, 0, 'Passengers should check-in 10 mins before ferry departure time shown', 'FER');
INSERT INTO DayOfNonOperation (VehicleJourneyRef, StartDate, EndDate) VALUES ('82923', 1522368000, 1533945599);
INSERT INTO DayOfNonOperation (VehicleJourneyRef, StartDate, EndDate) VALUES ('82923', 1534032000, 2524607999);
INSERT INTO VehicleJourney (VehicleJourneyCode, ServiceRef, LineRef, JourneyPatternRef, OperatorRef, Monday, Tuesday, Wednesday, Thursday, Friday, Saturday, Sunday, DepatureHour, DepatureMinute, DepatureSecond, Note, NoteCode) VALUES ('82924', 'FSACM18', '0', 'JPS_FSACM18-6', 'CAL', 0, 0, 0, 0, 0, 1, 0, 10, 45, 0, 'Passengers should check-in 10 mins before ferry departure time shown', 'FER');
INSERT INTO DayOfNonOperation (VehicleJourneyRef, StartDate, EndDate) VALUES ('82924', 1522368000, 1533945599);
INSERT INTO DayOfNonOperation (VehicleJourneyRef, StartDate, EndDate) VALUES ('82924', 1534032000, 2524607999);
INSERT INTO VehicleJourney (VehicleJourneyCode, ServiceRef, LineRef, JourneyPatternRef, OperatorRef, Monday, Tuesday, Wednesday, Thursday, Friday, Saturday, Sunday, DepatureHour, DepatureMinute, DepatureSecond, Note, NoteCode) VALUES ('82862', 'FSACM18', '0', 'JPS_FSACM18-3', 'CAL', 0, 0, 0, 0, 0, 0, 1, 10, 15, 0, 'Passengers should check-in 10 mins before ferry departure time shown', 'FER');
INSERT INTO DayOfNonOperation (VehicleJourneyRef, StartDate, EndDate) VALUES ('82862', 1522368000, 1534031999);
INSERT INTO DayOfNonOperation (VehicleJourneyRef, StartDate, EndDate) VALUES ('82862', 1534118400, 2524607999);
INSERT INTO VehicleJourney (VehicleJourneyCode, ServiceRef, LineRef, JourneyPatternRef, OperatorRef, Monday, Tuesday, Wednesday, Thursday, Friday, Saturday, Sunday, DepatureHour, DepatureMinute, DepatureSecond, Note, NoteCode) VALUES ('82863', 'FSACM18', '0', 'JPS_FSACM18-4', 'CAL', 0, 0, 0, 0, 0, 0, 1, 11, 35, 0, 'Passengers should check-in 10 mins before ferry departure time shown', 'FER');
INSERT INTO DayOfNonOperation (VehicleJourneyRef, StartDate, EndDate) VALUES ('82863', 1522368000, 1534031999);
INSERT INTO DayOfNonOperation (VehicleJourneyRef, StartDate, EndDate) VALUES ('82863', 1534118400, 2524607999);
INSERT INTO VehicleJourney (VehicleJourneyCode, ServiceRef, LineRef, JourneyPatternRef, OperatorRef, Monday, Tuesday, Wednesday, Thursday, Friday, Saturday, Sunday, DepatureHour, DepatureMinute, DepatureSecond, Note, NoteCode) VALUES ('82936', 'FSACM18', '0', 'JPS_FSACM18-5', 'CAL', 0, 0, 0, 0, 0, 0, 1, 9, 20, 0, 'Passengers should check-in 10 mins before ferry departure time shown', 'FER');
INSERT INTO DayOfNonOperation (VehicleJourneyRef, StartDate, EndDate) VALUES ('82936', 1522368000, 1534031999);
INSERT INTO DayOfNonOperation (VehicleJourneyRef, StartDate, EndDate) VALUES ('82936', 1534118400, 2524607999);
INSERT INTO VehicleJourney (VehicleJourneyCode, ServiceRef, LineRef, JourneyPatternRef, OperatorRef, Monday, Tuesday, Wednesday, Thursday, Friday, Saturday, Sunday, DepatureHour, DepatureMinute, DepatureSecond, Note, NoteCode) VALUES ('82937', 'FSACM18', '0', 'JPS_FSACM18-6', 'CAL', 0, 0, 0, 0, 0, 0, 1, 10, 45, 0, 'Passengers should check-in 10 mins before ferry departure time shown', 'FER');
INSERT INTO DayOfNonOperation (VehicleJourneyRef, StartDate, EndDate) VALUES ('82937', 1522368000, 1534031999);
INSERT INTO DayOfNonOperation (VehicleJourneyRef, StartDate, EndDate) VALUES ('82937', 1534118400, 2524607999);
INSERT INTO VehicleJourney (VehicleJourneyCode, ServiceRef, LineRef, JourneyPatternRef, OperatorRef, Monday, Tuesday, Wednesday, Thursday, Friday, Saturday, Sunday, DepatureHour, DepatureMinute, DepatureSecond, Note, NoteCode) VALUES ('82938', 'FSACM18', '0', 'JPS_FSACM18-5', 'CAL', 0, 0, 0, 0, 0, 0, 1, 11, 10, 0, 'Passengers should check-in 10 mins before ferry departure time shown', 'FER');
INSERT INTO DayOfNonOperation (VehicleJourneyRef, StartDate, EndDate) VALUES ('82938', 1522368000, 1534031999);
INSERT INTO DayOfNonOperation (VehicleJourneyRef, StartDate, EndDate) VALUES ('82938', 1534118400, 2524607999);
INSERT INTO VehicleJourney (VehicleJourneyCode, ServiceRef, LineRef, JourneyPatternRef, OperatorRef, Monday, Tuesday, Wednesday, Thursday, Friday, Saturday, Sunday, DepatureHour, DepatureMinute, DepatureSecond, Note, NoteCode) VALUES ('82829', 'FSACM18', '0', 'JPS_FSACM18-4', 'CAL', 1, 0, 0, 0, 0, 0, 0, 16, 55, 0, 'Passengers should check-in 10 mins before ferry departure time shown', 'FER');
INSERT INTO DayOfNonOperation (VehicleJourneyRef, StartDate, EndDate) VALUES ('82829', 1522368000, 1534118399);
INSERT INTO DayOfNonOperation (VehicleJourneyRef, StartDate, EndDate) VALUES ('82829', 1534204800, 2524607999);
INSERT INTO VehicleJourney (VehicleJourneyCode, ServiceRef, LineRef, JourneyPatternRef, OperatorRef, Monday, Tuesday, Wednesday, Thursday, Friday, Saturday, Sunday, DepatureHour, DepatureMinute, DepatureSecond, Note, NoteCode) VALUES ('82901', 'FSACM18', '0', 'JPS_FSACM18-6', 'CAL', 1, 0, 0, 0, 0, 0, 0, 16, 5, 0, 'Passengers should check-in 10 mins before ferry departure time shown', 'FER');
INSERT INTO DayOfNonOperation (VehicleJourneyRef, StartDate, EndDate) VALUES ('82901', 1522368000, 1534118399);
INSERT INTO DayOfNonOperation (VehicleJourneyRef, StartDate, EndDate) VALUES ('82901', 1534204800, 2524607999);
INSERT INTO VehicleJourney (VehicleJourneyCode, ServiceRef, LineRef, JourneyPatternRef, OperatorRef, Monday, Tuesday, Wednesday, Thursday, Friday, Saturday, Sunday, DepatureHour, DepatureMinute, DepatureSecond, Note, NoteCode) VALUES ('82902', 'FSACM18', '0', 'JPS_FSACM18-5', 'CAL', 1, 0, 0, 0, 0, 0, 0, 16, 15, 0, 'Passengers should check-in 10 mins before ferry departure time shown', 'FER');
INSERT INTO DayOfNonOperation (VehicleJourneyRef, StartDate, EndDate) VALUES ('82902', 1522368000, 1534118399);
INSERT INTO DayOfNonOperation (VehicleJourneyRef, StartDate, EndDate) VALUES ('82902', 1534204800, 2524607999);
INSERT INTO VehicleJourney (VehicleJourneyCode, ServiceRef, LineRef, JourneyPatternRef, OperatorRef, Monday, Tuesday, Wednesday, Thursday, Friday, Saturday, Sunday, DepatureHour, DepatureMinute, DepatureSecond, Note, NoteCode) VALUES ('82869', 'FSACM18', '0', 'JPS_FSACM18-4', 'CAL', 0, 1, 0, 0, 0, 0, 0, 17, 0, 0, 'Passengers should check-in 10 mins before ferry departure time shown', 'FER');
INSERT INTO DayOfNonOperation (VehicleJourneyRef, StartDate, EndDate) VALUES ('82869', 1522368000, 1534204799);
INSERT INTO DayOfNonOperation (VehicleJourneyRef, StartDate, EndDate) VALUES ('82869', 1534291200, 2524607999);
INSERT INTO VehicleJourney (VehicleJourneyCode, ServiceRef, LineRef, JourneyPatternRef, OperatorRef, Monday, Tuesday, Wednesday, Thursday, Friday, Saturday, Sunday, DepatureHour, DepatureMinute, DepatureSecond, Note, NoteCode) VALUES ('82870', 'FSACM18', '0', 'JPS_FSACM18-3', 'CAL', 0, 1, 0, 0, 0, 0, 0, 17, 25, 0, 'Passengers should check-in 10 mins before ferry departure time shown', 'FER');
INSERT INTO DayOfNonOperation (VehicleJourneyRef, StartDate, EndDate) VALUES ('82870', 1522368000, 1534204799);
INSERT INTO DayOfNonOperation (VehicleJourneyRef, StartDate, EndDate) VALUES ('82870', 1534291200, 2524607999);
INSERT INTO VehicleJourney (VehicleJourneyCode, ServiceRef, LineRef, JourneyPatternRef, OperatorRef, Monday, Tuesday, Wednesday, Thursday, Friday, Saturday, Sunday, DepatureHour, DepatureMinute, DepatureSecond, Note, NoteCode) VALUES ('82942', 'FSACM18', '0', 'JPS_FSACM18-6', 'CAL', 0, 1, 0, 0, 0, 0, 0, 13, 0, 0, 'Passengers should check-in 10 mins before ferry departure time shown', 'FER');
INSERT INTO DayOfNonOperation (VehicleJourneyRef, StartDate, EndDate) VALUES ('82942', 1522368000, 1534204799);
INSERT INTO DayOfNonOperation (VehicleJourneyRef, StartDate, EndDate) VALUES ('82942', 1534291200, 2524607999);
INSERT INTO VehicleJourney (VehicleJourneyCode, ServiceRef, LineRef, JourneyPatternRef, OperatorRef, Monday, Tuesday, Wednesday, Thursday, Friday, Saturday, Sunday, DepatureHour, DepatureMinute, DepatureSecond, Note, NoteCode) VALUES ('82943', 'FSACM18', '0', 'JPS_FSACM18-5', 'CAL', 0, 1, 0, 0, 0, 0, 0, 18, 20, 0, 'Passengers should check-in 10 mins before ferry departure time shown', 'FER');
INSERT INTO DayOfNonOperation (VehicleJourneyRef, StartDate, EndDate) VALUES ('82943', 1522368000, 1534204799);
INSERT INTO DayOfNonOperation (VehicleJourneyRef, StartDate, EndDate) VALUES ('82943', 1534291200, 2524607999);
INSERT INTO VehicleJourney (VehicleJourneyCode, ServiceRef, LineRef, JourneyPatternRef, OperatorRef, Monday, Tuesday, Wednesday, Thursday, Friday, Saturday, Sunday, DepatureHour, DepatureMinute, DepatureSecond, Note, NoteCode) VALUES ('82883', 'FSACM18', '0', 'JPS_FSACM18-4', 'CAL', 0, 0, 1, 0, 0, 0, 0, 14, 15, 0, 'Passengers should check-in 10 mins before ferry departure time shown', 'FER');
INSERT INTO DayOfNonOperation (VehicleJourneyRef, StartDate, EndDate) VALUES ('82883', 1522368000, 1534291199);
INSERT INTO DayOfNonOperation (VehicleJourneyRef, StartDate, EndDate) VALUES ('82883', 1534377600, 2524607999);
INSERT INTO VehicleJourney (VehicleJourneyCode, ServiceRef, LineRef, JourneyPatternRef, OperatorRef, Monday, Tuesday, Wednesday, Thursday, Friday, Saturday, Sunday, DepatureHour, DepatureMinute, DepatureSecond, Note, NoteCode) VALUES ('82884', 'FSACM18', '0', 'JPS_FSACM18-3', 'CAL', 0, 0, 1, 0, 0, 0, 0, 17, 25, 0, 'Passengers should check-in 10 mins before ferry departure time shown', 'FER');
INSERT INTO DayOfNonOperation (VehicleJourneyRef, StartDate, EndDate) VALUES ('82884', 1522368000, 1534291199);
INSERT INTO DayOfNonOperation (VehicleJourneyRef, StartDate, EndDate) VALUES ('82884', 1534377600, 2524607999);
INSERT INTO VehicleJourney (VehicleJourneyCode, ServiceRef, LineRef, JourneyPatternRef, OperatorRef, Monday, Tuesday, Wednesday, Thursday, Friday, Saturday, Sunday, DepatureHour, DepatureMinute, DepatureSecond, Note, NoteCode) VALUES ('82885', 'FSACM18', '0', 'JPS_FSACM18-3', 'CAL', 0, 0, 1, 0, 0, 0, 0, 19, 15, 0, 'Passengers should check-in 10 mins before ferry departure time shown', 'FER');
INSERT INTO DayOfNonOperation (VehicleJourneyRef, StartDate, EndDate) VALUES ('82885', 1522368000, 1534291199);
INSERT INTO DayOfNonOperation (VehicleJourneyRef, StartDate, EndDate) VALUES ('82885', 1534377600, 2524607999);
INSERT INTO VehicleJourney (VehicleJourneyCode, ServiceRef, LineRef, JourneyPatternRef, OperatorRef, Monday, Tuesday, Wednesday, Thursday, Friday, Saturday, Sunday, DepatureHour, DepatureMinute, DepatureSecond, Note, NoteCode) VALUES ('82956', 'FSACM18', '0', 'JPS_FSACM18-6', 'CAL', 0, 0, 1, 0, 0, 0, 0, 13, 20, 0, 'Passengers should check-in 10 mins before ferry departure time shown', 'FER');
INSERT INTO DayOfNonOperation (VehicleJourneyRef, StartDate, EndDate) VALUES ('82956', 1522368000, 1534291199);
INSERT INTO DayOfNonOperation (VehicleJourneyRef, StartDate, EndDate) VALUES ('82956', 1534377600, 2524607999);
INSERT INTO VehicleJourney (VehicleJourneyCode, ServiceRef, LineRef, JourneyPatternRef, OperatorRef, Monday, Tuesday, Wednesday, Thursday, Friday, Saturday, Sunday, DepatureHour, DepatureMinute, DepatureSecond, Note, NoteCode) VALUES ('82957', 'FSACM18', '0', 'JPS_FSACM18-5', 'CAL', 0, 0, 1, 0, 0, 0, 0, 18, 20, 0, 'Passengers should check-in 10 mins before ferry departure time shown', 'FER');
INSERT INTO DayOfNonOperation (VehicleJourneyRef, StartDate, EndDate) VALUES ('82957', 1522368000, 1534291199);
INSERT INTO DayOfNonOperation (VehicleJourneyRef, StartDate, EndDate) VALUES ('82957', 1534377600, 2524607999);
INSERT INTO VehicleJourney (VehicleJourneyCode, ServiceRef, LineRef, JourneyPatternRef, OperatorRef, Monday, Tuesday, Wednesday, Thursday, Friday, Saturday, Sunday, DepatureHour, DepatureMinute, DepatureSecond, Note, NoteCode) VALUES ('82875', 'FSACM18', '0', 'JPS_FSACM18-4', 'CAL', 0, 0, 0, 1, 0, 0, 0, 14, 25, 0, 'Passengers should check-in 10 mins before ferry departure time shown', 'FER');
INSERT INTO DayOfNonOperation (VehicleJourneyRef, StartDate, EndDate) VALUES ('82875', 1522368000, 1534377599);
INSERT INTO DayOfNonOperation (VehicleJourneyRef, StartDate, EndDate) VALUES ('82875', 1534464000, 2524607999);
INSERT INTO VehicleJourney (VehicleJourneyCode, ServiceRef, LineRef, JourneyPatternRef, OperatorRef, Monday, Tuesday, Wednesday, Thursday, Friday, Saturday, Sunday, DepatureHour, DepatureMinute, DepatureSecond, Note, NoteCode) VALUES ('82951', 'FSACM18', '0', 'JPS_FSACM18-6', 'CAL', 0, 0, 0, 1, 0, 0, 0, 15, 10, 0, 'Passengers should check-in 10 mins before ferry departure time shown', 'FER');
INSERT INTO DayOfNonOperation (VehicleJourneyRef, StartDate, EndDate) VALUES ('82951', 1522368000, 1534377599);
INSERT INTO DayOfNonOperation (VehicleJourneyRef, StartDate, EndDate) VALUES ('82951', 1534464000, 2524607999);
INSERT INTO VehicleJourney (VehicleJourneyCode, ServiceRef, LineRef, JourneyPatternRef, OperatorRef, Monday, Tuesday, Wednesday, Thursday, Friday, Saturday, Sunday, DepatureHour, DepatureMinute, DepatureSecond, Note, NoteCode) VALUES ('82871', 'FSACM18', '0', 'JPS_FSACM18-3', 'CAL', 0, 1, 0, 0, 0, 0, 0, 12, 45, 0, 'Passengers should check-in 10 mins before ferry departure time shown', 'FER');
INSERT INTO DayOfNonOperation (VehicleJourneyRef, StartDate, EndDate) VALUES ('82871', 1522368000, 1535414399);
INSERT INTO DayOfNonOperation (VehicleJourneyRef, StartDate, EndDate) VALUES ('82871', 1535500800, 2524607999);
INSERT INTO VehicleJourney (VehicleJourneyCode, ServiceRef, LineRef, JourneyPatternRef, OperatorRef, Monday, Tuesday, Wednesday, Thursday, Friday, Saturday, Sunday, DepatureHour, DepatureMinute, DepatureSecond, Note, NoteCode) VALUES ('82872', 'FSACM18', '0', 'JPS_FSACM18-3', 'CAL', 0, 1, 0, 0, 0, 0, 0, 15, 20, 0, 'Passengers should check-in 10 mins before ferry departure time shown', 'FER');
INSERT INTO DayOfNonOperation (VehicleJourneyRef, StartDate, EndDate) VALUES ('82872', 1522368000, 1535414399);
INSERT INTO DayOfNonOperation (VehicleJourneyRef, StartDate, EndDate) VALUES ('82872', 1535500800, 2524607999);
INSERT INTO VehicleJourney (VehicleJourneyCode, ServiceRef, LineRef, JourneyPatternRef, OperatorRef, Monday, Tuesday, Wednesday, Thursday, Friday, Saturday, Sunday, DepatureHour, DepatureMinute, DepatureSecond, Note, NoteCode) VALUES ('82944', 'FSACM18', '0', 'JPS_FSACM18-5', 'CAL', 0, 1, 0, 0, 0, 0, 0, 11, 45, 0, 'Passengers should check-in 10 mins before ferry departure time shown', 'FER');
INSERT INTO DayOfNonOperation (VehicleJourneyRef, StartDate, EndDate) VALUES ('82944', 1522368000, 1535414399);
INSERT INTO DayOfNonOperation (VehicleJourneyRef, StartDate, EndDate) VALUES ('82944', 1535500800, 2524607999);
INSERT INTO VehicleJourney (VehicleJourneyCode, ServiceRef, LineRef, JourneyPatternRef, OperatorRef, Monday, Tuesday, Wednesday, Thursday, Friday, Saturday, Sunday, DepatureHour, DepatureMinute, DepatureSecond, Note, NoteCode) VALUES ('82945', 'FSACM18', '0', 'JPS_FSACM18-6', 'CAL', 0, 1, 0, 0, 0, 0, 0, 13, 15, 0, 'Passengers should check-in 10 mins before ferry departure time shown', 'FER');
INSERT INTO DayOfNonOperation (VehicleJourneyRef, StartDate, EndDate) VALUES ('82945', 1522368000, 1535414399);
INSERT INTO DayOfNonOperation (VehicleJourneyRef, StartDate, EndDate) VALUES ('82945', 1535500800, 2524607999);
INSERT INTO VehicleJourney (VehicleJourneyCode, ServiceRef, LineRef, JourneyPatternRef, OperatorRef, Monday, Tuesday, Wednesday, Thursday, Friday, Saturday, Sunday, DepatureHour, DepatureMinute, DepatureSecond, Note, NoteCode) VALUES ('82946', 'FSACM18', '0', 'JPS_FSACM18-5', 'CAL', 0, 1, 0, 0, 0, 0, 0, 16, 15, 0, 'Passengers should check-in 10 mins before ferry departure time shown', 'FER');
INSERT INTO DayOfNonOperation (VehicleJourneyRef, StartDate, EndDate) VALUES ('82946', 1522368000, 1535414399);
INSERT INTO DayOfNonOperation (VehicleJourneyRef, StartDate, EndDate) VALUES ('82946', 1535500800, 2524607999);
INSERT INTO VehicleJourney (VehicleJourneyCode, ServiceRef, LineRef, JourneyPatternRef, OperatorRef, Monday, Tuesday, Wednesday, Thursday, Friday, Saturday, Sunday, DepatureHour, DepatureMinute, DepatureSecond, Note, NoteCode) VALUES ('82853', 'FSACM18', '0', 'JPS_FSACM18-4', 'CAL', 0, 0, 0, 0, 0, 1, 0, 13, 0, 0, 'Passengers should check-in 10 mins before ferry departure time shown', 'FER');
INSERT INTO DayOfNonOperation (VehicleJourneyRef, StartDate, EndDate) VALUES ('82853', 1522368000, 1536364799);
INSERT INTO DayOfNonOperation (VehicleJourneyRef, StartDate, EndDate) VALUES ('82853', 1536451200, 2524607999);
INSERT INTO VehicleJourney (VehicleJourneyCode, ServiceRef, LineRef, JourneyPatternRef, OperatorRef, Monday, Tuesday, Wednesday, Thursday, Friday, Saturday, Sunday, DepatureHour, DepatureMinute, DepatureSecond, Note, NoteCode) VALUES ('82925', 'FSACM18', '0', 'JPS_FSACM18-6', 'CAL', 0, 0, 0, 0, 0, 1, 0, 10, 15, 0, 'Passengers should check-in 10 mins before ferry departure time shown', 'FER');
INSERT INTO DayOfNonOperation (VehicleJourneyRef, StartDate, EndDate) VALUES ('82925', 1522368000, 1536364799);
INSERT INTO DayOfNonOperation (VehicleJourneyRef, StartDate, EndDate) VALUES ('82925', 1536451200, 2524607999);
INSERT INTO VehicleJourney (VehicleJourneyCode, ServiceRef, LineRef, JourneyPatternRef, OperatorRef, Monday, Tuesday, Wednesday, Thursday, Friday, Saturday, Sunday, DepatureHour, DepatureMinute, DepatureSecond, Note, NoteCode) VALUES ('82926', 'FSACM18', '0', 'JPS_FSACM18-6', 'CAL', 0, 0, 0, 0, 0, 1, 0, 13, 45, 0, 'Passengers should check-in 10 mins before ferry departure time shown', 'FER');
INSERT INTO DayOfNonOperation (VehicleJourneyRef, StartDate, EndDate) VALUES ('82926', 1522368000, 1536364799);
INSERT INTO DayOfNonOperation (VehicleJourneyRef, StartDate, EndDate) VALUES ('82926', 1536451200, 2524607999);
INSERT INTO VehicleJourney (VehicleJourneyCode, ServiceRef, LineRef, JourneyPatternRef, OperatorRef, Monday, Tuesday, Wednesday, Thursday, Friday, Saturday, Sunday, DepatureHour, DepatureMinute, DepatureSecond, Note, NoteCode) VALUES ('82927', 'FSACM18', '0', 'JPS_FSACM18-5', 'CAL', 0, 0, 0, 0, 0, 1, 0, 14, 5, 0, 'Passengers should check-in 10 mins before ferry departure time shown', 'FER');
INSERT INTO DayOfNonOperation (VehicleJourneyRef, StartDate, EndDate) VALUES ('82927', 1522368000, 1536364799);
INSERT INTO DayOfNonOperation (VehicleJourneyRef, StartDate, EndDate) VALUES ('82927', 1536451200, 2524607999);
INSERT INTO VehicleJourney (VehicleJourneyCode, ServiceRef, LineRef, JourneyPatternRef, OperatorRef, Monday, Tuesday, Wednesday, Thursday, Friday, Saturday, Sunday, DepatureHour, DepatureMinute, DepatureSecond, Note, NoteCode) VALUES ('82864', 'FSACM18', '0', 'JPS_FSACM18-3', 'CAL', 0, 0, 0, 0, 0, 0, 1, 10, 25, 0, 'Passengers should check-in 10 mins before ferry departure time shown', 'FER');
INSERT INTO DayOfNonOperation (VehicleJourneyRef, StartDate, EndDate) VALUES ('82864', 1522368000, 1536451199);
INSERT INTO DayOfNonOperation (VehicleJourneyRef, StartDate, EndDate) VALUES ('82864', 1536537600, 2524607999);
INSERT INTO VehicleJourney (VehicleJourneyCode, ServiceRef, LineRef, JourneyPatternRef, OperatorRef, Monday, Tuesday, Wednesday, Thursday, Friday, Saturday, Sunday, DepatureHour, DepatureMinute, DepatureSecond, Note, NoteCode) VALUES ('82865', 'FSACM18', '0', 'JPS_FSACM18-4', 'CAL', 0, 0, 0, 0, 0, 0, 1, 14, 20, 0, 'Passengers should check-in 10 mins before ferry departure time shown', 'FER');
INSERT INTO DayOfNonOperation (VehicleJourneyRef, StartDate, EndDate) VALUES ('82865', 1522368000, 1536451199);
INSERT INTO DayOfNonOperation (VehicleJourneyRef, StartDate, EndDate) VALUES ('82865', 1536537600, 2524607999);
INSERT INTO VehicleJourney (VehicleJourneyCode, ServiceRef, LineRef, JourneyPatternRef, OperatorRef, Monday, Tuesday, Wednesday, Thursday, Friday, Saturday, Sunday, DepatureHour, DepatureMinute, DepatureSecond, Note, NoteCode) VALUES ('82939', 'FSACM18', '0', 'JPS_FSACM18-6', 'CAL', 0, 0, 0, 0, 0, 0, 1, 10, 35, 0, 'Passengers should check-in 10 mins before ferry departure time shown', 'FER');
INSERT INTO DayOfNonOperation (VehicleJourneyRef, StartDate, EndDate) VALUES ('82939', 1522368000, 1536451199);
INSERT INTO DayOfNonOperation (VehicleJourneyRef, StartDate, EndDate) VALUES ('82939', 1536537600, 2524607999);
INSERT INTO VehicleJourney (VehicleJourneyCode, ServiceRef, LineRef, JourneyPatternRef, OperatorRef, Monday, Tuesday, Wednesday, Thursday, Friday, Saturday, Sunday, DepatureHour, DepatureMinute, DepatureSecond, Note, NoteCode) VALUES ('82830', 'FSACM18', '0', 'JPS_FSACM18-4', 'CAL', 1, 0, 0, 0, 0, 0, 0, 15, 10, 0, 'Passengers should check-in 10 mins before ferry departure time shown', 'FER');
INSERT INTO DayOfNonOperation (VehicleJourneyRef, StartDate, EndDate) VALUES ('82830', 1522368000, 1536537599);
INSERT INTO DayOfNonOperation (VehicleJourneyRef, StartDate, EndDate) VALUES ('82830', 1536624000, 2524607999);
INSERT INTO VehicleJourney (VehicleJourneyCode, ServiceRef, LineRef, JourneyPatternRef, OperatorRef, Monday, Tuesday, Wednesday, Thursday, Friday, Saturday, Sunday, DepatureHour, DepatureMinute, DepatureSecond, Note, NoteCode) VALUES ('82831', 'FSACM18', '0', 'JPS_FSACM18-3', 'CAL', 1, 0, 0, 0, 0, 0, 0, 15, 35, 0, 'Passengers should check-in 10 mins before ferry departure time shown', 'FER');
INSERT INTO DayOfNonOperation (VehicleJourneyRef, StartDate, EndDate) VALUES ('82831', 1522368000, 1536537599);
INSERT INTO DayOfNonOperation (VehicleJourneyRef, StartDate, EndDate) VALUES ('82831', 1536624000, 2524607999);
INSERT INTO VehicleJourney (VehicleJourneyCode, ServiceRef, LineRef, JourneyPatternRef, OperatorRef, Monday, Tuesday, Wednesday, Thursday, Friday, Saturday, Sunday, DepatureHour, DepatureMinute, DepatureSecond, Note, NoteCode) VALUES ('82832', 'FSACM18', '0', 'JPS_FSACM18-4', 'CAL', 1, 0, 0, 0, 0, 0, 0, 16, 50, 0, 'Passengers should check-in 10 mins before ferry departure time shown', 'FER');
INSERT INTO DayOfNonOperation (VehicleJourneyRef, StartDate, EndDate) VALUES ('82832', 1522368000, 1536537599);
INSERT INTO DayOfNonOperation (VehicleJourneyRef, StartDate, EndDate) VALUES ('82832', 1536624000, 2524607999);
INSERT INTO VehicleJourney (VehicleJourneyCode, ServiceRef, LineRef, JourneyPatternRef, OperatorRef, Monday, Tuesday, Wednesday, Thursday, Friday, Saturday, Sunday, DepatureHour, DepatureMinute, DepatureSecond, Note, NoteCode) VALUES ('82833', 'FSACM18', '0', 'JPS_FSACM18-3', 'CAL', 1, 0, 0, 0, 0, 0, 0, 17, 20, 0, 'Passengers should check-in 10 mins before ferry departure time shown', 'FER');
INSERT INTO DayOfNonOperation (VehicleJourneyRef, StartDate, EndDate) VALUES ('82833', 1522368000, 1536537599);
INSERT INTO DayOfNonOperation (VehicleJourneyRef, StartDate, EndDate) VALUES ('82833', 1536624000, 2524607999);
INSERT INTO VehicleJourney (VehicleJourneyCode, ServiceRef, LineRef, JourneyPatternRef, OperatorRef, Monday, Tuesday, Wednesday, Thursday, Friday, Saturday, Sunday, DepatureHour, DepatureMinute, DepatureSecond, Note, NoteCode) VALUES ('82903', 'FSACM18', '0', 'JPS_FSACM18-6', 'CAL', 1, 0, 0, 0, 0, 0, 0, 15, 55, 0, 'Passengers should check-in 10 mins before ferry departure time shown', 'FER');
INSERT INTO DayOfNonOperation (VehicleJourneyRef, StartDate, EndDate) VALUES ('82903', 1522368000, 1536537599);
INSERT INTO DayOfNonOperation (VehicleJourneyRef, StartDate, EndDate) VALUES ('82903', 1536624000, 2524607999);
INSERT INTO VehicleJourney (VehicleJourneyCode, ServiceRef, LineRef, JourneyPatternRef, OperatorRef, Monday, Tuesday, Wednesday, Thursday, Friday, Saturday, Sunday, DepatureHour, DepatureMinute, DepatureSecond, Note, NoteCode) VALUES ('82904', 'FSACM18', '0', 'JPS_FSACM18-5', 'CAL', 1, 0, 0, 0, 0, 0, 0, 16, 25, 0, 'Passengers should check-in 10 mins before ferry departure time shown', 'FER');
INSERT INTO DayOfNonOperation (VehicleJourneyRef, StartDate, EndDate) VALUES ('82904', 1522368000, 1536537599);
INSERT INTO DayOfNonOperation (VehicleJourneyRef, StartDate, EndDate) VALUES ('82904', 1536624000, 2524607999);
INSERT INTO VehicleJourney (VehicleJourneyCode, ServiceRef, LineRef, JourneyPatternRef, OperatorRef, Monday, Tuesday, Wednesday, Thursday, Friday, Saturday, Sunday, DepatureHour, DepatureMinute, DepatureSecond, Note, NoteCode) VALUES ('82905', 'FSACM18', '0', 'JPS_FSACM18-5', 'CAL', 1, 0, 0, 0, 0, 0, 0, 18, 15, 0, 'Passengers should check-in 10 mins before ferry departure time shown', 'FER');
INSERT INTO DayOfNonOperation (VehicleJourneyRef, StartDate, EndDate) VALUES ('82905', 1522368000, 1536537599);
INSERT INTO DayOfNonOperation (VehicleJourneyRef, StartDate, EndDate) VALUES ('82905', 1536624000, 2524607999);
INSERT INTO VehicleJourney (VehicleJourneyCode, ServiceRef, LineRef, JourneyPatternRef, OperatorRef, Monday, Tuesday, Wednesday, Thursday, Friday, Saturday, Sunday, DepatureHour, DepatureMinute, DepatureSecond, Note, NoteCode) VALUES ('82873', 'FSACM18', '0', 'JPS_FSACM18-4', 'CAL', 0, 1, 0, 0, 0, 0, 0, 11, 55, 0, 'Passengers should check-in 10 mins before ferry departure time shown', 'FER');
INSERT INTO DayOfNonOperation (VehicleJourneyRef, StartDate, EndDate) VALUES ('82873', 1522368000, 1536623999);
INSERT INTO DayOfNonOperation (VehicleJourneyRef, StartDate, EndDate) VALUES ('82873', 1536710400, 2524607999);
INSERT INTO VehicleJourney (VehicleJourneyCode, ServiceRef, LineRef, JourneyPatternRef, OperatorRef, Monday, Tuesday, Wednesday, Thursday, Friday, Saturday, Sunday, DepatureHour, DepatureMinute, DepatureSecond, Note, NoteCode) VALUES ('82886', 'FSACM18', '0', 'JPS_FSACM18-4', 'CAL', 0, 0, 1, 0, 0, 0, 0, 11, 55, 0, 'Passengers should check-in 10 mins before ferry departure time shown', 'FER');
INSERT INTO DayOfNonOperation (VehicleJourneyRef, StartDate, EndDate) VALUES ('82886', 1522368000, 1536710399);
INSERT INTO DayOfNonOperation (VehicleJourneyRef, StartDate, EndDate) VALUES ('82886', 1536796800, 2524607999);
INSERT INTO VehicleJourney (VehicleJourneyCode, ServiceRef, LineRef, JourneyPatternRef, OperatorRef, Monday, Tuesday, Wednesday, Thursday, Friday, Saturday, Sunday, DepatureHour, DepatureMinute, DepatureSecond, Note, NoteCode) VALUES ('82958', 'FSACM18', '0', 'JPS_FSACM18-6', 'CAL', 0, 0, 1, 0, 0, 0, 0, 12, 40, 0, 'Passengers should check-in 10 mins before ferry departure time shown', 'FER');
INSERT INTO DayOfNonOperation (VehicleJourneyRef, StartDate, EndDate) VALUES ('82958', 1522368000, 1536710399);
INSERT INTO DayOfNonOperation (VehicleJourneyRef, StartDate, EndDate) VALUES ('82958', 1536796800, 2524607999);
INSERT INTO VehicleJourney (VehicleJourneyCode, ServiceRef, LineRef, JourneyPatternRef, OperatorRef, Monday, Tuesday, Wednesday, Thursday, Friday, Saturday, Sunday, DepatureHour, DepatureMinute, DepatureSecond, Note, NoteCode) VALUES ('82876', 'FSACM18', '0', 'JPS_FSACM18-4', 'CAL', 0, 0, 0, 1, 0, 0, 0, 16, 55, 0, 'Passengers should check-in 10 mins before ferry departure time shown', 'FER');
INSERT INTO DayOfNonOperation (VehicleJourneyRef, StartDate, EndDate) VALUES ('82876', 1522368000, 1536796799);
INSERT INTO DayOfNonOperation (VehicleJourneyRef, StartDate, EndDate) VALUES ('82876', 1536883200, 2524607999);
INSERT INTO VehicleJourney (VehicleJourneyCode, ServiceRef, LineRef, JourneyPatternRef, OperatorRef, Monday, Tuesday, Wednesday, Thursday, Friday, Saturday, Sunday, DepatureHour, DepatureMinute, DepatureSecond, Note, NoteCode) VALUES ('82877', 'FSACM18', '0', 'JPS_FSACM18-3', 'CAL', 0, 0, 0, 1, 0, 0, 0, 17, 20, 0, 'Passengers should check-in 10 mins before ferry departure time shown', 'FER');
INSERT INTO DayOfNonOperation (VehicleJourneyRef, StartDate, EndDate) VALUES ('82877', 1522368000, 1536796799);
INSERT INTO DayOfNonOperation (VehicleJourneyRef, StartDate, EndDate) VALUES ('82877', 1536883200, 2524607999);
INSERT INTO VehicleJourney (VehicleJourneyCode, ServiceRef, LineRef, JourneyPatternRef, OperatorRef, Monday, Tuesday, Wednesday, Thursday, Friday, Saturday, Sunday, DepatureHour, DepatureMinute, DepatureSecond, Note, NoteCode) VALUES ('82947', 'FSACM18', '0', 'JPS_FSACM18-5', 'CAL', 0, 1, 0, 0, 0, 0, 0, 11, 45, 0, 'Passengers should check-in 10 mins before ferry departure time shown', 'FER');
INSERT INTO DayOfNonOperation (VehicleJourneyRef, StartDate, EndDate) VALUES ('82947', 1522368000, 1537833599);
INSERT INTO DayOfNonOperation (VehicleJourneyRef, StartDate, EndDate) VALUES ('82947', 1537920000, 2524607999);
INSERT INTO VehicleJourney (VehicleJourneyCode, ServiceRef, LineRef, JourneyPatternRef, OperatorRef, Monday, Tuesday, Wednesday, Thursday, Friday, Saturday, Sunday, DepatureHour, DepatureMinute, DepatureSecond, Note, NoteCode) VALUES ('82887', 'FSACM18', '0', 'JPS_FSACM18-4', 'CAL', 0, 0, 1, 0, 0, 0, 0, 11, 50, 0, 'Passengers should check-in 10 mins before ferry departure time shown', 'FER');
INSERT INTO DayOfNonOperation (VehicleJourneyRef, StartDate, EndDate) VALUES ('82887', 1522368000, 1537919999);
INSERT INTO DayOfNonOperation (VehicleJourneyRef, StartDate, EndDate) VALUES ('82887', 1538006400, 2524607999);
INSERT INTO VehicleJourney (VehicleJourneyCode, ServiceRef, LineRef, JourneyPatternRef, OperatorRef, Monday, Tuesday, Wednesday, Thursday, Friday, Saturday, Sunday, DepatureHour, DepatureMinute, DepatureSecond, Note, NoteCode) VALUES ('82959', 'FSACM18', '0', 'JPS_FSACM18-6', 'CAL', 0, 0, 1, 0, 0, 0, 0, 12, 30, 0, 'Passengers should check-in 10 mins before ferry departure time shown', 'FER');
INSERT INTO DayOfNonOperation (VehicleJourneyRef, StartDate, EndDate) VALUES ('82959', 1522368000, 1537919999);
INSERT INTO DayOfNonOperation (VehicleJourneyRef, StartDate, EndDate) VALUES ('82959', 1538006400, 2524607999);
INSERT INTO VehicleJourney (VehicleJourneyCode, ServiceRef, LineRef, JourneyPatternRef, OperatorRef, Monday, Tuesday, Wednesday, Thursday, Friday, Saturday, Sunday, DepatureHour, DepatureMinute, DepatureSecond, Note, NoteCode) VALUES ('82844', 'FSACM18', '0', 'JPS_FSACM18-3', 'CAL', 1, 1, 1, 1, 1, 1, 0, 17, 0, 0, 'Passengers should check-in 10 mins before ferry departure time shown', 'FER');
INSERT INTO DayOfNonOperation (VehicleJourneyRef, StartDate, EndDate) VALUES ('82844', 1522368000, 1538697599);
INSERT INTO DayOfNonOperation (VehicleJourneyRef, StartDate, EndDate) VALUES ('82844', 1538870400, 2524607999);
INSERT INTO VehicleJourney (VehicleJourneyCode, ServiceRef, LineRef, JourneyPatternRef, OperatorRef, Monday, Tuesday, Wednesday, Thursday, Friday, Saturday, Sunday, DepatureHour, DepatureMinute, DepatureSecond, Note, NoteCode) VALUES ('82845', 'FSACM18', '0', 'JPS_FSACM18-3', 'CAL', 1, 1, 1, 1, 1, 1, 0, 18, 45, 0, 'Passengers should check-in 10 mins before ferry departure time shown', 'FER');
INSERT INTO DayOfNonOperation (VehicleJourneyRef, StartDate, EndDate) VALUES ('82845', 1522368000, 1538697599);
INSERT INTO DayOfNonOperation (VehicleJourneyRef, StartDate, EndDate) VALUES ('82845', 1538870400, 2524607999);
INSERT INTO VehicleJourney (VehicleJourneyCode, ServiceRef, LineRef, JourneyPatternRef, OperatorRef, Monday, Tuesday, Wednesday, Thursday, Friday, Saturday, Sunday, DepatureHour, DepatureMinute, DepatureSecond, Note, NoteCode) VALUES ('82917', 'FSACM18', '0', 'JPS_FSACM18-5', 'CAL', 1, 1, 1, 1, 1, 1, 0, 17, 50, 0, 'Passengers should check-in 10 mins before ferry departure time shown', 'FER');
INSERT INTO DayOfNonOperation (VehicleJourneyRef, StartDate, EndDate) VALUES ('82917', 1522368000, 1538697599);
INSERT INTO DayOfNonOperation (VehicleJourneyRef, StartDate, EndDate) VALUES ('82917', 1538870400, 2524607999);
INSERT INTO VehicleJourney (VehicleJourneyCode, ServiceRef, LineRef, JourneyPatternRef, OperatorRef, Monday, Tuesday, Wednesday, Thursday, Friday, Saturday, Sunday, DepatureHour, DepatureMinute, DepatureSecond, Note, NoteCode) VALUES ('82866', 'FSACM18', '0', 'JPS_FSACM18-3', 'CAL', 0, 0, 0, 0, 0, 0, 1, 18, 45, 0, 'Passengers should check-in 10 mins before ferry departure time shown', 'FER');
INSERT INTO DayOfNonOperation (VehicleJourneyRef, StartDate, EndDate) VALUES ('82866', 1522368000, 1538870399);
INSERT INTO DayOfNonOperation (VehicleJourneyRef, StartDate, EndDate) VALUES ('82866', 1538956800, 2524607999);
INSERT INTO VehicleJourney (VehicleJourneyCode, ServiceRef, LineRef, JourneyPatternRef, OperatorRef, Monday, Tuesday, Wednesday, Thursday, Friday, Saturday, Sunday, DepatureHour, DepatureMinute, DepatureSecond, Note, NoteCode) VALUES ('82940', 'FSACM18', '0', 'JPS_FSACM18-5', 'CAL', 0, 0, 0, 0, 0, 0, 1, 17, 50, 0, 'Passengers should check-in 10 mins before ferry departure time shown', 'FER');
INSERT INTO DayOfNonOperation (VehicleJourneyRef, StartDate, EndDate) VALUES ('82940', 1522368000, 1538870399);
INSERT INTO DayOfNonOperation (VehicleJourneyRef, StartDate, EndDate) VALUES ('82940', 1538956800, 2524607999);
INSERT INTO VehicleJourney (VehicleJourneyCode, ServiceRef, LineRef, JourneyPatternRef, OperatorRef, Monday, Tuesday, Wednesday, Thursday, Friday, Saturday, Sunday, DepatureHour, DepatureMinute, DepatureSecond, Note, NoteCode) VALUES ('82834', 'FSACM18', '0', 'JPS_FSACM18-3', 'CAL', 1, 0, 0, 0, 0, 0, 0, 17, 0, 0, 'Passengers should check-in 10 mins before ferry departure time shown', 'FER');
INSERT INTO DayOfNonOperation (VehicleJourneyRef, StartDate, EndDate) VALUES ('82834', 1522368000, 1538956799);
INSERT INTO DayOfNonOperation (VehicleJourneyRef, StartDate, EndDate) VALUES ('82834', 1539043200, 2524607999);
INSERT INTO VehicleJourney (VehicleJourneyCode, ServiceRef, LineRef, JourneyPatternRef, OperatorRef, Monday, Tuesday, Wednesday, Thursday, Friday, Saturday, Sunday, DepatureHour, DepatureMinute, DepatureSecond, Note, NoteCode) VALUES ('82835', 'FSACM18', '0', 'JPS_FSACM18-3', 'CAL', 1, 0, 0, 0, 0, 0, 0, 18, 45, 0, 'Passengers should check-in 10 mins before ferry departure time shown', 'FER');
INSERT INTO DayOfNonOperation (VehicleJourneyRef, StartDate, EndDate) VALUES ('82835', 1522368000, 1538956799);
INSERT INTO DayOfNonOperation (VehicleJourneyRef, StartDate, EndDate) VALUES ('82835', 1539043200, 2524607999);
INSERT INTO VehicleJourney (VehicleJourneyCode, ServiceRef, LineRef, JourneyPatternRef, OperatorRef, Monday, Tuesday, Wednesday, Thursday, Friday, Saturday, Sunday, DepatureHour, DepatureMinute, DepatureSecond, Note, NoteCode) VALUES ('82906', 'FSACM18', '0', 'JPS_FSACM18-6', 'CAL', 1, 0, 0, 0, 0, 0, 0, 13, 35, 0, 'Passengers should check-in 10 mins before ferry departure time shown', 'FER');
INSERT INTO DayOfNonOperation (VehicleJourneyRef, StartDate, EndDate) VALUES ('82906', 1522368000, 1538956799);
INSERT INTO DayOfNonOperation (VehicleJourneyRef, StartDate, EndDate) VALUES ('82906', 1539043200, 2524607999);
INSERT INTO VehicleJourney (VehicleJourneyCode, ServiceRef, LineRef, JourneyPatternRef, OperatorRef, Monday, Tuesday, Wednesday, Thursday, Friday, Saturday, Sunday, DepatureHour, DepatureMinute, DepatureSecond, Note, NoteCode) VALUES ('82907', 'FSACM18', '0', 'JPS_FSACM18-7', 'CAL', 1, 0, 0, 0, 0, 0, 0, 17, 40, 0, 'Passengers should check-in 10 mins before ferry departure time shown', 'FER');
INSERT INTO DayOfNonOperation (VehicleJourneyRef, StartDate, EndDate) VALUES ('82907', 1522368000, 1538956799);
INSERT INTO DayOfNonOperation (VehicleJourneyRef, StartDate, EndDate) VALUES ('82907', 1539043200, 2524607999);
INSERT INTO VehicleJourney (VehicleJourneyCode, ServiceRef, LineRef, JourneyPatternRef, OperatorRef, Monday, Tuesday, Wednesday, Thursday, Friday, Saturday, Sunday, DepatureHour, DepatureMinute, DepatureSecond, Note, NoteCode) VALUES ('82874', 'FSACM18', '0', 'JPS_FSACM18-3', 'CAL', 0, 1, 0, 0, 0, 0, 0, 18, 45, 0, 'Passengers should check-in 10 mins before ferry departure time shown', 'FER');
INSERT INTO DayOfNonOperation (VehicleJourneyRef, StartDate, EndDate) VALUES ('82874', 1522368000, 1539043199);
INSERT INTO DayOfNonOperation (VehicleJourneyRef, StartDate, EndDate) VALUES ('82874', 1539129600, 2524607999);
INSERT INTO VehicleJourney (VehicleJourneyCode, ServiceRef, LineRef, JourneyPatternRef, OperatorRef, Monday, Tuesday, Wednesday, Thursday, Friday, Saturday, Sunday, DepatureHour, DepatureMinute, DepatureSecond, Note, NoteCode) VALUES ('82948', 'FSACM18', '0', 'JPS_FSACM18-5', 'CAL', 0, 1, 0, 0, 0, 0, 0, 17, 50, 0, 'Passengers should check-in 10 mins before ferry departure time shown', 'FER');
INSERT INTO DayOfNonOperation (VehicleJourneyRef, StartDate, EndDate) VALUES ('82948', 1522368000, 1539043199);
INSERT INTO DayOfNonOperation (VehicleJourneyRef, StartDate, EndDate) VALUES ('82948', 1539129600, 2524607999);
INSERT INTO VehicleJourney (VehicleJourneyCode, ServiceRef, LineRef, JourneyPatternRef, OperatorRef, Monday, Tuesday, Wednesday, Thursday, Friday, Saturday, Sunday, DepatureHour, DepatureMinute, DepatureSecond, Note, NoteCode) VALUES ('82888', 'FSACM18', '0', 'JPS_FSACM18-4', 'CAL', 0, 0, 1, 0, 0, 0, 0, 11, 55, 0, 'Passengers should check-in 10 mins before ferry departure time shown', 'FER');
INSERT INTO DayOfNonOperation (VehicleJourneyRef, StartDate, EndDate) VALUES ('82888', 1522368000, 1539129599);
INSERT INTO DayOfNonOperation (VehicleJourneyRef, StartDate, EndDate) VALUES ('82888', 1539216000, 2524607999);
INSERT INTO VehicleJourney (VehicleJourneyCode, ServiceRef, LineRef, JourneyPatternRef, OperatorRef, Monday, Tuesday, Wednesday, Thursday, Friday, Saturday, Sunday, DepatureHour, DepatureMinute, DepatureSecond, Note, NoteCode) VALUES ('82889', 'FSACM18', '0', 'JPS_FSACM18-3', 'CAL', 0, 0, 1, 0, 0, 0, 0, 17, 0, 0, 'Passengers should check-in 10 mins before ferry departure time shown', 'FER');
INSERT INTO DayOfNonOperation (VehicleJourneyRef, StartDate, EndDate) VALUES ('82889', 1522368000, 1539129599);
INSERT INTO DayOfNonOperation (VehicleJourneyRef, StartDate, EndDate) VALUES ('82889', 1539216000, 2524607999);
INSERT INTO VehicleJourney (VehicleJourneyCode, ServiceRef, LineRef, JourneyPatternRef, OperatorRef, Monday, Tuesday, Wednesday, Thursday, Friday, Saturday, Sunday, DepatureHour, DepatureMinute, DepatureSecond, Note, NoteCode) VALUES ('82890', 'FSACM18', '0', 'JPS_FSACM18-3', 'CAL', 0, 0, 1, 0, 0, 0, 0, 18, 45, 0, 'Passengers should check-in 10 mins before ferry departure time shown', 'FER');
INSERT INTO DayOfNonOperation (VehicleJourneyRef, StartDate, EndDate) VALUES ('82890', 1522368000, 1539129599);
INSERT INTO DayOfNonOperation (VehicleJourneyRef, StartDate, EndDate) VALUES ('82890', 1539216000, 2524607999);
INSERT INTO VehicleJourney (VehicleJourneyCode, ServiceRef, LineRef, JourneyPatternRef, OperatorRef, Monday, Tuesday, Wednesday, Thursday, Friday, Saturday, Sunday, DepatureHour, DepatureMinute, DepatureSecond, Note, NoteCode) VALUES ('82960', 'FSACM18', '0', 'JPS_FSACM18-5', 'CAL', 0, 0, 1, 0, 0, 0, 0, 17, 50, 0, 'Passengers should check-in 10 mins before ferry departure time shown', 'FER');
INSERT INTO DayOfNonOperation (VehicleJourneyRef, StartDate, EndDate) VALUES ('82960', 1522368000, 1539129599);
INSERT INTO DayOfNonOperation (VehicleJourneyRef, StartDate, EndDate) VALUES ('82960', 1539216000, 2524607999);
INSERT INTO VehicleJourney (VehicleJourneyCode, ServiceRef, LineRef, JourneyPatternRef, OperatorRef, Monday, Tuesday, Wednesday, Thursday, Friday, Saturday, Sunday, DepatureHour, DepatureMinute, DepatureSecond, Note, NoteCode) VALUES ('82878', 'FSACM18', '0', 'JPS_FSACM18-4', 'CAL', 0, 0, 0, 1, 0, 0, 0, 16, 40, 0, 'Passengers should check-in 10 mins before ferry departure time shown', 'FER');
INSERT INTO DayOfNonOperation (VehicleJourneyRef, StartDate, EndDate) VALUES ('82878', 1522368000, 1539215999);
INSERT INTO DayOfNonOperation (VehicleJourneyRef, StartDate, EndDate) VALUES ('82878', 1539302400, 2524607999);
INSERT INTO VehicleJourney (VehicleJourneyCode, ServiceRef, LineRef, JourneyPatternRef, OperatorRef, Monday, Tuesday, Wednesday, Thursday, Friday, Saturday, Sunday, DepatureHour, DepatureMinute, DepatureSecond, Note, NoteCode) VALUES ('82879', 'FSACM18', '0', 'JPS_FSACM18-3', 'CAL', 0, 0, 0, 1, 0, 0, 0, 17, 0, 0, 'Passengers should check-in 10 mins before ferry departure time shown', 'FER');
INSERT INTO DayOfNonOperation (VehicleJourneyRef, StartDate, EndDate) VALUES ('82879', 1522368000, 1539215999);
INSERT INTO DayOfNonOperation (VehicleJourneyRef, StartDate, EndDate) VALUES ('82879', 1539302400, 2524607999);
INSERT INTO VehicleJourney (VehicleJourneyCode, ServiceRef, LineRef, JourneyPatternRef, OperatorRef, Monday, Tuesday, Wednesday, Thursday, Friday, Saturday, Sunday, DepatureHour, DepatureMinute, DepatureSecond, Note, NoteCode) VALUES ('82880', 'FSACM18', '0', 'JPS_FSACM18-3', 'CAL', 0, 0, 0, 1, 0, 0, 0, 18, 45, 0, 'Passengers should check-in 10 mins before ferry departure time shown', 'FER');
INSERT INTO DayOfNonOperation (VehicleJourneyRef, StartDate, EndDate) VALUES ('82880', 1522368000, 1539215999);
INSERT INTO DayOfNonOperation (VehicleJourneyRef, StartDate, EndDate) VALUES ('82880', 1539302400, 2524607999);
INSERT INTO VehicleJourney (VehicleJourneyCode, ServiceRef, LineRef, JourneyPatternRef, OperatorRef, Monday, Tuesday, Wednesday, Thursday, Friday, Saturday, Sunday, DepatureHour, DepatureMinute, DepatureSecond, Note, NoteCode) VALUES ('82952', 'FSACM18', '0', 'JPS_FSACM18-6', 'CAL', 0, 0, 0, 1, 0, 0, 0, 15, 50, 0, 'Passengers should check-in 10 mins before ferry departure time shown', 'FER');
INSERT INTO DayOfNonOperation (VehicleJourneyRef, StartDate, EndDate) VALUES ('82952', 1522368000, 1539215999);
INSERT INTO DayOfNonOperation (VehicleJourneyRef, StartDate, EndDate) VALUES ('82952', 1539302400, 2524607999);
INSERT INTO VehicleJourney (VehicleJourneyCode, ServiceRef, LineRef, JourneyPatternRef, OperatorRef, Monday, Tuesday, Wednesday, Thursday, Friday, Saturday, Sunday, DepatureHour, DepatureMinute, DepatureSecond, Note, NoteCode) VALUES ('82953', 'FSACM18', '0', 'JPS_FSACM18-5', 'CAL', 0, 0, 0, 1, 0, 0, 0, 17, 50, 0, 'Passengers should check-in 10 mins before ferry departure time shown', 'FER');
INSERT INTO DayOfNonOperation (VehicleJourneyRef, StartDate, EndDate) VALUES ('82953', 1522368000, 1539215999);
INSERT INTO DayOfNonOperation (VehicleJourneyRef, StartDate, EndDate) VALUES ('82953', 1539302400, 2524607999);
INSERT INTO VehicleJourney (VehicleJourneyCode, ServiceRef, LineRef, JourneyPatternRef, OperatorRef, Monday, Tuesday, Wednesday, Thursday, Friday, Saturday, Sunday, DepatureHour, DepatureMinute, DepatureSecond, Note, NoteCode) VALUES ('82828', 'FSACM18', '0', 'JPS_FSACM18-3', 'CAL', 0, 0, 0, 0, 1, 0, 0, 17, 0, 0, 'Passengers should check-in 10 mins before ferry departure time shown', 'FER');
INSERT INTO DayOfNonOperation (VehicleJourneyRef, StartDate, EndDate) VALUES ('82828', 1522368000, 1539302399);
INSERT INTO DayOfNonOperation (VehicleJourneyRef, StartDate, EndDate) VALUES ('82828', 1539388800, 2524607999);
INSERT INTO VehicleJourney (VehicleJourneyCode, ServiceRef, LineRef, JourneyPatternRef, OperatorRef, Monday, Tuesday, Wednesday, Thursday, Friday, Saturday, Sunday, DepatureHour, DepatureMinute, DepatureSecond, Note, NoteCode) VALUES ('82898', 'FSACM18', '0', 'JPS_FSACM18-5', 'CAL', 0, 0, 0, 0, 1, 0, 0, 16, 10, 0, 'Passengers should check-in 10 mins before ferry departure time shown', 'FER');
INSERT INTO DayOfNonOperation (VehicleJourneyRef, StartDate, EndDate) VALUES ('82898', 1522368000, 1539302399);
INSERT INTO DayOfNonOperation (VehicleJourneyRef, StartDate, EndDate) VALUES ('82898', 1539388800, 2524607999);
INSERT INTO VehicleJourney (VehicleJourneyCode, ServiceRef, LineRef, JourneyPatternRef, OperatorRef, Monday, Tuesday, Wednesday, Thursday, Friday, Saturday, Sunday, DepatureHour, DepatureMinute, DepatureSecond, Note, NoteCode) VALUES ('82899', 'FSACM18', '0', 'JPS_FSACM18-5', 'CAL', 0, 0, 0, 0, 1, 0, 0, 17, 50, 0, 'Passengers should check-in 10 mins before ferry departure time shown', 'FER');
INSERT INTO DayOfNonOperation (VehicleJourneyRef, StartDate, EndDate) VALUES ('82899', 1522368000, 1539302399);
INSERT INTO DayOfNonOperation (VehicleJourneyRef, StartDate, EndDate) VALUES ('82899', 1539388800, 2524607999);
INSERT INTO VehicleJourney (VehicleJourneyCode, ServiceRef, LineRef, JourneyPatternRef, OperatorRef, Monday, Tuesday, Wednesday, Thursday, Friday, Saturday, Sunday, DepatureHour, DepatureMinute, DepatureSecond, Note, NoteCode) VALUES ('82849', 'FSACM18', '0', 'JPS_FSACM18-8', 'CAL', 1, 1, 1, 1, 1, 1, 0, 9, 25, 0, 'Passengers should check-in 10 mins before ferry departure time shown', 'FER');
INSERT INTO DayOfNonOperation (VehicleJourneyRef, StartDate, EndDate) VALUES ('82849', 1522368000, 1540166399);
INSERT INTO DayOfNonOperation (VehicleJourneyRef, StartDate, EndDate) VALUES ('82849', 1545696000, 1545868799);
INSERT INTO DayOfNonOperation (VehicleJourneyRef, StartDate, EndDate) VALUES ('82849', 1546300800, 1546473599);
INSERT INTO VehicleJourney (VehicleJourneyCode, ServiceRef, LineRef, JourneyPatternRef, OperatorRef, Monday, Tuesday, Wednesday, Thursday, Friday, Saturday, Sunday, DepatureHour, DepatureMinute, DepatureSecond, Note, NoteCode) VALUES ('82850', 'FSACM18', '0', 'JPS_FSACM18-8', 'CAL', 1, 1, 1, 1, 1, 1, 0, 16, 45, 0, 'Passengers should check-in 10 mins before ferry departure time shown', 'FER');
INSERT INTO DayOfNonOperation (VehicleJourneyRef, StartDate, EndDate) VALUES ('82850', 1522368000, 1540166399);
INSERT INTO DayOfNonOperation (VehicleJourneyRef, StartDate, EndDate) VALUES ('82850', 1545696000, 1545868799);
INSERT INTO DayOfNonOperation (VehicleJourneyRef, StartDate, EndDate) VALUES ('82850', 1546300800, 1546473599);
INSERT INTO VehicleJourney (VehicleJourneyCode, ServiceRef, LineRef, JourneyPatternRef, OperatorRef, Monday, Tuesday, Wednesday, Thursday, Friday, Saturday, Sunday, DepatureHour, DepatureMinute, DepatureSecond, Note, NoteCode) VALUES ('82867', 'FSACM18', '0', 'JPS_FSACM18-8', 'CAL', 0, 0, 0, 0, 0, 0, 1, 16, 45, 0, 'Passengers should check-in 10 mins before ferry departure time shown', 'FER');
INSERT INTO DayOfNonOperation (VehicleJourneyRef, StartDate, EndDate) VALUES ('82867', 1522368000, 1540166399);
INSERT INTO VehicleJourney (VehicleJourneyCode, ServiceRef, LineRef, JourneyPatternRef, OperatorRef, Monday, Tuesday, Wednesday, Thursday, Friday, Saturday, Sunday, DepatureHour, DepatureMinute, DepatureSecond, Note, NoteCode) VALUES ('82920', 'FSACM18', '0', 'JPS_FSACM18-9', 'CAL', 1, 1, 1, 1, 1, 1, 0, 8, 40, 0, 'Passengers should check-in 10 mins before ferry departure time shown', 'FER');
INSERT INTO DayOfNonOperation (VehicleJourneyRef, StartDate, EndDate) VALUES ('82920', 1522368000, 1540166399);
INSERT INTO DayOfNonOperation (VehicleJourneyRef, StartDate, EndDate) VALUES ('82920', 1545696000, 1545868799);
INSERT INTO DayOfNonOperation (VehicleJourneyRef, StartDate, EndDate) VALUES ('82920', 1546300800, 1546473599);
INSERT INTO VehicleJourney (VehicleJourneyCode, ServiceRef, LineRef, JourneyPatternRef, OperatorRef, Monday, Tuesday, Wednesday, Thursday, Friday, Saturday, Sunday, DepatureHour, DepatureMinute, DepatureSecond, Note, NoteCode) VALUES ('82921', 'FSACM18', '0', 'JPS_FSACM18-9', 'CAL', 1, 1, 1, 1, 1, 1, 0, 16, 0, 0, 'Passengers should check-in 10 mins before ferry departure time shown', 'FER');
INSERT INTO DayOfNonOperation (VehicleJourneyRef, StartDate, EndDate) VALUES ('82921', 1522368000, 1540166399);
INSERT INTO DayOfNonOperation (VehicleJourneyRef, StartDate, EndDate) VALUES ('82921', 1545696000, 1545868799);
INSERT INTO DayOfNonOperation (VehicleJourneyRef, StartDate, EndDate) VALUES ('82921', 1546300800, 1546473599);
INSERT INTO VehicleJourney (VehicleJourneyCode, ServiceRef, LineRef, JourneyPatternRef, OperatorRef, Monday, Tuesday, Wednesday, Thursday, Friday, Saturday, Sunday, DepatureHour, DepatureMinute, DepatureSecond, Note, NoteCode) VALUES ('82941', 'FSACM18', '0', 'JPS_FSACM18-9', 'CAL', 0, 0, 0, 0, 0, 0, 1, 16, 0, 0, 'Passengers should check-in 10 mins before ferry departure time shown', 'FER');
INSERT INTO DayOfNonOperation (VehicleJourneyRef, StartDate, EndDate) VALUES ('82941', 1522368000, 1540166399);
INSERT INTO VehicleJourney (VehicleJourneyCode, ServiceRef, LineRef, JourneyPatternRef, OperatorRef, Monday, Tuesday, Wednesday, Thursday, Friday, Saturday, Sunday, DepatureHour, DepatureMinute, DepatureSecond, Note, NoteCode) VALUES ('82846', 'FSACM18', '0', 'JPS_FSACM18-8', 'CAL', 1, 1, 1, 1, 1, 1, 0, 18, 15, 0, 'Passengers should check-in 10 mins before ferry departure time shown', 'FER');
INSERT INTO DayOfNonOperation (VehicleJourneyRef, StartDate, EndDate) VALUES ('82846', 1522368000, 1540252799);
INSERT INTO DayOfNonOperation (VehicleJourneyRef, StartDate, EndDate) VALUES ('82846', 1541376000, 2524607999);
INSERT INTO VehicleJourney (VehicleJourneyCode, ServiceRef, LineRef, JourneyPatternRef, OperatorRef, Monday, Tuesday, Wednesday, Thursday, Friday, Saturday, Sunday, DepatureHour, DepatureMinute, DepatureSecond, Note, NoteCode) VALUES ('82918', 'FSACM18', '0', 'JPS_FSACM18-9', 'CAL', 1, 1, 1, 1, 1, 1, 0, 17, 30, 0, 'Passengers should check-in 10 mins before ferry departure time shown', 'FER');
INSERT INTO DayOfNonOperation (VehicleJourneyRef, StartDate, EndDate) VALUES ('82918', 1522368000, 1540252799);
INSERT INTO DayOfNonOperation (VehicleJourneyRef, StartDate, EndDate) VALUES ('82918', 1541376000, 2524607999);
INSERT INTO VehicleJourney (VehicleJourneyCode, ServiceRef, LineRef, JourneyPatternRef, OperatorRef, Monday, Tuesday, Wednesday, Thursday, Friday, Saturday, Sunday, DepatureHour, DepatureMinute, DepatureSecond, Note, NoteCode) VALUES ('82847', 'FSACM18', '0', 'JPS_FSACM18-8', 'CAL', 1, 1, 1, 1, 1, 1, 0, 18, 15, 0, 'Passengers should check-in 10 mins before ferry departure time shown', 'FER');
INSERT INTO DayOfNonOperation (VehicleJourneyRef, StartDate, EndDate) VALUES ('82847', 1522368000, 1552607999);
INSERT INTO DayOfNonOperation (VehicleJourneyRef, StartDate, EndDate) VALUES ('82847', 1553904000, 2524607999);
INSERT INTO VehicleJourney (VehicleJourneyCode, ServiceRef, LineRef, JourneyPatternRef, OperatorRef, Monday, Tuesday, Wednesday, Thursday, Friday, Saturday, Sunday, DepatureHour, DepatureMinute, DepatureSecond, Note, NoteCode) VALUES ('82919', 'FSACM18', '0', 'JPS_FSACM18-9', 'CAL', 1, 1, 1, 1, 1, 1, 0, 17, 30, 0, 'Passengers should check-in 10 mins before ferry departure time shown', 'FER');
INSERT INTO DayOfNonOperation (VehicleJourneyRef, StartDate, EndDate) VALUES ('82919', 1522368000, 1552607999);
INSERT INTO DayOfNonOperation (VehicleJourneyRef, StartDate, EndDate) VALUES ('82919', 1553904000, 2524607999);