INSERT INTO AnnotatedStopPointRef (StopPointRef, CommonName, Latitude, Longitude) VALUES ('9300BRB', 'Brodick Isle of Arran Ferry Terminal', 0, 0);
INSERT INTO AnnotatedStopPointRef (StopPointRef, CommonName, Latitude, Longitude) VALUES ('9300ARD', 'Ardrossan Ferry Terminal', 0, 0);
INSERT INTO Route (RouteId, RouteDescription, RouteSectionRef) VALUES ('FSACM05_001', 'Brodick - Ardrossan
', 'FSACM05_001');
INSERT INTO Route (RouteId, RouteDescription, RouteSectionRef) VALUES ('FSACM05_002', 'Ardrossan - Brodick
', 'FSACM05_002');
INSERT INTO RouteSection (RouteSectionId) VALUES ('FSACM05_001');
INSERT INTO RouteLink (RouteLinkId, RouteSectionId, FromStopPointRef, ToStopPointRef, `Order`, RouteDirection) VALUES ('FSACM05_001_280657', 'FSACM05_001', '9300BRB', '9300ARD', 0, 'inbound');
INSERT INTO RouteSection (RouteSectionId) VALUES ('FSACM05_002');
INSERT INTO RouteLink (RouteLinkId, RouteSectionId, FromStopPointRef, ToStopPointRef, `Order`, RouteDirection) VALUES ('FSACM05_002_280659', 'FSACM05_002', '9300ARD', '9300BRB', 0, 'outbound');
INSERT INTO JourneyPatternSection (JourneyPatternSectionId) VALUES ('JPS_FSACM05-3');
INSERT INTO JourneyPatternTimingLink (JourneyPatternTimingLinkId, JourneyPatternSectionId, JourneyPatternFromStopPointRef, JourneyPatternFromTimingStatus, JourneyPatternToStopPointsRef, JourneyPatternToTimingStatus, RouteLinkRef, JourneyDirection, RunTime, WaitTime) VALUES ('JPS_FSACM05-3_280657', 'JPS_FSACM05-3', '9300BRB', 'PTP', '9300ARD', 'PTP', 'FSACM05_001_280657', 'inbound', 'PT3300S', '');
INSERT INTO JourneyPatternSection (JourneyPatternSectionId) VALUES ('JPS_FSACM05-4');
INSERT INTO JourneyPatternTimingLink (JourneyPatternTimingLinkId, JourneyPatternSectionId, JourneyPatternFromStopPointRef, JourneyPatternFromTimingStatus, JourneyPatternToStopPointsRef, JourneyPatternToTimingStatus, RouteLinkRef, JourneyDirection, RunTime, WaitTime) VALUES ('JPS_FSACM05-4_280659', 'JPS_FSACM05-4', '9300ARD', 'PTP', '9300BRB', 'PTP', 'FSACM05_002_280659', 'outbound', 'PT3300S', '');
INSERT INTO Operator (OperatorId, NationalOperatorCode, OperatorCode, OperatorShortName) VALUES ('CAL', 'CALM', 'CAL', 'Caledonian MacBrayne');
INSERT INTO Service (ServiceCode, RegisteredOperatorRef, Mode, Description, Origin, Destination, StartDate, EndDate) VALUES ('FSACM05', 'CAL', 'ferry', 'Ardrossan - Brodick', 'Ardrossan', 'Brodick', 1522368000, 2524607999);
INSERT INTO Line (LineId, ServiceRef, LineName) VALUES ('0', 'FSACM05', 'CM5');
INSERT INTO JourneyPattern (JourneyPatternId, ServiceRef, JourneyPatternSectionRef, JourneyPatternDirection) VALUES ('JPS_FSACM05-3', 'FSACM05', 'JPS_FSACM05-3', 'inbound');
INSERT INTO JourneyPattern (JourneyPatternId, ServiceRef, JourneyPatternSectionRef, JourneyPatternDirection) VALUES ('JPS_FSACM05-4', 'FSACM05', 'JPS_FSACM05-4', 'outbound');
INSERT INTO VehicleJourney (VehicleJourneyCode, ServiceRef, LineRef, JourneyPatternRef, OperatorRef, Monday, Tuesday, Wednesday, Thursday, Friday, Saturday, Sunday, DepatureHour, DepatureMinute, DepatureSecond, Note, NoteCode) VALUES ('81825', 'FSACM05', '0', 'JPS_FSACM05-3', 'CAL', 0, 0, 0, 0, 1, 0, 0, 21, 40, 0, 'Passengers should check-in 10 mins before ferry departure time shown', 'FER');
INSERT INTO DayOfNonOperation (VehicleJourneyRef, StartDate, EndDate) VALUES ('81825', 1540166400, 2524607999);
INSERT INTO VehicleJourney (VehicleJourneyCode, ServiceRef, LineRef, JourneyPatternRef, OperatorRef, Monday, Tuesday, Wednesday, Thursday, Friday, Saturday, Sunday, DepatureHour, DepatureMinute, DepatureSecond, Note, NoteCode) VALUES ('81826', 'FSACM05', '0', 'JPS_FSACM05-3', 'CAL', 1, 1, 1, 1, 1, 0, 0, 8, 20, 0, 'Passengers should check-in 10 mins before ferry departure time shown', 'FER');
INSERT INTO DayOfNonOperation (VehicleJourneyRef, StartDate, EndDate) VALUES ('81826', 1540166400, 2524607999);
INSERT INTO VehicleJourney (VehicleJourneyCode, ServiceRef, LineRef, JourneyPatternRef, OperatorRef, Monday, Tuesday, Wednesday, Thursday, Friday, Saturday, Sunday, DepatureHour, DepatureMinute, DepatureSecond, Note, NoteCode) VALUES ('81827', 'FSACM05', '0', 'JPS_FSACM05-3', 'CAL', 1, 1, 1, 1, 1, 0, 0, 11, 5, 0, 'Passengers should check-in 10 mins before ferry departure time shown', 'FER');
INSERT INTO DayOfNonOperation (VehicleJourneyRef, StartDate, EndDate) VALUES ('81827', 1540166400, 2524607999);
INSERT INTO VehicleJourney (VehicleJourneyCode, ServiceRef, LineRef, JourneyPatternRef, OperatorRef, Monday, Tuesday, Wednesday, Thursday, Friday, Saturday, Sunday, DepatureHour, DepatureMinute, DepatureSecond, Note, NoteCode) VALUES ('81828', 'FSACM05', '0', 'JPS_FSACM05-3', 'CAL', 1, 1, 1, 1, 1, 0, 0, 13, 55, 0, 'Passengers should check-in 10 mins before ferry departure time shown', 'FER');
INSERT INTO DayOfNonOperation (VehicleJourneyRef, StartDate, EndDate) VALUES ('81828', 1540166400, 2524607999);
INSERT INTO VehicleJourney (VehicleJourneyCode, ServiceRef, LineRef, JourneyPatternRef, OperatorRef, Monday, Tuesday, Wednesday, Thursday, Friday, Saturday, Sunday, DepatureHour, DepatureMinute, DepatureSecond, Note, NoteCode) VALUES ('81829', 'FSACM05', '0', 'JPS_FSACM05-3', 'CAL', 1, 1, 1, 1, 1, 0, 0, 16, 40, 0, 'Passengers should check-in 10 mins before ferry departure time shown', 'FER');
INSERT INTO DayOfNonOperation (VehicleJourneyRef, StartDate, EndDate) VALUES ('81829', 1540166400, 2524607999);
INSERT INTO VehicleJourney (VehicleJourneyCode, ServiceRef, LineRef, JourneyPatternRef, OperatorRef, Monday, Tuesday, Wednesday, Thursday, Friday, Saturday, Sunday, DepatureHour, DepatureMinute, DepatureSecond, Note, NoteCode) VALUES ('81830', 'FSACM05', '0', 'JPS_FSACM05-3', 'CAL', 1, 1, 1, 1, 1, 0, 0, 19, 20, 0, 'Passengers should check-in 10 mins before ferry departure time shown', 'FER');
INSERT INTO DayOfNonOperation (VehicleJourneyRef, StartDate, EndDate) VALUES ('81830', 1540166400, 2524607999);
INSERT INTO VehicleJourney (VehicleJourneyCode, ServiceRef, LineRef, JourneyPatternRef, OperatorRef, Monday, Tuesday, Wednesday, Thursday, Friday, Saturday, Sunday, DepatureHour, DepatureMinute, DepatureSecond, Note, NoteCode) VALUES ('81854', 'FSACM05', '0', 'JPS_FSACM05-3', 'CAL', 0, 0, 0, 0, 0, 1, 0, 8, 20, 0, 'Passengers should check-in 10 mins before ferry departure time shown', 'FER');
INSERT INTO DayOfNonOperation (VehicleJourneyRef, StartDate, EndDate) VALUES ('81854', 1540166400, 2524607999);
INSERT INTO VehicleJourney (VehicleJourneyCode, ServiceRef, LineRef, JourneyPatternRef, OperatorRef, Monday, Tuesday, Wednesday, Thursday, Friday, Saturday, Sunday, DepatureHour, DepatureMinute, DepatureSecond, Note, NoteCode) VALUES ('81855', 'FSACM05', '0', 'JPS_FSACM05-3', 'CAL', 0, 0, 0, 0, 0, 1, 0, 11, 5, 0, 'Passengers should check-in 10 mins before ferry departure time shown', 'FER');
INSERT INTO DayOfNonOperation (VehicleJourneyRef, StartDate, EndDate) VALUES ('81855', 1540166400, 2524607999);
INSERT INTO VehicleJourney (VehicleJourneyCode, ServiceRef, LineRef, JourneyPatternRef, OperatorRef, Monday, Tuesday, Wednesday, Thursday, Friday, Saturday, Sunday, DepatureHour, DepatureMinute, DepatureSecond, Note, NoteCode) VALUES ('81856', 'FSACM05', '0', 'JPS_FSACM05-3', 'CAL', 0, 0, 0, 0, 0, 1, 0, 13, 55, 0, 'Passengers should check-in 10 mins before ferry departure time shown', 'FER');
INSERT INTO DayOfNonOperation (VehicleJourneyRef, StartDate, EndDate) VALUES ('81856', 1540166400, 2524607999);
INSERT INTO VehicleJourney (VehicleJourneyCode, ServiceRef, LineRef, JourneyPatternRef, OperatorRef, Monday, Tuesday, Wednesday, Thursday, Friday, Saturday, Sunday, DepatureHour, DepatureMinute, DepatureSecond, Note, NoteCode) VALUES ('81857', 'FSACM05', '0', 'JPS_FSACM05-3', 'CAL', 0, 0, 0, 0, 0, 1, 0, 16, 40, 0, 'Passengers should check-in 10 mins before ferry departure time shown', 'FER');
INSERT INTO DayOfNonOperation (VehicleJourneyRef, StartDate, EndDate) VALUES ('81857', 1540166400, 2524607999);
INSERT INTO VehicleJourney (VehicleJourneyCode, ServiceRef, LineRef, JourneyPatternRef, OperatorRef, Monday, Tuesday, Wednesday, Thursday, Friday, Saturday, Sunday, DepatureHour, DepatureMinute, DepatureSecond, Note, NoteCode) VALUES ('81858', 'FSACM05', '0', 'JPS_FSACM05-3', 'CAL', 0, 0, 0, 0, 0, 1, 0, 19, 20, 0, 'Passengers should check-in 10 mins before ferry departure time shown', 'FER');
INSERT INTO DayOfNonOperation (VehicleJourneyRef, StartDate, EndDate) VALUES ('81858', 1540166400, 2524607999);
INSERT INTO VehicleJourney (VehicleJourneyCode, ServiceRef, LineRef, JourneyPatternRef, OperatorRef, Monday, Tuesday, Wednesday, Thursday, Friday, Saturday, Sunday, DepatureHour, DepatureMinute, DepatureSecond, Note, NoteCode) VALUES ('81878', 'FSACM05', '0', 'JPS_FSACM05-3', 'CAL', 0, 0, 0, 0, 0, 0, 1, 11, 5, 0, 'Passengers should check-in 10 mins before ferry departure time shown', 'FER');
INSERT INTO DayOfNonOperation (VehicleJourneyRef, StartDate, EndDate) VALUES ('81878', 1540166400, 2524607999);
INSERT INTO VehicleJourney (VehicleJourneyCode, ServiceRef, LineRef, JourneyPatternRef, OperatorRef, Monday, Tuesday, Wednesday, Thursday, Friday, Saturday, Sunday, DepatureHour, DepatureMinute, DepatureSecond, Note, NoteCode) VALUES ('81879', 'FSACM05', '0', 'JPS_FSACM05-3', 'CAL', 0, 0, 0, 0, 0, 0, 1, 13, 55, 0, 'Passengers should check-in 10 mins before ferry departure time shown', 'FER');
INSERT INTO DayOfNonOperation (VehicleJourneyRef, StartDate, EndDate) VALUES ('81879', 1540166400, 2524607999);
INSERT INTO VehicleJourney (VehicleJourneyCode, ServiceRef, LineRef, JourneyPatternRef, OperatorRef, Monday, Tuesday, Wednesday, Thursday, Friday, Saturday, Sunday, DepatureHour, DepatureMinute, DepatureSecond, Note, NoteCode) VALUES ('81880', 'FSACM05', '0', 'JPS_FSACM05-3', 'CAL', 0, 0, 0, 0, 0, 0, 1, 16, 40, 0, 'Passengers should check-in 10 mins before ferry departure time shown', 'FER');
INSERT INTO DayOfNonOperation (VehicleJourneyRef, StartDate, EndDate) VALUES ('81880', 1540166400, 2524607999);
INSERT INTO VehicleJourney (VehicleJourneyCode, ServiceRef, LineRef, JourneyPatternRef, OperatorRef, Monday, Tuesday, Wednesday, Thursday, Friday, Saturday, Sunday, DepatureHour, DepatureMinute, DepatureSecond, Note, NoteCode) VALUES ('81881', 'FSACM05', '0', 'JPS_FSACM05-3', 'CAL', 0, 0, 0, 0, 0, 0, 1, 19, 20, 0, 'Passengers should check-in 10 mins before ferry departure time shown', 'FER');
INSERT INTO DayOfNonOperation (VehicleJourneyRef, StartDate, EndDate) VALUES ('81881', 1540166400, 2524607999);
INSERT INTO VehicleJourney (VehicleJourneyCode, ServiceRef, LineRef, JourneyPatternRef, OperatorRef, Monday, Tuesday, Wednesday, Thursday, Friday, Saturday, Sunday, DepatureHour, DepatureMinute, DepatureSecond, Note, NoteCode) VALUES ('81902', 'FSACM05', '0', 'JPS_FSACM05-4', 'CAL', 0, 0, 0, 0, 1, 0, 0, 20, 30, 0, 'Passengers should check-in 10 mins before ferry departure time shown', 'FER');
INSERT INTO DayOfNonOperation (VehicleJourneyRef, StartDate, EndDate) VALUES ('81902', 1540166400, 2524607999);
INSERT INTO VehicleJourney (VehicleJourneyCode, ServiceRef, LineRef, JourneyPatternRef, OperatorRef, Monday, Tuesday, Wednesday, Thursday, Friday, Saturday, Sunday, DepatureHour, DepatureMinute, DepatureSecond, Note, NoteCode) VALUES ('81903', 'FSACM05', '0', 'JPS_FSACM05-4', 'CAL', 1, 1, 1, 1, 1, 0, 0, 7, 0, 0, 'Passengers should check-in 10 mins before ferry departure time shown', 'FER');
INSERT INTO DayOfNonOperation (VehicleJourneyRef, StartDate, EndDate) VALUES ('81903', 1540166400, 2524607999);
INSERT INTO VehicleJourney (VehicleJourneyCode, ServiceRef, LineRef, JourneyPatternRef, OperatorRef, Monday, Tuesday, Wednesday, Thursday, Friday, Saturday, Sunday, DepatureHour, DepatureMinute, DepatureSecond, Note, NoteCode) VALUES ('81904', 'FSACM05', '0', 'JPS_FSACM05-4', 'CAL', 1, 1, 1, 1, 1, 0, 0, 9, 45, 0, 'Passengers should check-in 10 mins before ferry departure time shown', 'FER');
INSERT INTO DayOfNonOperation (VehicleJourneyRef, StartDate, EndDate) VALUES ('81904', 1540166400, 2524607999);
INSERT INTO VehicleJourney (VehicleJourneyCode, ServiceRef, LineRef, JourneyPatternRef, OperatorRef, Monday, Tuesday, Wednesday, Thursday, Friday, Saturday, Sunday, DepatureHour, DepatureMinute, DepatureSecond, Note, NoteCode) VALUES ('81905', 'FSACM05', '0', 'JPS_FSACM05-4', 'CAL', 1, 1, 1, 1, 1, 0, 0, 12, 30, 0, 'Passengers should check-in 10 mins before ferry departure time shown', 'FER');
INSERT INTO DayOfNonOperation (VehicleJourneyRef, StartDate, EndDate) VALUES ('81905', 1540166400, 2524607999);
INSERT INTO VehicleJourney (VehicleJourneyCode, ServiceRef, LineRef, JourneyPatternRef, OperatorRef, Monday, Tuesday, Wednesday, Thursday, Friday, Saturday, Sunday, DepatureHour, DepatureMinute, DepatureSecond, Note, NoteCode) VALUES ('81906', 'FSACM05', '0', 'JPS_FSACM05-4', 'CAL', 1, 1, 1, 1, 1, 0, 0, 15, 20, 0, 'Passengers should check-in 10 mins before ferry departure time shown', 'FER');
INSERT INTO DayOfNonOperation (VehicleJourneyRef, StartDate, EndDate) VALUES ('81906', 1540166400, 2524607999);
INSERT INTO VehicleJourney (VehicleJourneyCode, ServiceRef, LineRef, JourneyPatternRef, OperatorRef, Monday, Tuesday, Wednesday, Thursday, Friday, Saturday, Sunday, DepatureHour, DepatureMinute, DepatureSecond, Note, NoteCode) VALUES ('81907', 'FSACM05', '0', 'JPS_FSACM05-4', 'CAL', 1, 1, 1, 1, 1, 0, 0, 18, 0, 0, 'Passengers should check-in 10 mins before ferry departure time shown', 'FER');
INSERT INTO DayOfNonOperation (VehicleJourneyRef, StartDate, EndDate) VALUES ('81907', 1540166400, 2524607999);
INSERT INTO VehicleJourney (VehicleJourneyCode, ServiceRef, LineRef, JourneyPatternRef, OperatorRef, Monday, Tuesday, Wednesday, Thursday, Friday, Saturday, Sunday, DepatureHour, DepatureMinute, DepatureSecond, Note, NoteCode) VALUES ('81931', 'FSACM05', '0', 'JPS_FSACM05-4', 'CAL', 0, 0, 0, 0, 0, 1, 0, 7, 0, 0, 'Passengers should check-in 10 mins before ferry departure time shown', 'FER');
INSERT INTO DayOfNonOperation (VehicleJourneyRef, StartDate, EndDate) VALUES ('81931', 1540166400, 2524607999);
INSERT INTO VehicleJourney (VehicleJourneyCode, ServiceRef, LineRef, JourneyPatternRef, OperatorRef, Monday, Tuesday, Wednesday, Thursday, Friday, Saturday, Sunday, DepatureHour, DepatureMinute, DepatureSecond, Note, NoteCode) VALUES ('81932', 'FSACM05', '0', 'JPS_FSACM05-4', 'CAL', 0, 0, 0, 0, 0, 1, 0, 9, 45, 0, 'Passengers should check-in 10 mins before ferry departure time shown', 'FER');
INSERT INTO DayOfNonOperation (VehicleJourneyRef, StartDate, EndDate) VALUES ('81932', 1540166400, 2524607999);
INSERT INTO VehicleJourney (VehicleJourneyCode, ServiceRef, LineRef, JourneyPatternRef, OperatorRef, Monday, Tuesday, Wednesday, Thursday, Friday, Saturday, Sunday, DepatureHour, DepatureMinute, DepatureSecond, Note, NoteCode) VALUES ('81933', 'FSACM05', '0', 'JPS_FSACM05-4', 'CAL', 0, 0, 0, 0, 0, 1, 0, 12, 30, 0, 'Passengers should check-in 10 mins before ferry departure time shown', 'FER');
INSERT INTO DayOfNonOperation (VehicleJourneyRef, StartDate, EndDate) VALUES ('81933', 1540166400, 2524607999);
INSERT INTO VehicleJourney (VehicleJourneyCode, ServiceRef, LineRef, JourneyPatternRef, OperatorRef, Monday, Tuesday, Wednesday, Thursday, Friday, Saturday, Sunday, DepatureHour, DepatureMinute, DepatureSecond, Note, NoteCode) VALUES ('81934', 'FSACM05', '0', 'JPS_FSACM05-4', 'CAL', 0, 0, 0, 0, 0, 1, 0, 15, 20, 0, 'Passengers should check-in 10 mins before ferry departure time shown', 'FER');
INSERT INTO DayOfNonOperation (VehicleJourneyRef, StartDate, EndDate) VALUES ('81934', 1540166400, 2524607999);
INSERT INTO VehicleJourney (VehicleJourneyCode, ServiceRef, LineRef, JourneyPatternRef, OperatorRef, Monday, Tuesday, Wednesday, Thursday, Friday, Saturday, Sunday, DepatureHour, DepatureMinute, DepatureSecond, Note, NoteCode) VALUES ('81935', 'FSACM05', '0', 'JPS_FSACM05-4', 'CAL', 0, 0, 0, 0, 0, 1, 0, 18, 0, 0, 'Passengers should check-in 10 mins before ferry departure time shown', 'FER');
INSERT INTO DayOfNonOperation (VehicleJourneyRef, StartDate, EndDate) VALUES ('81935', 1540166400, 2524607999);
INSERT INTO VehicleJourney (VehicleJourneyCode, ServiceRef, LineRef, JourneyPatternRef, OperatorRef, Monday, Tuesday, Wednesday, Thursday, Friday, Saturday, Sunday, DepatureHour, DepatureMinute, DepatureSecond, Note, NoteCode) VALUES ('81957', 'FSACM05', '0', 'JPS_FSACM05-4', 'CAL', 0, 0, 0, 0, 0, 0, 1, 9, 45, 0, 'Passengers should check-in 10 mins before ferry departure time shown', 'FER');
INSERT INTO DayOfNonOperation (VehicleJourneyRef, StartDate, EndDate) VALUES ('81957', 1540166400, 2524607999);
INSERT INTO VehicleJourney (VehicleJourneyCode, ServiceRef, LineRef, JourneyPatternRef, OperatorRef, Monday, Tuesday, Wednesday, Thursday, Friday, Saturday, Sunday, DepatureHour, DepatureMinute, DepatureSecond, Note, NoteCode) VALUES ('81958', 'FSACM05', '0', 'JPS_FSACM05-4', 'CAL', 0, 0, 0, 0, 0, 0, 1, 12, 30, 0, 'Passengers should check-in 10 mins before ferry departure time shown', 'FER');
INSERT INTO DayOfNonOperation (VehicleJourneyRef, StartDate, EndDate) VALUES ('81958', 1540166400, 2524607999);
INSERT INTO VehicleJourney (VehicleJourneyCode, ServiceRef, LineRef, JourneyPatternRef, OperatorRef, Monday, Tuesday, Wednesday, Thursday, Friday, Saturday, Sunday, DepatureHour, DepatureMinute, DepatureSecond, Note, NoteCode) VALUES ('81959', 'FSACM05', '0', 'JPS_FSACM05-4', 'CAL', 0, 0, 0, 0, 0, 0, 1, 15, 20, 0, 'Passengers should check-in 10 mins before ferry departure time shown', 'FER');
INSERT INTO DayOfNonOperation (VehicleJourneyRef, StartDate, EndDate) VALUES ('81959', 1540166400, 2524607999);
INSERT INTO VehicleJourney (VehicleJourneyCode, ServiceRef, LineRef, JourneyPatternRef, OperatorRef, Monday, Tuesday, Wednesday, Thursday, Friday, Saturday, Sunday, DepatureHour, DepatureMinute, DepatureSecond, Note, NoteCode) VALUES ('81960', 'FSACM05', '0', 'JPS_FSACM05-4', 'CAL', 0, 0, 0, 0, 0, 0, 1, 18, 0, 0, 'Passengers should check-in 10 mins before ferry departure time shown', 'FER');
INSERT INTO DayOfNonOperation (VehicleJourneyRef, StartDate, EndDate) VALUES ('81960', 1540166400, 2524607999);
INSERT INTO VehicleJourney (VehicleJourneyCode, ServiceRef, LineRef, JourneyPatternRef, OperatorRef, Monday, Tuesday, Wednesday, Thursday, Friday, Saturday, Sunday, DepatureHour, DepatureMinute, DepatureSecond, Note, NoteCode) VALUES ('81831', 'FSACM05', '0', 'JPS_FSACM05-3', 'CAL', 1, 1, 1, 1, 1, 0, 0, 12, 30, 0, 'Passengers should check-in 10 mins before ferry departure time shown', 'FER');
INSERT INTO DayOfNonOperation (VehicleJourneyRef, StartDate, EndDate) VALUES ('81831', 1522368000, 1524700799);
INSERT INTO DayOfNonOperation (VehicleJourneyRef, StartDate, EndDate) VALUES ('81831', 1537833600, 2524607999);
INSERT INTO VehicleJourney (VehicleJourneyCode, ServiceRef, LineRef, JourneyPatternRef, OperatorRef, Monday, Tuesday, Wednesday, Thursday, Friday, Saturday, Sunday, DepatureHour, DepatureMinute, DepatureSecond, Note, NoteCode) VALUES ('81832', 'FSACM05', '0', 'JPS_FSACM05-3', 'CAL', 1, 1, 1, 1, 1, 0, 0, 15, 15, 0, 'Passengers should check-in 10 mins before ferry departure time shown', 'FER');
INSERT INTO DayOfNonOperation (VehicleJourneyRef, StartDate, EndDate) VALUES ('81832', 1522368000, 1524700799);
INSERT INTO DayOfNonOperation (VehicleJourneyRef, StartDate, EndDate) VALUES ('81832', 1537833600, 2524607999);
INSERT INTO VehicleJourney (VehicleJourneyCode, ServiceRef, LineRef, JourneyPatternRef, OperatorRef, Monday, Tuesday, Wednesday, Thursday, Friday, Saturday, Sunday, DepatureHour, DepatureMinute, DepatureSecond, Note, NoteCode) VALUES ('81851', 'FSACM05', '0', 'JPS_FSACM05-3', 'CAL', 1, 1, 1, 1, 0, 0, 0, 7, 0, 0, 'Passengers should check-in 10 mins before ferry departure time shown', 'FER');
INSERT INTO DayOfNonOperation (VehicleJourneyRef, StartDate, EndDate) VALUES ('81851', 1522368000, 1524700799);
INSERT INTO DayOfNonOperation (VehicleJourneyRef, StartDate, EndDate) VALUES ('81851', 1537833600, 2524607999);
INSERT INTO VehicleJourney (VehicleJourneyCode, ServiceRef, LineRef, JourneyPatternRef, OperatorRef, Monday, Tuesday, Wednesday, Thursday, Friday, Saturday, Sunday, DepatureHour, DepatureMinute, DepatureSecond, Note, NoteCode) VALUES ('81852', 'FSACM05', '0', 'JPS_FSACM05-3', 'CAL', 1, 1, 1, 1, 0, 0, 0, 9, 45, 0, 'Passengers should check-in 10 mins before ferry departure time shown', 'FER');
INSERT INTO DayOfNonOperation (VehicleJourneyRef, StartDate, EndDate) VALUES ('81852', 1522368000, 1524700799);
INSERT INTO DayOfNonOperation (VehicleJourneyRef, StartDate, EndDate) VALUES ('81852', 1537833600, 2524607999);
INSERT INTO VehicleJourney (VehicleJourneyCode, ServiceRef, LineRef, JourneyPatternRef, OperatorRef, Monday, Tuesday, Wednesday, Thursday, Friday, Saturday, Sunday, DepatureHour, DepatureMinute, DepatureSecond, Note, NoteCode) VALUES ('81853', 'FSACM05', '0', 'JPS_FSACM05-3', 'CAL', 1, 1, 1, 0, 0, 0, 0, 18, 0, 0, 'Passengers should check-in 10 mins before ferry departure time shown', 'FER');
INSERT INTO DayOfNonOperation (VehicleJourneyRef, StartDate, EndDate) VALUES ('81853', 1522368000, 1524700799);
INSERT INTO DayOfNonOperation (VehicleJourneyRef, StartDate, EndDate) VALUES ('81853', 1537833600, 2524607999);
INSERT INTO VehicleJourney (VehicleJourneyCode, ServiceRef, LineRef, JourneyPatternRef, OperatorRef, Monday, Tuesday, Wednesday, Thursday, Friday, Saturday, Sunday, DepatureHour, DepatureMinute, DepatureSecond, Note, NoteCode) VALUES ('81859', 'FSACM05', '0', 'JPS_FSACM05-3', 'CAL', 0, 0, 0, 0, 0, 1, 0, 9, 45, 0, 'Passengers should check-in 10 mins before ferry departure time shown', 'FER');
INSERT INTO DayOfNonOperation (VehicleJourneyRef, StartDate, EndDate) VALUES ('81859', 1522368000, 1524700799);
INSERT INTO DayOfNonOperation (VehicleJourneyRef, StartDate, EndDate) VALUES ('81859', 1537833600, 2524607999);
INSERT INTO VehicleJourney (VehicleJourneyCode, ServiceRef, LineRef, JourneyPatternRef, OperatorRef, Monday, Tuesday, Wednesday, Thursday, Friday, Saturday, Sunday, DepatureHour, DepatureMinute, DepatureSecond, Note, NoteCode) VALUES ('81860', 'FSACM05', '0', 'JPS_FSACM05-3', 'CAL', 0, 0, 0, 0, 0, 1, 0, 12, 30, 0, 'Passengers should check-in 10 mins before ferry departure time shown', 'FER');
INSERT INTO DayOfNonOperation (VehicleJourneyRef, StartDate, EndDate) VALUES ('81860', 1522368000, 1524700799);
INSERT INTO DayOfNonOperation (VehicleJourneyRef, StartDate, EndDate) VALUES ('81860', 1537833600, 2524607999);
INSERT INTO VehicleJourney (VehicleJourneyCode, ServiceRef, LineRef, JourneyPatternRef, OperatorRef, Monday, Tuesday, Wednesday, Thursday, Friday, Saturday, Sunday, DepatureHour, DepatureMinute, DepatureSecond, Note, NoteCode) VALUES ('81861', 'FSACM05', '0', 'JPS_FSACM05-3', 'CAL', 0, 0, 0, 0, 0, 1, 0, 15, 15, 0, 'Passengers should check-in 10 mins before ferry departure time shown', 'FER');
INSERT INTO DayOfNonOperation (VehicleJourneyRef, StartDate, EndDate) VALUES ('81861', 1522368000, 1524700799);
INSERT INTO DayOfNonOperation (VehicleJourneyRef, StartDate, EndDate) VALUES ('81861', 1537833600, 2524607999);
INSERT INTO VehicleJourney (VehicleJourneyCode, ServiceRef, LineRef, JourneyPatternRef, OperatorRef, Monday, Tuesday, Wednesday, Thursday, Friday, Saturday, Sunday, DepatureHour, DepatureMinute, DepatureSecond, Note, NoteCode) VALUES ('81862', 'FSACM05', '0', 'JPS_FSACM05-3', 'CAL', 0, 0, 0, 0, 0, 1, 0, 18, 0, 0, 'Passengers should check-in 10 mins before ferry departure time shown', 'FER');
INSERT INTO DayOfNonOperation (VehicleJourneyRef, StartDate, EndDate) VALUES ('81862', 1522368000, 1524700799);
INSERT INTO DayOfNonOperation (VehicleJourneyRef, StartDate, EndDate) VALUES ('81862', 1537833600, 2524607999);
INSERT INTO VehicleJourney (VehicleJourneyCode, ServiceRef, LineRef, JourneyPatternRef, OperatorRef, Monday, Tuesday, Wednesday, Thursday, Friday, Saturday, Sunday, DepatureHour, DepatureMinute, DepatureSecond, Note, NoteCode) VALUES ('81882', 'FSACM05', '0', 'JPS_FSACM05-3', 'CAL', 0, 0, 0, 0, 0, 0, 1, 9, 5, 0, 'Passengers should check-in 10 mins before ferry departure time shown', 'FER');
INSERT INTO DayOfNonOperation (VehicleJourneyRef, StartDate, EndDate) VALUES ('81882', 1522368000, 1524700799);
INSERT INTO DayOfNonOperation (VehicleJourneyRef, StartDate, EndDate) VALUES ('81882', 1537833600, 2524607999);
INSERT INTO VehicleJourney (VehicleJourneyCode, ServiceRef, LineRef, JourneyPatternRef, OperatorRef, Monday, Tuesday, Wednesday, Thursday, Friday, Saturday, Sunday, DepatureHour, DepatureMinute, DepatureSecond, Note, NoteCode) VALUES ('81883', 'FSACM05', '0', 'JPS_FSACM05-3', 'CAL', 0, 0, 0, 0, 0, 0, 1, 12, 30, 0, 'Passengers should check-in 10 mins before ferry departure time shown', 'FER');
INSERT INTO DayOfNonOperation (VehicleJourneyRef, StartDate, EndDate) VALUES ('81883', 1522368000, 1524700799);
INSERT INTO DayOfNonOperation (VehicleJourneyRef, StartDate, EndDate) VALUES ('81883', 1537833600, 2524607999);
INSERT INTO VehicleJourney (VehicleJourneyCode, ServiceRef, LineRef, JourneyPatternRef, OperatorRef, Monday, Tuesday, Wednesday, Thursday, Friday, Saturday, Sunday, DepatureHour, DepatureMinute, DepatureSecond, Note, NoteCode) VALUES ('81908', 'FSACM05', '0', 'JPS_FSACM05-4', 'CAL', 1, 1, 1, 1, 1, 0, 0, 11, 5, 0, 'Passengers should check-in 10 mins before ferry departure time shown', 'FER');
INSERT INTO DayOfNonOperation (VehicleJourneyRef, StartDate, EndDate) VALUES ('81908', 1522368000, 1524700799);
INSERT INTO DayOfNonOperation (VehicleJourneyRef, StartDate, EndDate) VALUES ('81908', 1537833600, 2524607999);
INSERT INTO VehicleJourney (VehicleJourneyCode, ServiceRef, LineRef, JourneyPatternRef, OperatorRef, Monday, Tuesday, Wednesday, Thursday, Friday, Saturday, Sunday, DepatureHour, DepatureMinute, DepatureSecond, Note, NoteCode) VALUES ('81909', 'FSACM05', '0', 'JPS_FSACM05-4', 'CAL', 1, 1, 1, 1, 1, 0, 0, 13, 50, 0, 'Passengers should check-in 10 mins before ferry departure time shown', 'FER');
INSERT INTO DayOfNonOperation (VehicleJourneyRef, StartDate, EndDate) VALUES ('81909', 1522368000, 1524700799);
INSERT INTO DayOfNonOperation (VehicleJourneyRef, StartDate, EndDate) VALUES ('81909', 1537833600, 2524607999);
INSERT INTO VehicleJourney (VehicleJourneyCode, ServiceRef, LineRef, JourneyPatternRef, OperatorRef, Monday, Tuesday, Wednesday, Thursday, Friday, Saturday, Sunday, DepatureHour, DepatureMinute, DepatureSecond, Note, NoteCode) VALUES ('81928', 'FSACM05', '0', 'JPS_FSACM05-4', 'CAL', 1, 1, 1, 1, 0, 0, 0, 8, 20, 0, 'Passengers should check-in 10 mins before ferry departure time shown', 'FER');
INSERT INTO DayOfNonOperation (VehicleJourneyRef, StartDate, EndDate) VALUES ('81928', 1522368000, 1524700799);
INSERT INTO DayOfNonOperation (VehicleJourneyRef, StartDate, EndDate) VALUES ('81928', 1537833600, 2524607999);
INSERT INTO VehicleJourney (VehicleJourneyCode, ServiceRef, LineRef, JourneyPatternRef, OperatorRef, Monday, Tuesday, Wednesday, Thursday, Friday, Saturday, Sunday, DepatureHour, DepatureMinute, DepatureSecond, Note, NoteCode) VALUES ('81929', 'FSACM05', '0', 'JPS_FSACM05-4', 'CAL', 1, 1, 1, 0, 0, 0, 0, 16, 40, 0, 'Passengers should check-in 10 mins before ferry departure time shown', 'FER');
INSERT INTO DayOfNonOperation (VehicleJourneyRef, StartDate, EndDate) VALUES ('81929', 1522368000, 1524700799);
INSERT INTO DayOfNonOperation (VehicleJourneyRef, StartDate, EndDate) VALUES ('81929', 1537833600, 2524607999);
INSERT INTO VehicleJourney (VehicleJourneyCode, ServiceRef, LineRef, JourneyPatternRef, OperatorRef, Monday, Tuesday, Wednesday, Thursday, Friday, Saturday, Sunday, DepatureHour, DepatureMinute, DepatureSecond, Note, NoteCode) VALUES ('81930', 'FSACM05', '0', 'JPS_FSACM05-4', 'CAL', 1, 1, 1, 0, 0, 0, 0, 19, 20, 0, 'Passengers should check-in 10 mins before ferry departure time shown', 'FER');
INSERT INTO DayOfNonOperation (VehicleJourneyRef, StartDate, EndDate) VALUES ('81930', 1522368000, 1524700799);
INSERT INTO DayOfNonOperation (VehicleJourneyRef, StartDate, EndDate) VALUES ('81930', 1537833600, 2524607999);
INSERT INTO VehicleJourney (VehicleJourneyCode, ServiceRef, LineRef, JourneyPatternRef, OperatorRef, Monday, Tuesday, Wednesday, Thursday, Friday, Saturday, Sunday, DepatureHour, DepatureMinute, DepatureSecond, Note, NoteCode) VALUES ('81936', 'FSACM05', '0', 'JPS_FSACM05-4', 'CAL', 0, 0, 0, 0, 0, 1, 0, 11, 5, 0, 'Passengers should check-in 10 mins before ferry departure time shown', 'FER');
INSERT INTO DayOfNonOperation (VehicleJourneyRef, StartDate, EndDate) VALUES ('81936', 1522368000, 1524700799);
INSERT INTO DayOfNonOperation (VehicleJourneyRef, StartDate, EndDate) VALUES ('81936', 1537833600, 2524607999);
INSERT INTO VehicleJourney (VehicleJourneyCode, ServiceRef, LineRef, JourneyPatternRef, OperatorRef, Monday, Tuesday, Wednesday, Thursday, Friday, Saturday, Sunday, DepatureHour, DepatureMinute, DepatureSecond, Note, NoteCode) VALUES ('81937', 'FSACM05', '0', 'JPS_FSACM05-4', 'CAL', 0, 0, 0, 0, 0, 1, 0, 13, 50, 0, 'Passengers should check-in 10 mins before ferry departure time shown', 'FER');
INSERT INTO DayOfNonOperation (VehicleJourneyRef, StartDate, EndDate) VALUES ('81937', 1522368000, 1524700799);
INSERT INTO DayOfNonOperation (VehicleJourneyRef, StartDate, EndDate) VALUES ('81937', 1537833600, 2524607999);
INSERT INTO VehicleJourney (VehicleJourneyCode, ServiceRef, LineRef, JourneyPatternRef, OperatorRef, Monday, Tuesday, Wednesday, Thursday, Friday, Saturday, Sunday, DepatureHour, DepatureMinute, DepatureSecond, Note, NoteCode) VALUES ('81938', 'FSACM05', '0', 'JPS_FSACM05-4', 'CAL', 0, 0, 0, 0, 0, 1, 0, 16, 40, 0, 'Passengers should check-in 10 mins before ferry departure time shown', 'FER');
INSERT INTO DayOfNonOperation (VehicleJourneyRef, StartDate, EndDate) VALUES ('81938', 1522368000, 1524700799);
INSERT INTO DayOfNonOperation (VehicleJourneyRef, StartDate, EndDate) VALUES ('81938', 1537833600, 2524607999);
INSERT INTO VehicleJourney (VehicleJourneyCode, ServiceRef, LineRef, JourneyPatternRef, OperatorRef, Monday, Tuesday, Wednesday, Thursday, Friday, Saturday, Sunday, DepatureHour, DepatureMinute, DepatureSecond, Note, NoteCode) VALUES ('81939', 'FSACM05', '0', 'JPS_FSACM05-4', 'CAL', 0, 0, 0, 0, 0, 1, 0, 22, 0, 0, 'Passengers should check-in 10 mins before ferry departure time shown', 'FER');
INSERT INTO DayOfNonOperation (VehicleJourneyRef, StartDate, EndDate) VALUES ('81939', 1522368000, 1524700799);
INSERT INTO DayOfNonOperation (VehicleJourneyRef, StartDate, EndDate) VALUES ('81939', 1537833600, 2524607999);
INSERT INTO VehicleJourney (VehicleJourneyCode, ServiceRef, LineRef, JourneyPatternRef, OperatorRef, Monday, Tuesday, Wednesday, Thursday, Friday, Saturday, Sunday, DepatureHour, DepatureMinute, DepatureSecond, Note, NoteCode) VALUES ('81961', 'FSACM05', '0', 'JPS_FSACM05-4', 'CAL', 0, 0, 0, 0, 0, 0, 1, 11, 5, 0, 'Passengers should check-in 10 mins before ferry departure time shown', 'FER');
INSERT INTO DayOfNonOperation (VehicleJourneyRef, StartDate, EndDate) VALUES ('81961', 1522368000, 1524700799);
INSERT INTO DayOfNonOperation (VehicleJourneyRef, StartDate, EndDate) VALUES ('81961', 1537833600, 2524607999);
INSERT INTO VehicleJourney (VehicleJourneyCode, ServiceRef, LineRef, JourneyPatternRef, OperatorRef, Monday, Tuesday, Wednesday, Thursday, Friday, Saturday, Sunday, DepatureHour, DepatureMinute, DepatureSecond, Note, NoteCode) VALUES ('81962', 'FSACM05', '0', 'JPS_FSACM05-4', 'CAL', 0, 0, 0, 0, 0, 0, 1, 20, 0, 0, 'Passengers should check-in 10 mins before ferry departure time shown', 'FER');
INSERT INTO DayOfNonOperation (VehicleJourneyRef, StartDate, EndDate) VALUES ('81962', 1522368000, 1524700799);
INSERT INTO DayOfNonOperation (VehicleJourneyRef, StartDate, EndDate) VALUES ('81962', 1537833600, 2524607999);
INSERT INTO VehicleJourney (VehicleJourneyCode, ServiceRef, LineRef, JourneyPatternRef, OperatorRef, Monday, Tuesday, Wednesday, Thursday, Friday, Saturday, Sunday, DepatureHour, DepatureMinute, DepatureSecond, Note, NoteCode) VALUES ('81846', 'FSACM05', '0', 'JPS_FSACM05-3', 'CAL', 1, 1, 1, 1, 1, 0, 0, 8, 20, 0, 'Passengers should check-in 10 mins before ferry departure time shown', 'FER');
INSERT INTO DayOfNonOperation (VehicleJourneyRef, StartDate, EndDate) VALUES ('81846', 1522368000, 1540166399);
INSERT INTO DayOfNonOperation (VehicleJourneyRef, StartDate, EndDate) VALUES ('81846', 1545696000, 1545868799);
INSERT INTO DayOfNonOperation (VehicleJourneyRef, StartDate, EndDate) VALUES ('81846', 1546300800, 1546387199);
INSERT INTO DayOfNonOperation (VehicleJourneyRef, StartDate, EndDate) VALUES ('81846', 1546473600, 2524607999);
INSERT INTO VehicleJourney (VehicleJourneyCode, ServiceRef, LineRef, JourneyPatternRef, OperatorRef, Monday, Tuesday, Wednesday, Thursday, Friday, Saturday, Sunday, DepatureHour, DepatureMinute, DepatureSecond, Note, NoteCode) VALUES ('81847', 'FSACM05', '0', 'JPS_FSACM05-3', 'CAL', 1, 1, 1, 1, 1, 0, 0, 11, 5, 0, 'Passengers should check-in 10 mins before ferry departure time shown', 'FER');
INSERT INTO DayOfNonOperation (VehicleJourneyRef, StartDate, EndDate) VALUES ('81847', 1522368000, 1540166399);
INSERT INTO DayOfNonOperation (VehicleJourneyRef, StartDate, EndDate) VALUES ('81847', 1545696000, 1545868799);
INSERT INTO DayOfNonOperation (VehicleJourneyRef, StartDate, EndDate) VALUES ('81847', 1546300800, 1546387199);
INSERT INTO DayOfNonOperation (VehicleJourneyRef, StartDate, EndDate) VALUES ('81847', 1546473600, 2524607999);
INSERT INTO VehicleJourney (VehicleJourneyCode, ServiceRef, LineRef, JourneyPatternRef, OperatorRef, Monday, Tuesday, Wednesday, Thursday, Friday, Saturday, Sunday, DepatureHour, DepatureMinute, DepatureSecond, Note, NoteCode) VALUES ('81848', 'FSACM05', '0', 'JPS_FSACM05-3', 'CAL', 1, 1, 1, 1, 1, 0, 0, 13, 55, 0, 'Passengers should check-in 10 mins before ferry departure time shown', 'FER');
INSERT INTO DayOfNonOperation (VehicleJourneyRef, StartDate, EndDate) VALUES ('81848', 1522368000, 1540166399);
INSERT INTO DayOfNonOperation (VehicleJourneyRef, StartDate, EndDate) VALUES ('81848', 1545696000, 1545868799);
INSERT INTO DayOfNonOperation (VehicleJourneyRef, StartDate, EndDate) VALUES ('81848', 1546300800, 1546387199);
INSERT INTO DayOfNonOperation (VehicleJourneyRef, StartDate, EndDate) VALUES ('81848', 1546473600, 2524607999);
INSERT INTO VehicleJourney (VehicleJourneyCode, ServiceRef, LineRef, JourneyPatternRef, OperatorRef, Monday, Tuesday, Wednesday, Thursday, Friday, Saturday, Sunday, DepatureHour, DepatureMinute, DepatureSecond, Note, NoteCode) VALUES ('81849', 'FSACM05', '0', 'JPS_FSACM05-3', 'CAL', 1, 1, 1, 1, 1, 0, 0, 16, 40, 0, 'Passengers should check-in 10 mins before ferry departure time shown', 'FER');
INSERT INTO DayOfNonOperation (VehicleJourneyRef, StartDate, EndDate) VALUES ('81849', 1522368000, 1540166399);
INSERT INTO DayOfNonOperation (VehicleJourneyRef, StartDate, EndDate) VALUES ('81849', 1545696000, 1545868799);
INSERT INTO DayOfNonOperation (VehicleJourneyRef, StartDate, EndDate) VALUES ('81849', 1546300800, 1546387199);
INSERT INTO DayOfNonOperation (VehicleJourneyRef, StartDate, EndDate) VALUES ('81849', 1546473600, 2524607999);
INSERT INTO VehicleJourney (VehicleJourneyCode, ServiceRef, LineRef, JourneyPatternRef, OperatorRef, Monday, Tuesday, Wednesday, Thursday, Friday, Saturday, Sunday, DepatureHour, DepatureMinute, DepatureSecond, Note, NoteCode) VALUES ('81850', 'FSACM05', '0', 'JPS_FSACM05-3', 'CAL', 1, 1, 1, 1, 1, 0, 0, 19, 20, 0, 'Passengers should check-in 10 mins before ferry departure time shown', 'FER');
INSERT INTO DayOfNonOperation (VehicleJourneyRef, StartDate, EndDate) VALUES ('81850', 1522368000, 1540166399);
INSERT INTO DayOfNonOperation (VehicleJourneyRef, StartDate, EndDate) VALUES ('81850', 1545696000, 1545868799);
INSERT INTO DayOfNonOperation (VehicleJourneyRef, StartDate, EndDate) VALUES ('81850', 1546300800, 1546387199);
INSERT INTO DayOfNonOperation (VehicleJourneyRef, StartDate, EndDate) VALUES ('81850', 1546473600, 2524607999);
INSERT INTO VehicleJourney (VehicleJourneyCode, ServiceRef, LineRef, JourneyPatternRef, OperatorRef, Monday, Tuesday, Wednesday, Thursday, Friday, Saturday, Sunday, DepatureHour, DepatureMinute, DepatureSecond, Note, NoteCode) VALUES ('81863', 'FSACM05', '0', 'JPS_FSACM05-3', 'CAL', 0, 0, 0, 0, 0, 1, 0, 8, 20, 0, 'Passengers should check-in 10 mins before ferry departure time shown', 'FER');
INSERT INTO DayOfNonOperation (VehicleJourneyRef, StartDate, EndDate) VALUES ('81863', 1522368000, 1540166399);
INSERT INTO DayOfNonOperation (VehicleJourneyRef, StartDate, EndDate) VALUES ('81863', 1546473600, 2524607999);
INSERT INTO VehicleJourney (VehicleJourneyCode, ServiceRef, LineRef, JourneyPatternRef, OperatorRef, Monday, Tuesday, Wednesday, Thursday, Friday, Saturday, Sunday, DepatureHour, DepatureMinute, DepatureSecond, Note, NoteCode) VALUES ('81864', 'FSACM05', '0', 'JPS_FSACM05-3', 'CAL', 0, 0, 0, 0, 0, 1, 0, 11, 5, 0, 'Passengers should check-in 10 mins before ferry departure time shown', 'FER');
INSERT INTO DayOfNonOperation (VehicleJourneyRef, StartDate, EndDate) VALUES ('81864', 1522368000, 1540166399);
INSERT INTO DayOfNonOperation (VehicleJourneyRef, StartDate, EndDate) VALUES ('81864', 1546473600, 2524607999);
INSERT INTO VehicleJourney (VehicleJourneyCode, ServiceRef, LineRef, JourneyPatternRef, OperatorRef, Monday, Tuesday, Wednesday, Thursday, Friday, Saturday, Sunday, DepatureHour, DepatureMinute, DepatureSecond, Note, NoteCode) VALUES ('81865', 'FSACM05', '0', 'JPS_FSACM05-3', 'CAL', 0, 0, 0, 0, 0, 1, 0, 13, 55, 0, 'Passengers should check-in 10 mins before ferry departure time shown', 'FER');
INSERT INTO DayOfNonOperation (VehicleJourneyRef, StartDate, EndDate) VALUES ('81865', 1522368000, 1540166399);
INSERT INTO DayOfNonOperation (VehicleJourneyRef, StartDate, EndDate) VALUES ('81865', 1546473600, 2524607999);
INSERT INTO VehicleJourney (VehicleJourneyCode, ServiceRef, LineRef, JourneyPatternRef, OperatorRef, Monday, Tuesday, Wednesday, Thursday, Friday, Saturday, Sunday, DepatureHour, DepatureMinute, DepatureSecond, Note, NoteCode) VALUES ('81866', 'FSACM05', '0', 'JPS_FSACM05-3', 'CAL', 0, 0, 0, 0, 0, 1, 0, 16, 40, 0, 'Passengers should check-in 10 mins before ferry departure time shown', 'FER');
INSERT INTO DayOfNonOperation (VehicleJourneyRef, StartDate, EndDate) VALUES ('81866', 1522368000, 1540166399);
INSERT INTO DayOfNonOperation (VehicleJourneyRef, StartDate, EndDate) VALUES ('81866', 1546473600, 2524607999);
INSERT INTO VehicleJourney (VehicleJourneyCode, ServiceRef, LineRef, JourneyPatternRef, OperatorRef, Monday, Tuesday, Wednesday, Thursday, Friday, Saturday, Sunday, DepatureHour, DepatureMinute, DepatureSecond, Note, NoteCode) VALUES ('81884', 'FSACM05', '0', 'JPS_FSACM05-3', 'CAL', 0, 0, 0, 0, 0, 0, 1, 8, 20, 0, 'Passengers should check-in 10 mins before ferry departure time shown', 'FER');
INSERT INTO DayOfNonOperation (VehicleJourneyRef, StartDate, EndDate) VALUES ('81884', 1522368000, 1540166399);
INSERT INTO DayOfNonOperation (VehicleJourneyRef, StartDate, EndDate) VALUES ('81884', 1546473600, 2524607999);
INSERT INTO VehicleJourney (VehicleJourneyCode, ServiceRef, LineRef, JourneyPatternRef, OperatorRef, Monday, Tuesday, Wednesday, Thursday, Friday, Saturday, Sunday, DepatureHour, DepatureMinute, DepatureSecond, Note, NoteCode) VALUES ('81885', 'FSACM05', '0', 'JPS_FSACM05-3', 'CAL', 0, 0, 0, 0, 0, 0, 1, 11, 5, 0, 'Passengers should check-in 10 mins before ferry departure time shown', 'FER');
INSERT INTO DayOfNonOperation (VehicleJourneyRef, StartDate, EndDate) VALUES ('81885', 1522368000, 1540166399);
INSERT INTO DayOfNonOperation (VehicleJourneyRef, StartDate, EndDate) VALUES ('81885', 1546473600, 2524607999);
INSERT INTO VehicleJourney (VehicleJourneyCode, ServiceRef, LineRef, JourneyPatternRef, OperatorRef, Monday, Tuesday, Wednesday, Thursday, Friday, Saturday, Sunday, DepatureHour, DepatureMinute, DepatureSecond, Note, NoteCode) VALUES ('81886', 'FSACM05', '0', 'JPS_FSACM05-3', 'CAL', 0, 0, 0, 0, 0, 0, 1, 13, 50, 0, 'Passengers should check-in 10 mins before ferry departure time shown', 'FER');
INSERT INTO DayOfNonOperation (VehicleJourneyRef, StartDate, EndDate) VALUES ('81886', 1522368000, 1540166399);
INSERT INTO DayOfNonOperation (VehicleJourneyRef, StartDate, EndDate) VALUES ('81886', 1546473600, 2524607999);
INSERT INTO VehicleJourney (VehicleJourneyCode, ServiceRef, LineRef, JourneyPatternRef, OperatorRef, Monday, Tuesday, Wednesday, Thursday, Friday, Saturday, Sunday, DepatureHour, DepatureMinute, DepatureSecond, Note, NoteCode) VALUES ('81887', 'FSACM05', '0', 'JPS_FSACM05-3', 'CAL', 0, 0, 0, 0, 0, 0, 1, 16, 40, 0, 'Passengers should check-in 10 mins before ferry departure time shown', 'FER');
INSERT INTO DayOfNonOperation (VehicleJourneyRef, StartDate, EndDate) VALUES ('81887', 1522368000, 1540166399);
INSERT INTO DayOfNonOperation (VehicleJourneyRef, StartDate, EndDate) VALUES ('81887', 1546473600, 2524607999);
INSERT INTO VehicleJourney (VehicleJourneyCode, ServiceRef, LineRef, JourneyPatternRef, OperatorRef, Monday, Tuesday, Wednesday, Thursday, Friday, Saturday, Sunday, DepatureHour, DepatureMinute, DepatureSecond, Note, NoteCode) VALUES ('81888', 'FSACM05', '0', 'JPS_FSACM05-3', 'CAL', 0, 0, 0, 0, 0, 0, 1, 19, 20, 0, 'Passengers should check-in 10 mins before ferry departure time shown', 'FER');
INSERT INTO DayOfNonOperation (VehicleJourneyRef, StartDate, EndDate) VALUES ('81888', 1522368000, 1540166399);
INSERT INTO DayOfNonOperation (VehicleJourneyRef, StartDate, EndDate) VALUES ('81888', 1546473600, 2524607999);
INSERT INTO VehicleJourney (VehicleJourneyCode, ServiceRef, LineRef, JourneyPatternRef, OperatorRef, Monday, Tuesday, Wednesday, Thursday, Friday, Saturday, Sunday, DepatureHour, DepatureMinute, DepatureSecond, Note, NoteCode) VALUES ('81923', 'FSACM05', '0', 'JPS_FSACM05-4', 'CAL', 1, 1, 1, 1, 1, 0, 0, 7, 0, 0, 'Passengers should check-in 10 mins before ferry departure time shown', 'FER');
INSERT INTO DayOfNonOperation (VehicleJourneyRef, StartDate, EndDate) VALUES ('81923', 1522368000, 1540166399);
INSERT INTO DayOfNonOperation (VehicleJourneyRef, StartDate, EndDate) VALUES ('81923', 1545696000, 1545868799);
INSERT INTO DayOfNonOperation (VehicleJourneyRef, StartDate, EndDate) VALUES ('81923', 1546300800, 1546387199);
INSERT INTO DayOfNonOperation (VehicleJourneyRef, StartDate, EndDate) VALUES ('81923', 1546473600, 2524607999);
INSERT INTO VehicleJourney (VehicleJourneyCode, ServiceRef, LineRef, JourneyPatternRef, OperatorRef, Monday, Tuesday, Wednesday, Thursday, Friday, Saturday, Sunday, DepatureHour, DepatureMinute, DepatureSecond, Note, NoteCode) VALUES ('81924', 'FSACM05', '0', 'JPS_FSACM05-4', 'CAL', 1, 1, 1, 1, 1, 0, 0, 9, 45, 0, 'Passengers should check-in 10 mins before ferry departure time shown', 'FER');
INSERT INTO DayOfNonOperation (VehicleJourneyRef, StartDate, EndDate) VALUES ('81924', 1522368000, 1540166399);
INSERT INTO DayOfNonOperation (VehicleJourneyRef, StartDate, EndDate) VALUES ('81924', 1545696000, 1545868799);
INSERT INTO DayOfNonOperation (VehicleJourneyRef, StartDate, EndDate) VALUES ('81924', 1546300800, 1546387199);
INSERT INTO DayOfNonOperation (VehicleJourneyRef, StartDate, EndDate) VALUES ('81924', 1546473600, 2524607999);
INSERT INTO VehicleJourney (VehicleJourneyCode, ServiceRef, LineRef, JourneyPatternRef, OperatorRef, Monday, Tuesday, Wednesday, Thursday, Friday, Saturday, Sunday, DepatureHour, DepatureMinute, DepatureSecond, Note, NoteCode) VALUES ('81925', 'FSACM05', '0', 'JPS_FSACM05-4', 'CAL', 1, 1, 1, 1, 1, 0, 0, 12, 30, 0, 'Passengers should check-in 10 mins before ferry departure time shown', 'FER');
INSERT INTO DayOfNonOperation (VehicleJourneyRef, StartDate, EndDate) VALUES ('81925', 1522368000, 1540166399);
INSERT INTO DayOfNonOperation (VehicleJourneyRef, StartDate, EndDate) VALUES ('81925', 1545696000, 1545868799);
INSERT INTO DayOfNonOperation (VehicleJourneyRef, StartDate, EndDate) VALUES ('81925', 1546300800, 1546387199);
INSERT INTO DayOfNonOperation (VehicleJourneyRef, StartDate, EndDate) VALUES ('81925', 1546473600, 2524607999);
INSERT INTO VehicleJourney (VehicleJourneyCode, ServiceRef, LineRef, JourneyPatternRef, OperatorRef, Monday, Tuesday, Wednesday, Thursday, Friday, Saturday, Sunday, DepatureHour, DepatureMinute, DepatureSecond, Note, NoteCode) VALUES ('81926', 'FSACM05', '0', 'JPS_FSACM05-4', 'CAL', 1, 1, 1, 1, 1, 0, 0, 15, 20, 0, 'Passengers should check-in 10 mins before ferry departure time shown', 'FER');
INSERT INTO DayOfNonOperation (VehicleJourneyRef, StartDate, EndDate) VALUES ('81926', 1522368000, 1540166399);
INSERT INTO DayOfNonOperation (VehicleJourneyRef, StartDate, EndDate) VALUES ('81926', 1545696000, 1545868799);
INSERT INTO DayOfNonOperation (VehicleJourneyRef, StartDate, EndDate) VALUES ('81926', 1546300800, 1546387199);
INSERT INTO DayOfNonOperation (VehicleJourneyRef, StartDate, EndDate) VALUES ('81926', 1546473600, 2524607999);
INSERT INTO VehicleJourney (VehicleJourneyCode, ServiceRef, LineRef, JourneyPatternRef, OperatorRef, Monday, Tuesday, Wednesday, Thursday, Friday, Saturday, Sunday, DepatureHour, DepatureMinute, DepatureSecond, Note, NoteCode) VALUES ('81927', 'FSACM05', '0', 'JPS_FSACM05-4', 'CAL', 1, 1, 1, 1, 1, 0, 0, 18, 0, 0, 'Passengers should check-in 10 mins before ferry departure time shown', 'FER');
INSERT INTO DayOfNonOperation (VehicleJourneyRef, StartDate, EndDate) VALUES ('81927', 1522368000, 1540166399);
INSERT INTO DayOfNonOperation (VehicleJourneyRef, StartDate, EndDate) VALUES ('81927', 1545696000, 1545868799);
INSERT INTO DayOfNonOperation (VehicleJourneyRef, StartDate, EndDate) VALUES ('81927', 1546300800, 1546387199);
INSERT INTO DayOfNonOperation (VehicleJourneyRef, StartDate, EndDate) VALUES ('81927', 1546473600, 2524607999);
INSERT INTO VehicleJourney (VehicleJourneyCode, ServiceRef, LineRef, JourneyPatternRef, OperatorRef, Monday, Tuesday, Wednesday, Thursday, Friday, Saturday, Sunday, DepatureHour, DepatureMinute, DepatureSecond, Note, NoteCode) VALUES ('81940', 'FSACM05', '0', 'JPS_FSACM05-4', 'CAL', 0, 0, 0, 0, 0, 1, 0, 7, 0, 0, 'Passengers should check-in 10 mins before ferry departure time shown', 'FER');
INSERT INTO DayOfNonOperation (VehicleJourneyRef, StartDate, EndDate) VALUES ('81940', 1522368000, 1540166399);
INSERT INTO DayOfNonOperation (VehicleJourneyRef, StartDate, EndDate) VALUES ('81940', 1546473600, 2524607999);
INSERT INTO VehicleJourney (VehicleJourneyCode, ServiceRef, LineRef, JourneyPatternRef, OperatorRef, Monday, Tuesday, Wednesday, Thursday, Friday, Saturday, Sunday, DepatureHour, DepatureMinute, DepatureSecond, Note, NoteCode) VALUES ('81941', 'FSACM05', '0', 'JPS_FSACM05-4', 'CAL', 0, 0, 0, 0, 0, 1, 0, 9, 45, 0, 'Passengers should check-in 10 mins before ferry departure time shown', 'FER');
INSERT INTO DayOfNonOperation (VehicleJourneyRef, StartDate, EndDate) VALUES ('81941', 1522368000, 1540166399);
INSERT INTO DayOfNonOperation (VehicleJourneyRef, StartDate, EndDate) VALUES ('81941', 1546473600, 2524607999);
INSERT INTO VehicleJourney (VehicleJourneyCode, ServiceRef, LineRef, JourneyPatternRef, OperatorRef, Monday, Tuesday, Wednesday, Thursday, Friday, Saturday, Sunday, DepatureHour, DepatureMinute, DepatureSecond, Note, NoteCode) VALUES ('81942', 'FSACM05', '0', 'JPS_FSACM05-4', 'CAL', 0, 0, 0, 0, 0, 1, 0, 12, 30, 0, 'Passengers should check-in 10 mins before ferry departure time shown', 'FER');
INSERT INTO DayOfNonOperation (VehicleJourneyRef, StartDate, EndDate) VALUES ('81942', 1522368000, 1540166399);
INSERT INTO DayOfNonOperation (VehicleJourneyRef, StartDate, EndDate) VALUES ('81942', 1546473600, 2524607999);
INSERT INTO VehicleJourney (VehicleJourneyCode, ServiceRef, LineRef, JourneyPatternRef, OperatorRef, Monday, Tuesday, Wednesday, Thursday, Friday, Saturday, Sunday, DepatureHour, DepatureMinute, DepatureSecond, Note, NoteCode) VALUES ('81943', 'FSACM05', '0', 'JPS_FSACM05-4', 'CAL', 0, 0, 0, 0, 0, 1, 0, 15, 20, 0, 'Passengers should check-in 10 mins before ferry departure time shown', 'FER');
INSERT INTO DayOfNonOperation (VehicleJourneyRef, StartDate, EndDate) VALUES ('81943', 1522368000, 1540166399);
INSERT INTO DayOfNonOperation (VehicleJourneyRef, StartDate, EndDate) VALUES ('81943', 1546473600, 2524607999);
INSERT INTO VehicleJourney (VehicleJourneyCode, ServiceRef, LineRef, JourneyPatternRef, OperatorRef, Monday, Tuesday, Wednesday, Thursday, Friday, Saturday, Sunday, DepatureHour, DepatureMinute, DepatureSecond, Note, NoteCode) VALUES ('81944', 'FSACM05', '0', 'JPS_FSACM05-4', 'CAL', 0, 0, 0, 0, 0, 1, 0, 18, 0, 0, 'Passengers should check-in 10 mins before ferry departure time shown', 'FER');
INSERT INTO DayOfNonOperation (VehicleJourneyRef, StartDate, EndDate) VALUES ('81944', 1522368000, 1540166399);
INSERT INTO DayOfNonOperation (VehicleJourneyRef, StartDate, EndDate) VALUES ('81944', 1546473600, 2524607999);
INSERT INTO VehicleJourney (VehicleJourneyCode, ServiceRef, LineRef, JourneyPatternRef, OperatorRef, Monday, Tuesday, Wednesday, Thursday, Friday, Saturday, Sunday, DepatureHour, DepatureMinute, DepatureSecond, Note, NoteCode) VALUES ('81963', 'FSACM05', '0', 'JPS_FSACM05-4', 'CAL', 0, 0, 0, 0, 0, 0, 1, 9, 45, 0, 'Passengers should check-in 10 mins before ferry departure time shown', 'FER');
INSERT INTO DayOfNonOperation (VehicleJourneyRef, StartDate, EndDate) VALUES ('81963', 1522368000, 1540166399);
INSERT INTO DayOfNonOperation (VehicleJourneyRef, StartDate, EndDate) VALUES ('81963', 1546473600, 2524607999);
INSERT INTO VehicleJourney (VehicleJourneyCode, ServiceRef, LineRef, JourneyPatternRef, OperatorRef, Monday, Tuesday, Wednesday, Thursday, Friday, Saturday, Sunday, DepatureHour, DepatureMinute, DepatureSecond, Note, NoteCode) VALUES ('81964', 'FSACM05', '0', 'JPS_FSACM05-4', 'CAL', 0, 0, 0, 0, 0, 0, 1, 12, 30, 0, 'Passengers should check-in 10 mins before ferry departure time shown', 'FER');
INSERT INTO DayOfNonOperation (VehicleJourneyRef, StartDate, EndDate) VALUES ('81964', 1522368000, 1540166399);
INSERT INTO DayOfNonOperation (VehicleJourneyRef, StartDate, EndDate) VALUES ('81964', 1546473600, 2524607999);
INSERT INTO VehicleJourney (VehicleJourneyCode, ServiceRef, LineRef, JourneyPatternRef, OperatorRef, Monday, Tuesday, Wednesday, Thursday, Friday, Saturday, Sunday, DepatureHour, DepatureMinute, DepatureSecond, Note, NoteCode) VALUES ('81965', 'FSACM05', '0', 'JPS_FSACM05-4', 'CAL', 0, 0, 0, 0, 0, 0, 1, 15, 15, 0, 'Passengers should check-in 10 mins before ferry departure time shown', 'FER');
INSERT INTO DayOfNonOperation (VehicleJourneyRef, StartDate, EndDate) VALUES ('81965', 1522368000, 1540166399);
INSERT INTO DayOfNonOperation (VehicleJourneyRef, StartDate, EndDate) VALUES ('81965', 1546473600, 2524607999);
INSERT INTO VehicleJourney (VehicleJourneyCode, ServiceRef, LineRef, JourneyPatternRef, OperatorRef, Monday, Tuesday, Wednesday, Thursday, Friday, Saturday, Sunday, DepatureHour, DepatureMinute, DepatureSecond, Note, NoteCode) VALUES ('81966', 'FSACM05', '0', 'JPS_FSACM05-4', 'CAL', 0, 0, 0, 0, 0, 0, 1, 18, 0, 0, 'Passengers should check-in 10 mins before ferry departure time shown', 'FER');
INSERT INTO DayOfNonOperation (VehicleJourneyRef, StartDate, EndDate) VALUES ('81966', 1522368000, 1540166399);
INSERT INTO DayOfNonOperation (VehicleJourneyRef, StartDate, EndDate) VALUES ('81966', 1546473600, 2524607999);
INSERT INTO VehicleJourney (VehicleJourneyCode, ServiceRef, LineRef, JourneyPatternRef, OperatorRef, Monday, Tuesday, Wednesday, Thursday, Friday, Saturday, Sunday, DepatureHour, DepatureMinute, DepatureSecond, Note, NoteCode) VALUES ('81901', 'FSACM05', '0', 'JPS_FSACM05-3', 'CAL', 0, 0, 1, 0, 0, 0, 0, 13, 50, 0, 'Passengers should check-in 10 mins before ferry departure time shown', 'FER');
INSERT INTO DayOfNonOperation (VehicleJourneyRef, StartDate, EndDate) VALUES ('81901', 1522368000, 1545782399);
INSERT INTO DayOfNonOperation (VehicleJourneyRef, StartDate, EndDate) VALUES ('81901', 1545868800, 2524607999);
INSERT INTO VehicleJourney (VehicleJourneyCode, ServiceRef, LineRef, JourneyPatternRef, OperatorRef, Monday, Tuesday, Wednesday, Thursday, Friday, Saturday, Sunday, DepatureHour, DepatureMinute, DepatureSecond, Note, NoteCode) VALUES ('81978', 'FSACM05', '0', 'JPS_FSACM05-4', 'CAL', 0, 0, 1, 0, 0, 0, 0, 12, 30, 0, 'Passengers should check-in 10 mins before ferry departure time shown', 'FER');
INSERT INTO DayOfNonOperation (VehicleJourneyRef, StartDate, EndDate) VALUES ('81978', 1522368000, 1545782399);
INSERT INTO DayOfNonOperation (VehicleJourneyRef, StartDate, EndDate) VALUES ('81978', 1545868800, 2524607999);
INSERT INTO VehicleJourney (VehicleJourneyCode, ServiceRef, LineRef, JourneyPatternRef, OperatorRef, Monday, Tuesday, Wednesday, Thursday, Friday, Saturday, Sunday, DepatureHour, DepatureMinute, DepatureSecond, Note, NoteCode) VALUES ('81833', 'FSACM05', '0', 'JPS_FSACM05-3', 'CAL', 1, 1, 1, 1, 1, 0, 0, 7, 0, 0, 'Passengers should check-in 10 mins before ferry departure time shown', 'FER');
INSERT INTO DayOfNonOperation (VehicleJourneyRef, StartDate, EndDate) VALUES ('81833', 1522368000, 1546473599);
INSERT INTO DayOfNonOperation (VehicleJourneyRef, StartDate, EndDate) VALUES ('81833', 1548460800, 2524607999);
INSERT INTO VehicleJourney (VehicleJourneyCode, ServiceRef, LineRef, JourneyPatternRef, OperatorRef, Monday, Tuesday, Wednesday, Thursday, Friday, Saturday, Sunday, DepatureHour, DepatureMinute, DepatureSecond, Note, NoteCode) VALUES ('81834', 'FSACM05', '0', 'JPS_FSACM05-3', 'CAL', 1, 1, 1, 1, 1, 0, 0, 8, 20, 0, 'Passengers should check-in 10 mins before ferry departure time shown', 'FER');
INSERT INTO DayOfNonOperation (VehicleJourneyRef, StartDate, EndDate) VALUES ('81834', 1522368000, 1546473599);
INSERT INTO DayOfNonOperation (VehicleJourneyRef, StartDate, EndDate) VALUES ('81834', 1548460800, 2524607999);
INSERT INTO VehicleJourney (VehicleJourneyCode, ServiceRef, LineRef, JourneyPatternRef, OperatorRef, Monday, Tuesday, Wednesday, Thursday, Friday, Saturday, Sunday, DepatureHour, DepatureMinute, DepatureSecond, Note, NoteCode) VALUES ('81835', 'FSACM05', '0', 'JPS_FSACM05-3', 'CAL', 1, 1, 1, 1, 1, 0, 0, 9, 45, 0, 'Passengers should check-in 10 mins before ferry departure time shown', 'FER');
INSERT INTO DayOfNonOperation (VehicleJourneyRef, StartDate, EndDate) VALUES ('81835', 1522368000, 1546473599);
INSERT INTO DayOfNonOperation (VehicleJourneyRef, StartDate, EndDate) VALUES ('81835', 1548460800, 2524607999);
INSERT INTO VehicleJourney (VehicleJourneyCode, ServiceRef, LineRef, JourneyPatternRef, OperatorRef, Monday, Tuesday, Wednesday, Thursday, Friday, Saturday, Sunday, DepatureHour, DepatureMinute, DepatureSecond, Note, NoteCode) VALUES ('81836', 'FSACM05', '0', 'JPS_FSACM05-3', 'CAL', 1, 1, 1, 1, 1, 0, 0, 11, 5, 0, 'Passengers should check-in 10 mins before ferry departure time shown', 'FER');
INSERT INTO DayOfNonOperation (VehicleJourneyRef, StartDate, EndDate) VALUES ('81836', 1522368000, 1546473599);
INSERT INTO DayOfNonOperation (VehicleJourneyRef, StartDate, EndDate) VALUES ('81836', 1548460800, 2524607999);
INSERT INTO VehicleJourney (VehicleJourneyCode, ServiceRef, LineRef, JourneyPatternRef, OperatorRef, Monday, Tuesday, Wednesday, Thursday, Friday, Saturday, Sunday, DepatureHour, DepatureMinute, DepatureSecond, Note, NoteCode) VALUES ('81837', 'FSACM05', '0', 'JPS_FSACM05-3', 'CAL', 1, 1, 1, 1, 1, 0, 0, 13, 55, 0, 'Passengers should check-in 10 mins before ferry departure time shown', 'FER');
INSERT INTO DayOfNonOperation (VehicleJourneyRef, StartDate, EndDate) VALUES ('81837', 1522368000, 1546473599);
INSERT INTO DayOfNonOperation (VehicleJourneyRef, StartDate, EndDate) VALUES ('81837', 1548460800, 2524607999);
INSERT INTO VehicleJourney (VehicleJourneyCode, ServiceRef, LineRef, JourneyPatternRef, OperatorRef, Monday, Tuesday, Wednesday, Thursday, Friday, Saturday, Sunday, DepatureHour, DepatureMinute, DepatureSecond, Note, NoteCode) VALUES ('81838', 'FSACM05', '0', 'JPS_FSACM05-3', 'CAL', 1, 1, 1, 1, 1, 0, 0, 16, 40, 0, 'Passengers should check-in 10 mins before ferry departure time shown', 'FER');
INSERT INTO DayOfNonOperation (VehicleJourneyRef, StartDate, EndDate) VALUES ('81838', 1522368000, 1546473599);
INSERT INTO DayOfNonOperation (VehicleJourneyRef, StartDate, EndDate) VALUES ('81838', 1548460800, 2524607999);
INSERT INTO VehicleJourney (VehicleJourneyCode, ServiceRef, LineRef, JourneyPatternRef, OperatorRef, Monday, Tuesday, Wednesday, Thursday, Friday, Saturday, Sunday, DepatureHour, DepatureMinute, DepatureSecond, Note, NoteCode) VALUES ('81839', 'FSACM05', '0', 'JPS_FSACM05-3', 'CAL', 1, 1, 1, 1, 1, 0, 0, 18, 0, 0, 'Passengers should check-in 10 mins before ferry departure time shown', 'FER');
INSERT INTO DayOfNonOperation (VehicleJourneyRef, StartDate, EndDate) VALUES ('81839', 1522368000, 1546473599);
INSERT INTO DayOfNonOperation (VehicleJourneyRef, StartDate, EndDate) VALUES ('81839', 1548460800, 2524607999);
INSERT INTO VehicleJourney (VehicleJourneyCode, ServiceRef, LineRef, JourneyPatternRef, OperatorRef, Monday, Tuesday, Wednesday, Thursday, Friday, Saturday, Sunday, DepatureHour, DepatureMinute, DepatureSecond, Note, NoteCode) VALUES ('81840', 'FSACM05', '0', 'JPS_FSACM05-3', 'CAL', 1, 1, 1, 1, 1, 0, 0, 19, 20, 0, 'Passengers should check-in 10 mins before ferry departure time shown', 'FER');
INSERT INTO DayOfNonOperation (VehicleJourneyRef, StartDate, EndDate) VALUES ('81840', 1522368000, 1546473599);
INSERT INTO DayOfNonOperation (VehicleJourneyRef, StartDate, EndDate) VALUES ('81840', 1548460800, 2524607999);
INSERT INTO VehicleJourney (VehicleJourneyCode, ServiceRef, LineRef, JourneyPatternRef, OperatorRef, Monday, Tuesday, Wednesday, Thursday, Friday, Saturday, Sunday, DepatureHour, DepatureMinute, DepatureSecond, Note, NoteCode) VALUES ('81867', 'FSACM05', '0', 'JPS_FSACM05-3', 'CAL', 0, 0, 0, 0, 0, 1, 0, 7, 0, 0, 'Passengers should check-in 10 mins before ferry departure time shown', 'FER');
INSERT INTO DayOfNonOperation (VehicleJourneyRef, StartDate, EndDate) VALUES ('81867', 1522368000, 1546473599);
INSERT INTO DayOfNonOperation (VehicleJourneyRef, StartDate, EndDate) VALUES ('81867', 1548460800, 2524607999);
INSERT INTO VehicleJourney (VehicleJourneyCode, ServiceRef, LineRef, JourneyPatternRef, OperatorRef, Monday, Tuesday, Wednesday, Thursday, Friday, Saturday, Sunday, DepatureHour, DepatureMinute, DepatureSecond, Note, NoteCode) VALUES ('81868', 'FSACM05', '0', 'JPS_FSACM05-3', 'CAL', 0, 0, 0, 0, 0, 1, 0, 8, 20, 0, 'Passengers should check-in 10 mins before ferry departure time shown', 'FER');
INSERT INTO DayOfNonOperation (VehicleJourneyRef, StartDate, EndDate) VALUES ('81868', 1522368000, 1546473599);
INSERT INTO DayOfNonOperation (VehicleJourneyRef, StartDate, EndDate) VALUES ('81868', 1548460800, 2524607999);
INSERT INTO VehicleJourney (VehicleJourneyCode, ServiceRef, LineRef, JourneyPatternRef, OperatorRef, Monday, Tuesday, Wednesday, Thursday, Friday, Saturday, Sunday, DepatureHour, DepatureMinute, DepatureSecond, Note, NoteCode) VALUES ('81869', 'FSACM05', '0', 'JPS_FSACM05-3', 'CAL', 0, 0, 0, 0, 0, 1, 0, 9, 45, 0, 'Passengers should check-in 10 mins before ferry departure time shown', 'FER');
INSERT INTO DayOfNonOperation (VehicleJourneyRef, StartDate, EndDate) VALUES ('81869', 1522368000, 1546473599);
INSERT INTO DayOfNonOperation (VehicleJourneyRef, StartDate, EndDate) VALUES ('81869', 1548460800, 2524607999);
INSERT INTO VehicleJourney (VehicleJourneyCode, ServiceRef, LineRef, JourneyPatternRef, OperatorRef, Monday, Tuesday, Wednesday, Thursday, Friday, Saturday, Sunday, DepatureHour, DepatureMinute, DepatureSecond, Note, NoteCode) VALUES ('81870', 'FSACM05', '0', 'JPS_FSACM05-3', 'CAL', 0, 0, 0, 0, 0, 1, 0, 11, 5, 0, 'Passengers should check-in 10 mins before ferry departure time shown', 'FER');
INSERT INTO DayOfNonOperation (VehicleJourneyRef, StartDate, EndDate) VALUES ('81870', 1522368000, 1546473599);
INSERT INTO DayOfNonOperation (VehicleJourneyRef, StartDate, EndDate) VALUES ('81870', 1548460800, 2524607999);
INSERT INTO VehicleJourney (VehicleJourneyCode, ServiceRef, LineRef, JourneyPatternRef, OperatorRef, Monday, Tuesday, Wednesday, Thursday, Friday, Saturday, Sunday, DepatureHour, DepatureMinute, DepatureSecond, Note, NoteCode) VALUES ('81871', 'FSACM05', '0', 'JPS_FSACM05-3', 'CAL', 0, 0, 0, 0, 0, 1, 0, 13, 55, 0, 'Passengers should check-in 10 mins before ferry departure time shown', 'FER');
INSERT INTO DayOfNonOperation (VehicleJourneyRef, StartDate, EndDate) VALUES ('81871', 1522368000, 1546473599);
INSERT INTO DayOfNonOperation (VehicleJourneyRef, StartDate, EndDate) VALUES ('81871', 1548460800, 2524607999);
INSERT INTO VehicleJourney (VehicleJourneyCode, ServiceRef, LineRef, JourneyPatternRef, OperatorRef, Monday, Tuesday, Wednesday, Thursday, Friday, Saturday, Sunday, DepatureHour, DepatureMinute, DepatureSecond, Note, NoteCode) VALUES ('81872', 'FSACM05', '0', 'JPS_FSACM05-3', 'CAL', 0, 0, 0, 0, 0, 1, 0, 16, 40, 0, 'Passengers should check-in 10 mins before ferry departure time shown', 'FER');
INSERT INTO DayOfNonOperation (VehicleJourneyRef, StartDate, EndDate) VALUES ('81872', 1522368000, 1546473599);
INSERT INTO DayOfNonOperation (VehicleJourneyRef, StartDate, EndDate) VALUES ('81872', 1548460800, 2524607999);
INSERT INTO VehicleJourney (VehicleJourneyCode, ServiceRef, LineRef, JourneyPatternRef, OperatorRef, Monday, Tuesday, Wednesday, Thursday, Friday, Saturday, Sunday, DepatureHour, DepatureMinute, DepatureSecond, Note, NoteCode) VALUES ('81873', 'FSACM05', '0', 'JPS_FSACM05-3', 'CAL', 0, 0, 0, 0, 0, 1, 0, 18, 0, 0, 'Passengers should check-in 10 mins before ferry departure time shown', 'FER');
INSERT INTO DayOfNonOperation (VehicleJourneyRef, StartDate, EndDate) VALUES ('81873', 1522368000, 1546473599);
INSERT INTO DayOfNonOperation (VehicleJourneyRef, StartDate, EndDate) VALUES ('81873', 1548460800, 2524607999);
INSERT INTO VehicleJourney (VehicleJourneyCode, ServiceRef, LineRef, JourneyPatternRef, OperatorRef, Monday, Tuesday, Wednesday, Thursday, Friday, Saturday, Sunday, DepatureHour, DepatureMinute, DepatureSecond, Note, NoteCode) VALUES ('81889', 'FSACM05', '0', 'JPS_FSACM05-3', 'CAL', 0, 0, 0, 0, 0, 0, 1, 8, 20, 0, 'Passengers should check-in 10 mins before ferry departure time shown', 'FER');
INSERT INTO DayOfNonOperation (VehicleJourneyRef, StartDate, EndDate) VALUES ('81889', 1522368000, 1546473599);
INSERT INTO DayOfNonOperation (VehicleJourneyRef, StartDate, EndDate) VALUES ('81889', 1548460800, 2524607999);
INSERT INTO VehicleJourney (VehicleJourneyCode, ServiceRef, LineRef, JourneyPatternRef, OperatorRef, Monday, Tuesday, Wednesday, Thursday, Friday, Saturday, Sunday, DepatureHour, DepatureMinute, DepatureSecond, Note, NoteCode) VALUES ('81890', 'FSACM05', '0', 'JPS_FSACM05-3', 'CAL', 0, 0, 0, 0, 0, 0, 1, 9, 45, 0, 'Passengers should check-in 10 mins before ferry departure time shown', 'FER');
INSERT INTO DayOfNonOperation (VehicleJourneyRef, StartDate, EndDate) VALUES ('81890', 1522368000, 1546473599);
INSERT INTO DayOfNonOperation (VehicleJourneyRef, StartDate, EndDate) VALUES ('81890', 1548460800, 2524607999);
INSERT INTO VehicleJourney (VehicleJourneyCode, ServiceRef, LineRef, JourneyPatternRef, OperatorRef, Monday, Tuesday, Wednesday, Thursday, Friday, Saturday, Sunday, DepatureHour, DepatureMinute, DepatureSecond, Note, NoteCode) VALUES ('81891', 'FSACM05', '0', 'JPS_FSACM05-3', 'CAL', 0, 0, 0, 0, 0, 0, 1, 11, 5, 0, 'Passengers should check-in 10 mins before ferry departure time shown', 'FER');
INSERT INTO DayOfNonOperation (VehicleJourneyRef, StartDate, EndDate) VALUES ('81891', 1522368000, 1546473599);
INSERT INTO DayOfNonOperation (VehicleJourneyRef, StartDate, EndDate) VALUES ('81891', 1548460800, 2524607999);
INSERT INTO VehicleJourney (VehicleJourneyCode, ServiceRef, LineRef, JourneyPatternRef, OperatorRef, Monday, Tuesday, Wednesday, Thursday, Friday, Saturday, Sunday, DepatureHour, DepatureMinute, DepatureSecond, Note, NoteCode) VALUES ('81892', 'FSACM05', '0', 'JPS_FSACM05-3', 'CAL', 0, 0, 0, 0, 0, 0, 1, 13, 50, 0, 'Passengers should check-in 10 mins before ferry departure time shown', 'FER');
INSERT INTO DayOfNonOperation (VehicleJourneyRef, StartDate, EndDate) VALUES ('81892', 1522368000, 1546473599);
INSERT INTO DayOfNonOperation (VehicleJourneyRef, StartDate, EndDate) VALUES ('81892', 1548460800, 2524607999);
INSERT INTO VehicleJourney (VehicleJourneyCode, ServiceRef, LineRef, JourneyPatternRef, OperatorRef, Monday, Tuesday, Wednesday, Thursday, Friday, Saturday, Sunday, DepatureHour, DepatureMinute, DepatureSecond, Note, NoteCode) VALUES ('81893', 'FSACM05', '0', 'JPS_FSACM05-3', 'CAL', 0, 0, 0, 0, 0, 0, 1, 16, 40, 0, 'Passengers should check-in 10 mins before ferry departure time shown', 'FER');
INSERT INTO DayOfNonOperation (VehicleJourneyRef, StartDate, EndDate) VALUES ('81893', 1522368000, 1546473599);
INSERT INTO DayOfNonOperation (VehicleJourneyRef, StartDate, EndDate) VALUES ('81893', 1548460800, 2524607999);
INSERT INTO VehicleJourney (VehicleJourneyCode, ServiceRef, LineRef, JourneyPatternRef, OperatorRef, Monday, Tuesday, Wednesday, Thursday, Friday, Saturday, Sunday, DepatureHour, DepatureMinute, DepatureSecond, Note, NoteCode) VALUES ('81894', 'FSACM05', '0', 'JPS_FSACM05-3', 'CAL', 0, 0, 0, 0, 0, 0, 1, 18, 0, 0, 'Passengers should check-in 10 mins before ferry departure time shown', 'FER');
INSERT INTO DayOfNonOperation (VehicleJourneyRef, StartDate, EndDate) VALUES ('81894', 1522368000, 1546473599);
INSERT INTO DayOfNonOperation (VehicleJourneyRef, StartDate, EndDate) VALUES ('81894', 1548460800, 2524607999);
INSERT INTO VehicleJourney (VehicleJourneyCode, ServiceRef, LineRef, JourneyPatternRef, OperatorRef, Monday, Tuesday, Wednesday, Thursday, Friday, Saturday, Sunday, DepatureHour, DepatureMinute, DepatureSecond, Note, NoteCode) VALUES ('81895', 'FSACM05', '0', 'JPS_FSACM05-3', 'CAL', 0, 0, 0, 0, 0, 0, 1, 19, 20, 0, 'Passengers should check-in 10 mins before ferry departure time shown', 'FER');
INSERT INTO DayOfNonOperation (VehicleJourneyRef, StartDate, EndDate) VALUES ('81895', 1522368000, 1546473599);
INSERT INTO DayOfNonOperation (VehicleJourneyRef, StartDate, EndDate) VALUES ('81895', 1548460800, 2524607999);
INSERT INTO VehicleJourney (VehicleJourneyCode, ServiceRef, LineRef, JourneyPatternRef, OperatorRef, Monday, Tuesday, Wednesday, Thursday, Friday, Saturday, Sunday, DepatureHour, DepatureMinute, DepatureSecond, Note, NoteCode) VALUES ('81910', 'FSACM05', '0', 'JPS_FSACM05-4', 'CAL', 1, 1, 1, 1, 1, 0, 0, 7, 0, 0, 'Passengers should check-in 10 mins before ferry departure time shown', 'FER');
INSERT INTO DayOfNonOperation (VehicleJourneyRef, StartDate, EndDate) VALUES ('81910', 1522368000, 1546473599);
INSERT INTO DayOfNonOperation (VehicleJourneyRef, StartDate, EndDate) VALUES ('81910', 1548460800, 2524607999);
INSERT INTO VehicleJourney (VehicleJourneyCode, ServiceRef, LineRef, JourneyPatternRef, OperatorRef, Monday, Tuesday, Wednesday, Thursday, Friday, Saturday, Sunday, DepatureHour, DepatureMinute, DepatureSecond, Note, NoteCode) VALUES ('81911', 'FSACM05', '0', 'JPS_FSACM05-4', 'CAL', 1, 1, 1, 1, 1, 0, 0, 8, 20, 0, 'Passengers should check-in 10 mins before ferry departure time shown', 'FER');
INSERT INTO DayOfNonOperation (VehicleJourneyRef, StartDate, EndDate) VALUES ('81911', 1522368000, 1546473599);
INSERT INTO DayOfNonOperation (VehicleJourneyRef, StartDate, EndDate) VALUES ('81911', 1548460800, 2524607999);
INSERT INTO VehicleJourney (VehicleJourneyCode, ServiceRef, LineRef, JourneyPatternRef, OperatorRef, Monday, Tuesday, Wednesday, Thursday, Friday, Saturday, Sunday, DepatureHour, DepatureMinute, DepatureSecond, Note, NoteCode) VALUES ('81912', 'FSACM05', '0', 'JPS_FSACM05-4', 'CAL', 1, 1, 1, 1, 1, 0, 0, 9, 45, 0, 'Passengers should check-in 10 mins before ferry departure time shown', 'FER');
INSERT INTO DayOfNonOperation (VehicleJourneyRef, StartDate, EndDate) VALUES ('81912', 1522368000, 1546473599);
INSERT INTO DayOfNonOperation (VehicleJourneyRef, StartDate, EndDate) VALUES ('81912', 1548460800, 2524607999);
INSERT INTO VehicleJourney (VehicleJourneyCode, ServiceRef, LineRef, JourneyPatternRef, OperatorRef, Monday, Tuesday, Wednesday, Thursday, Friday, Saturday, Sunday, DepatureHour, DepatureMinute, DepatureSecond, Note, NoteCode) VALUES ('81913', 'FSACM05', '0', 'JPS_FSACM05-4', 'CAL', 1, 1, 1, 1, 1, 0, 0, 12, 30, 0, 'Passengers should check-in 10 mins before ferry departure time shown', 'FER');
INSERT INTO DayOfNonOperation (VehicleJourneyRef, StartDate, EndDate) VALUES ('81913', 1522368000, 1546473599);
INSERT INTO DayOfNonOperation (VehicleJourneyRef, StartDate, EndDate) VALUES ('81913', 1548460800, 2524607999);
INSERT INTO VehicleJourney (VehicleJourneyCode, ServiceRef, LineRef, JourneyPatternRef, OperatorRef, Monday, Tuesday, Wednesday, Thursday, Friday, Saturday, Sunday, DepatureHour, DepatureMinute, DepatureSecond, Note, NoteCode) VALUES ('81914', 'FSACM05', '0', 'JPS_FSACM05-4', 'CAL', 1, 1, 1, 1, 1, 0, 0, 15, 20, 0, 'Passengers should check-in 10 mins before ferry departure time shown', 'FER');
INSERT INTO DayOfNonOperation (VehicleJourneyRef, StartDate, EndDate) VALUES ('81914', 1522368000, 1546473599);
INSERT INTO DayOfNonOperation (VehicleJourneyRef, StartDate, EndDate) VALUES ('81914', 1548460800, 2524607999);
INSERT INTO VehicleJourney (VehicleJourneyCode, ServiceRef, LineRef, JourneyPatternRef, OperatorRef, Monday, Tuesday, Wednesday, Thursday, Friday, Saturday, Sunday, DepatureHour, DepatureMinute, DepatureSecond, Note, NoteCode) VALUES ('81915', 'FSACM05', '0', 'JPS_FSACM05-4', 'CAL', 1, 1, 1, 1, 1, 0, 0, 16, 40, 0, 'Passengers should check-in 10 mins before ferry departure time shown', 'FER');
INSERT INTO DayOfNonOperation (VehicleJourneyRef, StartDate, EndDate) VALUES ('81915', 1522368000, 1546473599);
INSERT INTO DayOfNonOperation (VehicleJourneyRef, StartDate, EndDate) VALUES ('81915', 1548460800, 2524607999);
INSERT INTO VehicleJourney (VehicleJourneyCode, ServiceRef, LineRef, JourneyPatternRef, OperatorRef, Monday, Tuesday, Wednesday, Thursday, Friday, Saturday, Sunday, DepatureHour, DepatureMinute, DepatureSecond, Note, NoteCode) VALUES ('81916', 'FSACM05', '0', 'JPS_FSACM05-4', 'CAL', 1, 1, 1, 1, 1, 0, 0, 18, 0, 0, 'Passengers should check-in 10 mins before ferry departure time shown', 'FER');
INSERT INTO DayOfNonOperation (VehicleJourneyRef, StartDate, EndDate) VALUES ('81916', 1522368000, 1546473599);
INSERT INTO DayOfNonOperation (VehicleJourneyRef, StartDate, EndDate) VALUES ('81916', 1548460800, 2524607999);
INSERT INTO VehicleJourney (VehicleJourneyCode, ServiceRef, LineRef, JourneyPatternRef, OperatorRef, Monday, Tuesday, Wednesday, Thursday, Friday, Saturday, Sunday, DepatureHour, DepatureMinute, DepatureSecond, Note, NoteCode) VALUES ('81917', 'FSACM05', '0', 'JPS_FSACM05-4', 'CAL', 1, 1, 1, 1, 1, 0, 0, 19, 20, 0, 'Passengers should check-in 10 mins before ferry departure time shown', 'FER');
INSERT INTO DayOfNonOperation (VehicleJourneyRef, StartDate, EndDate) VALUES ('81917', 1522368000, 1546473599);
INSERT INTO DayOfNonOperation (VehicleJourneyRef, StartDate, EndDate) VALUES ('81917', 1548460800, 2524607999);
INSERT INTO VehicleJourney (VehicleJourneyCode, ServiceRef, LineRef, JourneyPatternRef, OperatorRef, Monday, Tuesday, Wednesday, Thursday, Friday, Saturday, Sunday, DepatureHour, DepatureMinute, DepatureSecond, Note, NoteCode) VALUES ('81945', 'FSACM05', '0', 'JPS_FSACM05-4', 'CAL', 0, 0, 0, 0, 0, 1, 0, 7, 0, 0, 'Passengers should check-in 10 mins before ferry departure time shown', 'FER');
INSERT INTO DayOfNonOperation (VehicleJourneyRef, StartDate, EndDate) VALUES ('81945', 1522368000, 1546473599);
INSERT INTO DayOfNonOperation (VehicleJourneyRef, StartDate, EndDate) VALUES ('81945', 1548460800, 2524607999);
INSERT INTO VehicleJourney (VehicleJourneyCode, ServiceRef, LineRef, JourneyPatternRef, OperatorRef, Monday, Tuesday, Wednesday, Thursday, Friday, Saturday, Sunday, DepatureHour, DepatureMinute, DepatureSecond, Note, NoteCode) VALUES ('81946', 'FSACM05', '0', 'JPS_FSACM05-4', 'CAL', 0, 0, 0, 0, 0, 1, 0, 8, 20, 0, 'Passengers should check-in 10 mins before ferry departure time shown', 'FER');
INSERT INTO DayOfNonOperation (VehicleJourneyRef, StartDate, EndDate) VALUES ('81946', 1522368000, 1546473599);
INSERT INTO DayOfNonOperation (VehicleJourneyRef, StartDate, EndDate) VALUES ('81946', 1548460800, 2524607999);
INSERT INTO VehicleJourney (VehicleJourneyCode, ServiceRef, LineRef, JourneyPatternRef, OperatorRef, Monday, Tuesday, Wednesday, Thursday, Friday, Saturday, Sunday, DepatureHour, DepatureMinute, DepatureSecond, Note, NoteCode) VALUES ('81947', 'FSACM05', '0', 'JPS_FSACM05-4', 'CAL', 0, 0, 0, 0, 0, 1, 0, 9, 45, 0, 'Passengers should check-in 10 mins before ferry departure time shown', 'FER');
INSERT INTO DayOfNonOperation (VehicleJourneyRef, StartDate, EndDate) VALUES ('81947', 1522368000, 1546473599);
INSERT INTO DayOfNonOperation (VehicleJourneyRef, StartDate, EndDate) VALUES ('81947', 1548460800, 2524607999);
INSERT INTO VehicleJourney (VehicleJourneyCode, ServiceRef, LineRef, JourneyPatternRef, OperatorRef, Monday, Tuesday, Wednesday, Thursday, Friday, Saturday, Sunday, DepatureHour, DepatureMinute, DepatureSecond, Note, NoteCode) VALUES ('81948', 'FSACM05', '0', 'JPS_FSACM05-4', 'CAL', 0, 0, 0, 0, 0, 1, 0, 12, 30, 0, 'Passengers should check-in 10 mins before ferry departure time shown', 'FER');
INSERT INTO DayOfNonOperation (VehicleJourneyRef, StartDate, EndDate) VALUES ('81948', 1522368000, 1546473599);
INSERT INTO DayOfNonOperation (VehicleJourneyRef, StartDate, EndDate) VALUES ('81948', 1548460800, 2524607999);
INSERT INTO VehicleJourney (VehicleJourneyCode, ServiceRef, LineRef, JourneyPatternRef, OperatorRef, Monday, Tuesday, Wednesday, Thursday, Friday, Saturday, Sunday, DepatureHour, DepatureMinute, DepatureSecond, Note, NoteCode) VALUES ('81949', 'FSACM05', '0', 'JPS_FSACM05-4', 'CAL', 0, 0, 0, 0, 0, 1, 0, 15, 20, 0, 'Passengers should check-in 10 mins before ferry departure time shown', 'FER');
INSERT INTO DayOfNonOperation (VehicleJourneyRef, StartDate, EndDate) VALUES ('81949', 1522368000, 1546473599);
INSERT INTO DayOfNonOperation (VehicleJourneyRef, StartDate, EndDate) VALUES ('81949', 1548460800, 2524607999);
INSERT INTO VehicleJourney (VehicleJourneyCode, ServiceRef, LineRef, JourneyPatternRef, OperatorRef, Monday, Tuesday, Wednesday, Thursday, Friday, Saturday, Sunday, DepatureHour, DepatureMinute, DepatureSecond, Note, NoteCode) VALUES ('81950', 'FSACM05', '0', 'JPS_FSACM05-4', 'CAL', 0, 0, 0, 0, 0, 1, 0, 16, 40, 0, 'Passengers should check-in 10 mins before ferry departure time shown', 'FER');
INSERT INTO DayOfNonOperation (VehicleJourneyRef, StartDate, EndDate) VALUES ('81950', 1522368000, 1546473599);
INSERT INTO DayOfNonOperation (VehicleJourneyRef, StartDate, EndDate) VALUES ('81950', 1548460800, 2524607999);
INSERT INTO VehicleJourney (VehicleJourneyCode, ServiceRef, LineRef, JourneyPatternRef, OperatorRef, Monday, Tuesday, Wednesday, Thursday, Friday, Saturday, Sunday, DepatureHour, DepatureMinute, DepatureSecond, Note, NoteCode) VALUES ('81951', 'FSACM05', '0', 'JPS_FSACM05-4', 'CAL', 0, 0, 0, 0, 0, 1, 0, 18, 0, 0, 'Passengers should check-in 10 mins before ferry departure time shown', 'FER');
INSERT INTO DayOfNonOperation (VehicleJourneyRef, StartDate, EndDate) VALUES ('81951', 1522368000, 1546473599);
INSERT INTO DayOfNonOperation (VehicleJourneyRef, StartDate, EndDate) VALUES ('81951', 1548460800, 2524607999);
INSERT INTO VehicleJourney (VehicleJourneyCode, ServiceRef, LineRef, JourneyPatternRef, OperatorRef, Monday, Tuesday, Wednesday, Thursday, Friday, Saturday, Sunday, DepatureHour, DepatureMinute, DepatureSecond, Note, NoteCode) VALUES ('81967', 'FSACM05', '0', 'JPS_FSACM05-4', 'CAL', 0, 0, 0, 0, 0, 0, 1, 8, 20, 0, 'Passengers should check-in 10 mins before ferry departure time shown', 'FER');
INSERT INTO DayOfNonOperation (VehicleJourneyRef, StartDate, EndDate) VALUES ('81967', 1522368000, 1546473599);
INSERT INTO DayOfNonOperation (VehicleJourneyRef, StartDate, EndDate) VALUES ('81967', 1548460800, 2524607999);
INSERT INTO VehicleJourney (VehicleJourneyCode, ServiceRef, LineRef, JourneyPatternRef, OperatorRef, Monday, Tuesday, Wednesday, Thursday, Friday, Saturday, Sunday, DepatureHour, DepatureMinute, DepatureSecond, Note, NoteCode) VALUES ('81968', 'FSACM05', '0', 'JPS_FSACM05-4', 'CAL', 0, 0, 0, 0, 0, 0, 1, 9, 45, 0, 'Passengers should check-in 10 mins before ferry departure time shown', 'FER');
INSERT INTO DayOfNonOperation (VehicleJourneyRef, StartDate, EndDate) VALUES ('81968', 1522368000, 1546473599);
INSERT INTO DayOfNonOperation (VehicleJourneyRef, StartDate, EndDate) VALUES ('81968', 1548460800, 2524607999);
INSERT INTO VehicleJourney (VehicleJourneyCode, ServiceRef, LineRef, JourneyPatternRef, OperatorRef, Monday, Tuesday, Wednesday, Thursday, Friday, Saturday, Sunday, DepatureHour, DepatureMinute, DepatureSecond, Note, NoteCode) VALUES ('81969', 'FSACM05', '0', 'JPS_FSACM05-4', 'CAL', 0, 0, 0, 0, 0, 0, 1, 12, 30, 0, 'Passengers should check-in 10 mins before ferry departure time shown', 'FER');
INSERT INTO DayOfNonOperation (VehicleJourneyRef, StartDate, EndDate) VALUES ('81969', 1522368000, 1546473599);
INSERT INTO DayOfNonOperation (VehicleJourneyRef, StartDate, EndDate) VALUES ('81969', 1548460800, 2524607999);
INSERT INTO VehicleJourney (VehicleJourneyCode, ServiceRef, LineRef, JourneyPatternRef, OperatorRef, Monday, Tuesday, Wednesday, Thursday, Friday, Saturday, Sunday, DepatureHour, DepatureMinute, DepatureSecond, Note, NoteCode) VALUES ('81970', 'FSACM05', '0', 'JPS_FSACM05-4', 'CAL', 0, 0, 0, 0, 0, 0, 1, 15, 15, 0, 'Passengers should check-in 10 mins before ferry departure time shown', 'FER');
INSERT INTO DayOfNonOperation (VehicleJourneyRef, StartDate, EndDate) VALUES ('81970', 1522368000, 1546473599);
INSERT INTO DayOfNonOperation (VehicleJourneyRef, StartDate, EndDate) VALUES ('81970', 1548460800, 2524607999);
INSERT INTO VehicleJourney (VehicleJourneyCode, ServiceRef, LineRef, JourneyPatternRef, OperatorRef, Monday, Tuesday, Wednesday, Thursday, Friday, Saturday, Sunday, DepatureHour, DepatureMinute, DepatureSecond, Note, NoteCode) VALUES ('81971', 'FSACM05', '0', 'JPS_FSACM05-4', 'CAL', 0, 0, 0, 0, 0, 0, 1, 16, 40, 0, 'Passengers should check-in 10 mins before ferry departure time shown', 'FER');
INSERT INTO DayOfNonOperation (VehicleJourneyRef, StartDate, EndDate) VALUES ('81971', 1522368000, 1546473599);
INSERT INTO DayOfNonOperation (VehicleJourneyRef, StartDate, EndDate) VALUES ('81971', 1548460800, 2524607999);
INSERT INTO VehicleJourney (VehicleJourneyCode, ServiceRef, LineRef, JourneyPatternRef, OperatorRef, Monday, Tuesday, Wednesday, Thursday, Friday, Saturday, Sunday, DepatureHour, DepatureMinute, DepatureSecond, Note, NoteCode) VALUES ('81972', 'FSACM05', '0', 'JPS_FSACM05-4', 'CAL', 0, 0, 0, 0, 0, 0, 1, 18, 0, 0, 'Passengers should check-in 10 mins before ferry departure time shown', 'FER');
INSERT INTO DayOfNonOperation (VehicleJourneyRef, StartDate, EndDate) VALUES ('81972', 1522368000, 1546473599);
INSERT INTO DayOfNonOperation (VehicleJourneyRef, StartDate, EndDate) VALUES ('81972', 1548460800, 2524607999);
INSERT INTO VehicleJourney (VehicleJourneyCode, ServiceRef, LineRef, JourneyPatternRef, OperatorRef, Monday, Tuesday, Wednesday, Thursday, Friday, Saturday, Sunday, DepatureHour, DepatureMinute, DepatureSecond, Note, NoteCode) VALUES ('81973', 'FSACM05', '0', 'JPS_FSACM05-4', 'CAL', 0, 0, 0, 0, 0, 0, 1, 19, 20, 0, 'Passengers should check-in 10 mins before ferry departure time shown', 'FER');
INSERT INTO DayOfNonOperation (VehicleJourneyRef, StartDate, EndDate) VALUES ('81973', 1522368000, 1546473599);
INSERT INTO DayOfNonOperation (VehicleJourneyRef, StartDate, EndDate) VALUES ('81973', 1548460800, 2524607999);
INSERT INTO VehicleJourney (VehicleJourneyCode, ServiceRef, LineRef, JourneyPatternRef, OperatorRef, Monday, Tuesday, Wednesday, Thursday, Friday, Saturday, Sunday, DepatureHour, DepatureMinute, DepatureSecond, Note, NoteCode) VALUES ('81841', 'FSACM05', '0', 'JPS_FSACM05-3', 'CAL', 1, 1, 1, 1, 1, 0, 0, 8, 20, 0, 'Passengers should check-in 10 mins before ferry departure time shown', 'FER');
INSERT INTO DayOfNonOperation (VehicleJourneyRef, StartDate, EndDate) VALUES ('81841', 1522368000, 1548460799);
INSERT INTO VehicleJourney (VehicleJourneyCode, ServiceRef, LineRef, JourneyPatternRef, OperatorRef, Monday, Tuesday, Wednesday, Thursday, Friday, Saturday, Sunday, DepatureHour, DepatureMinute, DepatureSecond, Note, NoteCode) VALUES ('81842', 'FSACM05', '0', 'JPS_FSACM05-3', 'CAL', 1, 1, 1, 1, 1, 0, 0, 11, 5, 0, 'Passengers should check-in 10 mins before ferry departure time shown', 'FER');
INSERT INTO DayOfNonOperation (VehicleJourneyRef, StartDate, EndDate) VALUES ('81842', 1522368000, 1548460799);
INSERT INTO VehicleJourney (VehicleJourneyCode, ServiceRef, LineRef, JourneyPatternRef, OperatorRef, Monday, Tuesday, Wednesday, Thursday, Friday, Saturday, Sunday, DepatureHour, DepatureMinute, DepatureSecond, Note, NoteCode) VALUES ('81843', 'FSACM05', '0', 'JPS_FSACM05-3', 'CAL', 1, 1, 1, 1, 1, 0, 0, 13, 55, 0, 'Passengers should check-in 10 mins before ferry departure time shown', 'FER');
INSERT INTO DayOfNonOperation (VehicleJourneyRef, StartDate, EndDate) VALUES ('81843', 1522368000, 1548460799);
INSERT INTO VehicleJourney (VehicleJourneyCode, ServiceRef, LineRef, JourneyPatternRef, OperatorRef, Monday, Tuesday, Wednesday, Thursday, Friday, Saturday, Sunday, DepatureHour, DepatureMinute, DepatureSecond, Note, NoteCode) VALUES ('81844', 'FSACM05', '0', 'JPS_FSACM05-3', 'CAL', 1, 1, 1, 1, 1, 0, 0, 16, 40, 0, 'Passengers should check-in 10 mins before ferry departure time shown', 'FER');
INSERT INTO DayOfNonOperation (VehicleJourneyRef, StartDate, EndDate) VALUES ('81844', 1522368000, 1548460799);
INSERT INTO VehicleJourney (VehicleJourneyCode, ServiceRef, LineRef, JourneyPatternRef, OperatorRef, Monday, Tuesday, Wednesday, Thursday, Friday, Saturday, Sunday, DepatureHour, DepatureMinute, DepatureSecond, Note, NoteCode) VALUES ('81845', 'FSACM05', '0', 'JPS_FSACM05-3', 'CAL', 1, 1, 1, 1, 1, 0, 0, 19, 20, 0, 'Passengers should check-in 10 mins before ferry departure time shown', 'FER');
INSERT INTO DayOfNonOperation (VehicleJourneyRef, StartDate, EndDate) VALUES ('81845', 1522368000, 1548460799);
INSERT INTO VehicleJourney (VehicleJourneyCode, ServiceRef, LineRef, JourneyPatternRef, OperatorRef, Monday, Tuesday, Wednesday, Thursday, Friday, Saturday, Sunday, DepatureHour, DepatureMinute, DepatureSecond, Note, NoteCode) VALUES ('81874', 'FSACM05', '0', 'JPS_FSACM05-3', 'CAL', 0, 0, 0, 0, 0, 1, 0, 8, 20, 0, 'Passengers should check-in 10 mins before ferry departure time shown', 'FER');
INSERT INTO DayOfNonOperation (VehicleJourneyRef, StartDate, EndDate) VALUES ('81874', 1522368000, 1548460799);
INSERT INTO VehicleJourney (VehicleJourneyCode, ServiceRef, LineRef, JourneyPatternRef, OperatorRef, Monday, Tuesday, Wednesday, Thursday, Friday, Saturday, Sunday, DepatureHour, DepatureMinute, DepatureSecond, Note, NoteCode) VALUES ('81875', 'FSACM05', '0', 'JPS_FSACM05-3', 'CAL', 0, 0, 0, 0, 0, 1, 0, 11, 5, 0, 'Passengers should check-in 10 mins before ferry departure time shown', 'FER');
INSERT INTO DayOfNonOperation (VehicleJourneyRef, StartDate, EndDate) VALUES ('81875', 1522368000, 1548460799);
INSERT INTO VehicleJourney (VehicleJourneyCode, ServiceRef, LineRef, JourneyPatternRef, OperatorRef, Monday, Tuesday, Wednesday, Thursday, Friday, Saturday, Sunday, DepatureHour, DepatureMinute, DepatureSecond, Note, NoteCode) VALUES ('81876', 'FSACM05', '0', 'JPS_FSACM05-3', 'CAL', 0, 0, 0, 0, 0, 1, 0, 13, 55, 0, 'Passengers should check-in 10 mins before ferry departure time shown', 'FER');
INSERT INTO DayOfNonOperation (VehicleJourneyRef, StartDate, EndDate) VALUES ('81876', 1522368000, 1548460799);
INSERT INTO VehicleJourney (VehicleJourneyCode, ServiceRef, LineRef, JourneyPatternRef, OperatorRef, Monday, Tuesday, Wednesday, Thursday, Friday, Saturday, Sunday, DepatureHour, DepatureMinute, DepatureSecond, Note, NoteCode) VALUES ('81877', 'FSACM05', '0', 'JPS_FSACM05-3', 'CAL', 0, 0, 0, 0, 0, 1, 0, 16, 40, 0, 'Passengers should check-in 10 mins before ferry departure time shown', 'FER');
INSERT INTO DayOfNonOperation (VehicleJourneyRef, StartDate, EndDate) VALUES ('81877', 1522368000, 1548460799);
INSERT INTO VehicleJourney (VehicleJourneyCode, ServiceRef, LineRef, JourneyPatternRef, OperatorRef, Monday, Tuesday, Wednesday, Thursday, Friday, Saturday, Sunday, DepatureHour, DepatureMinute, DepatureSecond, Note, NoteCode) VALUES ('81896', 'FSACM05', '0', 'JPS_FSACM05-3', 'CAL', 0, 0, 0, 0, 0, 0, 1, 8, 20, 0, 'Passengers should check-in 10 mins before ferry departure time shown', 'FER');
INSERT INTO DayOfNonOperation (VehicleJourneyRef, StartDate, EndDate) VALUES ('81896', 1522368000, 1548460799);
INSERT INTO VehicleJourney (VehicleJourneyCode, ServiceRef, LineRef, JourneyPatternRef, OperatorRef, Monday, Tuesday, Wednesday, Thursday, Friday, Saturday, Sunday, DepatureHour, DepatureMinute, DepatureSecond, Note, NoteCode) VALUES ('81897', 'FSACM05', '0', 'JPS_FSACM05-3', 'CAL', 0, 0, 0, 0, 0, 0, 1, 11, 5, 0, 'Passengers should check-in 10 mins before ferry departure time shown', 'FER');
INSERT INTO DayOfNonOperation (VehicleJourneyRef, StartDate, EndDate) VALUES ('81897', 1522368000, 1548460799);
INSERT INTO VehicleJourney (VehicleJourneyCode, ServiceRef, LineRef, JourneyPatternRef, OperatorRef, Monday, Tuesday, Wednesday, Thursday, Friday, Saturday, Sunday, DepatureHour, DepatureMinute, DepatureSecond, Note, NoteCode) VALUES ('81898', 'FSACM05', '0', 'JPS_FSACM05-3', 'CAL', 0, 0, 0, 0, 0, 0, 1, 13, 50, 0, 'Passengers should check-in 10 mins before ferry departure time shown', 'FER');
INSERT INTO DayOfNonOperation (VehicleJourneyRef, StartDate, EndDate) VALUES ('81898', 1522368000, 1548460799);
INSERT INTO VehicleJourney (VehicleJourneyCode, ServiceRef, LineRef, JourneyPatternRef, OperatorRef, Monday, Tuesday, Wednesday, Thursday, Friday, Saturday, Sunday, DepatureHour, DepatureMinute, DepatureSecond, Note, NoteCode) VALUES ('81899', 'FSACM05', '0', 'JPS_FSACM05-3', 'CAL', 0, 0, 0, 0, 0, 0, 1, 16, 40, 0, 'Passengers should check-in 10 mins before ferry departure time shown', 'FER');
INSERT INTO DayOfNonOperation (VehicleJourneyRef, StartDate, EndDate) VALUES ('81899', 1522368000, 1548460799);
INSERT INTO VehicleJourney (VehicleJourneyCode, ServiceRef, LineRef, JourneyPatternRef, OperatorRef, Monday, Tuesday, Wednesday, Thursday, Friday, Saturday, Sunday, DepatureHour, DepatureMinute, DepatureSecond, Note, NoteCode) VALUES ('81900', 'FSACM05', '0', 'JPS_FSACM05-3', 'CAL', 0, 0, 0, 0, 0, 0, 1, 19, 20, 0, 'Passengers should check-in 10 mins before ferry departure time shown', 'FER');
INSERT INTO DayOfNonOperation (VehicleJourneyRef, StartDate, EndDate) VALUES ('81900', 1522368000, 1548460799);
INSERT INTO VehicleJourney (VehicleJourneyCode, ServiceRef, LineRef, JourneyPatternRef, OperatorRef, Monday, Tuesday, Wednesday, Thursday, Friday, Saturday, Sunday, DepatureHour, DepatureMinute, DepatureSecond, Note, NoteCode) VALUES ('81918', 'FSACM05', '0', 'JPS_FSACM05-4', 'CAL', 1, 1, 1, 1, 1, 0, 0, 7, 0, 0, 'Passengers should check-in 10 mins before ferry departure time shown', 'FER');
INSERT INTO DayOfNonOperation (VehicleJourneyRef, StartDate, EndDate) VALUES ('81918', 1522368000, 1548460799);
INSERT INTO VehicleJourney (VehicleJourneyCode, ServiceRef, LineRef, JourneyPatternRef, OperatorRef, Monday, Tuesday, Wednesday, Thursday, Friday, Saturday, Sunday, DepatureHour, DepatureMinute, DepatureSecond, Note, NoteCode) VALUES ('81919', 'FSACM05', '0', 'JPS_FSACM05-4', 'CAL', 1, 1, 1, 1, 1, 0, 0, 9, 45, 0, 'Passengers should check-in 10 mins before ferry departure time shown', 'FER');
INSERT INTO DayOfNonOperation (VehicleJourneyRef, StartDate, EndDate) VALUES ('81919', 1522368000, 1548460799);
INSERT INTO VehicleJourney (VehicleJourneyCode, ServiceRef, LineRef, JourneyPatternRef, OperatorRef, Monday, Tuesday, Wednesday, Thursday, Friday, Saturday, Sunday, DepatureHour, DepatureMinute, DepatureSecond, Note, NoteCode) VALUES ('81920', 'FSACM05', '0', 'JPS_FSACM05-4', 'CAL', 1, 1, 1, 1, 1, 0, 0, 12, 30, 0, 'Passengers should check-in 10 mins before ferry departure time shown', 'FER');
INSERT INTO DayOfNonOperation (VehicleJourneyRef, StartDate, EndDate) VALUES ('81920', 1522368000, 1548460799);
INSERT INTO VehicleJourney (VehicleJourneyCode, ServiceRef, LineRef, JourneyPatternRef, OperatorRef, Monday, Tuesday, Wednesday, Thursday, Friday, Saturday, Sunday, DepatureHour, DepatureMinute, DepatureSecond, Note, NoteCode) VALUES ('81921', 'FSACM05', '0', 'JPS_FSACM05-4', 'CAL', 1, 1, 1, 1, 1, 0, 0, 15, 20, 0, 'Passengers should check-in 10 mins before ferry departure time shown', 'FER');
INSERT INTO DayOfNonOperation (VehicleJourneyRef, StartDate, EndDate) VALUES ('81921', 1522368000, 1548460799);
INSERT INTO VehicleJourney (VehicleJourneyCode, ServiceRef, LineRef, JourneyPatternRef, OperatorRef, Monday, Tuesday, Wednesday, Thursday, Friday, Saturday, Sunday, DepatureHour, DepatureMinute, DepatureSecond, Note, NoteCode) VALUES ('81922', 'FSACM05', '0', 'JPS_FSACM05-4', 'CAL', 1, 1, 1, 1, 1, 0, 0, 18, 0, 0, 'Passengers should check-in 10 mins before ferry departure time shown', 'FER');
INSERT INTO DayOfNonOperation (VehicleJourneyRef, StartDate, EndDate) VALUES ('81922', 1522368000, 1548460799);
INSERT INTO VehicleJourney (VehicleJourneyCode, ServiceRef, LineRef, JourneyPatternRef, OperatorRef, Monday, Tuesday, Wednesday, Thursday, Friday, Saturday, Sunday, DepatureHour, DepatureMinute, DepatureSecond, Note, NoteCode) VALUES ('81952', 'FSACM05', '0', 'JPS_FSACM05-4', 'CAL', 0, 0, 0, 0, 0, 1, 0, 7, 0, 0, 'Passengers should check-in 10 mins before ferry departure time shown', 'FER');
INSERT INTO DayOfNonOperation (VehicleJourneyRef, StartDate, EndDate) VALUES ('81952', 1522368000, 1548460799);
INSERT INTO VehicleJourney (VehicleJourneyCode, ServiceRef, LineRef, JourneyPatternRef, OperatorRef, Monday, Tuesday, Wednesday, Thursday, Friday, Saturday, Sunday, DepatureHour, DepatureMinute, DepatureSecond, Note, NoteCode) VALUES ('81953', 'FSACM05', '0', 'JPS_FSACM05-4', 'CAL', 0, 0, 0, 0, 0, 1, 0, 9, 45, 0, 'Passengers should check-in 10 mins before ferry departure time shown', 'FER');
INSERT INTO DayOfNonOperation (VehicleJourneyRef, StartDate, EndDate) VALUES ('81953', 1522368000, 1548460799);
INSERT INTO VehicleJourney (VehicleJourneyCode, ServiceRef, LineRef, JourneyPatternRef, OperatorRef, Monday, Tuesday, Wednesday, Thursday, Friday, Saturday, Sunday, DepatureHour, DepatureMinute, DepatureSecond, Note, NoteCode) VALUES ('81954', 'FSACM05', '0', 'JPS_FSACM05-4', 'CAL', 0, 0, 0, 0, 0, 1, 0, 12, 30, 0, 'Passengers should check-in 10 mins before ferry departure time shown', 'FER');
INSERT INTO DayOfNonOperation (VehicleJourneyRef, StartDate, EndDate) VALUES ('81954', 1522368000, 1548460799);
INSERT INTO VehicleJourney (VehicleJourneyCode, ServiceRef, LineRef, JourneyPatternRef, OperatorRef, Monday, Tuesday, Wednesday, Thursday, Friday, Saturday, Sunday, DepatureHour, DepatureMinute, DepatureSecond, Note, NoteCode) VALUES ('81955', 'FSACM05', '0', 'JPS_FSACM05-4', 'CAL', 0, 0, 0, 0, 0, 1, 0, 15, 20, 0, 'Passengers should check-in 10 mins before ferry departure time shown', 'FER');
INSERT INTO DayOfNonOperation (VehicleJourneyRef, StartDate, EndDate) VALUES ('81955', 1522368000, 1548460799);
INSERT INTO VehicleJourney (VehicleJourneyCode, ServiceRef, LineRef, JourneyPatternRef, OperatorRef, Monday, Tuesday, Wednesday, Thursday, Friday, Saturday, Sunday, DepatureHour, DepatureMinute, DepatureSecond, Note, NoteCode) VALUES ('81956', 'FSACM05', '0', 'JPS_FSACM05-4', 'CAL', 0, 0, 0, 0, 0, 1, 0, 18, 0, 0, 'Passengers should check-in 10 mins before ferry departure time shown', 'FER');
INSERT INTO DayOfNonOperation (VehicleJourneyRef, StartDate, EndDate) VALUES ('81956', 1522368000, 1548460799);
INSERT INTO VehicleJourney (VehicleJourneyCode, ServiceRef, LineRef, JourneyPatternRef, OperatorRef, Monday, Tuesday, Wednesday, Thursday, Friday, Saturday, Sunday, DepatureHour, DepatureMinute, DepatureSecond, Note, NoteCode) VALUES ('81974', 'FSACM05', '0', 'JPS_FSACM05-4', 'CAL', 0, 0, 0, 0, 0, 0, 1, 9, 45, 0, 'Passengers should check-in 10 mins before ferry departure time shown', 'FER');
INSERT INTO DayOfNonOperation (VehicleJourneyRef, StartDate, EndDate) VALUES ('81974', 1522368000, 1548460799);
INSERT INTO VehicleJourney (VehicleJourneyCode, ServiceRef, LineRef, JourneyPatternRef, OperatorRef, Monday, Tuesday, Wednesday, Thursday, Friday, Saturday, Sunday, DepatureHour, DepatureMinute, DepatureSecond, Note, NoteCode) VALUES ('81975', 'FSACM05', '0', 'JPS_FSACM05-4', 'CAL', 0, 0, 0, 0, 0, 0, 1, 12, 30, 0, 'Passengers should check-in 10 mins before ferry departure time shown', 'FER');
INSERT INTO DayOfNonOperation (VehicleJourneyRef, StartDate, EndDate) VALUES ('81975', 1522368000, 1548460799);
INSERT INTO VehicleJourney (VehicleJourneyCode, ServiceRef, LineRef, JourneyPatternRef, OperatorRef, Monday, Tuesday, Wednesday, Thursday, Friday, Saturday, Sunday, DepatureHour, DepatureMinute, DepatureSecond, Note, NoteCode) VALUES ('81976', 'FSACM05', '0', 'JPS_FSACM05-4', 'CAL', 0, 0, 0, 0, 0, 0, 1, 15, 15, 0, 'Passengers should check-in 10 mins before ferry departure time shown', 'FER');
INSERT INTO DayOfNonOperation (VehicleJourneyRef, StartDate, EndDate) VALUES ('81976', 1522368000, 1548460799);
INSERT INTO VehicleJourney (VehicleJourneyCode, ServiceRef, LineRef, JourneyPatternRef, OperatorRef, Monday, Tuesday, Wednesday, Thursday, Friday, Saturday, Sunday, DepatureHour, DepatureMinute, DepatureSecond, Note, NoteCode) VALUES ('81977', 'FSACM05', '0', 'JPS_FSACM05-4', 'CAL', 0, 0, 0, 0, 0, 0, 1, 18, 0, 0, 'Passengers should check-in 10 mins before ferry departure time shown', 'FER');
INSERT INTO DayOfNonOperation (VehicleJourneyRef, StartDate, EndDate) VALUES ('81977', 1522368000, 1548460799);