INSERT INTO AnnotatedStopPointRef (StopPointRef, CommonName, Latitude, Longitude) VALUES ('9300LEV', 'Leverburgh Harris Ferry Terminal', 0, 0);
INSERT INTO AnnotatedStopPointRef (StopPointRef, CommonName, Latitude, Longitude) VALUES ('9300BNY', 'Berneray Ferry Terminal', 0, 0);
INSERT INTO Route (RouteId, RouteDescription, RouteSectionRef) VALUES ('FSACM23_002', 'Leverburgh - Berneray
', 'FSACM23_002');
INSERT INTO Route (RouteId, RouteDescription, RouteSectionRef) VALUES ('FSACM23_001', 'Berneray - Leverburgh
', 'FSACM23_001');
INSERT INTO RouteSection (RouteSectionId) VALUES ('FSACM23_002');
INSERT INTO RouteLink (RouteLinkId, RouteSectionId, FromStopPointRef, ToStopPointRef, `Order`, RouteDirection) VALUES ('FSACM23_002_287551', 'FSACM23_002', '9300LEV', '9300BNY', 0, 'inbound');
INSERT INTO RouteSection (RouteSectionId) VALUES ('FSACM23_001');
INSERT INTO RouteLink (RouteLinkId, RouteSectionId, FromStopPointRef, ToStopPointRef, `Order`, RouteDirection) VALUES ('FSACM23_001_287553', 'FSACM23_001', '9300BNY', '9300LEV', 0, 'outbound');
INSERT INTO JourneyPatternSection (JourneyPatternSectionId) VALUES ('JPS_FSACM23-3');
INSERT INTO JourneyPatternTimingLink (JourneyPatternTimingLinkId, JourneyPatternSectionId, JourneyPatternFromStopPointRef, JourneyPatternFromTimingStatus, JourneyPatternToStopPointsRef, JourneyPatternToTimingStatus, RouteLinkRef, JourneyDirection, RunTime, WaitTime) VALUES ('JPS_FSACM23-3_287551', 'JPS_FSACM23-3', '9300LEV', 'PTP', '9300BNY', 'PTP', 'FSACM23_002_287551', 'inbound', 'PT3600S', '');
INSERT INTO JourneyPatternSection (JourneyPatternSectionId) VALUES ('JPS_FSACM23-4');
INSERT INTO JourneyPatternTimingLink (JourneyPatternTimingLinkId, JourneyPatternSectionId, JourneyPatternFromStopPointRef, JourneyPatternFromTimingStatus, JourneyPatternToStopPointsRef, JourneyPatternToTimingStatus, RouteLinkRef, JourneyDirection, RunTime, WaitTime) VALUES ('JPS_FSACM23-4_287553', 'JPS_FSACM23-4', '9300BNY', 'PTP', '9300LEV', 'PTP', 'FSACM23_001_287553', 'outbound', 'PT3600S', '');
INSERT INTO JourneyPatternSection (JourneyPatternSectionId) VALUES ('JPS_FSACM23-5');
INSERT INTO JourneyPatternTimingLink (JourneyPatternTimingLinkId, JourneyPatternSectionId, JourneyPatternFromStopPointRef, JourneyPatternFromTimingStatus, JourneyPatternToStopPointsRef, JourneyPatternToTimingStatus, RouteLinkRef, JourneyDirection, RunTime, WaitTime) VALUES ('JPS_FSACM23-5_287551', 'JPS_FSACM23-5', '9300LEV', 'PTP', '9300BNY', 'PTP', 'FSACM23_002_287551', 'inbound', 'PT4200S', '');
INSERT INTO JourneyPatternSection (JourneyPatternSectionId) VALUES ('JPS_FSACM23-6');
INSERT INTO JourneyPatternTimingLink (JourneyPatternTimingLinkId, JourneyPatternSectionId, JourneyPatternFromStopPointRef, JourneyPatternFromTimingStatus, JourneyPatternToStopPointsRef, JourneyPatternToTimingStatus, RouteLinkRef, JourneyDirection, RunTime, WaitTime) VALUES ('JPS_FSACM23-6_287553', 'JPS_FSACM23-6', '9300BNY', 'PTP', '9300LEV', 'PTP', 'FSACM23_001_287553', 'outbound', 'PT4200S', '');
INSERT INTO Operator (OperatorId, NationalOperatorCode, OperatorCode, OperatorShortName) VALUES ('CAL', 'CALM', 'CAL', 'Caledonian MacBrayne');
INSERT INTO Service (ServiceCode, RegisteredOperatorRef, Mode, Description, Origin, Destination, StartDate, EndDate) VALUES ('FSACM23', 'CAL', 'ferry', 'Berneray - Leverburgh', 'Berneray', 'Leverburgh', 1508716800, 2524607999);
INSERT INTO Line (LineId, ServiceRef, LineName) VALUES ('0', 'FSACM23', 'CM23');
INSERT INTO JourneyPattern (JourneyPatternId, ServiceRef, JourneyPatternSectionRef, JourneyPatternDirection) VALUES ('JPS_FSACM23-3', 'FSACM23', 'JPS_FSACM23-3', 'inbound');
INSERT INTO JourneyPattern (JourneyPatternId, ServiceRef, JourneyPatternSectionRef, JourneyPatternDirection) VALUES ('JPS_FSACM23-4', 'FSACM23', 'JPS_FSACM23-4', 'outbound');
INSERT INTO JourneyPattern (JourneyPatternId, ServiceRef, JourneyPatternSectionRef, JourneyPatternDirection) VALUES ('JPS_FSACM23-5', 'FSACM23', 'JPS_FSACM23-5', 'inbound');
INSERT INTO JourneyPattern (JourneyPatternId, ServiceRef, JourneyPatternSectionRef, JourneyPatternDirection) VALUES ('JPS_FSACM23-6', 'FSACM23', 'JPS_FSACM23-6', 'outbound');
INSERT INTO VehicleJourney (VehicleJourneyCode, ServiceRef, LineRef, JourneyPatternRef, OperatorRef, Monday, Tuesday, Wednesday, Thursday, Friday, Saturday, Sunday, DepatureHour, DepatureMinute, DepatureSecond, Note, NoteCode) VALUES ('88282', 'FSACM23', '0', 'JPS_FSACM23-3', 'CAL', 0, 0, 0, 0, 0, 0, 1, 9, 35, 0, 'Service subject to change due to tidal conditions', 'TID');
INSERT INTO DayOfNonOperation (VehicleJourneyRef, StartDate, EndDate) VALUES ('88282', 1515888000, 1515974399);
INSERT INTO DayOfNonOperation (VehicleJourneyRef, StartDate, EndDate) VALUES ('88282', 1516492800, 1516579199);
INSERT INTO DayOfNonOperation (VehicleJourneyRef, StartDate, EndDate) VALUES ('88282', 1517097600, 1517183999);
INSERT INTO VehicleJourney (VehicleJourneyCode, ServiceRef, LineRef, JourneyPatternRef, OperatorRef, Monday, Tuesday, Wednesday, Thursday, Friday, Saturday, Sunday, DepatureHour, DepatureMinute, DepatureSecond, Note, NoteCode) VALUES ('88283', 'FSACM23', '0', 'JPS_FSACM23-3', 'CAL', 0, 0, 0, 0, 0, 0, 1, 14, 40, 0, 'Service subject to change due to tidal conditions', 'TID');
INSERT INTO DayOfNonOperation (VehicleJourneyRef, StartDate, EndDate) VALUES ('88283', 1515888000, 1515974399);
INSERT INTO DayOfNonOperation (VehicleJourneyRef, StartDate, EndDate) VALUES ('88283', 1516492800, 1516579199);
INSERT INTO DayOfNonOperation (VehicleJourneyRef, StartDate, EndDate) VALUES ('88283', 1517097600, 1517183999);
INSERT INTO VehicleJourney (VehicleJourneyCode, ServiceRef, LineRef, JourneyPatternRef, OperatorRef, Monday, Tuesday, Wednesday, Thursday, Friday, Saturday, Sunday, DepatureHour, DepatureMinute, DepatureSecond, Note, NoteCode) VALUES ('88300', 'FSACM23', '0', 'JPS_FSACM23-4', 'CAL', 0, 0, 0, 0, 0, 0, 1, 8, 30, 0, 'Service subject to change due to tidal conditions', 'TID');
INSERT INTO DayOfNonOperation (VehicleJourneyRef, StartDate, EndDate) VALUES ('88300', 1515888000, 1515974399);
INSERT INTO DayOfNonOperation (VehicleJourneyRef, StartDate, EndDate) VALUES ('88300', 1516492800, 1516579199);
INSERT INTO DayOfNonOperation (VehicleJourneyRef, StartDate, EndDate) VALUES ('88300', 1517097600, 1517183999);
INSERT INTO VehicleJourney (VehicleJourneyCode, ServiceRef, LineRef, JourneyPatternRef, OperatorRef, Monday, Tuesday, Wednesday, Thursday, Friday, Saturday, Sunday, DepatureHour, DepatureMinute, DepatureSecond, Note, NoteCode) VALUES ('88301', 'FSACM23', '0', 'JPS_FSACM23-4', 'CAL', 0, 0, 0, 0, 0, 0, 1, 13, 30, 0, 'Service subject to change due to tidal conditions', 'TID');
INSERT INTO DayOfNonOperation (VehicleJourneyRef, StartDate, EndDate) VALUES ('88301', 1515888000, 1515974399);
INSERT INTO DayOfNonOperation (VehicleJourneyRef, StartDate, EndDate) VALUES ('88301', 1516492800, 1516579199);
INSERT INTO DayOfNonOperation (VehicleJourneyRef, StartDate, EndDate) VALUES ('88301', 1517097600, 1517183999);
INSERT INTO VehicleJourney (VehicleJourneyCode, ServiceRef, LineRef, JourneyPatternRef, OperatorRef, Monday, Tuesday, Wednesday, Thursday, Friday, Saturday, Sunday, DepatureHour, DepatureMinute, DepatureSecond, Note, NoteCode) VALUES ('88272', 'FSACM23', '0', 'JPS_FSACM23-3', 'CAL', 1, 1, 1, 1, 1, 1, 0, 9, 25, 0, 'Service subject to change due to tidal conditions', 'TID');
INSERT INTO DayOfNonOperation (VehicleJourneyRef, StartDate, EndDate) VALUES ('88272', 1508716800, 1515369599);
INSERT INTO DayOfNonOperation (VehicleJourneyRef, StartDate, EndDate) VALUES ('88272', 1515888000, 2524607999);
INSERT INTO VehicleJourney (VehicleJourneyCode, ServiceRef, LineRef, JourneyPatternRef, OperatorRef, Monday, Tuesday, Wednesday, Thursday, Friday, Saturday, Sunday, DepatureHour, DepatureMinute, DepatureSecond, Note, NoteCode) VALUES ('88273', 'FSACM23', '0', 'JPS_FSACM23-3', 'CAL', 1, 1, 1, 1, 1, 1, 0, 14, 55, 0, 'Service subject to change due to tidal conditions', 'TID');
INSERT INTO DayOfNonOperation (VehicleJourneyRef, StartDate, EndDate) VALUES ('88273', 1508716800, 1515369599);
INSERT INTO DayOfNonOperation (VehicleJourneyRef, StartDate, EndDate) VALUES ('88273', 1515888000, 2524607999);
INSERT INTO VehicleJourney (VehicleJourneyCode, ServiceRef, LineRef, JourneyPatternRef, OperatorRef, Monday, Tuesday, Wednesday, Thursday, Friday, Saturday, Sunday, DepatureHour, DepatureMinute, DepatureSecond, Note, NoteCode) VALUES ('88290', 'FSACM23', '0', 'JPS_FSACM23-4', 'CAL', 1, 1, 1, 1, 1, 1, 0, 8, 15, 0, 'Service subject to change due to tidal conditions', 'TID');
INSERT INTO DayOfNonOperation (VehicleJourneyRef, StartDate, EndDate) VALUES ('88290', 1508716800, 1515369599);
INSERT INTO DayOfNonOperation (VehicleJourneyRef, StartDate, EndDate) VALUES ('88290', 1515888000, 2524607999);
INSERT INTO VehicleJourney (VehicleJourneyCode, ServiceRef, LineRef, JourneyPatternRef, OperatorRef, Monday, Tuesday, Wednesday, Thursday, Friday, Saturday, Sunday, DepatureHour, DepatureMinute, DepatureSecond, Note, NoteCode) VALUES ('88291', 'FSACM23', '0', 'JPS_FSACM23-4', 'CAL', 1, 1, 1, 1, 1, 1, 0, 13, 35, 0, 'Service subject to change due to tidal conditions', 'TID');
INSERT INTO DayOfNonOperation (VehicleJourneyRef, StartDate, EndDate) VALUES ('88291', 1508716800, 1515369599);
INSERT INTO DayOfNonOperation (VehicleJourneyRef, StartDate, EndDate) VALUES ('88291', 1515888000, 2524607999);
INSERT INTO VehicleJourney (VehicleJourneyCode, ServiceRef, LineRef, JourneyPatternRef, OperatorRef, Monday, Tuesday, Wednesday, Thursday, Friday, Saturday, Sunday, DepatureHour, DepatureMinute, DepatureSecond, Note, NoteCode) VALUES ('88284', 'FSACM23', '0', 'JPS_FSACM23-5', 'CAL', 0, 0, 0, 0, 0, 0, 1, 9, 35, 0, 'Service subject to change due to tidal conditions', 'TID');
INSERT INTO DayOfNonOperation (VehicleJourneyRef, StartDate, EndDate) VALUES ('88284', 1508716800, 1515887999);
INSERT INTO DayOfNonOperation (VehicleJourneyRef, StartDate, EndDate) VALUES ('88284', 1515974400, 2524607999);
INSERT INTO VehicleJourney (VehicleJourneyCode, ServiceRef, LineRef, JourneyPatternRef, OperatorRef, Monday, Tuesday, Wednesday, Thursday, Friday, Saturday, Sunday, DepatureHour, DepatureMinute, DepatureSecond, Note, NoteCode) VALUES ('88285', 'FSACM23', '0', 'JPS_FSACM23-5', 'CAL', 0, 0, 0, 0, 0, 0, 1, 14, 40, 0, 'Service subject to change due to tidal conditions', 'TID');
INSERT INTO DayOfNonOperation (VehicleJourneyRef, StartDate, EndDate) VALUES ('88285', 1508716800, 1515887999);
INSERT INTO DayOfNonOperation (VehicleJourneyRef, StartDate, EndDate) VALUES ('88285', 1515974400, 2524607999);
INSERT INTO VehicleJourney (VehicleJourneyCode, ServiceRef, LineRef, JourneyPatternRef, OperatorRef, Monday, Tuesday, Wednesday, Thursday, Friday, Saturday, Sunday, DepatureHour, DepatureMinute, DepatureSecond, Note, NoteCode) VALUES ('88302', 'FSACM23', '0', 'JPS_FSACM23-6', 'CAL', 0, 0, 0, 0, 0, 0, 1, 8, 30, 0, 'Service subject to change due to tidal conditions', 'TID');
INSERT INTO DayOfNonOperation (VehicleJourneyRef, StartDate, EndDate) VALUES ('88302', 1508716800, 1515887999);
INSERT INTO DayOfNonOperation (VehicleJourneyRef, StartDate, EndDate) VALUES ('88302', 1515974400, 2524607999);
INSERT INTO VehicleJourney (VehicleJourneyCode, ServiceRef, LineRef, JourneyPatternRef, OperatorRef, Monday, Tuesday, Wednesday, Thursday, Friday, Saturday, Sunday, DepatureHour, DepatureMinute, DepatureSecond, Note, NoteCode) VALUES ('88303', 'FSACM23', '0', 'JPS_FSACM23-6', 'CAL', 0, 0, 0, 0, 0, 0, 1, 13, 30, 0, 'Service subject to change due to tidal conditions', 'TID');
INSERT INTO DayOfNonOperation (VehicleJourneyRef, StartDate, EndDate) VALUES ('88303', 1508716800, 1515887999);
INSERT INTO DayOfNonOperation (VehicleJourneyRef, StartDate, EndDate) VALUES ('88303', 1515974400, 2524607999);
INSERT INTO VehicleJourney (VehicleJourneyCode, ServiceRef, LineRef, JourneyPatternRef, OperatorRef, Monday, Tuesday, Wednesday, Thursday, Friday, Saturday, Sunday, DepatureHour, DepatureMinute, DepatureSecond, Note, NoteCode) VALUES ('88274', 'FSACM23', '0', 'JPS_FSACM23-5', 'CAL', 1, 1, 1, 1, 1, 1, 0, 10, 20, 0, 'Service subject to change due to tidal conditions', 'TID');
INSERT INTO DayOfNonOperation (VehicleJourneyRef, StartDate, EndDate) VALUES ('88274', 1508716800, 1515974399);
INSERT INTO DayOfNonOperation (VehicleJourneyRef, StartDate, EndDate) VALUES ('88274', 1517097600, 2524607999);
INSERT INTO VehicleJourney (VehicleJourneyCode, ServiceRef, LineRef, JourneyPatternRef, OperatorRef, Monday, Tuesday, Wednesday, Thursday, Friday, Saturday, Sunday, DepatureHour, DepatureMinute, DepatureSecond, Note, NoteCode) VALUES ('88275', 'FSACM23', '0', 'JPS_FSACM23-5', 'CAL', 1, 1, 1, 1, 1, 1, 0, 14, 50, 0, 'Service subject to change due to tidal conditions', 'TID');
INSERT INTO DayOfNonOperation (VehicleJourneyRef, StartDate, EndDate) VALUES ('88275', 1508716800, 1515974399);
INSERT INTO DayOfNonOperation (VehicleJourneyRef, StartDate, EndDate) VALUES ('88275', 1517097600, 2524607999);
INSERT INTO VehicleJourney (VehicleJourneyCode, ServiceRef, LineRef, JourneyPatternRef, OperatorRef, Monday, Tuesday, Wednesday, Thursday, Friday, Saturday, Sunday, DepatureHour, DepatureMinute, DepatureSecond, Note, NoteCode) VALUES ('88292', 'FSACM23', '0', 'JPS_FSACM23-4', 'CAL', 1, 1, 1, 1, 1, 1, 0, 9, 0, 0, 'Service subject to change due to tidal conditions', 'TID');
INSERT INTO DayOfNonOperation (VehicleJourneyRef, StartDate, EndDate) VALUES ('88292', 1508716800, 1515974399);
INSERT INTO DayOfNonOperation (VehicleJourneyRef, StartDate, EndDate) VALUES ('88292', 1517097600, 2524607999);
INSERT INTO VehicleJourney (VehicleJourneyCode, ServiceRef, LineRef, JourneyPatternRef, OperatorRef, Monday, Tuesday, Wednesday, Thursday, Friday, Saturday, Sunday, DepatureHour, DepatureMinute, DepatureSecond, Note, NoteCode) VALUES ('88293', 'FSACM23', '0', 'JPS_FSACM23-6', 'CAL', 1, 1, 1, 1, 1, 1, 0, 13, 30, 0, 'Service subject to change due to tidal conditions', 'TID');
INSERT INTO DayOfNonOperation (VehicleJourneyRef, StartDate, EndDate) VALUES ('88293', 1508716800, 1515974399);
INSERT INTO DayOfNonOperation (VehicleJourneyRef, StartDate, EndDate) VALUES ('88293', 1517097600, 2524607999);
INSERT INTO VehicleJourney (VehicleJourneyCode, ServiceRef, LineRef, JourneyPatternRef, OperatorRef, Monday, Tuesday, Wednesday, Thursday, Friday, Saturday, Sunday, DepatureHour, DepatureMinute, DepatureSecond, Note, NoteCode) VALUES ('88286', 'FSACM23', '0', 'JPS_FSACM23-5', 'CAL', 0, 0, 0, 0, 0, 0, 1, 9, 35, 0, 'Service subject to change due to tidal conditions', 'TID');
INSERT INTO DayOfNonOperation (VehicleJourneyRef, StartDate, EndDate) VALUES ('88286', 1508716800, 1516492799);
INSERT INTO DayOfNonOperation (VehicleJourneyRef, StartDate, EndDate) VALUES ('88286', 1516579200, 2524607999);
INSERT INTO VehicleJourney (VehicleJourneyCode, ServiceRef, LineRef, JourneyPatternRef, OperatorRef, Monday, Tuesday, Wednesday, Thursday, Friday, Saturday, Sunday, DepatureHour, DepatureMinute, DepatureSecond, Note, NoteCode) VALUES ('88287', 'FSACM23', '0', 'JPS_FSACM23-5', 'CAL', 0, 0, 0, 0, 0, 0, 1, 14, 40, 0, 'Service subject to change due to tidal conditions', 'TID');
INSERT INTO DayOfNonOperation (VehicleJourneyRef, StartDate, EndDate) VALUES ('88287', 1508716800, 1516492799);
INSERT INTO DayOfNonOperation (VehicleJourneyRef, StartDate, EndDate) VALUES ('88287', 1516579200, 2524607999);
INSERT INTO VehicleJourney (VehicleJourneyCode, ServiceRef, LineRef, JourneyPatternRef, OperatorRef, Monday, Tuesday, Wednesday, Thursday, Friday, Saturday, Sunday, DepatureHour, DepatureMinute, DepatureSecond, Note, NoteCode) VALUES ('88304', 'FSACM23', '0', 'JPS_FSACM23-6', 'CAL', 0, 0, 0, 0, 0, 0, 1, 8, 30, 0, 'Service subject to change due to tidal conditions', 'TID');
INSERT INTO DayOfNonOperation (VehicleJourneyRef, StartDate, EndDate) VALUES ('88304', 1508716800, 1516492799);
INSERT INTO DayOfNonOperation (VehicleJourneyRef, StartDate, EndDate) VALUES ('88304', 1516579200, 2524607999);
INSERT INTO VehicleJourney (VehicleJourneyCode, ServiceRef, LineRef, JourneyPatternRef, OperatorRef, Monday, Tuesday, Wednesday, Thursday, Friday, Saturday, Sunday, DepatureHour, DepatureMinute, DepatureSecond, Note, NoteCode) VALUES ('88305', 'FSACM23', '0', 'JPS_FSACM23-6', 'CAL', 0, 0, 0, 0, 0, 0, 1, 13, 30, 0, 'Service subject to change due to tidal conditions', 'TID');
INSERT INTO DayOfNonOperation (VehicleJourneyRef, StartDate, EndDate) VALUES ('88305', 1508716800, 1516492799);
INSERT INTO DayOfNonOperation (VehicleJourneyRef, StartDate, EndDate) VALUES ('88305', 1516579200, 2524607999);
INSERT INTO VehicleJourney (VehicleJourneyCode, ServiceRef, LineRef, JourneyPatternRef, OperatorRef, Monday, Tuesday, Wednesday, Thursday, Friday, Saturday, Sunday, DepatureHour, DepatureMinute, DepatureSecond, Note, NoteCode) VALUES ('88288', 'FSACM23', '0', 'JPS_FSACM23-5', 'CAL', 0, 0, 0, 0, 0, 0, 1, 9, 35, 0, 'Service subject to change due to tidal conditions', 'TID');
INSERT INTO DayOfNonOperation (VehicleJourneyRef, StartDate, EndDate) VALUES ('88288', 1508716800, 1517097599);
INSERT INTO DayOfNonOperation (VehicleJourneyRef, StartDate, EndDate) VALUES ('88288', 1517184000, 2524607999);
INSERT INTO VehicleJourney (VehicleJourneyCode, ServiceRef, LineRef, JourneyPatternRef, OperatorRef, Monday, Tuesday, Wednesday, Thursday, Friday, Saturday, Sunday, DepatureHour, DepatureMinute, DepatureSecond, Note, NoteCode) VALUES ('88289', 'FSACM23', '0', 'JPS_FSACM23-5', 'CAL', 0, 0, 0, 0, 0, 0, 1, 14, 40, 0, 'Service subject to change due to tidal conditions', 'TID');
INSERT INTO DayOfNonOperation (VehicleJourneyRef, StartDate, EndDate) VALUES ('88289', 1508716800, 1517097599);
INSERT INTO DayOfNonOperation (VehicleJourneyRef, StartDate, EndDate) VALUES ('88289', 1517184000, 2524607999);
INSERT INTO VehicleJourney (VehicleJourneyCode, ServiceRef, LineRef, JourneyPatternRef, OperatorRef, Monday, Tuesday, Wednesday, Thursday, Friday, Saturday, Sunday, DepatureHour, DepatureMinute, DepatureSecond, Note, NoteCode) VALUES ('88306', 'FSACM23', '0', 'JPS_FSACM23-6', 'CAL', 0, 0, 0, 0, 0, 0, 1, 8, 30, 0, 'Service subject to change due to tidal conditions', 'TID');
INSERT INTO DayOfNonOperation (VehicleJourneyRef, StartDate, EndDate) VALUES ('88306', 1508716800, 1517097599);
INSERT INTO DayOfNonOperation (VehicleJourneyRef, StartDate, EndDate) VALUES ('88306', 1517184000, 2524607999);
INSERT INTO VehicleJourney (VehicleJourneyCode, ServiceRef, LineRef, JourneyPatternRef, OperatorRef, Monday, Tuesday, Wednesday, Thursday, Friday, Saturday, Sunday, DepatureHour, DepatureMinute, DepatureSecond, Note, NoteCode) VALUES ('88307', 'FSACM23', '0', 'JPS_FSACM23-6', 'CAL', 0, 0, 0, 0, 0, 0, 1, 13, 30, 0, 'Service subject to change due to tidal conditions', 'TID');
INSERT INTO DayOfNonOperation (VehicleJourneyRef, StartDate, EndDate) VALUES ('88307', 1508716800, 1517097599);
INSERT INTO DayOfNonOperation (VehicleJourneyRef, StartDate, EndDate) VALUES ('88307', 1517184000, 2524607999);
INSERT INTO VehicleJourney (VehicleJourneyCode, ServiceRef, LineRef, JourneyPatternRef, OperatorRef, Monday, Tuesday, Wednesday, Thursday, Friday, Saturday, Sunday, DepatureHour, DepatureMinute, DepatureSecond, Note, NoteCode) VALUES ('88276', 'FSACM23', '0', 'JPS_FSACM23-3', 'CAL', 1, 1, 1, 1, 1, 1, 0, 9, 10, 0, 'Service subject to change due to tidal conditions', 'TID');
INSERT INTO DayOfNonOperation (VehicleJourneyRef, StartDate, EndDate) VALUES ('88276', 1508716800, 1517183999);
INSERT INTO DayOfNonOperation (VehicleJourneyRef, StartDate, EndDate) VALUES ('88276', 1519516800, 2524607999);
INSERT INTO VehicleJourney (VehicleJourneyCode, ServiceRef, LineRef, JourneyPatternRef, OperatorRef, Monday, Tuesday, Wednesday, Thursday, Friday, Saturday, Sunday, DepatureHour, DepatureMinute, DepatureSecond, Note, NoteCode) VALUES ('88277', 'FSACM23', '0', 'JPS_FSACM23-3', 'CAL', 1, 1, 1, 1, 1, 1, 0, 13, 0, 0, 'Service subject to change due to tidal conditions', 'TID');
INSERT INTO DayOfNonOperation (VehicleJourneyRef, StartDate, EndDate) VALUES ('88277', 1508716800, 1517183999);
INSERT INTO DayOfNonOperation (VehicleJourneyRef, StartDate, EndDate) VALUES ('88277', 1519516800, 2524607999);
INSERT INTO VehicleJourney (VehicleJourneyCode, ServiceRef, LineRef, JourneyPatternRef, OperatorRef, Monday, Tuesday, Wednesday, Thursday, Friday, Saturday, Sunday, DepatureHour, DepatureMinute, DepatureSecond, Note, NoteCode) VALUES ('88278', 'FSACM23', '0', 'JPS_FSACM23-3', 'CAL', 1, 1, 1, 1, 1, 1, 0, 16, 5, 0, 'Service subject to change due to tidal conditions', 'TID');
INSERT INTO DayOfNonOperation (VehicleJourneyRef, StartDate, EndDate) VALUES ('88278', 1508716800, 1517183999);
INSERT INTO DayOfNonOperation (VehicleJourneyRef, StartDate, EndDate) VALUES ('88278', 1519516800, 2524607999);
INSERT INTO VehicleJourney (VehicleJourneyCode, ServiceRef, LineRef, JourneyPatternRef, OperatorRef, Monday, Tuesday, Wednesday, Thursday, Friday, Saturday, Sunday, DepatureHour, DepatureMinute, DepatureSecond, Note, NoteCode) VALUES ('88294', 'FSACM23', '0', 'JPS_FSACM23-4', 'CAL', 1, 1, 1, 1, 1, 1, 0, 8, 0, 0, 'Service subject to change due to tidal conditions', 'TID');
INSERT INTO DayOfNonOperation (VehicleJourneyRef, StartDate, EndDate) VALUES ('88294', 1508716800, 1517183999);
INSERT INTO DayOfNonOperation (VehicleJourneyRef, StartDate, EndDate) VALUES ('88294', 1519516800, 2524607999);
INSERT INTO VehicleJourney (VehicleJourneyCode, ServiceRef, LineRef, JourneyPatternRef, OperatorRef, Monday, Tuesday, Wednesday, Thursday, Friday, Saturday, Sunday, DepatureHour, DepatureMinute, DepatureSecond, Note, NoteCode) VALUES ('88295', 'FSACM23', '0', 'JPS_FSACM23-4', 'CAL', 1, 1, 1, 1, 1, 1, 0, 11, 50, 0, 'Service subject to change due to tidal conditions', 'TID');
INSERT INTO DayOfNonOperation (VehicleJourneyRef, StartDate, EndDate) VALUES ('88295', 1508716800, 1517183999);
INSERT INTO DayOfNonOperation (VehicleJourneyRef, StartDate, EndDate) VALUES ('88295', 1519516800, 2524607999);
INSERT INTO VehicleJourney (VehicleJourneyCode, ServiceRef, LineRef, JourneyPatternRef, OperatorRef, Monday, Tuesday, Wednesday, Thursday, Friday, Saturday, Sunday, DepatureHour, DepatureMinute, DepatureSecond, Note, NoteCode) VALUES ('88296', 'FSACM23', '0', 'JPS_FSACM23-4', 'CAL', 1, 1, 1, 1, 1, 1, 0, 14, 55, 0, 'Service subject to change due to tidal conditions', 'TID');
INSERT INTO DayOfNonOperation (VehicleJourneyRef, StartDate, EndDate) VALUES ('88296', 1508716800, 1517183999);
INSERT INTO DayOfNonOperation (VehicleJourneyRef, StartDate, EndDate) VALUES ('88296', 1519516800, 2524607999);
INSERT INTO VehicleJourney (VehicleJourneyCode, ServiceRef, LineRef, JourneyPatternRef, OperatorRef, Monday, Tuesday, Wednesday, Thursday, Friday, Saturday, Sunday, DepatureHour, DepatureMinute, DepatureSecond, Note, NoteCode) VALUES ('88279', 'FSACM23', '0', 'JPS_FSACM23-3', 'CAL', 1, 1, 1, 1, 1, 1, 0, 8, 35, 0, 'Service subject to change due to tidal conditions', 'TID');
INSERT INTO DayOfNonOperation (VehicleJourneyRef, StartDate, EndDate) VALUES ('88279', 1508716800, 1519603199);
INSERT INTO DayOfNonOperation (VehicleJourneyRef, StartDate, EndDate) VALUES ('88279', 1522368000, 2524607999);
INSERT INTO VehicleJourney (VehicleJourneyCode, ServiceRef, LineRef, JourneyPatternRef, OperatorRef, Monday, Tuesday, Wednesday, Thursday, Friday, Saturday, Sunday, DepatureHour, DepatureMinute, DepatureSecond, Note, NoteCode) VALUES ('88280', 'FSACM23', '0', 'JPS_FSACM23-3', 'CAL', 1, 1, 1, 1, 1, 1, 0, 12, 20, 0, 'Service subject to change due to tidal conditions', 'TID');
INSERT INTO DayOfNonOperation (VehicleJourneyRef, StartDate, EndDate) VALUES ('88280', 1508716800, 1519603199);
INSERT INTO DayOfNonOperation (VehicleJourneyRef, StartDate, EndDate) VALUES ('88280', 1522368000, 2524607999);
INSERT INTO VehicleJourney (VehicleJourneyCode, ServiceRef, LineRef, JourneyPatternRef, OperatorRef, Monday, Tuesday, Wednesday, Thursday, Friday, Saturday, Sunday, DepatureHour, DepatureMinute, DepatureSecond, Note, NoteCode) VALUES ('88281', 'FSACM23', '0', 'JPS_FSACM23-3', 'CAL', 1, 1, 1, 1, 1, 1, 0, 16, 40, 0, 'Service subject to change due to tidal conditions', 'TID');
INSERT INTO DayOfNonOperation (VehicleJourneyRef, StartDate, EndDate) VALUES ('88281', 1508716800, 1519603199);
INSERT INTO DayOfNonOperation (VehicleJourneyRef, StartDate, EndDate) VALUES ('88281', 1522368000, 2524607999);
INSERT INTO VehicleJourney (VehicleJourneyCode, ServiceRef, LineRef, JourneyPatternRef, OperatorRef, Monday, Tuesday, Wednesday, Thursday, Friday, Saturday, Sunday, DepatureHour, DepatureMinute, DepatureSecond, Note, NoteCode) VALUES ('88297', 'FSACM23', '0', 'JPS_FSACM23-4', 'CAL', 1, 1, 1, 1, 1, 1, 0, 7, 25, 0, 'Service subject to change due to tidal conditions', 'TID');
INSERT INTO DayOfNonOperation (VehicleJourneyRef, StartDate, EndDate) VALUES ('88297', 1508716800, 1519603199);
INSERT INTO DayOfNonOperation (VehicleJourneyRef, StartDate, EndDate) VALUES ('88297', 1522368000, 2524607999);
INSERT INTO VehicleJourney (VehicleJourneyCode, ServiceRef, LineRef, JourneyPatternRef, OperatorRef, Monday, Tuesday, Wednesday, Thursday, Friday, Saturday, Sunday, DepatureHour, DepatureMinute, DepatureSecond, Note, NoteCode) VALUES ('88298', 'FSACM23', '0', 'JPS_FSACM23-4', 'CAL', 1, 1, 1, 1, 1, 1, 0, 11, 10, 0, 'Service subject to change due to tidal conditions', 'TID');
INSERT INTO DayOfNonOperation (VehicleJourneyRef, StartDate, EndDate) VALUES ('88298', 1508716800, 1519603199);
INSERT INTO DayOfNonOperation (VehicleJourneyRef, StartDate, EndDate) VALUES ('88298', 1522368000, 2524607999);
INSERT INTO VehicleJourney (VehicleJourneyCode, ServiceRef, LineRef, JourneyPatternRef, OperatorRef, Monday, Tuesday, Wednesday, Thursday, Friday, Saturday, Sunday, DepatureHour, DepatureMinute, DepatureSecond, Note, NoteCode) VALUES ('88299', 'FSACM23', '0', 'JPS_FSACM23-4', 'CAL', 1, 1, 1, 1, 1, 1, 0, 15, 30, 0, 'Service subject to change due to tidal conditions', 'TID');
INSERT INTO DayOfNonOperation (VehicleJourneyRef, StartDate, EndDate) VALUES ('88299', 1508716800, 1519603199);
INSERT INTO DayOfNonOperation (VehicleJourneyRef, StartDate, EndDate) VALUES ('88299', 1522368000, 2524607999);