INSERT INTO AnnotatedStopPointRef (StopPointRef, CommonName, Latitude, Longitude) VALUES ('9300RAY', 'Rothesay Ferry Terminal', 0, 0);
INSERT INTO AnnotatedStopPointRef (StopPointRef, CommonName, Latitude, Longitude) VALUES ('9300WMB', 'Wemyss Bay Ferry Terminal', 0, 0);
INSERT INTO Route (RouteId, RouteDescription, RouteSectionRef) VALUES ('FSACM03_001', 'Rothesay - Wemyss Bay or Gourock
', 'FSACM03_001');
INSERT INTO Route (RouteId, RouteDescription, RouteSectionRef) VALUES ('FSACM03_002', 'Wemyss Bay or Gourock - Rothesay
', 'FSACM03_002');
INSERT INTO RouteSection (RouteSectionId) VALUES ('FSACM03_001');
INSERT INTO RouteLink (RouteLinkId, RouteSectionId, FromStopPointRef, ToStopPointRef, `Order`, RouteDirection) VALUES ('FSACM03_001_289679', 'FSACM03_001', '9300RAY', '9300WMB', 0, 'inbound');
INSERT INTO RouteSection (RouteSectionId) VALUES ('FSACM03_002');
INSERT INTO RouteLink (RouteLinkId, RouteSectionId, FromStopPointRef, ToStopPointRef, `Order`, RouteDirection) VALUES ('FSACM03_002_289681', 'FSACM03_002', '9300WMB', '9300RAY', 0, 'outbound');
INSERT INTO JourneyPatternSection (JourneyPatternSectionId) VALUES ('JPS_FSACM03-3');
INSERT INTO JourneyPatternTimingLink (JourneyPatternTimingLinkId, JourneyPatternSectionId, JourneyPatternFromStopPointRef, JourneyPatternFromTimingStatus, JourneyPatternToStopPointsRef, JourneyPatternToTimingStatus, RouteLinkRef, JourneyDirection, RunTime, WaitTime) VALUES ('JPS_FSACM03-3_289679', 'JPS_FSACM03-3', '9300RAY', 'PTP', '9300WMB', 'PTP', 'FSACM03_001_289679', 'inbound', 'PT2100S', '');
INSERT INTO JourneyPatternSection (JourneyPatternSectionId) VALUES ('JPS_FSACM03-4');
INSERT INTO JourneyPatternTimingLink (JourneyPatternTimingLinkId, JourneyPatternSectionId, JourneyPatternFromStopPointRef, JourneyPatternFromTimingStatus, JourneyPatternToStopPointsRef, JourneyPatternToTimingStatus, RouteLinkRef, JourneyDirection, RunTime, WaitTime) VALUES ('JPS_FSACM03-4_289681', 'JPS_FSACM03-4', '9300WMB', 'PTP', '9300RAY', 'PTP', 'FSACM03_002_289681', 'outbound', 'PT2100S', '');
INSERT INTO Operator (OperatorId, NationalOperatorCode, OperatorCode, OperatorShortName) VALUES ('CAL', 'CALM', 'CAL', 'Caledonian MacBrayne');
INSERT INTO Service (ServiceCode, RegisteredOperatorRef, Mode, Description, Origin, Destination, StartDate, EndDate) VALUES ('FSACM03', 'CAL', 'ferry', 'Wemyss Bay or Gourock - Rothesay', 'Wemyss Bay or Gourock', 'Rothesay', 1490918400, 2524607999);
INSERT INTO Line (LineId, ServiceRef, LineName) VALUES ('0', 'FSACM03', 'CM3');
INSERT INTO JourneyPattern (JourneyPatternId, ServiceRef, JourneyPatternSectionRef, JourneyPatternDirection) VALUES ('JPS_FSACM03-3', 'FSACM03', 'JPS_FSACM03-3', 'inbound');
INSERT INTO JourneyPattern (JourneyPatternId, ServiceRef, JourneyPatternSectionRef, JourneyPatternDirection) VALUES ('JPS_FSACM03-4', 'FSACM03', 'JPS_FSACM03-4', 'outbound');
INSERT INTO VehicleJourney (VehicleJourneyCode, ServiceRef, LineRef, JourneyPatternRef, OperatorRef, Monday, Tuesday, Wednesday, Thursday, Friday, Saturday, Sunday, DepatureHour, DepatureMinute, DepatureSecond, Note, NoteCode) VALUES ('96619', 'FSACM03', '0', 'JPS_FSACM03-3', 'CAL', 1, 1, 1, 1, 1, 0, 0, 6, 25, 0, '', '');
INSERT INTO DayOfNonOperation (VehicleJourneyRef, StartDate, EndDate) VALUES ('96619', 1508716800, 2524607999);
INSERT INTO VehicleJourney (VehicleJourneyCode, ServiceRef, LineRef, JourneyPatternRef, OperatorRef, Monday, Tuesday, Wednesday, Thursday, Friday, Saturday, Sunday, DepatureHour, DepatureMinute, DepatureSecond, Note, NoteCode) VALUES ('96620', 'FSACM03', '0', 'JPS_FSACM03-3', 'CAL', 1, 1, 1, 1, 1, 0, 0, 7, 0, 0, '', '');
INSERT INTO DayOfNonOperation (VehicleJourneyRef, StartDate, EndDate) VALUES ('96620', 1508716800, 2524607999);
INSERT INTO VehicleJourney (VehicleJourneyCode, ServiceRef, LineRef, JourneyPatternRef, OperatorRef, Monday, Tuesday, Wednesday, Thursday, Friday, Saturday, Sunday, DepatureHour, DepatureMinute, DepatureSecond, Note, NoteCode) VALUES ('96621', 'FSACM03', '0', 'JPS_FSACM03-3', 'CAL', 1, 1, 1, 1, 1, 0, 0, 8, 0, 0, '', '');
INSERT INTO DayOfNonOperation (VehicleJourneyRef, StartDate, EndDate) VALUES ('96621', 1508716800, 2524607999);
INSERT INTO VehicleJourney (VehicleJourneyCode, ServiceRef, LineRef, JourneyPatternRef, OperatorRef, Monday, Tuesday, Wednesday, Thursday, Friday, Saturday, Sunday, DepatureHour, DepatureMinute, DepatureSecond, Note, NoteCode) VALUES ('96622', 'FSACM03', '0', 'JPS_FSACM03-3', 'CAL', 1, 1, 1, 1, 1, 0, 0, 8, 40, 0, '', '');
INSERT INTO DayOfNonOperation (VehicleJourneyRef, StartDate, EndDate) VALUES ('96622', 1508716800, 2524607999);
INSERT INTO VehicleJourney (VehicleJourneyCode, ServiceRef, LineRef, JourneyPatternRef, OperatorRef, Monday, Tuesday, Wednesday, Thursday, Friday, Saturday, Sunday, DepatureHour, DepatureMinute, DepatureSecond, Note, NoteCode) VALUES ('96623', 'FSACM03', '0', 'JPS_FSACM03-3', 'CAL', 1, 1, 1, 1, 1, 0, 0, 9, 30, 0, '', '');
INSERT INTO DayOfNonOperation (VehicleJourneyRef, StartDate, EndDate) VALUES ('96623', 1508716800, 2524607999);
INSERT INTO VehicleJourney (VehicleJourneyCode, ServiceRef, LineRef, JourneyPatternRef, OperatorRef, Monday, Tuesday, Wednesday, Thursday, Friday, Saturday, Sunday, DepatureHour, DepatureMinute, DepatureSecond, Note, NoteCode) VALUES ('96624', 'FSACM03', '0', 'JPS_FSACM03-3', 'CAL', 1, 1, 1, 1, 1, 0, 0, 10, 10, 0, '', '');
INSERT INTO DayOfNonOperation (VehicleJourneyRef, StartDate, EndDate) VALUES ('96624', 1508716800, 2524607999);
INSERT INTO VehicleJourney (VehicleJourneyCode, ServiceRef, LineRef, JourneyPatternRef, OperatorRef, Monday, Tuesday, Wednesday, Thursday, Friday, Saturday, Sunday, DepatureHour, DepatureMinute, DepatureSecond, Note, NoteCode) VALUES ('96625', 'FSACM03', '0', 'JPS_FSACM03-3', 'CAL', 1, 1, 1, 1, 1, 0, 0, 11, 0, 0, '', '');
INSERT INTO DayOfNonOperation (VehicleJourneyRef, StartDate, EndDate) VALUES ('96625', 1508716800, 2524607999);
INSERT INTO VehicleJourney (VehicleJourneyCode, ServiceRef, LineRef, JourneyPatternRef, OperatorRef, Monday, Tuesday, Wednesday, Thursday, Friday, Saturday, Sunday, DepatureHour, DepatureMinute, DepatureSecond, Note, NoteCode) VALUES ('96626', 'FSACM03', '0', 'JPS_FSACM03-3', 'CAL', 1, 1, 1, 1, 1, 0, 0, 12, 0, 0, '', '');
INSERT INTO DayOfNonOperation (VehicleJourneyRef, StartDate, EndDate) VALUES ('96626', 1508716800, 2524607999);
INSERT INTO VehicleJourney (VehicleJourneyCode, ServiceRef, LineRef, JourneyPatternRef, OperatorRef, Monday, Tuesday, Wednesday, Thursday, Friday, Saturday, Sunday, DepatureHour, DepatureMinute, DepatureSecond, Note, NoteCode) VALUES ('96627', 'FSACM03', '0', 'JPS_FSACM03-3', 'CAL', 1, 1, 1, 1, 1, 0, 0, 13, 0, 0, '', '');
INSERT INTO DayOfNonOperation (VehicleJourneyRef, StartDate, EndDate) VALUES ('96627', 1508716800, 2524607999);
INSERT INTO VehicleJourney (VehicleJourneyCode, ServiceRef, LineRef, JourneyPatternRef, OperatorRef, Monday, Tuesday, Wednesday, Thursday, Friday, Saturday, Sunday, DepatureHour, DepatureMinute, DepatureSecond, Note, NoteCode) VALUES ('96628', 'FSACM03', '0', 'JPS_FSACM03-3', 'CAL', 1, 1, 1, 1, 1, 0, 0, 14, 0, 0, '', '');
INSERT INTO DayOfNonOperation (VehicleJourneyRef, StartDate, EndDate) VALUES ('96628', 1508716800, 2524607999);
INSERT INTO VehicleJourney (VehicleJourneyCode, ServiceRef, LineRef, JourneyPatternRef, OperatorRef, Monday, Tuesday, Wednesday, Thursday, Friday, Saturday, Sunday, DepatureHour, DepatureMinute, DepatureSecond, Note, NoteCode) VALUES ('96629', 'FSACM03', '0', 'JPS_FSACM03-3', 'CAL', 1, 1, 1, 1, 1, 0, 0, 15, 0, 0, '', '');
INSERT INTO DayOfNonOperation (VehicleJourneyRef, StartDate, EndDate) VALUES ('96629', 1508716800, 2524607999);
INSERT INTO VehicleJourney (VehicleJourneyCode, ServiceRef, LineRef, JourneyPatternRef, OperatorRef, Monday, Tuesday, Wednesday, Thursday, Friday, Saturday, Sunday, DepatureHour, DepatureMinute, DepatureSecond, Note, NoteCode) VALUES ('96630', 'FSACM03', '0', 'JPS_FSACM03-3', 'CAL', 1, 1, 1, 1, 1, 0, 0, 16, 0, 0, '', '');
INSERT INTO DayOfNonOperation (VehicleJourneyRef, StartDate, EndDate) VALUES ('96630', 1508716800, 2524607999);
INSERT INTO VehicleJourney (VehicleJourneyCode, ServiceRef, LineRef, JourneyPatternRef, OperatorRef, Monday, Tuesday, Wednesday, Thursday, Friday, Saturday, Sunday, DepatureHour, DepatureMinute, DepatureSecond, Note, NoteCode) VALUES ('96631', 'FSACM03', '0', 'JPS_FSACM03-3', 'CAL', 1, 1, 1, 1, 1, 0, 0, 16, 45, 0, '', '');
INSERT INTO DayOfNonOperation (VehicleJourneyRef, StartDate, EndDate) VALUES ('96631', 1508716800, 2524607999);
INSERT INTO VehicleJourney (VehicleJourneyCode, ServiceRef, LineRef, JourneyPatternRef, OperatorRef, Monday, Tuesday, Wednesday, Thursday, Friday, Saturday, Sunday, DepatureHour, DepatureMinute, DepatureSecond, Note, NoteCode) VALUES ('96632', 'FSACM03', '0', 'JPS_FSACM03-3', 'CAL', 1, 1, 1, 1, 1, 0, 0, 17, 30, 0, '', '');
INSERT INTO DayOfNonOperation (VehicleJourneyRef, StartDate, EndDate) VALUES ('96632', 1508716800, 2524607999);
INSERT INTO VehicleJourney (VehicleJourneyCode, ServiceRef, LineRef, JourneyPatternRef, OperatorRef, Monday, Tuesday, Wednesday, Thursday, Friday, Saturday, Sunday, DepatureHour, DepatureMinute, DepatureSecond, Note, NoteCode) VALUES ('96633', 'FSACM03', '0', 'JPS_FSACM03-3', 'CAL', 1, 1, 1, 1, 1, 0, 0, 18, 15, 0, '', '');
INSERT INTO DayOfNonOperation (VehicleJourneyRef, StartDate, EndDate) VALUES ('96633', 1508716800, 2524607999);
INSERT INTO VehicleJourney (VehicleJourneyCode, ServiceRef, LineRef, JourneyPatternRef, OperatorRef, Monday, Tuesday, Wednesday, Thursday, Friday, Saturday, Sunday, DepatureHour, DepatureMinute, DepatureSecond, Note, NoteCode) VALUES ('96634', 'FSACM03', '0', 'JPS_FSACM03-3', 'CAL', 1, 1, 1, 1, 1, 0, 0, 19, 0, 0, '', '');
INSERT INTO DayOfNonOperation (VehicleJourneyRef, StartDate, EndDate) VALUES ('96634', 1508716800, 2524607999);
INSERT INTO VehicleJourney (VehicleJourneyCode, ServiceRef, LineRef, JourneyPatternRef, OperatorRef, Monday, Tuesday, Wednesday, Thursday, Friday, Saturday, Sunday, DepatureHour, DepatureMinute, DepatureSecond, Note, NoteCode) VALUES ('96618', 'FSACM03', '0', 'JPS_FSACM03-3', 'CAL', 0, 0, 0, 0, 1, 0, 0, 19, 45, 0, '', '');
INSERT INTO DayOfNonOperation (VehicleJourneyRef, StartDate, EndDate) VALUES ('96618', 1508716800, 2524607999);
INSERT INTO VehicleJourney (VehicleJourneyCode, ServiceRef, LineRef, JourneyPatternRef, OperatorRef, Monday, Tuesday, Wednesday, Thursday, Friday, Saturday, Sunday, DepatureHour, DepatureMinute, DepatureSecond, Note, NoteCode) VALUES ('96651', 'FSACM03', '0', 'JPS_FSACM03-3', 'CAL', 0, 0, 0, 0, 0, 1, 0, 7, 0, 0, '', '');
INSERT INTO DayOfOperation (VehicleJourneyRef, StartDate, EndDate) VALUES ('96651', 1497657600, 1497743999);
INSERT INTO DayOfOperation (VehicleJourneyRef, StartDate, EndDate) VALUES ('96651', 1498262400, 1498348799);
INSERT INTO DayOfOperation (VehicleJourneyRef, StartDate, EndDate) VALUES ('96651', 1498867200, 1498953599);
INSERT INTO DayOfOperation (VehicleJourneyRef, StartDate, EndDate) VALUES ('96651', 1499472000, 1499558399);
INSERT INTO DayOfOperation (VehicleJourneyRef, StartDate, EndDate) VALUES ('96651', 1500076800, 1500163199);
INSERT INTO DayOfOperation (VehicleJourneyRef, StartDate, EndDate) VALUES ('96651', 1500681600, 1500767999);
INSERT INTO DayOfOperation (VehicleJourneyRef, StartDate, EndDate) VALUES ('96651', 1501286400, 1501372799);
INSERT INTO DayOfOperation (VehicleJourneyRef, StartDate, EndDate) VALUES ('96651', 1501891200, 1501977599);
INSERT INTO DayOfOperation (VehicleJourneyRef, StartDate, EndDate) VALUES ('96651', 1502496000, 1502582399);
INSERT INTO DayOfOperation (VehicleJourneyRef, StartDate, EndDate) VALUES ('96651', 1503100800, 1503187199);
INSERT INTO DayOfOperation (VehicleJourneyRef, StartDate, EndDate) VALUES ('96651', 1503705600, 1503791999);
INSERT INTO DayOfOperation (VehicleJourneyRef, StartDate, EndDate) VALUES ('96651', 1504310400, 1504396799);
INSERT INTO DayOfOperation (VehicleJourneyRef, StartDate, EndDate) VALUES ('96651', 1504915200, 1505001599);
INSERT INTO DayOfOperation (VehicleJourneyRef, StartDate, EndDate) VALUES ('96651', 1505520000, 1505606399);
INSERT INTO DayOfOperation (VehicleJourneyRef, StartDate, EndDate) VALUES ('96651', 1506124800, 1506211199);
INSERT INTO DayOfOperation (VehicleJourneyRef, StartDate, EndDate) VALUES ('96651', 1506729600, 1506815999);
INSERT INTO DayOfOperation (VehicleJourneyRef, StartDate, EndDate) VALUES ('96651', 1507334400, 1507420799);
INSERT INTO DayOfOperation (VehicleJourneyRef, StartDate, EndDate) VALUES ('96651', 1507939200, 1508025599);
INSERT INTO DayOfOperation (VehicleJourneyRef, StartDate, EndDate) VALUES ('96651', 1508544000, 1508630399);
INSERT INTO DayOfNonOperation (VehicleJourneyRef, StartDate, EndDate) VALUES ('96651', 1508716800, 2524607999);
INSERT INTO VehicleJourney (VehicleJourneyCode, ServiceRef, LineRef, JourneyPatternRef, OperatorRef, Monday, Tuesday, Wednesday, Thursday, Friday, Saturday, Sunday, DepatureHour, DepatureMinute, DepatureSecond, Note, NoteCode) VALUES ('96652', 'FSACM03', '0', 'JPS_FSACM03-3', 'CAL', 0, 0, 0, 0, 0, 1, 0, 8, 0, 0, '', '');
INSERT INTO DayOfOperation (VehicleJourneyRef, StartDate, EndDate) VALUES ('96652', 1497657600, 1497743999);
INSERT INTO DayOfOperation (VehicleJourneyRef, StartDate, EndDate) VALUES ('96652', 1498262400, 1498348799);
INSERT INTO DayOfOperation (VehicleJourneyRef, StartDate, EndDate) VALUES ('96652', 1498867200, 1498953599);
INSERT INTO DayOfOperation (VehicleJourneyRef, StartDate, EndDate) VALUES ('96652', 1499472000, 1499558399);
INSERT INTO DayOfOperation (VehicleJourneyRef, StartDate, EndDate) VALUES ('96652', 1500076800, 1500163199);
INSERT INTO DayOfOperation (VehicleJourneyRef, StartDate, EndDate) VALUES ('96652', 1500681600, 1500767999);
INSERT INTO DayOfOperation (VehicleJourneyRef, StartDate, EndDate) VALUES ('96652', 1501286400, 1501372799);
INSERT INTO DayOfOperation (VehicleJourneyRef, StartDate, EndDate) VALUES ('96652', 1501891200, 1501977599);
INSERT INTO DayOfOperation (VehicleJourneyRef, StartDate, EndDate) VALUES ('96652', 1502496000, 1502582399);
INSERT INTO DayOfOperation (VehicleJourneyRef, StartDate, EndDate) VALUES ('96652', 1503100800, 1503187199);
INSERT INTO DayOfOperation (VehicleJourneyRef, StartDate, EndDate) VALUES ('96652', 1503705600, 1503791999);
INSERT INTO DayOfOperation (VehicleJourneyRef, StartDate, EndDate) VALUES ('96652', 1504310400, 1504396799);
INSERT INTO DayOfOperation (VehicleJourneyRef, StartDate, EndDate) VALUES ('96652', 1504915200, 1505001599);
INSERT INTO DayOfOperation (VehicleJourneyRef, StartDate, EndDate) VALUES ('96652', 1505520000, 1505606399);
INSERT INTO DayOfOperation (VehicleJourneyRef, StartDate, EndDate) VALUES ('96652', 1506124800, 1506211199);
INSERT INTO DayOfOperation (VehicleJourneyRef, StartDate, EndDate) VALUES ('96652', 1506729600, 1506815999);
INSERT INTO DayOfOperation (VehicleJourneyRef, StartDate, EndDate) VALUES ('96652', 1507334400, 1507420799);
INSERT INTO DayOfOperation (VehicleJourneyRef, StartDate, EndDate) VALUES ('96652', 1507939200, 1508025599);
INSERT INTO DayOfOperation (VehicleJourneyRef, StartDate, EndDate) VALUES ('96652', 1508544000, 1508630399);
INSERT INTO DayOfNonOperation (VehicleJourneyRef, StartDate, EndDate) VALUES ('96652', 1508716800, 2524607999);
INSERT INTO VehicleJourney (VehicleJourneyCode, ServiceRef, LineRef, JourneyPatternRef, OperatorRef, Monday, Tuesday, Wednesday, Thursday, Friday, Saturday, Sunday, DepatureHour, DepatureMinute, DepatureSecond, Note, NoteCode) VALUES ('96653', 'FSACM03', '0', 'JPS_FSACM03-3', 'CAL', 0, 0, 0, 0, 0, 1, 0, 8, 40, 0, '', '');
INSERT INTO DayOfOperation (VehicleJourneyRef, StartDate, EndDate) VALUES ('96653', 1497657600, 1497743999);
INSERT INTO DayOfOperation (VehicleJourneyRef, StartDate, EndDate) VALUES ('96653', 1498262400, 1498348799);
INSERT INTO DayOfOperation (VehicleJourneyRef, StartDate, EndDate) VALUES ('96653', 1498867200, 1498953599);
INSERT INTO DayOfOperation (VehicleJourneyRef, StartDate, EndDate) VALUES ('96653', 1499472000, 1499558399);
INSERT INTO DayOfOperation (VehicleJourneyRef, StartDate, EndDate) VALUES ('96653', 1500076800, 1500163199);
INSERT INTO DayOfOperation (VehicleJourneyRef, StartDate, EndDate) VALUES ('96653', 1500681600, 1500767999);
INSERT INTO DayOfOperation (VehicleJourneyRef, StartDate, EndDate) VALUES ('96653', 1501286400, 1501372799);
INSERT INTO DayOfOperation (VehicleJourneyRef, StartDate, EndDate) VALUES ('96653', 1501891200, 1501977599);
INSERT INTO DayOfOperation (VehicleJourneyRef, StartDate, EndDate) VALUES ('96653', 1502496000, 1502582399);
INSERT INTO DayOfOperation (VehicleJourneyRef, StartDate, EndDate) VALUES ('96653', 1503100800, 1503187199);
INSERT INTO DayOfOperation (VehicleJourneyRef, StartDate, EndDate) VALUES ('96653', 1503705600, 1503791999);
INSERT INTO DayOfOperation (VehicleJourneyRef, StartDate, EndDate) VALUES ('96653', 1504310400, 1504396799);
INSERT INTO DayOfOperation (VehicleJourneyRef, StartDate, EndDate) VALUES ('96653', 1504915200, 1505001599);
INSERT INTO DayOfOperation (VehicleJourneyRef, StartDate, EndDate) VALUES ('96653', 1505520000, 1505606399);
INSERT INTO DayOfOperation (VehicleJourneyRef, StartDate, EndDate) VALUES ('96653', 1506124800, 1506211199);
INSERT INTO DayOfOperation (VehicleJourneyRef, StartDate, EndDate) VALUES ('96653', 1506729600, 1506815999);
INSERT INTO DayOfOperation (VehicleJourneyRef, StartDate, EndDate) VALUES ('96653', 1507334400, 1507420799);
INSERT INTO DayOfOperation (VehicleJourneyRef, StartDate, EndDate) VALUES ('96653', 1507939200, 1508025599);
INSERT INTO DayOfOperation (VehicleJourneyRef, StartDate, EndDate) VALUES ('96653', 1508544000, 1508630399);
INSERT INTO DayOfNonOperation (VehicleJourneyRef, StartDate, EndDate) VALUES ('96653', 1508716800, 2524607999);
INSERT INTO VehicleJourney (VehicleJourneyCode, ServiceRef, LineRef, JourneyPatternRef, OperatorRef, Monday, Tuesday, Wednesday, Thursday, Friday, Saturday, Sunday, DepatureHour, DepatureMinute, DepatureSecond, Note, NoteCode) VALUES ('96654', 'FSACM03', '0', 'JPS_FSACM03-3', 'CAL', 0, 0, 0, 0, 0, 1, 0, 9, 30, 0, '', '');
INSERT INTO DayOfOperation (VehicleJourneyRef, StartDate, EndDate) VALUES ('96654', 1497657600, 1497743999);
INSERT INTO DayOfOperation (VehicleJourneyRef, StartDate, EndDate) VALUES ('96654', 1498262400, 1498348799);
INSERT INTO DayOfOperation (VehicleJourneyRef, StartDate, EndDate) VALUES ('96654', 1498867200, 1498953599);
INSERT INTO DayOfOperation (VehicleJourneyRef, StartDate, EndDate) VALUES ('96654', 1499472000, 1499558399);
INSERT INTO DayOfOperation (VehicleJourneyRef, StartDate, EndDate) VALUES ('96654', 1500076800, 1500163199);
INSERT INTO DayOfOperation (VehicleJourneyRef, StartDate, EndDate) VALUES ('96654', 1500681600, 1500767999);
INSERT INTO DayOfOperation (VehicleJourneyRef, StartDate, EndDate) VALUES ('96654', 1501286400, 1501372799);
INSERT INTO DayOfOperation (VehicleJourneyRef, StartDate, EndDate) VALUES ('96654', 1501891200, 1501977599);
INSERT INTO DayOfOperation (VehicleJourneyRef, StartDate, EndDate) VALUES ('96654', 1502496000, 1502582399);
INSERT INTO DayOfOperation (VehicleJourneyRef, StartDate, EndDate) VALUES ('96654', 1503100800, 1503187199);
INSERT INTO DayOfOperation (VehicleJourneyRef, StartDate, EndDate) VALUES ('96654', 1503705600, 1503791999);
INSERT INTO DayOfOperation (VehicleJourneyRef, StartDate, EndDate) VALUES ('96654', 1504310400, 1504396799);
INSERT INTO DayOfOperation (VehicleJourneyRef, StartDate, EndDate) VALUES ('96654', 1504915200, 1505001599);
INSERT INTO DayOfOperation (VehicleJourneyRef, StartDate, EndDate) VALUES ('96654', 1505520000, 1505606399);
INSERT INTO DayOfOperation (VehicleJourneyRef, StartDate, EndDate) VALUES ('96654', 1506124800, 1506211199);
INSERT INTO DayOfOperation (VehicleJourneyRef, StartDate, EndDate) VALUES ('96654', 1506729600, 1506815999);
INSERT INTO DayOfOperation (VehicleJourneyRef, StartDate, EndDate) VALUES ('96654', 1507334400, 1507420799);
INSERT INTO DayOfOperation (VehicleJourneyRef, StartDate, EndDate) VALUES ('96654', 1507939200, 1508025599);
INSERT INTO DayOfOperation (VehicleJourneyRef, StartDate, EndDate) VALUES ('96654', 1508544000, 1508630399);
INSERT INTO DayOfNonOperation (VehicleJourneyRef, StartDate, EndDate) VALUES ('96654', 1508716800, 2524607999);
INSERT INTO VehicleJourney (VehicleJourneyCode, ServiceRef, LineRef, JourneyPatternRef, OperatorRef, Monday, Tuesday, Wednesday, Thursday, Friday, Saturday, Sunday, DepatureHour, DepatureMinute, DepatureSecond, Note, NoteCode) VALUES ('96655', 'FSACM03', '0', 'JPS_FSACM03-3', 'CAL', 0, 0, 0, 0, 0, 1, 0, 10, 10, 0, '', '');
INSERT INTO DayOfOperation (VehicleJourneyRef, StartDate, EndDate) VALUES ('96655', 1497657600, 1497743999);
INSERT INTO DayOfOperation (VehicleJourneyRef, StartDate, EndDate) VALUES ('96655', 1498262400, 1498348799);
INSERT INTO DayOfOperation (VehicleJourneyRef, StartDate, EndDate) VALUES ('96655', 1498867200, 1498953599);
INSERT INTO DayOfOperation (VehicleJourneyRef, StartDate, EndDate) VALUES ('96655', 1499472000, 1499558399);
INSERT INTO DayOfOperation (VehicleJourneyRef, StartDate, EndDate) VALUES ('96655', 1500076800, 1500163199);
INSERT INTO DayOfOperation (VehicleJourneyRef, StartDate, EndDate) VALUES ('96655', 1500681600, 1500767999);
INSERT INTO DayOfOperation (VehicleJourneyRef, StartDate, EndDate) VALUES ('96655', 1501286400, 1501372799);
INSERT INTO DayOfOperation (VehicleJourneyRef, StartDate, EndDate) VALUES ('96655', 1501891200, 1501977599);
INSERT INTO DayOfOperation (VehicleJourneyRef, StartDate, EndDate) VALUES ('96655', 1502496000, 1502582399);
INSERT INTO DayOfOperation (VehicleJourneyRef, StartDate, EndDate) VALUES ('96655', 1503100800, 1503187199);
INSERT INTO DayOfOperation (VehicleJourneyRef, StartDate, EndDate) VALUES ('96655', 1503705600, 1503791999);
INSERT INTO DayOfOperation (VehicleJourneyRef, StartDate, EndDate) VALUES ('96655', 1504310400, 1504396799);
INSERT INTO DayOfOperation (VehicleJourneyRef, StartDate, EndDate) VALUES ('96655', 1504915200, 1505001599);
INSERT INTO DayOfOperation (VehicleJourneyRef, StartDate, EndDate) VALUES ('96655', 1505520000, 1505606399);
INSERT INTO DayOfOperation (VehicleJourneyRef, StartDate, EndDate) VALUES ('96655', 1506124800, 1506211199);
INSERT INTO DayOfOperation (VehicleJourneyRef, StartDate, EndDate) VALUES ('96655', 1506729600, 1506815999);
INSERT INTO DayOfOperation (VehicleJourneyRef, StartDate, EndDate) VALUES ('96655', 1507334400, 1507420799);
INSERT INTO DayOfOperation (VehicleJourneyRef, StartDate, EndDate) VALUES ('96655', 1507939200, 1508025599);
INSERT INTO DayOfOperation (VehicleJourneyRef, StartDate, EndDate) VALUES ('96655', 1508544000, 1508630399);
INSERT INTO DayOfNonOperation (VehicleJourneyRef, StartDate, EndDate) VALUES ('96655', 1508716800, 2524607999);
INSERT INTO VehicleJourney (VehicleJourneyCode, ServiceRef, LineRef, JourneyPatternRef, OperatorRef, Monday, Tuesday, Wednesday, Thursday, Friday, Saturday, Sunday, DepatureHour, DepatureMinute, DepatureSecond, Note, NoteCode) VALUES ('96656', 'FSACM03', '0', 'JPS_FSACM03-3', 'CAL', 0, 0, 0, 0, 0, 1, 0, 11, 0, 0, '', '');
INSERT INTO DayOfOperation (VehicleJourneyRef, StartDate, EndDate) VALUES ('96656', 1497657600, 1497743999);
INSERT INTO DayOfOperation (VehicleJourneyRef, StartDate, EndDate) VALUES ('96656', 1498262400, 1498348799);
INSERT INTO DayOfOperation (VehicleJourneyRef, StartDate, EndDate) VALUES ('96656', 1498867200, 1498953599);
INSERT INTO DayOfOperation (VehicleJourneyRef, StartDate, EndDate) VALUES ('96656', 1499472000, 1499558399);
INSERT INTO DayOfOperation (VehicleJourneyRef, StartDate, EndDate) VALUES ('96656', 1500076800, 1500163199);
INSERT INTO DayOfOperation (VehicleJourneyRef, StartDate, EndDate) VALUES ('96656', 1500681600, 1500767999);
INSERT INTO DayOfOperation (VehicleJourneyRef, StartDate, EndDate) VALUES ('96656', 1501286400, 1501372799);
INSERT INTO DayOfOperation (VehicleJourneyRef, StartDate, EndDate) VALUES ('96656', 1501891200, 1501977599);
INSERT INTO DayOfOperation (VehicleJourneyRef, StartDate, EndDate) VALUES ('96656', 1502496000, 1502582399);
INSERT INTO DayOfOperation (VehicleJourneyRef, StartDate, EndDate) VALUES ('96656', 1503100800, 1503187199);
INSERT INTO DayOfOperation (VehicleJourneyRef, StartDate, EndDate) VALUES ('96656', 1503705600, 1503791999);
INSERT INTO DayOfOperation (VehicleJourneyRef, StartDate, EndDate) VALUES ('96656', 1504310400, 1504396799);
INSERT INTO DayOfOperation (VehicleJourneyRef, StartDate, EndDate) VALUES ('96656', 1504915200, 1505001599);
INSERT INTO DayOfOperation (VehicleJourneyRef, StartDate, EndDate) VALUES ('96656', 1505520000, 1505606399);
INSERT INTO DayOfOperation (VehicleJourneyRef, StartDate, EndDate) VALUES ('96656', 1506124800, 1506211199);
INSERT INTO DayOfOperation (VehicleJourneyRef, StartDate, EndDate) VALUES ('96656', 1506729600, 1506815999);
INSERT INTO DayOfOperation (VehicleJourneyRef, StartDate, EndDate) VALUES ('96656', 1507334400, 1507420799);
INSERT INTO DayOfOperation (VehicleJourneyRef, StartDate, EndDate) VALUES ('96656', 1507939200, 1508025599);
INSERT INTO DayOfOperation (VehicleJourneyRef, StartDate, EndDate) VALUES ('96656', 1508544000, 1508630399);
INSERT INTO DayOfNonOperation (VehicleJourneyRef, StartDate, EndDate) VALUES ('96656', 1508716800, 2524607999);
INSERT INTO VehicleJourney (VehicleJourneyCode, ServiceRef, LineRef, JourneyPatternRef, OperatorRef, Monday, Tuesday, Wednesday, Thursday, Friday, Saturday, Sunday, DepatureHour, DepatureMinute, DepatureSecond, Note, NoteCode) VALUES ('96657', 'FSACM03', '0', 'JPS_FSACM03-3', 'CAL', 0, 0, 0, 0, 0, 1, 0, 12, 0, 0, '', '');
INSERT INTO DayOfOperation (VehicleJourneyRef, StartDate, EndDate) VALUES ('96657', 1497657600, 1497743999);
INSERT INTO DayOfOperation (VehicleJourneyRef, StartDate, EndDate) VALUES ('96657', 1498262400, 1498348799);
INSERT INTO DayOfOperation (VehicleJourneyRef, StartDate, EndDate) VALUES ('96657', 1498867200, 1498953599);
INSERT INTO DayOfOperation (VehicleJourneyRef, StartDate, EndDate) VALUES ('96657', 1499472000, 1499558399);
INSERT INTO DayOfOperation (VehicleJourneyRef, StartDate, EndDate) VALUES ('96657', 1500076800, 1500163199);
INSERT INTO DayOfOperation (VehicleJourneyRef, StartDate, EndDate) VALUES ('96657', 1500681600, 1500767999);
INSERT INTO DayOfOperation (VehicleJourneyRef, StartDate, EndDate) VALUES ('96657', 1501286400, 1501372799);
INSERT INTO DayOfOperation (VehicleJourneyRef, StartDate, EndDate) VALUES ('96657', 1501891200, 1501977599);
INSERT INTO DayOfOperation (VehicleJourneyRef, StartDate, EndDate) VALUES ('96657', 1502496000, 1502582399);
INSERT INTO DayOfOperation (VehicleJourneyRef, StartDate, EndDate) VALUES ('96657', 1503100800, 1503187199);
INSERT INTO DayOfOperation (VehicleJourneyRef, StartDate, EndDate) VALUES ('96657', 1503705600, 1503791999);
INSERT INTO DayOfOperation (VehicleJourneyRef, StartDate, EndDate) VALUES ('96657', 1504310400, 1504396799);
INSERT INTO DayOfOperation (VehicleJourneyRef, StartDate, EndDate) VALUES ('96657', 1504915200, 1505001599);
INSERT INTO DayOfOperation (VehicleJourneyRef, StartDate, EndDate) VALUES ('96657', 1505520000, 1505606399);
INSERT INTO DayOfOperation (VehicleJourneyRef, StartDate, EndDate) VALUES ('96657', 1506124800, 1506211199);
INSERT INTO DayOfOperation (VehicleJourneyRef, StartDate, EndDate) VALUES ('96657', 1506729600, 1506815999);
INSERT INTO DayOfOperation (VehicleJourneyRef, StartDate, EndDate) VALUES ('96657', 1507334400, 1507420799);
INSERT INTO DayOfOperation (VehicleJourneyRef, StartDate, EndDate) VALUES ('96657', 1507939200, 1508025599);
INSERT INTO DayOfOperation (VehicleJourneyRef, StartDate, EndDate) VALUES ('96657', 1508544000, 1508630399);
INSERT INTO DayOfNonOperation (VehicleJourneyRef, StartDate, EndDate) VALUES ('96657', 1508716800, 2524607999);
INSERT INTO VehicleJourney (VehicleJourneyCode, ServiceRef, LineRef, JourneyPatternRef, OperatorRef, Monday, Tuesday, Wednesday, Thursday, Friday, Saturday, Sunday, DepatureHour, DepatureMinute, DepatureSecond, Note, NoteCode) VALUES ('96658', 'FSACM03', '0', 'JPS_FSACM03-3', 'CAL', 0, 0, 0, 0, 0, 1, 0, 13, 0, 0, '', '');
INSERT INTO DayOfOperation (VehicleJourneyRef, StartDate, EndDate) VALUES ('96658', 1497657600, 1497743999);
INSERT INTO DayOfOperation (VehicleJourneyRef, StartDate, EndDate) VALUES ('96658', 1498262400, 1498348799);
INSERT INTO DayOfOperation (VehicleJourneyRef, StartDate, EndDate) VALUES ('96658', 1498867200, 1498953599);
INSERT INTO DayOfOperation (VehicleJourneyRef, StartDate, EndDate) VALUES ('96658', 1499472000, 1499558399);
INSERT INTO DayOfOperation (VehicleJourneyRef, StartDate, EndDate) VALUES ('96658', 1500076800, 1500163199);
INSERT INTO DayOfOperation (VehicleJourneyRef, StartDate, EndDate) VALUES ('96658', 1500681600, 1500767999);
INSERT INTO DayOfOperation (VehicleJourneyRef, StartDate, EndDate) VALUES ('96658', 1501286400, 1501372799);
INSERT INTO DayOfOperation (VehicleJourneyRef, StartDate, EndDate) VALUES ('96658', 1501891200, 1501977599);
INSERT INTO DayOfOperation (VehicleJourneyRef, StartDate, EndDate) VALUES ('96658', 1502496000, 1502582399);
INSERT INTO DayOfOperation (VehicleJourneyRef, StartDate, EndDate) VALUES ('96658', 1503100800, 1503187199);
INSERT INTO DayOfOperation (VehicleJourneyRef, StartDate, EndDate) VALUES ('96658', 1503705600, 1503791999);
INSERT INTO DayOfOperation (VehicleJourneyRef, StartDate, EndDate) VALUES ('96658', 1504310400, 1504396799);
INSERT INTO DayOfOperation (VehicleJourneyRef, StartDate, EndDate) VALUES ('96658', 1504915200, 1505001599);
INSERT INTO DayOfOperation (VehicleJourneyRef, StartDate, EndDate) VALUES ('96658', 1505520000, 1505606399);
INSERT INTO DayOfOperation (VehicleJourneyRef, StartDate, EndDate) VALUES ('96658', 1506124800, 1506211199);
INSERT INTO DayOfOperation (VehicleJourneyRef, StartDate, EndDate) VALUES ('96658', 1506729600, 1506815999);
INSERT INTO DayOfOperation (VehicleJourneyRef, StartDate, EndDate) VALUES ('96658', 1507334400, 1507420799);
INSERT INTO DayOfOperation (VehicleJourneyRef, StartDate, EndDate) VALUES ('96658', 1507939200, 1508025599);
INSERT INTO DayOfOperation (VehicleJourneyRef, StartDate, EndDate) VALUES ('96658', 1508544000, 1508630399);
INSERT INTO DayOfNonOperation (VehicleJourneyRef, StartDate, EndDate) VALUES ('96658', 1508716800, 2524607999);
INSERT INTO VehicleJourney (VehicleJourneyCode, ServiceRef, LineRef, JourneyPatternRef, OperatorRef, Monday, Tuesday, Wednesday, Thursday, Friday, Saturday, Sunday, DepatureHour, DepatureMinute, DepatureSecond, Note, NoteCode) VALUES ('96659', 'FSACM03', '0', 'JPS_FSACM03-3', 'CAL', 0, 0, 0, 0, 0, 1, 0, 14, 0, 0, '', '');
INSERT INTO DayOfOperation (VehicleJourneyRef, StartDate, EndDate) VALUES ('96659', 1497657600, 1497743999);
INSERT INTO DayOfOperation (VehicleJourneyRef, StartDate, EndDate) VALUES ('96659', 1498262400, 1498348799);
INSERT INTO DayOfOperation (VehicleJourneyRef, StartDate, EndDate) VALUES ('96659', 1498867200, 1498953599);
INSERT INTO DayOfOperation (VehicleJourneyRef, StartDate, EndDate) VALUES ('96659', 1499472000, 1499558399);
INSERT INTO DayOfOperation (VehicleJourneyRef, StartDate, EndDate) VALUES ('96659', 1500076800, 1500163199);
INSERT INTO DayOfOperation (VehicleJourneyRef, StartDate, EndDate) VALUES ('96659', 1500681600, 1500767999);
INSERT INTO DayOfOperation (VehicleJourneyRef, StartDate, EndDate) VALUES ('96659', 1501286400, 1501372799);
INSERT INTO DayOfOperation (VehicleJourneyRef, StartDate, EndDate) VALUES ('96659', 1501891200, 1501977599);
INSERT INTO DayOfOperation (VehicleJourneyRef, StartDate, EndDate) VALUES ('96659', 1502496000, 1502582399);
INSERT INTO DayOfOperation (VehicleJourneyRef, StartDate, EndDate) VALUES ('96659', 1503100800, 1503187199);
INSERT INTO DayOfOperation (VehicleJourneyRef, StartDate, EndDate) VALUES ('96659', 1503705600, 1503791999);
INSERT INTO DayOfOperation (VehicleJourneyRef, StartDate, EndDate) VALUES ('96659', 1504310400, 1504396799);
INSERT INTO DayOfOperation (VehicleJourneyRef, StartDate, EndDate) VALUES ('96659', 1504915200, 1505001599);
INSERT INTO DayOfOperation (VehicleJourneyRef, StartDate, EndDate) VALUES ('96659', 1505520000, 1505606399);
INSERT INTO DayOfOperation (VehicleJourneyRef, StartDate, EndDate) VALUES ('96659', 1506124800, 1506211199);
INSERT INTO DayOfOperation (VehicleJourneyRef, StartDate, EndDate) VALUES ('96659', 1506729600, 1506815999);
INSERT INTO DayOfOperation (VehicleJourneyRef, StartDate, EndDate) VALUES ('96659', 1507334400, 1507420799);
INSERT INTO DayOfOperation (VehicleJourneyRef, StartDate, EndDate) VALUES ('96659', 1507939200, 1508025599);
INSERT INTO DayOfOperation (VehicleJourneyRef, StartDate, EndDate) VALUES ('96659', 1508544000, 1508630399);
INSERT INTO DayOfNonOperation (VehicleJourneyRef, StartDate, EndDate) VALUES ('96659', 1508716800, 2524607999);
INSERT INTO VehicleJourney (VehicleJourneyCode, ServiceRef, LineRef, JourneyPatternRef, OperatorRef, Monday, Tuesday, Wednesday, Thursday, Friday, Saturday, Sunday, DepatureHour, DepatureMinute, DepatureSecond, Note, NoteCode) VALUES ('96660', 'FSACM03', '0', 'JPS_FSACM03-3', 'CAL', 0, 0, 0, 0, 0, 1, 0, 15, 0, 0, '', '');
INSERT INTO DayOfOperation (VehicleJourneyRef, StartDate, EndDate) VALUES ('96660', 1497657600, 1497743999);
INSERT INTO DayOfOperation (VehicleJourneyRef, StartDate, EndDate) VALUES ('96660', 1498262400, 1498348799);
INSERT INTO DayOfOperation (VehicleJourneyRef, StartDate, EndDate) VALUES ('96660', 1498867200, 1498953599);
INSERT INTO DayOfOperation (VehicleJourneyRef, StartDate, EndDate) VALUES ('96660', 1499472000, 1499558399);
INSERT INTO DayOfOperation (VehicleJourneyRef, StartDate, EndDate) VALUES ('96660', 1500076800, 1500163199);
INSERT INTO DayOfOperation (VehicleJourneyRef, StartDate, EndDate) VALUES ('96660', 1500681600, 1500767999);
INSERT INTO DayOfOperation (VehicleJourneyRef, StartDate, EndDate) VALUES ('96660', 1501286400, 1501372799);
INSERT INTO DayOfOperation (VehicleJourneyRef, StartDate, EndDate) VALUES ('96660', 1501891200, 1501977599);
INSERT INTO DayOfOperation (VehicleJourneyRef, StartDate, EndDate) VALUES ('96660', 1502496000, 1502582399);
INSERT INTO DayOfOperation (VehicleJourneyRef, StartDate, EndDate) VALUES ('96660', 1503100800, 1503187199);
INSERT INTO DayOfOperation (VehicleJourneyRef, StartDate, EndDate) VALUES ('96660', 1503705600, 1503791999);
INSERT INTO DayOfOperation (VehicleJourneyRef, StartDate, EndDate) VALUES ('96660', 1504310400, 1504396799);
INSERT INTO DayOfOperation (VehicleJourneyRef, StartDate, EndDate) VALUES ('96660', 1504915200, 1505001599);
INSERT INTO DayOfOperation (VehicleJourneyRef, StartDate, EndDate) VALUES ('96660', 1505520000, 1505606399);
INSERT INTO DayOfOperation (VehicleJourneyRef, StartDate, EndDate) VALUES ('96660', 1506124800, 1506211199);
INSERT INTO DayOfOperation (VehicleJourneyRef, StartDate, EndDate) VALUES ('96660', 1506729600, 1506815999);
INSERT INTO DayOfOperation (VehicleJourneyRef, StartDate, EndDate) VALUES ('96660', 1507334400, 1507420799);
INSERT INTO DayOfOperation (VehicleJourneyRef, StartDate, EndDate) VALUES ('96660', 1507939200, 1508025599);
INSERT INTO DayOfOperation (VehicleJourneyRef, StartDate, EndDate) VALUES ('96660', 1508544000, 1508630399);
INSERT INTO DayOfNonOperation (VehicleJourneyRef, StartDate, EndDate) VALUES ('96660', 1508716800, 2524607999);
INSERT INTO VehicleJourney (VehicleJourneyCode, ServiceRef, LineRef, JourneyPatternRef, OperatorRef, Monday, Tuesday, Wednesday, Thursday, Friday, Saturday, Sunday, DepatureHour, DepatureMinute, DepatureSecond, Note, NoteCode) VALUES ('96661', 'FSACM03', '0', 'JPS_FSACM03-3', 'CAL', 0, 0, 0, 0, 0, 1, 0, 16, 0, 0, '', '');
INSERT INTO DayOfOperation (VehicleJourneyRef, StartDate, EndDate) VALUES ('96661', 1497657600, 1497743999);
INSERT INTO DayOfOperation (VehicleJourneyRef, StartDate, EndDate) VALUES ('96661', 1498262400, 1498348799);
INSERT INTO DayOfOperation (VehicleJourneyRef, StartDate, EndDate) VALUES ('96661', 1498867200, 1498953599);
INSERT INTO DayOfOperation (VehicleJourneyRef, StartDate, EndDate) VALUES ('96661', 1499472000, 1499558399);
INSERT INTO DayOfOperation (VehicleJourneyRef, StartDate, EndDate) VALUES ('96661', 1500076800, 1500163199);
INSERT INTO DayOfOperation (VehicleJourneyRef, StartDate, EndDate) VALUES ('96661', 1500681600, 1500767999);
INSERT INTO DayOfOperation (VehicleJourneyRef, StartDate, EndDate) VALUES ('96661', 1501286400, 1501372799);
INSERT INTO DayOfOperation (VehicleJourneyRef, StartDate, EndDate) VALUES ('96661', 1501891200, 1501977599);
INSERT INTO DayOfOperation (VehicleJourneyRef, StartDate, EndDate) VALUES ('96661', 1502496000, 1502582399);
INSERT INTO DayOfOperation (VehicleJourneyRef, StartDate, EndDate) VALUES ('96661', 1503100800, 1503187199);
INSERT INTO DayOfOperation (VehicleJourneyRef, StartDate, EndDate) VALUES ('96661', 1503705600, 1503791999);
INSERT INTO DayOfOperation (VehicleJourneyRef, StartDate, EndDate) VALUES ('96661', 1504310400, 1504396799);
INSERT INTO DayOfOperation (VehicleJourneyRef, StartDate, EndDate) VALUES ('96661', 1504915200, 1505001599);
INSERT INTO DayOfOperation (VehicleJourneyRef, StartDate, EndDate) VALUES ('96661', 1505520000, 1505606399);
INSERT INTO DayOfOperation (VehicleJourneyRef, StartDate, EndDate) VALUES ('96661', 1506124800, 1506211199);
INSERT INTO DayOfOperation (VehicleJourneyRef, StartDate, EndDate) VALUES ('96661', 1506729600, 1506815999);
INSERT INTO DayOfOperation (VehicleJourneyRef, StartDate, EndDate) VALUES ('96661', 1507334400, 1507420799);
INSERT INTO DayOfOperation (VehicleJourneyRef, StartDate, EndDate) VALUES ('96661', 1507939200, 1508025599);
INSERT INTO DayOfOperation (VehicleJourneyRef, StartDate, EndDate) VALUES ('96661', 1508544000, 1508630399);
INSERT INTO DayOfNonOperation (VehicleJourneyRef, StartDate, EndDate) VALUES ('96661', 1508716800, 2524607999);
INSERT INTO VehicleJourney (VehicleJourneyCode, ServiceRef, LineRef, JourneyPatternRef, OperatorRef, Monday, Tuesday, Wednesday, Thursday, Friday, Saturday, Sunday, DepatureHour, DepatureMinute, DepatureSecond, Note, NoteCode) VALUES ('96662', 'FSACM03', '0', 'JPS_FSACM03-3', 'CAL', 0, 0, 0, 0, 0, 1, 0, 16, 45, 0, '', '');
INSERT INTO DayOfOperation (VehicleJourneyRef, StartDate, EndDate) VALUES ('96662', 1497657600, 1497743999);
INSERT INTO DayOfOperation (VehicleJourneyRef, StartDate, EndDate) VALUES ('96662', 1498262400, 1498348799);
INSERT INTO DayOfOperation (VehicleJourneyRef, StartDate, EndDate) VALUES ('96662', 1498867200, 1498953599);
INSERT INTO DayOfOperation (VehicleJourneyRef, StartDate, EndDate) VALUES ('96662', 1499472000, 1499558399);
INSERT INTO DayOfOperation (VehicleJourneyRef, StartDate, EndDate) VALUES ('96662', 1500076800, 1500163199);
INSERT INTO DayOfOperation (VehicleJourneyRef, StartDate, EndDate) VALUES ('96662', 1500681600, 1500767999);
INSERT INTO DayOfOperation (VehicleJourneyRef, StartDate, EndDate) VALUES ('96662', 1501286400, 1501372799);
INSERT INTO DayOfOperation (VehicleJourneyRef, StartDate, EndDate) VALUES ('96662', 1501891200, 1501977599);
INSERT INTO DayOfOperation (VehicleJourneyRef, StartDate, EndDate) VALUES ('96662', 1502496000, 1502582399);
INSERT INTO DayOfOperation (VehicleJourneyRef, StartDate, EndDate) VALUES ('96662', 1503100800, 1503187199);
INSERT INTO DayOfOperation (VehicleJourneyRef, StartDate, EndDate) VALUES ('96662', 1503705600, 1503791999);
INSERT INTO DayOfOperation (VehicleJourneyRef, StartDate, EndDate) VALUES ('96662', 1504310400, 1504396799);
INSERT INTO DayOfOperation (VehicleJourneyRef, StartDate, EndDate) VALUES ('96662', 1504915200, 1505001599);
INSERT INTO DayOfOperation (VehicleJourneyRef, StartDate, EndDate) VALUES ('96662', 1505520000, 1505606399);
INSERT INTO DayOfOperation (VehicleJourneyRef, StartDate, EndDate) VALUES ('96662', 1506124800, 1506211199);
INSERT INTO DayOfOperation (VehicleJourneyRef, StartDate, EndDate) VALUES ('96662', 1506729600, 1506815999);
INSERT INTO DayOfOperation (VehicleJourneyRef, StartDate, EndDate) VALUES ('96662', 1507334400, 1507420799);
INSERT INTO DayOfOperation (VehicleJourneyRef, StartDate, EndDate) VALUES ('96662', 1507939200, 1508025599);
INSERT INTO DayOfOperation (VehicleJourneyRef, StartDate, EndDate) VALUES ('96662', 1508544000, 1508630399);
INSERT INTO DayOfNonOperation (VehicleJourneyRef, StartDate, EndDate) VALUES ('96662', 1508716800, 2524607999);
INSERT INTO VehicleJourney (VehicleJourneyCode, ServiceRef, LineRef, JourneyPatternRef, OperatorRef, Monday, Tuesday, Wednesday, Thursday, Friday, Saturday, Sunday, DepatureHour, DepatureMinute, DepatureSecond, Note, NoteCode) VALUES ('96663', 'FSACM03', '0', 'JPS_FSACM03-3', 'CAL', 0, 0, 0, 0, 0, 1, 0, 17, 30, 0, '', '');
INSERT INTO DayOfOperation (VehicleJourneyRef, StartDate, EndDate) VALUES ('96663', 1497657600, 1497743999);
INSERT INTO DayOfOperation (VehicleJourneyRef, StartDate, EndDate) VALUES ('96663', 1498262400, 1498348799);
INSERT INTO DayOfOperation (VehicleJourneyRef, StartDate, EndDate) VALUES ('96663', 1498867200, 1498953599);
INSERT INTO DayOfOperation (VehicleJourneyRef, StartDate, EndDate) VALUES ('96663', 1499472000, 1499558399);
INSERT INTO DayOfOperation (VehicleJourneyRef, StartDate, EndDate) VALUES ('96663', 1500076800, 1500163199);
INSERT INTO DayOfOperation (VehicleJourneyRef, StartDate, EndDate) VALUES ('96663', 1500681600, 1500767999);
INSERT INTO DayOfOperation (VehicleJourneyRef, StartDate, EndDate) VALUES ('96663', 1501286400, 1501372799);
INSERT INTO DayOfOperation (VehicleJourneyRef, StartDate, EndDate) VALUES ('96663', 1501891200, 1501977599);
INSERT INTO DayOfOperation (VehicleJourneyRef, StartDate, EndDate) VALUES ('96663', 1502496000, 1502582399);
INSERT INTO DayOfOperation (VehicleJourneyRef, StartDate, EndDate) VALUES ('96663', 1503100800, 1503187199);
INSERT INTO DayOfOperation (VehicleJourneyRef, StartDate, EndDate) VALUES ('96663', 1503705600, 1503791999);
INSERT INTO DayOfOperation (VehicleJourneyRef, StartDate, EndDate) VALUES ('96663', 1504310400, 1504396799);
INSERT INTO DayOfOperation (VehicleJourneyRef, StartDate, EndDate) VALUES ('96663', 1504915200, 1505001599);
INSERT INTO DayOfOperation (VehicleJourneyRef, StartDate, EndDate) VALUES ('96663', 1505520000, 1505606399);
INSERT INTO DayOfOperation (VehicleJourneyRef, StartDate, EndDate) VALUES ('96663', 1506124800, 1506211199);
INSERT INTO DayOfOperation (VehicleJourneyRef, StartDate, EndDate) VALUES ('96663', 1506729600, 1506815999);
INSERT INTO DayOfOperation (VehicleJourneyRef, StartDate, EndDate) VALUES ('96663', 1507334400, 1507420799);
INSERT INTO DayOfOperation (VehicleJourneyRef, StartDate, EndDate) VALUES ('96663', 1507939200, 1508025599);
INSERT INTO DayOfOperation (VehicleJourneyRef, StartDate, EndDate) VALUES ('96663', 1508544000, 1508630399);
INSERT INTO DayOfNonOperation (VehicleJourneyRef, StartDate, EndDate) VALUES ('96663', 1508716800, 2524607999);
INSERT INTO VehicleJourney (VehicleJourneyCode, ServiceRef, LineRef, JourneyPatternRef, OperatorRef, Monday, Tuesday, Wednesday, Thursday, Friday, Saturday, Sunday, DepatureHour, DepatureMinute, DepatureSecond, Note, NoteCode) VALUES ('96664', 'FSACM03', '0', 'JPS_FSACM03-3', 'CAL', 0, 0, 0, 0, 0, 1, 0, 18, 15, 0, '', '');
INSERT INTO DayOfOperation (VehicleJourneyRef, StartDate, EndDate) VALUES ('96664', 1497657600, 1497743999);
INSERT INTO DayOfOperation (VehicleJourneyRef, StartDate, EndDate) VALUES ('96664', 1498262400, 1498348799);
INSERT INTO DayOfOperation (VehicleJourneyRef, StartDate, EndDate) VALUES ('96664', 1498867200, 1498953599);
INSERT INTO DayOfOperation (VehicleJourneyRef, StartDate, EndDate) VALUES ('96664', 1499472000, 1499558399);
INSERT INTO DayOfOperation (VehicleJourneyRef, StartDate, EndDate) VALUES ('96664', 1500076800, 1500163199);
INSERT INTO DayOfOperation (VehicleJourneyRef, StartDate, EndDate) VALUES ('96664', 1500681600, 1500767999);
INSERT INTO DayOfOperation (VehicleJourneyRef, StartDate, EndDate) VALUES ('96664', 1501286400, 1501372799);
INSERT INTO DayOfOperation (VehicleJourneyRef, StartDate, EndDate) VALUES ('96664', 1501891200, 1501977599);
INSERT INTO DayOfOperation (VehicleJourneyRef, StartDate, EndDate) VALUES ('96664', 1502496000, 1502582399);
INSERT INTO DayOfOperation (VehicleJourneyRef, StartDate, EndDate) VALUES ('96664', 1503100800, 1503187199);
INSERT INTO DayOfOperation (VehicleJourneyRef, StartDate, EndDate) VALUES ('96664', 1503705600, 1503791999);
INSERT INTO DayOfOperation (VehicleJourneyRef, StartDate, EndDate) VALUES ('96664', 1504310400, 1504396799);
INSERT INTO DayOfOperation (VehicleJourneyRef, StartDate, EndDate) VALUES ('96664', 1504915200, 1505001599);
INSERT INTO DayOfOperation (VehicleJourneyRef, StartDate, EndDate) VALUES ('96664', 1505520000, 1505606399);
INSERT INTO DayOfOperation (VehicleJourneyRef, StartDate, EndDate) VALUES ('96664', 1506124800, 1506211199);
INSERT INTO DayOfOperation (VehicleJourneyRef, StartDate, EndDate) VALUES ('96664', 1506729600, 1506815999);
INSERT INTO DayOfOperation (VehicleJourneyRef, StartDate, EndDate) VALUES ('96664', 1507334400, 1507420799);
INSERT INTO DayOfOperation (VehicleJourneyRef, StartDate, EndDate) VALUES ('96664', 1507939200, 1508025599);
INSERT INTO DayOfOperation (VehicleJourneyRef, StartDate, EndDate) VALUES ('96664', 1508544000, 1508630399);
INSERT INTO DayOfNonOperation (VehicleJourneyRef, StartDate, EndDate) VALUES ('96664', 1508716800, 2524607999);
INSERT INTO VehicleJourney (VehicleJourneyCode, ServiceRef, LineRef, JourneyPatternRef, OperatorRef, Monday, Tuesday, Wednesday, Thursday, Friday, Saturday, Sunday, DepatureHour, DepatureMinute, DepatureSecond, Note, NoteCode) VALUES ('96665', 'FSACM03', '0', 'JPS_FSACM03-3', 'CAL', 0, 0, 0, 0, 0, 1, 0, 19, 0, 0, '', '');
INSERT INTO DayOfOperation (VehicleJourneyRef, StartDate, EndDate) VALUES ('96665', 1497657600, 1497743999);
INSERT INTO DayOfOperation (VehicleJourneyRef, StartDate, EndDate) VALUES ('96665', 1498262400, 1498348799);
INSERT INTO DayOfOperation (VehicleJourneyRef, StartDate, EndDate) VALUES ('96665', 1498867200, 1498953599);
INSERT INTO DayOfOperation (VehicleJourneyRef, StartDate, EndDate) VALUES ('96665', 1499472000, 1499558399);
INSERT INTO DayOfOperation (VehicleJourneyRef, StartDate, EndDate) VALUES ('96665', 1500076800, 1500163199);
INSERT INTO DayOfOperation (VehicleJourneyRef, StartDate, EndDate) VALUES ('96665', 1500681600, 1500767999);
INSERT INTO DayOfOperation (VehicleJourneyRef, StartDate, EndDate) VALUES ('96665', 1501286400, 1501372799);
INSERT INTO DayOfOperation (VehicleJourneyRef, StartDate, EndDate) VALUES ('96665', 1501891200, 1501977599);
INSERT INTO DayOfOperation (VehicleJourneyRef, StartDate, EndDate) VALUES ('96665', 1502496000, 1502582399);
INSERT INTO DayOfOperation (VehicleJourneyRef, StartDate, EndDate) VALUES ('96665', 1503100800, 1503187199);
INSERT INTO DayOfOperation (VehicleJourneyRef, StartDate, EndDate) VALUES ('96665', 1503705600, 1503791999);
INSERT INTO DayOfOperation (VehicleJourneyRef, StartDate, EndDate) VALUES ('96665', 1504310400, 1504396799);
INSERT INTO DayOfOperation (VehicleJourneyRef, StartDate, EndDate) VALUES ('96665', 1504915200, 1505001599);
INSERT INTO DayOfOperation (VehicleJourneyRef, StartDate, EndDate) VALUES ('96665', 1505520000, 1505606399);
INSERT INTO DayOfOperation (VehicleJourneyRef, StartDate, EndDate) VALUES ('96665', 1506124800, 1506211199);
INSERT INTO DayOfOperation (VehicleJourneyRef, StartDate, EndDate) VALUES ('96665', 1506729600, 1506815999);
INSERT INTO DayOfOperation (VehicleJourneyRef, StartDate, EndDate) VALUES ('96665', 1507334400, 1507420799);
INSERT INTO DayOfOperation (VehicleJourneyRef, StartDate, EndDate) VALUES ('96665', 1507939200, 1508025599);
INSERT INTO DayOfOperation (VehicleJourneyRef, StartDate, EndDate) VALUES ('96665', 1508544000, 1508630399);
INSERT INTO DayOfNonOperation (VehicleJourneyRef, StartDate, EndDate) VALUES ('96665', 1508716800, 2524607999);
INSERT INTO VehicleJourney (VehicleJourneyCode, ServiceRef, LineRef, JourneyPatternRef, OperatorRef, Monday, Tuesday, Wednesday, Thursday, Friday, Saturday, Sunday, DepatureHour, DepatureMinute, DepatureSecond, Note, NoteCode) VALUES ('96666', 'FSACM03', '0', 'JPS_FSACM03-3', 'CAL', 0, 0, 0, 0, 0, 1, 0, 19, 45, 0, '', '');
INSERT INTO DayOfOperation (VehicleJourneyRef, StartDate, EndDate) VALUES ('96666', 1497657600, 1497743999);
INSERT INTO DayOfOperation (VehicleJourneyRef, StartDate, EndDate) VALUES ('96666', 1498262400, 1498348799);
INSERT INTO DayOfOperation (VehicleJourneyRef, StartDate, EndDate) VALUES ('96666', 1498867200, 1498953599);
INSERT INTO DayOfOperation (VehicleJourneyRef, StartDate, EndDate) VALUES ('96666', 1499472000, 1499558399);
INSERT INTO DayOfOperation (VehicleJourneyRef, StartDate, EndDate) VALUES ('96666', 1500076800, 1500163199);
INSERT INTO DayOfOperation (VehicleJourneyRef, StartDate, EndDate) VALUES ('96666', 1500681600, 1500767999);
INSERT INTO DayOfOperation (VehicleJourneyRef, StartDate, EndDate) VALUES ('96666', 1501286400, 1501372799);
INSERT INTO DayOfOperation (VehicleJourneyRef, StartDate, EndDate) VALUES ('96666', 1501891200, 1501977599);
INSERT INTO DayOfOperation (VehicleJourneyRef, StartDate, EndDate) VALUES ('96666', 1502496000, 1502582399);
INSERT INTO DayOfOperation (VehicleJourneyRef, StartDate, EndDate) VALUES ('96666', 1503100800, 1503187199);
INSERT INTO DayOfOperation (VehicleJourneyRef, StartDate, EndDate) VALUES ('96666', 1503705600, 1503791999);
INSERT INTO DayOfOperation (VehicleJourneyRef, StartDate, EndDate) VALUES ('96666', 1504310400, 1504396799);
INSERT INTO DayOfOperation (VehicleJourneyRef, StartDate, EndDate) VALUES ('96666', 1504915200, 1505001599);
INSERT INTO DayOfOperation (VehicleJourneyRef, StartDate, EndDate) VALUES ('96666', 1505520000, 1505606399);
INSERT INTO DayOfOperation (VehicleJourneyRef, StartDate, EndDate) VALUES ('96666', 1506124800, 1506211199);
INSERT INTO DayOfOperation (VehicleJourneyRef, StartDate, EndDate) VALUES ('96666', 1506729600, 1506815999);
INSERT INTO DayOfOperation (VehicleJourneyRef, StartDate, EndDate) VALUES ('96666', 1507334400, 1507420799);
INSERT INTO DayOfOperation (VehicleJourneyRef, StartDate, EndDate) VALUES ('96666', 1507939200, 1508025599);
INSERT INTO DayOfOperation (VehicleJourneyRef, StartDate, EndDate) VALUES ('96666', 1508544000, 1508630399);
INSERT INTO DayOfNonOperation (VehicleJourneyRef, StartDate, EndDate) VALUES ('96666', 1508716800, 2524607999);
INSERT INTO VehicleJourney (VehicleJourneyCode, ServiceRef, LineRef, JourneyPatternRef, OperatorRef, Monday, Tuesday, Wednesday, Thursday, Friday, Saturday, Sunday, DepatureHour, DepatureMinute, DepatureSecond, Note, NoteCode) VALUES ('96682', 'FSACM03', '0', 'JPS_FSACM03-3', 'CAL', 0, 0, 0, 0, 0, 0, 1, 8, 0, 0, '', '');
INSERT INTO DayOfOperation (VehicleJourneyRef, StartDate, EndDate) VALUES ('96682', 1497744000, 1497830399);
INSERT INTO DayOfOperation (VehicleJourneyRef, StartDate, EndDate) VALUES ('96682', 1498348800, 1498435199);
INSERT INTO DayOfOperation (VehicleJourneyRef, StartDate, EndDate) VALUES ('96682', 1498953600, 1499039999);
INSERT INTO DayOfOperation (VehicleJourneyRef, StartDate, EndDate) VALUES ('96682', 1499558400, 1499644799);
INSERT INTO DayOfOperation (VehicleJourneyRef, StartDate, EndDate) VALUES ('96682', 1500163200, 1500249599);
INSERT INTO DayOfOperation (VehicleJourneyRef, StartDate, EndDate) VALUES ('96682', 1500768000, 1500854399);
INSERT INTO DayOfOperation (VehicleJourneyRef, StartDate, EndDate) VALUES ('96682', 1501372800, 1501459199);
INSERT INTO DayOfOperation (VehicleJourneyRef, StartDate, EndDate) VALUES ('96682', 1501977600, 1502063999);
INSERT INTO DayOfOperation (VehicleJourneyRef, StartDate, EndDate) VALUES ('96682', 1502582400, 1502668799);
INSERT INTO DayOfOperation (VehicleJourneyRef, StartDate, EndDate) VALUES ('96682', 1503187200, 1503273599);
INSERT INTO DayOfOperation (VehicleJourneyRef, StartDate, EndDate) VALUES ('96682', 1503792000, 1503878399);
INSERT INTO DayOfOperation (VehicleJourneyRef, StartDate, EndDate) VALUES ('96682', 1504396800, 1504483199);
INSERT INTO DayOfOperation (VehicleJourneyRef, StartDate, EndDate) VALUES ('96682', 1505001600, 1505087999);
INSERT INTO DayOfOperation (VehicleJourneyRef, StartDate, EndDate) VALUES ('96682', 1505606400, 1505692799);
INSERT INTO DayOfOperation (VehicleJourneyRef, StartDate, EndDate) VALUES ('96682', 1506211200, 1506297599);
INSERT INTO DayOfOperation (VehicleJourneyRef, StartDate, EndDate) VALUES ('96682', 1506816000, 1506902399);
INSERT INTO DayOfOperation (VehicleJourneyRef, StartDate, EndDate) VALUES ('96682', 1507420800, 1507507199);
INSERT INTO DayOfOperation (VehicleJourneyRef, StartDate, EndDate) VALUES ('96682', 1508025600, 1508111999);
INSERT INTO DayOfOperation (VehicleJourneyRef, StartDate, EndDate) VALUES ('96682', 1508630400, 1508716799);
INSERT INTO DayOfNonOperation (VehicleJourneyRef, StartDate, EndDate) VALUES ('96682', 1508716800, 2524607999);
INSERT INTO VehicleJourney (VehicleJourneyCode, ServiceRef, LineRef, JourneyPatternRef, OperatorRef, Monday, Tuesday, Wednesday, Thursday, Friday, Saturday, Sunday, DepatureHour, DepatureMinute, DepatureSecond, Note, NoteCode) VALUES ('96683', 'FSACM03', '0', 'JPS_FSACM03-3', 'CAL', 0, 0, 0, 0, 0, 0, 1, 9, 30, 0, '', '');
INSERT INTO DayOfOperation (VehicleJourneyRef, StartDate, EndDate) VALUES ('96683', 1497744000, 1497830399);
INSERT INTO DayOfOperation (VehicleJourneyRef, StartDate, EndDate) VALUES ('96683', 1498348800, 1498435199);
INSERT INTO DayOfOperation (VehicleJourneyRef, StartDate, EndDate) VALUES ('96683', 1498953600, 1499039999);
INSERT INTO DayOfOperation (VehicleJourneyRef, StartDate, EndDate) VALUES ('96683', 1499558400, 1499644799);
INSERT INTO DayOfOperation (VehicleJourneyRef, StartDate, EndDate) VALUES ('96683', 1500163200, 1500249599);
INSERT INTO DayOfOperation (VehicleJourneyRef, StartDate, EndDate) VALUES ('96683', 1500768000, 1500854399);
INSERT INTO DayOfOperation (VehicleJourneyRef, StartDate, EndDate) VALUES ('96683', 1501372800, 1501459199);
INSERT INTO DayOfOperation (VehicleJourneyRef, StartDate, EndDate) VALUES ('96683', 1501977600, 1502063999);
INSERT INTO DayOfOperation (VehicleJourneyRef, StartDate, EndDate) VALUES ('96683', 1502582400, 1502668799);
INSERT INTO DayOfOperation (VehicleJourneyRef, StartDate, EndDate) VALUES ('96683', 1503187200, 1503273599);
INSERT INTO DayOfOperation (VehicleJourneyRef, StartDate, EndDate) VALUES ('96683', 1503792000, 1503878399);
INSERT INTO DayOfOperation (VehicleJourneyRef, StartDate, EndDate) VALUES ('96683', 1504396800, 1504483199);
INSERT INTO DayOfOperation (VehicleJourneyRef, StartDate, EndDate) VALUES ('96683', 1505001600, 1505087999);
INSERT INTO DayOfOperation (VehicleJourneyRef, StartDate, EndDate) VALUES ('96683', 1505606400, 1505692799);
INSERT INTO DayOfOperation (VehicleJourneyRef, StartDate, EndDate) VALUES ('96683', 1506211200, 1506297599);
INSERT INTO DayOfOperation (VehicleJourneyRef, StartDate, EndDate) VALUES ('96683', 1506816000, 1506902399);
INSERT INTO DayOfOperation (VehicleJourneyRef, StartDate, EndDate) VALUES ('96683', 1507420800, 1507507199);
INSERT INTO DayOfOperation (VehicleJourneyRef, StartDate, EndDate) VALUES ('96683', 1508025600, 1508111999);
INSERT INTO DayOfOperation (VehicleJourneyRef, StartDate, EndDate) VALUES ('96683', 1508630400, 1508716799);
INSERT INTO DayOfNonOperation (VehicleJourneyRef, StartDate, EndDate) VALUES ('96683', 1508716800, 2524607999);
INSERT INTO VehicleJourney (VehicleJourneyCode, ServiceRef, LineRef, JourneyPatternRef, OperatorRef, Monday, Tuesday, Wednesday, Thursday, Friday, Saturday, Sunday, DepatureHour, DepatureMinute, DepatureSecond, Note, NoteCode) VALUES ('96684', 'FSACM03', '0', 'JPS_FSACM03-3', 'CAL', 0, 0, 0, 0, 0, 0, 1, 10, 10, 0, '', '');
INSERT INTO DayOfOperation (VehicleJourneyRef, StartDate, EndDate) VALUES ('96684', 1497744000, 1497830399);
INSERT INTO DayOfOperation (VehicleJourneyRef, StartDate, EndDate) VALUES ('96684', 1498348800, 1498435199);
INSERT INTO DayOfOperation (VehicleJourneyRef, StartDate, EndDate) VALUES ('96684', 1498953600, 1499039999);
INSERT INTO DayOfOperation (VehicleJourneyRef, StartDate, EndDate) VALUES ('96684', 1499558400, 1499644799);
INSERT INTO DayOfOperation (VehicleJourneyRef, StartDate, EndDate) VALUES ('96684', 1500163200, 1500249599);
INSERT INTO DayOfOperation (VehicleJourneyRef, StartDate, EndDate) VALUES ('96684', 1500768000, 1500854399);
INSERT INTO DayOfOperation (VehicleJourneyRef, StartDate, EndDate) VALUES ('96684', 1501372800, 1501459199);
INSERT INTO DayOfOperation (VehicleJourneyRef, StartDate, EndDate) VALUES ('96684', 1501977600, 1502063999);
INSERT INTO DayOfOperation (VehicleJourneyRef, StartDate, EndDate) VALUES ('96684', 1502582400, 1502668799);
INSERT INTO DayOfOperation (VehicleJourneyRef, StartDate, EndDate) VALUES ('96684', 1503187200, 1503273599);
INSERT INTO DayOfOperation (VehicleJourneyRef, StartDate, EndDate) VALUES ('96684', 1503792000, 1503878399);
INSERT INTO DayOfOperation (VehicleJourneyRef, StartDate, EndDate) VALUES ('96684', 1504396800, 1504483199);
INSERT INTO DayOfOperation (VehicleJourneyRef, StartDate, EndDate) VALUES ('96684', 1505001600, 1505087999);
INSERT INTO DayOfOperation (VehicleJourneyRef, StartDate, EndDate) VALUES ('96684', 1505606400, 1505692799);
INSERT INTO DayOfOperation (VehicleJourneyRef, StartDate, EndDate) VALUES ('96684', 1506211200, 1506297599);
INSERT INTO DayOfOperation (VehicleJourneyRef, StartDate, EndDate) VALUES ('96684', 1506816000, 1506902399);
INSERT INTO DayOfOperation (VehicleJourneyRef, StartDate, EndDate) VALUES ('96684', 1507420800, 1507507199);
INSERT INTO DayOfOperation (VehicleJourneyRef, StartDate, EndDate) VALUES ('96684', 1508025600, 1508111999);
INSERT INTO DayOfOperation (VehicleJourneyRef, StartDate, EndDate) VALUES ('96684', 1508630400, 1508716799);
INSERT INTO DayOfNonOperation (VehicleJourneyRef, StartDate, EndDate) VALUES ('96684', 1508716800, 2524607999);
INSERT INTO VehicleJourney (VehicleJourneyCode, ServiceRef, LineRef, JourneyPatternRef, OperatorRef, Monday, Tuesday, Wednesday, Thursday, Friday, Saturday, Sunday, DepatureHour, DepatureMinute, DepatureSecond, Note, NoteCode) VALUES ('96685', 'FSACM03', '0', 'JPS_FSACM03-3', 'CAL', 0, 0, 0, 0, 0, 0, 1, 11, 0, 0, '', '');
INSERT INTO DayOfOperation (VehicleJourneyRef, StartDate, EndDate) VALUES ('96685', 1497744000, 1497830399);
INSERT INTO DayOfOperation (VehicleJourneyRef, StartDate, EndDate) VALUES ('96685', 1498348800, 1498435199);
INSERT INTO DayOfOperation (VehicleJourneyRef, StartDate, EndDate) VALUES ('96685', 1498953600, 1499039999);
INSERT INTO DayOfOperation (VehicleJourneyRef, StartDate, EndDate) VALUES ('96685', 1499558400, 1499644799);
INSERT INTO DayOfOperation (VehicleJourneyRef, StartDate, EndDate) VALUES ('96685', 1500163200, 1500249599);
INSERT INTO DayOfOperation (VehicleJourneyRef, StartDate, EndDate) VALUES ('96685', 1500768000, 1500854399);
INSERT INTO DayOfOperation (VehicleJourneyRef, StartDate, EndDate) VALUES ('96685', 1501372800, 1501459199);
INSERT INTO DayOfOperation (VehicleJourneyRef, StartDate, EndDate) VALUES ('96685', 1501977600, 1502063999);
INSERT INTO DayOfOperation (VehicleJourneyRef, StartDate, EndDate) VALUES ('96685', 1502582400, 1502668799);
INSERT INTO DayOfOperation (VehicleJourneyRef, StartDate, EndDate) VALUES ('96685', 1503187200, 1503273599);
INSERT INTO DayOfOperation (VehicleJourneyRef, StartDate, EndDate) VALUES ('96685', 1503792000, 1503878399);
INSERT INTO DayOfOperation (VehicleJourneyRef, StartDate, EndDate) VALUES ('96685', 1504396800, 1504483199);
INSERT INTO DayOfOperation (VehicleJourneyRef, StartDate, EndDate) VALUES ('96685', 1505001600, 1505087999);
INSERT INTO DayOfOperation (VehicleJourneyRef, StartDate, EndDate) VALUES ('96685', 1505606400, 1505692799);
INSERT INTO DayOfOperation (VehicleJourneyRef, StartDate, EndDate) VALUES ('96685', 1506211200, 1506297599);
INSERT INTO DayOfOperation (VehicleJourneyRef, StartDate, EndDate) VALUES ('96685', 1506816000, 1506902399);
INSERT INTO DayOfOperation (VehicleJourneyRef, StartDate, EndDate) VALUES ('96685', 1507420800, 1507507199);
INSERT INTO DayOfOperation (VehicleJourneyRef, StartDate, EndDate) VALUES ('96685', 1508025600, 1508111999);
INSERT INTO DayOfOperation (VehicleJourneyRef, StartDate, EndDate) VALUES ('96685', 1508630400, 1508716799);
INSERT INTO DayOfNonOperation (VehicleJourneyRef, StartDate, EndDate) VALUES ('96685', 1508716800, 2524607999);
INSERT INTO VehicleJourney (VehicleJourneyCode, ServiceRef, LineRef, JourneyPatternRef, OperatorRef, Monday, Tuesday, Wednesday, Thursday, Friday, Saturday, Sunday, DepatureHour, DepatureMinute, DepatureSecond, Note, NoteCode) VALUES ('96686', 'FSACM03', '0', 'JPS_FSACM03-3', 'CAL', 0, 0, 0, 0, 0, 0, 1, 12, 0, 0, '', '');
INSERT INTO DayOfOperation (VehicleJourneyRef, StartDate, EndDate) VALUES ('96686', 1497744000, 1497830399);
INSERT INTO DayOfOperation (VehicleJourneyRef, StartDate, EndDate) VALUES ('96686', 1498348800, 1498435199);
INSERT INTO DayOfOperation (VehicleJourneyRef, StartDate, EndDate) VALUES ('96686', 1498953600, 1499039999);
INSERT INTO DayOfOperation (VehicleJourneyRef, StartDate, EndDate) VALUES ('96686', 1499558400, 1499644799);
INSERT INTO DayOfOperation (VehicleJourneyRef, StartDate, EndDate) VALUES ('96686', 1500163200, 1500249599);
INSERT INTO DayOfOperation (VehicleJourneyRef, StartDate, EndDate) VALUES ('96686', 1500768000, 1500854399);
INSERT INTO DayOfOperation (VehicleJourneyRef, StartDate, EndDate) VALUES ('96686', 1501372800, 1501459199);
INSERT INTO DayOfOperation (VehicleJourneyRef, StartDate, EndDate) VALUES ('96686', 1501977600, 1502063999);
INSERT INTO DayOfOperation (VehicleJourneyRef, StartDate, EndDate) VALUES ('96686', 1502582400, 1502668799);
INSERT INTO DayOfOperation (VehicleJourneyRef, StartDate, EndDate) VALUES ('96686', 1503187200, 1503273599);
INSERT INTO DayOfOperation (VehicleJourneyRef, StartDate, EndDate) VALUES ('96686', 1503792000, 1503878399);
INSERT INTO DayOfOperation (VehicleJourneyRef, StartDate, EndDate) VALUES ('96686', 1504396800, 1504483199);
INSERT INTO DayOfOperation (VehicleJourneyRef, StartDate, EndDate) VALUES ('96686', 1505001600, 1505087999);
INSERT INTO DayOfOperation (VehicleJourneyRef, StartDate, EndDate) VALUES ('96686', 1505606400, 1505692799);
INSERT INTO DayOfOperation (VehicleJourneyRef, StartDate, EndDate) VALUES ('96686', 1506211200, 1506297599);
INSERT INTO DayOfOperation (VehicleJourneyRef, StartDate, EndDate) VALUES ('96686', 1506816000, 1506902399);
INSERT INTO DayOfOperation (VehicleJourneyRef, StartDate, EndDate) VALUES ('96686', 1507420800, 1507507199);
INSERT INTO DayOfOperation (VehicleJourneyRef, StartDate, EndDate) VALUES ('96686', 1508025600, 1508111999);
INSERT INTO DayOfOperation (VehicleJourneyRef, StartDate, EndDate) VALUES ('96686', 1508630400, 1508716799);
INSERT INTO DayOfNonOperation (VehicleJourneyRef, StartDate, EndDate) VALUES ('96686', 1508716800, 2524607999);
INSERT INTO VehicleJourney (VehicleJourneyCode, ServiceRef, LineRef, JourneyPatternRef, OperatorRef, Monday, Tuesday, Wednesday, Thursday, Friday, Saturday, Sunday, DepatureHour, DepatureMinute, DepatureSecond, Note, NoteCode) VALUES ('96687', 'FSACM03', '0', 'JPS_FSACM03-3', 'CAL', 0, 0, 0, 0, 0, 0, 1, 13, 0, 0, '', '');
INSERT INTO DayOfOperation (VehicleJourneyRef, StartDate, EndDate) VALUES ('96687', 1497744000, 1497830399);
INSERT INTO DayOfOperation (VehicleJourneyRef, StartDate, EndDate) VALUES ('96687', 1498348800, 1498435199);
INSERT INTO DayOfOperation (VehicleJourneyRef, StartDate, EndDate) VALUES ('96687', 1498953600, 1499039999);
INSERT INTO DayOfOperation (VehicleJourneyRef, StartDate, EndDate) VALUES ('96687', 1499558400, 1499644799);
INSERT INTO DayOfOperation (VehicleJourneyRef, StartDate, EndDate) VALUES ('96687', 1500163200, 1500249599);
INSERT INTO DayOfOperation (VehicleJourneyRef, StartDate, EndDate) VALUES ('96687', 1500768000, 1500854399);
INSERT INTO DayOfOperation (VehicleJourneyRef, StartDate, EndDate) VALUES ('96687', 1501372800, 1501459199);
INSERT INTO DayOfOperation (VehicleJourneyRef, StartDate, EndDate) VALUES ('96687', 1501977600, 1502063999);
INSERT INTO DayOfOperation (VehicleJourneyRef, StartDate, EndDate) VALUES ('96687', 1502582400, 1502668799);
INSERT INTO DayOfOperation (VehicleJourneyRef, StartDate, EndDate) VALUES ('96687', 1503187200, 1503273599);
INSERT INTO DayOfOperation (VehicleJourneyRef, StartDate, EndDate) VALUES ('96687', 1503792000, 1503878399);
INSERT INTO DayOfOperation (VehicleJourneyRef, StartDate, EndDate) VALUES ('96687', 1504396800, 1504483199);
INSERT INTO DayOfOperation (VehicleJourneyRef, StartDate, EndDate) VALUES ('96687', 1505001600, 1505087999);
INSERT INTO DayOfOperation (VehicleJourneyRef, StartDate, EndDate) VALUES ('96687', 1505606400, 1505692799);
INSERT INTO DayOfOperation (VehicleJourneyRef, StartDate, EndDate) VALUES ('96687', 1506211200, 1506297599);
INSERT INTO DayOfOperation (VehicleJourneyRef, StartDate, EndDate) VALUES ('96687', 1506816000, 1506902399);
INSERT INTO DayOfOperation (VehicleJourneyRef, StartDate, EndDate) VALUES ('96687', 1507420800, 1507507199);
INSERT INTO DayOfOperation (VehicleJourneyRef, StartDate, EndDate) VALUES ('96687', 1508025600, 1508111999);
INSERT INTO DayOfOperation (VehicleJourneyRef, StartDate, EndDate) VALUES ('96687', 1508630400, 1508716799);
INSERT INTO DayOfNonOperation (VehicleJourneyRef, StartDate, EndDate) VALUES ('96687', 1508716800, 2524607999);
INSERT INTO VehicleJourney (VehicleJourneyCode, ServiceRef, LineRef, JourneyPatternRef, OperatorRef, Monday, Tuesday, Wednesday, Thursday, Friday, Saturday, Sunday, DepatureHour, DepatureMinute, DepatureSecond, Note, NoteCode) VALUES ('96688', 'FSACM03', '0', 'JPS_FSACM03-3', 'CAL', 0, 0, 0, 0, 0, 0, 1, 14, 0, 0, '', '');
INSERT INTO DayOfOperation (VehicleJourneyRef, StartDate, EndDate) VALUES ('96688', 1497744000, 1497830399);
INSERT INTO DayOfOperation (VehicleJourneyRef, StartDate, EndDate) VALUES ('96688', 1498348800, 1498435199);
INSERT INTO DayOfOperation (VehicleJourneyRef, StartDate, EndDate) VALUES ('96688', 1498953600, 1499039999);
INSERT INTO DayOfOperation (VehicleJourneyRef, StartDate, EndDate) VALUES ('96688', 1499558400, 1499644799);
INSERT INTO DayOfOperation (VehicleJourneyRef, StartDate, EndDate) VALUES ('96688', 1500163200, 1500249599);
INSERT INTO DayOfOperation (VehicleJourneyRef, StartDate, EndDate) VALUES ('96688', 1500768000, 1500854399);
INSERT INTO DayOfOperation (VehicleJourneyRef, StartDate, EndDate) VALUES ('96688', 1501372800, 1501459199);
INSERT INTO DayOfOperation (VehicleJourneyRef, StartDate, EndDate) VALUES ('96688', 1501977600, 1502063999);
INSERT INTO DayOfOperation (VehicleJourneyRef, StartDate, EndDate) VALUES ('96688', 1502582400, 1502668799);
INSERT INTO DayOfOperation (VehicleJourneyRef, StartDate, EndDate) VALUES ('96688', 1503187200, 1503273599);
INSERT INTO DayOfOperation (VehicleJourneyRef, StartDate, EndDate) VALUES ('96688', 1503792000, 1503878399);
INSERT INTO DayOfOperation (VehicleJourneyRef, StartDate, EndDate) VALUES ('96688', 1504396800, 1504483199);
INSERT INTO DayOfOperation (VehicleJourneyRef, StartDate, EndDate) VALUES ('96688', 1505001600, 1505087999);
INSERT INTO DayOfOperation (VehicleJourneyRef, StartDate, EndDate) VALUES ('96688', 1505606400, 1505692799);
INSERT INTO DayOfOperation (VehicleJourneyRef, StartDate, EndDate) VALUES ('96688', 1506211200, 1506297599);
INSERT INTO DayOfOperation (VehicleJourneyRef, StartDate, EndDate) VALUES ('96688', 1506816000, 1506902399);
INSERT INTO DayOfOperation (VehicleJourneyRef, StartDate, EndDate) VALUES ('96688', 1507420800, 1507507199);
INSERT INTO DayOfOperation (VehicleJourneyRef, StartDate, EndDate) VALUES ('96688', 1508025600, 1508111999);
INSERT INTO DayOfOperation (VehicleJourneyRef, StartDate, EndDate) VALUES ('96688', 1508630400, 1508716799);
INSERT INTO DayOfNonOperation (VehicleJourneyRef, StartDate, EndDate) VALUES ('96688', 1508716800, 2524607999);
INSERT INTO VehicleJourney (VehicleJourneyCode, ServiceRef, LineRef, JourneyPatternRef, OperatorRef, Monday, Tuesday, Wednesday, Thursday, Friday, Saturday, Sunday, DepatureHour, DepatureMinute, DepatureSecond, Note, NoteCode) VALUES ('96689', 'FSACM03', '0', 'JPS_FSACM03-3', 'CAL', 0, 0, 0, 0, 0, 0, 1, 15, 10, 0, '', '');
INSERT INTO DayOfOperation (VehicleJourneyRef, StartDate, EndDate) VALUES ('96689', 1497744000, 1497830399);
INSERT INTO DayOfOperation (VehicleJourneyRef, StartDate, EndDate) VALUES ('96689', 1498348800, 1498435199);
INSERT INTO DayOfOperation (VehicleJourneyRef, StartDate, EndDate) VALUES ('96689', 1498953600, 1499039999);
INSERT INTO DayOfOperation (VehicleJourneyRef, StartDate, EndDate) VALUES ('96689', 1499558400, 1499644799);
INSERT INTO DayOfOperation (VehicleJourneyRef, StartDate, EndDate) VALUES ('96689', 1500163200, 1500249599);
INSERT INTO DayOfOperation (VehicleJourneyRef, StartDate, EndDate) VALUES ('96689', 1500768000, 1500854399);
INSERT INTO DayOfOperation (VehicleJourneyRef, StartDate, EndDate) VALUES ('96689', 1501372800, 1501459199);
INSERT INTO DayOfOperation (VehicleJourneyRef, StartDate, EndDate) VALUES ('96689', 1501977600, 1502063999);
INSERT INTO DayOfOperation (VehicleJourneyRef, StartDate, EndDate) VALUES ('96689', 1502582400, 1502668799);
INSERT INTO DayOfOperation (VehicleJourneyRef, StartDate, EndDate) VALUES ('96689', 1503187200, 1503273599);
INSERT INTO DayOfOperation (VehicleJourneyRef, StartDate, EndDate) VALUES ('96689', 1503792000, 1503878399);
INSERT INTO DayOfOperation (VehicleJourneyRef, StartDate, EndDate) VALUES ('96689', 1504396800, 1504483199);
INSERT INTO DayOfOperation (VehicleJourneyRef, StartDate, EndDate) VALUES ('96689', 1505001600, 1505087999);
INSERT INTO DayOfOperation (VehicleJourneyRef, StartDate, EndDate) VALUES ('96689', 1505606400, 1505692799);
INSERT INTO DayOfOperation (VehicleJourneyRef, StartDate, EndDate) VALUES ('96689', 1506211200, 1506297599);
INSERT INTO DayOfOperation (VehicleJourneyRef, StartDate, EndDate) VALUES ('96689', 1506816000, 1506902399);
INSERT INTO DayOfOperation (VehicleJourneyRef, StartDate, EndDate) VALUES ('96689', 1507420800, 1507507199);
INSERT INTO DayOfOperation (VehicleJourneyRef, StartDate, EndDate) VALUES ('96689', 1508025600, 1508111999);
INSERT INTO DayOfOperation (VehicleJourneyRef, StartDate, EndDate) VALUES ('96689', 1508630400, 1508716799);
INSERT INTO DayOfNonOperation (VehicleJourneyRef, StartDate, EndDate) VALUES ('96689', 1508716800, 2524607999);
INSERT INTO VehicleJourney (VehicleJourneyCode, ServiceRef, LineRef, JourneyPatternRef, OperatorRef, Monday, Tuesday, Wednesday, Thursday, Friday, Saturday, Sunday, DepatureHour, DepatureMinute, DepatureSecond, Note, NoteCode) VALUES ('96690', 'FSACM03', '0', 'JPS_FSACM03-3', 'CAL', 0, 0, 0, 0, 0, 0, 1, 16, 0, 0, '', '');
INSERT INTO DayOfOperation (VehicleJourneyRef, StartDate, EndDate) VALUES ('96690', 1497744000, 1497830399);
INSERT INTO DayOfOperation (VehicleJourneyRef, StartDate, EndDate) VALUES ('96690', 1498348800, 1498435199);
INSERT INTO DayOfOperation (VehicleJourneyRef, StartDate, EndDate) VALUES ('96690', 1498953600, 1499039999);
INSERT INTO DayOfOperation (VehicleJourneyRef, StartDate, EndDate) VALUES ('96690', 1499558400, 1499644799);
INSERT INTO DayOfOperation (VehicleJourneyRef, StartDate, EndDate) VALUES ('96690', 1500163200, 1500249599);
INSERT INTO DayOfOperation (VehicleJourneyRef, StartDate, EndDate) VALUES ('96690', 1500768000, 1500854399);
INSERT INTO DayOfOperation (VehicleJourneyRef, StartDate, EndDate) VALUES ('96690', 1501372800, 1501459199);
INSERT INTO DayOfOperation (VehicleJourneyRef, StartDate, EndDate) VALUES ('96690', 1501977600, 1502063999);
INSERT INTO DayOfOperation (VehicleJourneyRef, StartDate, EndDate) VALUES ('96690', 1502582400, 1502668799);
INSERT INTO DayOfOperation (VehicleJourneyRef, StartDate, EndDate) VALUES ('96690', 1503187200, 1503273599);
INSERT INTO DayOfOperation (VehicleJourneyRef, StartDate, EndDate) VALUES ('96690', 1503792000, 1503878399);
INSERT INTO DayOfOperation (VehicleJourneyRef, StartDate, EndDate) VALUES ('96690', 1504396800, 1504483199);
INSERT INTO DayOfOperation (VehicleJourneyRef, StartDate, EndDate) VALUES ('96690', 1505001600, 1505087999);
INSERT INTO DayOfOperation (VehicleJourneyRef, StartDate, EndDate) VALUES ('96690', 1505606400, 1505692799);
INSERT INTO DayOfOperation (VehicleJourneyRef, StartDate, EndDate) VALUES ('96690', 1506211200, 1506297599);
INSERT INTO DayOfOperation (VehicleJourneyRef, StartDate, EndDate) VALUES ('96690', 1506816000, 1506902399);
INSERT INTO DayOfOperation (VehicleJourneyRef, StartDate, EndDate) VALUES ('96690', 1507420800, 1507507199);
INSERT INTO DayOfOperation (VehicleJourneyRef, StartDate, EndDate) VALUES ('96690', 1508025600, 1508111999);
INSERT INTO DayOfOperation (VehicleJourneyRef, StartDate, EndDate) VALUES ('96690', 1508630400, 1508716799);
INSERT INTO DayOfNonOperation (VehicleJourneyRef, StartDate, EndDate) VALUES ('96690', 1508716800, 2524607999);
INSERT INTO VehicleJourney (VehicleJourneyCode, ServiceRef, LineRef, JourneyPatternRef, OperatorRef, Monday, Tuesday, Wednesday, Thursday, Friday, Saturday, Sunday, DepatureHour, DepatureMinute, DepatureSecond, Note, NoteCode) VALUES ('96691', 'FSACM03', '0', 'JPS_FSACM03-3', 'CAL', 0, 0, 0, 0, 0, 0, 1, 16, 45, 0, '', '');
INSERT INTO DayOfOperation (VehicleJourneyRef, StartDate, EndDate) VALUES ('96691', 1497744000, 1497830399);
INSERT INTO DayOfOperation (VehicleJourneyRef, StartDate, EndDate) VALUES ('96691', 1498348800, 1498435199);
INSERT INTO DayOfOperation (VehicleJourneyRef, StartDate, EndDate) VALUES ('96691', 1498953600, 1499039999);
INSERT INTO DayOfOperation (VehicleJourneyRef, StartDate, EndDate) VALUES ('96691', 1499558400, 1499644799);
INSERT INTO DayOfOperation (VehicleJourneyRef, StartDate, EndDate) VALUES ('96691', 1500163200, 1500249599);
INSERT INTO DayOfOperation (VehicleJourneyRef, StartDate, EndDate) VALUES ('96691', 1500768000, 1500854399);
INSERT INTO DayOfOperation (VehicleJourneyRef, StartDate, EndDate) VALUES ('96691', 1501372800, 1501459199);
INSERT INTO DayOfOperation (VehicleJourneyRef, StartDate, EndDate) VALUES ('96691', 1501977600, 1502063999);
INSERT INTO DayOfOperation (VehicleJourneyRef, StartDate, EndDate) VALUES ('96691', 1502582400, 1502668799);
INSERT INTO DayOfOperation (VehicleJourneyRef, StartDate, EndDate) VALUES ('96691', 1503187200, 1503273599);
INSERT INTO DayOfOperation (VehicleJourneyRef, StartDate, EndDate) VALUES ('96691', 1503792000, 1503878399);
INSERT INTO DayOfOperation (VehicleJourneyRef, StartDate, EndDate) VALUES ('96691', 1504396800, 1504483199);
INSERT INTO DayOfOperation (VehicleJourneyRef, StartDate, EndDate) VALUES ('96691', 1505001600, 1505087999);
INSERT INTO DayOfOperation (VehicleJourneyRef, StartDate, EndDate) VALUES ('96691', 1505606400, 1505692799);
INSERT INTO DayOfOperation (VehicleJourneyRef, StartDate, EndDate) VALUES ('96691', 1506211200, 1506297599);
INSERT INTO DayOfOperation (VehicleJourneyRef, StartDate, EndDate) VALUES ('96691', 1506816000, 1506902399);
INSERT INTO DayOfOperation (VehicleJourneyRef, StartDate, EndDate) VALUES ('96691', 1507420800, 1507507199);
INSERT INTO DayOfOperation (VehicleJourneyRef, StartDate, EndDate) VALUES ('96691', 1508025600, 1508111999);
INSERT INTO DayOfOperation (VehicleJourneyRef, StartDate, EndDate) VALUES ('96691', 1508630400, 1508716799);
INSERT INTO DayOfNonOperation (VehicleJourneyRef, StartDate, EndDate) VALUES ('96691', 1508716800, 2524607999);
INSERT INTO VehicleJourney (VehicleJourneyCode, ServiceRef, LineRef, JourneyPatternRef, OperatorRef, Monday, Tuesday, Wednesday, Thursday, Friday, Saturday, Sunday, DepatureHour, DepatureMinute, DepatureSecond, Note, NoteCode) VALUES ('96692', 'FSACM03', '0', 'JPS_FSACM03-3', 'CAL', 0, 0, 0, 0, 0, 0, 1, 17, 30, 0, '', '');
INSERT INTO DayOfOperation (VehicleJourneyRef, StartDate, EndDate) VALUES ('96692', 1497744000, 1497830399);
INSERT INTO DayOfOperation (VehicleJourneyRef, StartDate, EndDate) VALUES ('96692', 1498348800, 1498435199);
INSERT INTO DayOfOperation (VehicleJourneyRef, StartDate, EndDate) VALUES ('96692', 1498953600, 1499039999);
INSERT INTO DayOfOperation (VehicleJourneyRef, StartDate, EndDate) VALUES ('96692', 1499558400, 1499644799);
INSERT INTO DayOfOperation (VehicleJourneyRef, StartDate, EndDate) VALUES ('96692', 1500163200, 1500249599);
INSERT INTO DayOfOperation (VehicleJourneyRef, StartDate, EndDate) VALUES ('96692', 1500768000, 1500854399);
INSERT INTO DayOfOperation (VehicleJourneyRef, StartDate, EndDate) VALUES ('96692', 1501372800, 1501459199);
INSERT INTO DayOfOperation (VehicleJourneyRef, StartDate, EndDate) VALUES ('96692', 1501977600, 1502063999);
INSERT INTO DayOfOperation (VehicleJourneyRef, StartDate, EndDate) VALUES ('96692', 1502582400, 1502668799);
INSERT INTO DayOfOperation (VehicleJourneyRef, StartDate, EndDate) VALUES ('96692', 1503187200, 1503273599);
INSERT INTO DayOfOperation (VehicleJourneyRef, StartDate, EndDate) VALUES ('96692', 1503792000, 1503878399);
INSERT INTO DayOfOperation (VehicleJourneyRef, StartDate, EndDate) VALUES ('96692', 1504396800, 1504483199);
INSERT INTO DayOfOperation (VehicleJourneyRef, StartDate, EndDate) VALUES ('96692', 1505001600, 1505087999);
INSERT INTO DayOfOperation (VehicleJourneyRef, StartDate, EndDate) VALUES ('96692', 1505606400, 1505692799);
INSERT INTO DayOfOperation (VehicleJourneyRef, StartDate, EndDate) VALUES ('96692', 1506211200, 1506297599);
INSERT INTO DayOfOperation (VehicleJourneyRef, StartDate, EndDate) VALUES ('96692', 1506816000, 1506902399);
INSERT INTO DayOfOperation (VehicleJourneyRef, StartDate, EndDate) VALUES ('96692', 1507420800, 1507507199);
INSERT INTO DayOfOperation (VehicleJourneyRef, StartDate, EndDate) VALUES ('96692', 1508025600, 1508111999);
INSERT INTO DayOfOperation (VehicleJourneyRef, StartDate, EndDate) VALUES ('96692', 1508630400, 1508716799);
INSERT INTO DayOfNonOperation (VehicleJourneyRef, StartDate, EndDate) VALUES ('96692', 1508716800, 2524607999);
INSERT INTO VehicleJourney (VehicleJourneyCode, ServiceRef, LineRef, JourneyPatternRef, OperatorRef, Monday, Tuesday, Wednesday, Thursday, Friday, Saturday, Sunday, DepatureHour, DepatureMinute, DepatureSecond, Note, NoteCode) VALUES ('96693', 'FSACM03', '0', 'JPS_FSACM03-3', 'CAL', 0, 0, 0, 0, 0, 0, 1, 18, 15, 0, '', '');
INSERT INTO DayOfOperation (VehicleJourneyRef, StartDate, EndDate) VALUES ('96693', 1497744000, 1497830399);
INSERT INTO DayOfOperation (VehicleJourneyRef, StartDate, EndDate) VALUES ('96693', 1498348800, 1498435199);
INSERT INTO DayOfOperation (VehicleJourneyRef, StartDate, EndDate) VALUES ('96693', 1498953600, 1499039999);
INSERT INTO DayOfOperation (VehicleJourneyRef, StartDate, EndDate) VALUES ('96693', 1499558400, 1499644799);
INSERT INTO DayOfOperation (VehicleJourneyRef, StartDate, EndDate) VALUES ('96693', 1500163200, 1500249599);
INSERT INTO DayOfOperation (VehicleJourneyRef, StartDate, EndDate) VALUES ('96693', 1500768000, 1500854399);
INSERT INTO DayOfOperation (VehicleJourneyRef, StartDate, EndDate) VALUES ('96693', 1501372800, 1501459199);
INSERT INTO DayOfOperation (VehicleJourneyRef, StartDate, EndDate) VALUES ('96693', 1501977600, 1502063999);
INSERT INTO DayOfOperation (VehicleJourneyRef, StartDate, EndDate) VALUES ('96693', 1502582400, 1502668799);
INSERT INTO DayOfOperation (VehicleJourneyRef, StartDate, EndDate) VALUES ('96693', 1503187200, 1503273599);
INSERT INTO DayOfOperation (VehicleJourneyRef, StartDate, EndDate) VALUES ('96693', 1503792000, 1503878399);
INSERT INTO DayOfOperation (VehicleJourneyRef, StartDate, EndDate) VALUES ('96693', 1504396800, 1504483199);
INSERT INTO DayOfOperation (VehicleJourneyRef, StartDate, EndDate) VALUES ('96693', 1505001600, 1505087999);
INSERT INTO DayOfOperation (VehicleJourneyRef, StartDate, EndDate) VALUES ('96693', 1505606400, 1505692799);
INSERT INTO DayOfOperation (VehicleJourneyRef, StartDate, EndDate) VALUES ('96693', 1506211200, 1506297599);
INSERT INTO DayOfOperation (VehicleJourneyRef, StartDate, EndDate) VALUES ('96693', 1506816000, 1506902399);
INSERT INTO DayOfOperation (VehicleJourneyRef, StartDate, EndDate) VALUES ('96693', 1507420800, 1507507199);
INSERT INTO DayOfOperation (VehicleJourneyRef, StartDate, EndDate) VALUES ('96693', 1508025600, 1508111999);
INSERT INTO DayOfOperation (VehicleJourneyRef, StartDate, EndDate) VALUES ('96693', 1508630400, 1508716799);
INSERT INTO DayOfNonOperation (VehicleJourneyRef, StartDate, EndDate) VALUES ('96693', 1508716800, 2524607999);
INSERT INTO VehicleJourney (VehicleJourneyCode, ServiceRef, LineRef, JourneyPatternRef, OperatorRef, Monday, Tuesday, Wednesday, Thursday, Friday, Saturday, Sunday, DepatureHour, DepatureMinute, DepatureSecond, Note, NoteCode) VALUES ('96694', 'FSACM03', '0', 'JPS_FSACM03-3', 'CAL', 0, 0, 0, 0, 0, 0, 1, 19, 0, 0, '', '');
INSERT INTO DayOfOperation (VehicleJourneyRef, StartDate, EndDate) VALUES ('96694', 1497744000, 1497830399);
INSERT INTO DayOfOperation (VehicleJourneyRef, StartDate, EndDate) VALUES ('96694', 1498348800, 1498435199);
INSERT INTO DayOfOperation (VehicleJourneyRef, StartDate, EndDate) VALUES ('96694', 1498953600, 1499039999);
INSERT INTO DayOfOperation (VehicleJourneyRef, StartDate, EndDate) VALUES ('96694', 1499558400, 1499644799);
INSERT INTO DayOfOperation (VehicleJourneyRef, StartDate, EndDate) VALUES ('96694', 1500163200, 1500249599);
INSERT INTO DayOfOperation (VehicleJourneyRef, StartDate, EndDate) VALUES ('96694', 1500768000, 1500854399);
INSERT INTO DayOfOperation (VehicleJourneyRef, StartDate, EndDate) VALUES ('96694', 1501372800, 1501459199);
INSERT INTO DayOfOperation (VehicleJourneyRef, StartDate, EndDate) VALUES ('96694', 1501977600, 1502063999);
INSERT INTO DayOfOperation (VehicleJourneyRef, StartDate, EndDate) VALUES ('96694', 1502582400, 1502668799);
INSERT INTO DayOfOperation (VehicleJourneyRef, StartDate, EndDate) VALUES ('96694', 1503187200, 1503273599);
INSERT INTO DayOfOperation (VehicleJourneyRef, StartDate, EndDate) VALUES ('96694', 1503792000, 1503878399);
INSERT INTO DayOfOperation (VehicleJourneyRef, StartDate, EndDate) VALUES ('96694', 1504396800, 1504483199);
INSERT INTO DayOfOperation (VehicleJourneyRef, StartDate, EndDate) VALUES ('96694', 1505001600, 1505087999);
INSERT INTO DayOfOperation (VehicleJourneyRef, StartDate, EndDate) VALUES ('96694', 1505606400, 1505692799);
INSERT INTO DayOfOperation (VehicleJourneyRef, StartDate, EndDate) VALUES ('96694', 1506211200, 1506297599);
INSERT INTO DayOfOperation (VehicleJourneyRef, StartDate, EndDate) VALUES ('96694', 1506816000, 1506902399);
INSERT INTO DayOfOperation (VehicleJourneyRef, StartDate, EndDate) VALUES ('96694', 1507420800, 1507507199);
INSERT INTO DayOfOperation (VehicleJourneyRef, StartDate, EndDate) VALUES ('96694', 1508025600, 1508111999);
INSERT INTO DayOfOperation (VehicleJourneyRef, StartDate, EndDate) VALUES ('96694', 1508630400, 1508716799);
INSERT INTO DayOfNonOperation (VehicleJourneyRef, StartDate, EndDate) VALUES ('96694', 1508716800, 2524607999);
INSERT INTO VehicleJourney (VehicleJourneyCode, ServiceRef, LineRef, JourneyPatternRef, OperatorRef, Monday, Tuesday, Wednesday, Thursday, Friday, Saturday, Sunday, DepatureHour, DepatureMinute, DepatureSecond, Note, NoteCode) VALUES ('96695', 'FSACM03', '0', 'JPS_FSACM03-3', 'CAL', 0, 0, 0, 0, 0, 0, 1, 19, 45, 0, '', '');
INSERT INTO DayOfOperation (VehicleJourneyRef, StartDate, EndDate) VALUES ('96695', 1497744000, 1497830399);
INSERT INTO DayOfOperation (VehicleJourneyRef, StartDate, EndDate) VALUES ('96695', 1498348800, 1498435199);
INSERT INTO DayOfOperation (VehicleJourneyRef, StartDate, EndDate) VALUES ('96695', 1498953600, 1499039999);
INSERT INTO DayOfOperation (VehicleJourneyRef, StartDate, EndDate) VALUES ('96695', 1499558400, 1499644799);
INSERT INTO DayOfOperation (VehicleJourneyRef, StartDate, EndDate) VALUES ('96695', 1500163200, 1500249599);
INSERT INTO DayOfOperation (VehicleJourneyRef, StartDate, EndDate) VALUES ('96695', 1500768000, 1500854399);
INSERT INTO DayOfOperation (VehicleJourneyRef, StartDate, EndDate) VALUES ('96695', 1501372800, 1501459199);
INSERT INTO DayOfOperation (VehicleJourneyRef, StartDate, EndDate) VALUES ('96695', 1501977600, 1502063999);
INSERT INTO DayOfOperation (VehicleJourneyRef, StartDate, EndDate) VALUES ('96695', 1502582400, 1502668799);
INSERT INTO DayOfOperation (VehicleJourneyRef, StartDate, EndDate) VALUES ('96695', 1503187200, 1503273599);
INSERT INTO DayOfOperation (VehicleJourneyRef, StartDate, EndDate) VALUES ('96695', 1503792000, 1503878399);
INSERT INTO DayOfOperation (VehicleJourneyRef, StartDate, EndDate) VALUES ('96695', 1504396800, 1504483199);
INSERT INTO DayOfOperation (VehicleJourneyRef, StartDate, EndDate) VALUES ('96695', 1505001600, 1505087999);
INSERT INTO DayOfOperation (VehicleJourneyRef, StartDate, EndDate) VALUES ('96695', 1505606400, 1505692799);
INSERT INTO DayOfOperation (VehicleJourneyRef, StartDate, EndDate) VALUES ('96695', 1506211200, 1506297599);
INSERT INTO DayOfOperation (VehicleJourneyRef, StartDate, EndDate) VALUES ('96695', 1506816000, 1506902399);
INSERT INTO DayOfOperation (VehicleJourneyRef, StartDate, EndDate) VALUES ('96695', 1507420800, 1507507199);
INSERT INTO DayOfOperation (VehicleJourneyRef, StartDate, EndDate) VALUES ('96695', 1508025600, 1508111999);
INSERT INTO DayOfOperation (VehicleJourneyRef, StartDate, EndDate) VALUES ('96695', 1508630400, 1508716799);
INSERT INTO DayOfNonOperation (VehicleJourneyRef, StartDate, EndDate) VALUES ('96695', 1508716800, 2524607999);
INSERT INTO VehicleJourney (VehicleJourneyCode, ServiceRef, LineRef, JourneyPatternRef, OperatorRef, Monday, Tuesday, Wednesday, Thursday, Friday, Saturday, Sunday, DepatureHour, DepatureMinute, DepatureSecond, Note, NoteCode) VALUES ('96732', 'FSACM03', '0', 'JPS_FSACM03-4', 'CAL', 0, 0, 0, 0, 1, 0, 0, 20, 45, 0, '', '');
INSERT INTO DayOfNonOperation (VehicleJourneyRef, StartDate, EndDate) VALUES ('96732', 1508716800, 2524607999);
INSERT INTO VehicleJourney (VehicleJourneyCode, ServiceRef, LineRef, JourneyPatternRef, OperatorRef, Monday, Tuesday, Wednesday, Thursday, Friday, Saturday, Sunday, DepatureHour, DepatureMinute, DepatureSecond, Note, NoteCode) VALUES ('96733', 'FSACM03', '0', 'JPS_FSACM03-4', 'CAL', 1, 1, 1, 1, 1, 0, 0, 7, 15, 0, '', '');
INSERT INTO DayOfNonOperation (VehicleJourneyRef, StartDate, EndDate) VALUES ('96733', 1508716800, 2524607999);
INSERT INTO VehicleJourney (VehicleJourneyCode, ServiceRef, LineRef, JourneyPatternRef, OperatorRef, Monday, Tuesday, Wednesday, Thursday, Friday, Saturday, Sunday, DepatureHour, DepatureMinute, DepatureSecond, Note, NoteCode) VALUES ('96734', 'FSACM03', '0', 'JPS_FSACM03-4', 'CAL', 1, 1, 1, 1, 1, 0, 0, 7, 55, 0, '', '');
INSERT INTO DayOfNonOperation (VehicleJourneyRef, StartDate, EndDate) VALUES ('96734', 1508716800, 2524607999);
INSERT INTO VehicleJourney (VehicleJourneyCode, ServiceRef, LineRef, JourneyPatternRef, OperatorRef, Monday, Tuesday, Wednesday, Thursday, Friday, Saturday, Sunday, DepatureHour, DepatureMinute, DepatureSecond, Note, NoteCode) VALUES ('96735', 'FSACM03', '0', 'JPS_FSACM03-4', 'CAL', 1, 1, 1, 1, 1, 0, 0, 8, 45, 0, '', '');
INSERT INTO DayOfNonOperation (VehicleJourneyRef, StartDate, EndDate) VALUES ('96735', 1508716800, 2524607999);
INSERT INTO VehicleJourney (VehicleJourneyCode, ServiceRef, LineRef, JourneyPatternRef, OperatorRef, Monday, Tuesday, Wednesday, Thursday, Friday, Saturday, Sunday, DepatureHour, DepatureMinute, DepatureSecond, Note, NoteCode) VALUES ('96736', 'FSACM03', '0', 'JPS_FSACM03-4', 'CAL', 1, 1, 1, 1, 1, 0, 0, 9, 25, 0, '', '');
INSERT INTO DayOfNonOperation (VehicleJourneyRef, StartDate, EndDate) VALUES ('96736', 1508716800, 2524607999);
INSERT INTO VehicleJourney (VehicleJourneyCode, ServiceRef, LineRef, JourneyPatternRef, OperatorRef, Monday, Tuesday, Wednesday, Thursday, Friday, Saturday, Sunday, DepatureHour, DepatureMinute, DepatureSecond, Note, NoteCode) VALUES ('96737', 'FSACM03', '0', 'JPS_FSACM03-4', 'CAL', 1, 1, 1, 1, 1, 0, 0, 10, 15, 0, '', '');
INSERT INTO DayOfNonOperation (VehicleJourneyRef, StartDate, EndDate) VALUES ('96737', 1508716800, 2524607999);
INSERT INTO VehicleJourney (VehicleJourneyCode, ServiceRef, LineRef, JourneyPatternRef, OperatorRef, Monday, Tuesday, Wednesday, Thursday, Friday, Saturday, Sunday, DepatureHour, DepatureMinute, DepatureSecond, Note, NoteCode) VALUES ('96738', 'FSACM03', '0', 'JPS_FSACM03-4', 'CAL', 1, 1, 1, 1, 1, 0, 0, 11, 0, 0, '', '');
INSERT INTO DayOfNonOperation (VehicleJourneyRef, StartDate, EndDate) VALUES ('96738', 1508716800, 2524607999);
INSERT INTO VehicleJourney (VehicleJourneyCode, ServiceRef, LineRef, JourneyPatternRef, OperatorRef, Monday, Tuesday, Wednesday, Thursday, Friday, Saturday, Sunday, DepatureHour, DepatureMinute, DepatureSecond, Note, NoteCode) VALUES ('96739', 'FSACM03', '0', 'JPS_FSACM03-4', 'CAL', 1, 1, 1, 1, 1, 0, 0, 12, 0, 0, '', '');
INSERT INTO DayOfNonOperation (VehicleJourneyRef, StartDate, EndDate) VALUES ('96739', 1508716800, 2524607999);
INSERT INTO VehicleJourney (VehicleJourneyCode, ServiceRef, LineRef, JourneyPatternRef, OperatorRef, Monday, Tuesday, Wednesday, Thursday, Friday, Saturday, Sunday, DepatureHour, DepatureMinute, DepatureSecond, Note, NoteCode) VALUES ('96740', 'FSACM03', '0', 'JPS_FSACM03-4', 'CAL', 1, 1, 1, 1, 1, 0, 0, 13, 5, 0, '', '');
INSERT INTO DayOfNonOperation (VehicleJourneyRef, StartDate, EndDate) VALUES ('96740', 1508716800, 2524607999);
INSERT INTO VehicleJourney (VehicleJourneyCode, ServiceRef, LineRef, JourneyPatternRef, OperatorRef, Monday, Tuesday, Wednesday, Thursday, Friday, Saturday, Sunday, DepatureHour, DepatureMinute, DepatureSecond, Note, NoteCode) VALUES ('96741', 'FSACM03', '0', 'JPS_FSACM03-4', 'CAL', 1, 1, 1, 1, 1, 0, 0, 14, 5, 0, '', '');
INSERT INTO DayOfNonOperation (VehicleJourneyRef, StartDate, EndDate) VALUES ('96741', 1508716800, 2524607999);
INSERT INTO VehicleJourney (VehicleJourneyCode, ServiceRef, LineRef, JourneyPatternRef, OperatorRef, Monday, Tuesday, Wednesday, Thursday, Friday, Saturday, Sunday, DepatureHour, DepatureMinute, DepatureSecond, Note, NoteCode) VALUES ('96742', 'FSACM03', '0', 'JPS_FSACM03-4', 'CAL', 1, 1, 1, 1, 1, 0, 0, 15, 0, 0, '', '');
INSERT INTO DayOfNonOperation (VehicleJourneyRef, StartDate, EndDate) VALUES ('96742', 1508716800, 2524607999);
INSERT INTO VehicleJourney (VehicleJourneyCode, ServiceRef, LineRef, JourneyPatternRef, OperatorRef, Monday, Tuesday, Wednesday, Thursday, Friday, Saturday, Sunday, DepatureHour, DepatureMinute, DepatureSecond, Note, NoteCode) VALUES ('96743', 'FSACM03', '0', 'JPS_FSACM03-4', 'CAL', 1, 1, 1, 1, 1, 0, 0, 16, 0, 0, '', '');
INSERT INTO DayOfNonOperation (VehicleJourneyRef, StartDate, EndDate) VALUES ('96743', 1508716800, 2524607999);
INSERT INTO VehicleJourney (VehicleJourneyCode, ServiceRef, LineRef, JourneyPatternRef, OperatorRef, Monday, Tuesday, Wednesday, Thursday, Friday, Saturday, Sunday, DepatureHour, DepatureMinute, DepatureSecond, Note, NoteCode) VALUES ('96744', 'FSACM03', '0', 'JPS_FSACM03-4', 'CAL', 1, 1, 1, 1, 1, 0, 0, 16, 45, 0, '', '');
INSERT INTO DayOfNonOperation (VehicleJourneyRef, StartDate, EndDate) VALUES ('96744', 1508716800, 2524607999);
INSERT INTO VehicleJourney (VehicleJourneyCode, ServiceRef, LineRef, JourneyPatternRef, OperatorRef, Monday, Tuesday, Wednesday, Thursday, Friday, Saturday, Sunday, DepatureHour, DepatureMinute, DepatureSecond, Note, NoteCode) VALUES ('96745', 'FSACM03', '0', 'JPS_FSACM03-4', 'CAL', 1, 1, 1, 1, 1, 0, 0, 17, 30, 0, '', '');
INSERT INTO DayOfNonOperation (VehicleJourneyRef, StartDate, EndDate) VALUES ('96745', 1508716800, 2524607999);
INSERT INTO VehicleJourney (VehicleJourneyCode, ServiceRef, LineRef, JourneyPatternRef, OperatorRef, Monday, Tuesday, Wednesday, Thursday, Friday, Saturday, Sunday, DepatureHour, DepatureMinute, DepatureSecond, Note, NoteCode) VALUES ('96746', 'FSACM03', '0', 'JPS_FSACM03-4', 'CAL', 1, 1, 1, 1, 1, 0, 0, 18, 15, 0, '', '');
INSERT INTO DayOfNonOperation (VehicleJourneyRef, StartDate, EndDate) VALUES ('96746', 1508716800, 2524607999);
INSERT INTO VehicleJourney (VehicleJourneyCode, ServiceRef, LineRef, JourneyPatternRef, OperatorRef, Monday, Tuesday, Wednesday, Thursday, Friday, Saturday, Sunday, DepatureHour, DepatureMinute, DepatureSecond, Note, NoteCode) VALUES ('96747', 'FSACM03', '0', 'JPS_FSACM03-4', 'CAL', 1, 1, 1, 1, 1, 0, 0, 19, 0, 0, '', '');
INSERT INTO DayOfNonOperation (VehicleJourneyRef, StartDate, EndDate) VALUES ('96747', 1508716800, 2524607999);
INSERT INTO VehicleJourney (VehicleJourneyCode, ServiceRef, LineRef, JourneyPatternRef, OperatorRef, Monday, Tuesday, Wednesday, Thursday, Friday, Saturday, Sunday, DepatureHour, DepatureMinute, DepatureSecond, Note, NoteCode) VALUES ('96748', 'FSACM03', '0', 'JPS_FSACM03-4', 'CAL', 1, 1, 1, 1, 1, 0, 0, 19, 45, 0, '', '');
INSERT INTO DayOfNonOperation (VehicleJourneyRef, StartDate, EndDate) VALUES ('96748', 1508716800, 2524607999);
INSERT INTO VehicleJourney (VehicleJourneyCode, ServiceRef, LineRef, JourneyPatternRef, OperatorRef, Monday, Tuesday, Wednesday, Thursday, Friday, Saturday, Sunday, DepatureHour, DepatureMinute, DepatureSecond, Note, NoteCode) VALUES ('96765', 'FSACM03', '0', 'JPS_FSACM03-4', 'CAL', 0, 0, 0, 0, 0, 1, 0, 7, 55, 0, '', '');
INSERT INTO DayOfOperation (VehicleJourneyRef, StartDate, EndDate) VALUES ('96765', 1497657600, 1497743999);
INSERT INTO DayOfOperation (VehicleJourneyRef, StartDate, EndDate) VALUES ('96765', 1498262400, 1498348799);
INSERT INTO DayOfOperation (VehicleJourneyRef, StartDate, EndDate) VALUES ('96765', 1498867200, 1498953599);
INSERT INTO DayOfOperation (VehicleJourneyRef, StartDate, EndDate) VALUES ('96765', 1499472000, 1499558399);
INSERT INTO DayOfOperation (VehicleJourneyRef, StartDate, EndDate) VALUES ('96765', 1500076800, 1500163199);
INSERT INTO DayOfOperation (VehicleJourneyRef, StartDate, EndDate) VALUES ('96765', 1500681600, 1500767999);
INSERT INTO DayOfOperation (VehicleJourneyRef, StartDate, EndDate) VALUES ('96765', 1501286400, 1501372799);
INSERT INTO DayOfOperation (VehicleJourneyRef, StartDate, EndDate) VALUES ('96765', 1501891200, 1501977599);
INSERT INTO DayOfOperation (VehicleJourneyRef, StartDate, EndDate) VALUES ('96765', 1502496000, 1502582399);
INSERT INTO DayOfOperation (VehicleJourneyRef, StartDate, EndDate) VALUES ('96765', 1503100800, 1503187199);
INSERT INTO DayOfOperation (VehicleJourneyRef, StartDate, EndDate) VALUES ('96765', 1503705600, 1503791999);
INSERT INTO DayOfOperation (VehicleJourneyRef, StartDate, EndDate) VALUES ('96765', 1504310400, 1504396799);
INSERT INTO DayOfOperation (VehicleJourneyRef, StartDate, EndDate) VALUES ('96765', 1504915200, 1505001599);
INSERT INTO DayOfOperation (VehicleJourneyRef, StartDate, EndDate) VALUES ('96765', 1505520000, 1505606399);
INSERT INTO DayOfOperation (VehicleJourneyRef, StartDate, EndDate) VALUES ('96765', 1506124800, 1506211199);
INSERT INTO DayOfOperation (VehicleJourneyRef, StartDate, EndDate) VALUES ('96765', 1506729600, 1506815999);
INSERT INTO DayOfOperation (VehicleJourneyRef, StartDate, EndDate) VALUES ('96765', 1507334400, 1507420799);
INSERT INTO DayOfOperation (VehicleJourneyRef, StartDate, EndDate) VALUES ('96765', 1507939200, 1508025599);
INSERT INTO DayOfOperation (VehicleJourneyRef, StartDate, EndDate) VALUES ('96765', 1508544000, 1508630399);
INSERT INTO DayOfNonOperation (VehicleJourneyRef, StartDate, EndDate) VALUES ('96765', 1508716800, 2524607999);
INSERT INTO VehicleJourney (VehicleJourneyCode, ServiceRef, LineRef, JourneyPatternRef, OperatorRef, Monday, Tuesday, Wednesday, Thursday, Friday, Saturday, Sunday, DepatureHour, DepatureMinute, DepatureSecond, Note, NoteCode) VALUES ('96766', 'FSACM03', '0', 'JPS_FSACM03-4', 'CAL', 0, 0, 0, 0, 0, 1, 0, 8, 45, 0, '', '');
INSERT INTO DayOfOperation (VehicleJourneyRef, StartDate, EndDate) VALUES ('96766', 1497657600, 1497743999);
INSERT INTO DayOfOperation (VehicleJourneyRef, StartDate, EndDate) VALUES ('96766', 1498262400, 1498348799);
INSERT INTO DayOfOperation (VehicleJourneyRef, StartDate, EndDate) VALUES ('96766', 1498867200, 1498953599);
INSERT INTO DayOfOperation (VehicleJourneyRef, StartDate, EndDate) VALUES ('96766', 1499472000, 1499558399);
INSERT INTO DayOfOperation (VehicleJourneyRef, StartDate, EndDate) VALUES ('96766', 1500076800, 1500163199);
INSERT INTO DayOfOperation (VehicleJourneyRef, StartDate, EndDate) VALUES ('96766', 1500681600, 1500767999);
INSERT INTO DayOfOperation (VehicleJourneyRef, StartDate, EndDate) VALUES ('96766', 1501286400, 1501372799);
INSERT INTO DayOfOperation (VehicleJourneyRef, StartDate, EndDate) VALUES ('96766', 1501891200, 1501977599);
INSERT INTO DayOfOperation (VehicleJourneyRef, StartDate, EndDate) VALUES ('96766', 1502496000, 1502582399);
INSERT INTO DayOfOperation (VehicleJourneyRef, StartDate, EndDate) VALUES ('96766', 1503100800, 1503187199);
INSERT INTO DayOfOperation (VehicleJourneyRef, StartDate, EndDate) VALUES ('96766', 1503705600, 1503791999);
INSERT INTO DayOfOperation (VehicleJourneyRef, StartDate, EndDate) VALUES ('96766', 1504310400, 1504396799);
INSERT INTO DayOfOperation (VehicleJourneyRef, StartDate, EndDate) VALUES ('96766', 1504915200, 1505001599);
INSERT INTO DayOfOperation (VehicleJourneyRef, StartDate, EndDate) VALUES ('96766', 1505520000, 1505606399);
INSERT INTO DayOfOperation (VehicleJourneyRef, StartDate, EndDate) VALUES ('96766', 1506124800, 1506211199);
INSERT INTO DayOfOperation (VehicleJourneyRef, StartDate, EndDate) VALUES ('96766', 1506729600, 1506815999);
INSERT INTO DayOfOperation (VehicleJourneyRef, StartDate, EndDate) VALUES ('96766', 1507334400, 1507420799);
INSERT INTO DayOfOperation (VehicleJourneyRef, StartDate, EndDate) VALUES ('96766', 1507939200, 1508025599);
INSERT INTO DayOfOperation (VehicleJourneyRef, StartDate, EndDate) VALUES ('96766', 1508544000, 1508630399);
INSERT INTO DayOfNonOperation (VehicleJourneyRef, StartDate, EndDate) VALUES ('96766', 1508716800, 2524607999);
INSERT INTO VehicleJourney (VehicleJourneyCode, ServiceRef, LineRef, JourneyPatternRef, OperatorRef, Monday, Tuesday, Wednesday, Thursday, Friday, Saturday, Sunday, DepatureHour, DepatureMinute, DepatureSecond, Note, NoteCode) VALUES ('96767', 'FSACM03', '0', 'JPS_FSACM03-4', 'CAL', 0, 0, 0, 0, 0, 1, 0, 9, 25, 0, '', '');
INSERT INTO DayOfOperation (VehicleJourneyRef, StartDate, EndDate) VALUES ('96767', 1497657600, 1497743999);
INSERT INTO DayOfOperation (VehicleJourneyRef, StartDate, EndDate) VALUES ('96767', 1498262400, 1498348799);
INSERT INTO DayOfOperation (VehicleJourneyRef, StartDate, EndDate) VALUES ('96767', 1498867200, 1498953599);
INSERT INTO DayOfOperation (VehicleJourneyRef, StartDate, EndDate) VALUES ('96767', 1499472000, 1499558399);
INSERT INTO DayOfOperation (VehicleJourneyRef, StartDate, EndDate) VALUES ('96767', 1500076800, 1500163199);
INSERT INTO DayOfOperation (VehicleJourneyRef, StartDate, EndDate) VALUES ('96767', 1500681600, 1500767999);
INSERT INTO DayOfOperation (VehicleJourneyRef, StartDate, EndDate) VALUES ('96767', 1501286400, 1501372799);
INSERT INTO DayOfOperation (VehicleJourneyRef, StartDate, EndDate) VALUES ('96767', 1501891200, 1501977599);
INSERT INTO DayOfOperation (VehicleJourneyRef, StartDate, EndDate) VALUES ('96767', 1502496000, 1502582399);
INSERT INTO DayOfOperation (VehicleJourneyRef, StartDate, EndDate) VALUES ('96767', 1503100800, 1503187199);
INSERT INTO DayOfOperation (VehicleJourneyRef, StartDate, EndDate) VALUES ('96767', 1503705600, 1503791999);
INSERT INTO DayOfOperation (VehicleJourneyRef, StartDate, EndDate) VALUES ('96767', 1504310400, 1504396799);
INSERT INTO DayOfOperation (VehicleJourneyRef, StartDate, EndDate) VALUES ('96767', 1504915200, 1505001599);
INSERT INTO DayOfOperation (VehicleJourneyRef, StartDate, EndDate) VALUES ('96767', 1505520000, 1505606399);
INSERT INTO DayOfOperation (VehicleJourneyRef, StartDate, EndDate) VALUES ('96767', 1506124800, 1506211199);
INSERT INTO DayOfOperation (VehicleJourneyRef, StartDate, EndDate) VALUES ('96767', 1506729600, 1506815999);
INSERT INTO DayOfOperation (VehicleJourneyRef, StartDate, EndDate) VALUES ('96767', 1507334400, 1507420799);
INSERT INTO DayOfOperation (VehicleJourneyRef, StartDate, EndDate) VALUES ('96767', 1507939200, 1508025599);
INSERT INTO DayOfOperation (VehicleJourneyRef, StartDate, EndDate) VALUES ('96767', 1508544000, 1508630399);
INSERT INTO DayOfNonOperation (VehicleJourneyRef, StartDate, EndDate) VALUES ('96767', 1508716800, 2524607999);
INSERT INTO VehicleJourney (VehicleJourneyCode, ServiceRef, LineRef, JourneyPatternRef, OperatorRef, Monday, Tuesday, Wednesday, Thursday, Friday, Saturday, Sunday, DepatureHour, DepatureMinute, DepatureSecond, Note, NoteCode) VALUES ('96768', 'FSACM03', '0', 'JPS_FSACM03-4', 'CAL', 0, 0, 0, 0, 0, 1, 0, 10, 15, 0, '', '');
INSERT INTO DayOfOperation (VehicleJourneyRef, StartDate, EndDate) VALUES ('96768', 1497657600, 1497743999);
INSERT INTO DayOfOperation (VehicleJourneyRef, StartDate, EndDate) VALUES ('96768', 1498262400, 1498348799);
INSERT INTO DayOfOperation (VehicleJourneyRef, StartDate, EndDate) VALUES ('96768', 1498867200, 1498953599);
INSERT INTO DayOfOperation (VehicleJourneyRef, StartDate, EndDate) VALUES ('96768', 1499472000, 1499558399);
INSERT INTO DayOfOperation (VehicleJourneyRef, StartDate, EndDate) VALUES ('96768', 1500076800, 1500163199);
INSERT INTO DayOfOperation (VehicleJourneyRef, StartDate, EndDate) VALUES ('96768', 1500681600, 1500767999);
INSERT INTO DayOfOperation (VehicleJourneyRef, StartDate, EndDate) VALUES ('96768', 1501286400, 1501372799);
INSERT INTO DayOfOperation (VehicleJourneyRef, StartDate, EndDate) VALUES ('96768', 1501891200, 1501977599);
INSERT INTO DayOfOperation (VehicleJourneyRef, StartDate, EndDate) VALUES ('96768', 1502496000, 1502582399);
INSERT INTO DayOfOperation (VehicleJourneyRef, StartDate, EndDate) VALUES ('96768', 1503100800, 1503187199);
INSERT INTO DayOfOperation (VehicleJourneyRef, StartDate, EndDate) VALUES ('96768', 1503705600, 1503791999);
INSERT INTO DayOfOperation (VehicleJourneyRef, StartDate, EndDate) VALUES ('96768', 1504310400, 1504396799);
INSERT INTO DayOfOperation (VehicleJourneyRef, StartDate, EndDate) VALUES ('96768', 1504915200, 1505001599);
INSERT INTO DayOfOperation (VehicleJourneyRef, StartDate, EndDate) VALUES ('96768', 1505520000, 1505606399);
INSERT INTO DayOfOperation (VehicleJourneyRef, StartDate, EndDate) VALUES ('96768', 1506124800, 1506211199);
INSERT INTO DayOfOperation (VehicleJourneyRef, StartDate, EndDate) VALUES ('96768', 1506729600, 1506815999);
INSERT INTO DayOfOperation (VehicleJourneyRef, StartDate, EndDate) VALUES ('96768', 1507334400, 1507420799);
INSERT INTO DayOfOperation (VehicleJourneyRef, StartDate, EndDate) VALUES ('96768', 1507939200, 1508025599);
INSERT INTO DayOfOperation (VehicleJourneyRef, StartDate, EndDate) VALUES ('96768', 1508544000, 1508630399);
INSERT INTO DayOfNonOperation (VehicleJourneyRef, StartDate, EndDate) VALUES ('96768', 1508716800, 2524607999);
INSERT INTO VehicleJourney (VehicleJourneyCode, ServiceRef, LineRef, JourneyPatternRef, OperatorRef, Monday, Tuesday, Wednesday, Thursday, Friday, Saturday, Sunday, DepatureHour, DepatureMinute, DepatureSecond, Note, NoteCode) VALUES ('96769', 'FSACM03', '0', 'JPS_FSACM03-4', 'CAL', 0, 0, 0, 0, 0, 1, 0, 11, 0, 0, '', '');
INSERT INTO DayOfOperation (VehicleJourneyRef, StartDate, EndDate) VALUES ('96769', 1497657600, 1497743999);
INSERT INTO DayOfOperation (VehicleJourneyRef, StartDate, EndDate) VALUES ('96769', 1498262400, 1498348799);
INSERT INTO DayOfOperation (VehicleJourneyRef, StartDate, EndDate) VALUES ('96769', 1498867200, 1498953599);
INSERT INTO DayOfOperation (VehicleJourneyRef, StartDate, EndDate) VALUES ('96769', 1499472000, 1499558399);
INSERT INTO DayOfOperation (VehicleJourneyRef, StartDate, EndDate) VALUES ('96769', 1500076800, 1500163199);
INSERT INTO DayOfOperation (VehicleJourneyRef, StartDate, EndDate) VALUES ('96769', 1500681600, 1500767999);
INSERT INTO DayOfOperation (VehicleJourneyRef, StartDate, EndDate) VALUES ('96769', 1501286400, 1501372799);
INSERT INTO DayOfOperation (VehicleJourneyRef, StartDate, EndDate) VALUES ('96769', 1501891200, 1501977599);
INSERT INTO DayOfOperation (VehicleJourneyRef, StartDate, EndDate) VALUES ('96769', 1502496000, 1502582399);
INSERT INTO DayOfOperation (VehicleJourneyRef, StartDate, EndDate) VALUES ('96769', 1503100800, 1503187199);
INSERT INTO DayOfOperation (VehicleJourneyRef, StartDate, EndDate) VALUES ('96769', 1503705600, 1503791999);
INSERT INTO DayOfOperation (VehicleJourneyRef, StartDate, EndDate) VALUES ('96769', 1504310400, 1504396799);
INSERT INTO DayOfOperation (VehicleJourneyRef, StartDate, EndDate) VALUES ('96769', 1504915200, 1505001599);
INSERT INTO DayOfOperation (VehicleJourneyRef, StartDate, EndDate) VALUES ('96769', 1505520000, 1505606399);
INSERT INTO DayOfOperation (VehicleJourneyRef, StartDate, EndDate) VALUES ('96769', 1506124800, 1506211199);
INSERT INTO DayOfOperation (VehicleJourneyRef, StartDate, EndDate) VALUES ('96769', 1506729600, 1506815999);
INSERT INTO DayOfOperation (VehicleJourneyRef, StartDate, EndDate) VALUES ('96769', 1507334400, 1507420799);
INSERT INTO DayOfOperation (VehicleJourneyRef, StartDate, EndDate) VALUES ('96769', 1507939200, 1508025599);
INSERT INTO DayOfOperation (VehicleJourneyRef, StartDate, EndDate) VALUES ('96769', 1508544000, 1508630399);
INSERT INTO DayOfNonOperation (VehicleJourneyRef, StartDate, EndDate) VALUES ('96769', 1508716800, 2524607999);
INSERT INTO VehicleJourney (VehicleJourneyCode, ServiceRef, LineRef, JourneyPatternRef, OperatorRef, Monday, Tuesday, Wednesday, Thursday, Friday, Saturday, Sunday, DepatureHour, DepatureMinute, DepatureSecond, Note, NoteCode) VALUES ('96770', 'FSACM03', '0', 'JPS_FSACM03-4', 'CAL', 0, 0, 0, 0, 0, 1, 0, 12, 0, 0, '', '');
INSERT INTO DayOfOperation (VehicleJourneyRef, StartDate, EndDate) VALUES ('96770', 1497657600, 1497743999);
INSERT INTO DayOfOperation (VehicleJourneyRef, StartDate, EndDate) VALUES ('96770', 1498262400, 1498348799);
INSERT INTO DayOfOperation (VehicleJourneyRef, StartDate, EndDate) VALUES ('96770', 1498867200, 1498953599);
INSERT INTO DayOfOperation (VehicleJourneyRef, StartDate, EndDate) VALUES ('96770', 1499472000, 1499558399);
INSERT INTO DayOfOperation (VehicleJourneyRef, StartDate, EndDate) VALUES ('96770', 1500076800, 1500163199);
INSERT INTO DayOfOperation (VehicleJourneyRef, StartDate, EndDate) VALUES ('96770', 1500681600, 1500767999);
INSERT INTO DayOfOperation (VehicleJourneyRef, StartDate, EndDate) VALUES ('96770', 1501286400, 1501372799);
INSERT INTO DayOfOperation (VehicleJourneyRef, StartDate, EndDate) VALUES ('96770', 1501891200, 1501977599);
INSERT INTO DayOfOperation (VehicleJourneyRef, StartDate, EndDate) VALUES ('96770', 1502496000, 1502582399);
INSERT INTO DayOfOperation (VehicleJourneyRef, StartDate, EndDate) VALUES ('96770', 1503100800, 1503187199);
INSERT INTO DayOfOperation (VehicleJourneyRef, StartDate, EndDate) VALUES ('96770', 1503705600, 1503791999);
INSERT INTO DayOfOperation (VehicleJourneyRef, StartDate, EndDate) VALUES ('96770', 1504310400, 1504396799);
INSERT INTO DayOfOperation (VehicleJourneyRef, StartDate, EndDate) VALUES ('96770', 1504915200, 1505001599);
INSERT INTO DayOfOperation (VehicleJourneyRef, StartDate, EndDate) VALUES ('96770', 1505520000, 1505606399);
INSERT INTO DayOfOperation (VehicleJourneyRef, StartDate, EndDate) VALUES ('96770', 1506124800, 1506211199);
INSERT INTO DayOfOperation (VehicleJourneyRef, StartDate, EndDate) VALUES ('96770', 1506729600, 1506815999);
INSERT INTO DayOfOperation (VehicleJourneyRef, StartDate, EndDate) VALUES ('96770', 1507334400, 1507420799);
INSERT INTO DayOfOperation (VehicleJourneyRef, StartDate, EndDate) VALUES ('96770', 1507939200, 1508025599);
INSERT INTO DayOfOperation (VehicleJourneyRef, StartDate, EndDate) VALUES ('96770', 1508544000, 1508630399);
INSERT INTO DayOfNonOperation (VehicleJourneyRef, StartDate, EndDate) VALUES ('96770', 1508716800, 2524607999);
INSERT INTO VehicleJourney (VehicleJourneyCode, ServiceRef, LineRef, JourneyPatternRef, OperatorRef, Monday, Tuesday, Wednesday, Thursday, Friday, Saturday, Sunday, DepatureHour, DepatureMinute, DepatureSecond, Note, NoteCode) VALUES ('96771', 'FSACM03', '0', 'JPS_FSACM03-4', 'CAL', 0, 0, 0, 0, 0, 1, 0, 13, 5, 0, '', '');
INSERT INTO DayOfOperation (VehicleJourneyRef, StartDate, EndDate) VALUES ('96771', 1497657600, 1497743999);
INSERT INTO DayOfOperation (VehicleJourneyRef, StartDate, EndDate) VALUES ('96771', 1498262400, 1498348799);
INSERT INTO DayOfOperation (VehicleJourneyRef, StartDate, EndDate) VALUES ('96771', 1498867200, 1498953599);
INSERT INTO DayOfOperation (VehicleJourneyRef, StartDate, EndDate) VALUES ('96771', 1499472000, 1499558399);
INSERT INTO DayOfOperation (VehicleJourneyRef, StartDate, EndDate) VALUES ('96771', 1500076800, 1500163199);
INSERT INTO DayOfOperation (VehicleJourneyRef, StartDate, EndDate) VALUES ('96771', 1500681600, 1500767999);
INSERT INTO DayOfOperation (VehicleJourneyRef, StartDate, EndDate) VALUES ('96771', 1501286400, 1501372799);
INSERT INTO DayOfOperation (VehicleJourneyRef, StartDate, EndDate) VALUES ('96771', 1501891200, 1501977599);
INSERT INTO DayOfOperation (VehicleJourneyRef, StartDate, EndDate) VALUES ('96771', 1502496000, 1502582399);
INSERT INTO DayOfOperation (VehicleJourneyRef, StartDate, EndDate) VALUES ('96771', 1503100800, 1503187199);
INSERT INTO DayOfOperation (VehicleJourneyRef, StartDate, EndDate) VALUES ('96771', 1503705600, 1503791999);
INSERT INTO DayOfOperation (VehicleJourneyRef, StartDate, EndDate) VALUES ('96771', 1504310400, 1504396799);
INSERT INTO DayOfOperation (VehicleJourneyRef, StartDate, EndDate) VALUES ('96771', 1504915200, 1505001599);
INSERT INTO DayOfOperation (VehicleJourneyRef, StartDate, EndDate) VALUES ('96771', 1505520000, 1505606399);
INSERT INTO DayOfOperation (VehicleJourneyRef, StartDate, EndDate) VALUES ('96771', 1506124800, 1506211199);
INSERT INTO DayOfOperation (VehicleJourneyRef, StartDate, EndDate) VALUES ('96771', 1506729600, 1506815999);
INSERT INTO DayOfOperation (VehicleJourneyRef, StartDate, EndDate) VALUES ('96771', 1507334400, 1507420799);
INSERT INTO DayOfOperation (VehicleJourneyRef, StartDate, EndDate) VALUES ('96771', 1507939200, 1508025599);
INSERT INTO DayOfOperation (VehicleJourneyRef, StartDate, EndDate) VALUES ('96771', 1508544000, 1508630399);
INSERT INTO DayOfNonOperation (VehicleJourneyRef, StartDate, EndDate) VALUES ('96771', 1508716800, 2524607999);
INSERT INTO VehicleJourney (VehicleJourneyCode, ServiceRef, LineRef, JourneyPatternRef, OperatorRef, Monday, Tuesday, Wednesday, Thursday, Friday, Saturday, Sunday, DepatureHour, DepatureMinute, DepatureSecond, Note, NoteCode) VALUES ('96772', 'FSACM03', '0', 'JPS_FSACM03-4', 'CAL', 0, 0, 0, 0, 0, 1, 0, 14, 5, 0, '', '');
INSERT INTO DayOfOperation (VehicleJourneyRef, StartDate, EndDate) VALUES ('96772', 1497657600, 1497743999);
INSERT INTO DayOfOperation (VehicleJourneyRef, StartDate, EndDate) VALUES ('96772', 1498262400, 1498348799);
INSERT INTO DayOfOperation (VehicleJourneyRef, StartDate, EndDate) VALUES ('96772', 1498867200, 1498953599);
INSERT INTO DayOfOperation (VehicleJourneyRef, StartDate, EndDate) VALUES ('96772', 1499472000, 1499558399);
INSERT INTO DayOfOperation (VehicleJourneyRef, StartDate, EndDate) VALUES ('96772', 1500076800, 1500163199);
INSERT INTO DayOfOperation (VehicleJourneyRef, StartDate, EndDate) VALUES ('96772', 1500681600, 1500767999);
INSERT INTO DayOfOperation (VehicleJourneyRef, StartDate, EndDate) VALUES ('96772', 1501286400, 1501372799);
INSERT INTO DayOfOperation (VehicleJourneyRef, StartDate, EndDate) VALUES ('96772', 1501891200, 1501977599);
INSERT INTO DayOfOperation (VehicleJourneyRef, StartDate, EndDate) VALUES ('96772', 1502496000, 1502582399);
INSERT INTO DayOfOperation (VehicleJourneyRef, StartDate, EndDate) VALUES ('96772', 1503100800, 1503187199);
INSERT INTO DayOfOperation (VehicleJourneyRef, StartDate, EndDate) VALUES ('96772', 1503705600, 1503791999);
INSERT INTO DayOfOperation (VehicleJourneyRef, StartDate, EndDate) VALUES ('96772', 1504310400, 1504396799);
INSERT INTO DayOfOperation (VehicleJourneyRef, StartDate, EndDate) VALUES ('96772', 1504915200, 1505001599);
INSERT INTO DayOfOperation (VehicleJourneyRef, StartDate, EndDate) VALUES ('96772', 1505520000, 1505606399);
INSERT INTO DayOfOperation (VehicleJourneyRef, StartDate, EndDate) VALUES ('96772', 1506124800, 1506211199);
INSERT INTO DayOfOperation (VehicleJourneyRef, StartDate, EndDate) VALUES ('96772', 1506729600, 1506815999);
INSERT INTO DayOfOperation (VehicleJourneyRef, StartDate, EndDate) VALUES ('96772', 1507334400, 1507420799);
INSERT INTO DayOfOperation (VehicleJourneyRef, StartDate, EndDate) VALUES ('96772', 1507939200, 1508025599);
INSERT INTO DayOfOperation (VehicleJourneyRef, StartDate, EndDate) VALUES ('96772', 1508544000, 1508630399);
INSERT INTO DayOfNonOperation (VehicleJourneyRef, StartDate, EndDate) VALUES ('96772', 1508716800, 2524607999);
INSERT INTO VehicleJourney (VehicleJourneyCode, ServiceRef, LineRef, JourneyPatternRef, OperatorRef, Monday, Tuesday, Wednesday, Thursday, Friday, Saturday, Sunday, DepatureHour, DepatureMinute, DepatureSecond, Note, NoteCode) VALUES ('96773', 'FSACM03', '0', 'JPS_FSACM03-4', 'CAL', 0, 0, 0, 0, 0, 1, 0, 15, 0, 0, '', '');
INSERT INTO DayOfOperation (VehicleJourneyRef, StartDate, EndDate) VALUES ('96773', 1497657600, 1497743999);
INSERT INTO DayOfOperation (VehicleJourneyRef, StartDate, EndDate) VALUES ('96773', 1498262400, 1498348799);
INSERT INTO DayOfOperation (VehicleJourneyRef, StartDate, EndDate) VALUES ('96773', 1498867200, 1498953599);
INSERT INTO DayOfOperation (VehicleJourneyRef, StartDate, EndDate) VALUES ('96773', 1499472000, 1499558399);
INSERT INTO DayOfOperation (VehicleJourneyRef, StartDate, EndDate) VALUES ('96773', 1500076800, 1500163199);
INSERT INTO DayOfOperation (VehicleJourneyRef, StartDate, EndDate) VALUES ('96773', 1500681600, 1500767999);
INSERT INTO DayOfOperation (VehicleJourneyRef, StartDate, EndDate) VALUES ('96773', 1501286400, 1501372799);
INSERT INTO DayOfOperation (VehicleJourneyRef, StartDate, EndDate) VALUES ('96773', 1501891200, 1501977599);
INSERT INTO DayOfOperation (VehicleJourneyRef, StartDate, EndDate) VALUES ('96773', 1502496000, 1502582399);
INSERT INTO DayOfOperation (VehicleJourneyRef, StartDate, EndDate) VALUES ('96773', 1503100800, 1503187199);
INSERT INTO DayOfOperation (VehicleJourneyRef, StartDate, EndDate) VALUES ('96773', 1503705600, 1503791999);
INSERT INTO DayOfOperation (VehicleJourneyRef, StartDate, EndDate) VALUES ('96773', 1504310400, 1504396799);
INSERT INTO DayOfOperation (VehicleJourneyRef, StartDate, EndDate) VALUES ('96773', 1504915200, 1505001599);
INSERT INTO DayOfOperation (VehicleJourneyRef, StartDate, EndDate) VALUES ('96773', 1505520000, 1505606399);
INSERT INTO DayOfOperation (VehicleJourneyRef, StartDate, EndDate) VALUES ('96773', 1506124800, 1506211199);
INSERT INTO DayOfOperation (VehicleJourneyRef, StartDate, EndDate) VALUES ('96773', 1506729600, 1506815999);
INSERT INTO DayOfOperation (VehicleJourneyRef, StartDate, EndDate) VALUES ('96773', 1507334400, 1507420799);
INSERT INTO DayOfOperation (VehicleJourneyRef, StartDate, EndDate) VALUES ('96773', 1507939200, 1508025599);
INSERT INTO DayOfOperation (VehicleJourneyRef, StartDate, EndDate) VALUES ('96773', 1508544000, 1508630399);
INSERT INTO DayOfNonOperation (VehicleJourneyRef, StartDate, EndDate) VALUES ('96773', 1508716800, 2524607999);
INSERT INTO VehicleJourney (VehicleJourneyCode, ServiceRef, LineRef, JourneyPatternRef, OperatorRef, Monday, Tuesday, Wednesday, Thursday, Friday, Saturday, Sunday, DepatureHour, DepatureMinute, DepatureSecond, Note, NoteCode) VALUES ('96774', 'FSACM03', '0', 'JPS_FSACM03-4', 'CAL', 0, 0, 0, 0, 0, 1, 0, 16, 0, 0, '', '');
INSERT INTO DayOfOperation (VehicleJourneyRef, StartDate, EndDate) VALUES ('96774', 1497657600, 1497743999);
INSERT INTO DayOfOperation (VehicleJourneyRef, StartDate, EndDate) VALUES ('96774', 1498262400, 1498348799);
INSERT INTO DayOfOperation (VehicleJourneyRef, StartDate, EndDate) VALUES ('96774', 1498867200, 1498953599);
INSERT INTO DayOfOperation (VehicleJourneyRef, StartDate, EndDate) VALUES ('96774', 1499472000, 1499558399);
INSERT INTO DayOfOperation (VehicleJourneyRef, StartDate, EndDate) VALUES ('96774', 1500076800, 1500163199);
INSERT INTO DayOfOperation (VehicleJourneyRef, StartDate, EndDate) VALUES ('96774', 1500681600, 1500767999);
INSERT INTO DayOfOperation (VehicleJourneyRef, StartDate, EndDate) VALUES ('96774', 1501286400, 1501372799);
INSERT INTO DayOfOperation (VehicleJourneyRef, StartDate, EndDate) VALUES ('96774', 1501891200, 1501977599);
INSERT INTO DayOfOperation (VehicleJourneyRef, StartDate, EndDate) VALUES ('96774', 1502496000, 1502582399);
INSERT INTO DayOfOperation (VehicleJourneyRef, StartDate, EndDate) VALUES ('96774', 1503100800, 1503187199);
INSERT INTO DayOfOperation (VehicleJourneyRef, StartDate, EndDate) VALUES ('96774', 1503705600, 1503791999);
INSERT INTO DayOfOperation (VehicleJourneyRef, StartDate, EndDate) VALUES ('96774', 1504310400, 1504396799);
INSERT INTO DayOfOperation (VehicleJourneyRef, StartDate, EndDate) VALUES ('96774', 1504915200, 1505001599);
INSERT INTO DayOfOperation (VehicleJourneyRef, StartDate, EndDate) VALUES ('96774', 1505520000, 1505606399);
INSERT INTO DayOfOperation (VehicleJourneyRef, StartDate, EndDate) VALUES ('96774', 1506124800, 1506211199);
INSERT INTO DayOfOperation (VehicleJourneyRef, StartDate, EndDate) VALUES ('96774', 1506729600, 1506815999);
INSERT INTO DayOfOperation (VehicleJourneyRef, StartDate, EndDate) VALUES ('96774', 1507334400, 1507420799);
INSERT INTO DayOfOperation (VehicleJourneyRef, StartDate, EndDate) VALUES ('96774', 1507939200, 1508025599);
INSERT INTO DayOfOperation (VehicleJourneyRef, StartDate, EndDate) VALUES ('96774', 1508544000, 1508630399);
INSERT INTO DayOfNonOperation (VehicleJourneyRef, StartDate, EndDate) VALUES ('96774', 1508716800, 2524607999);
INSERT INTO VehicleJourney (VehicleJourneyCode, ServiceRef, LineRef, JourneyPatternRef, OperatorRef, Monday, Tuesday, Wednesday, Thursday, Friday, Saturday, Sunday, DepatureHour, DepatureMinute, DepatureSecond, Note, NoteCode) VALUES ('96775', 'FSACM03', '0', 'JPS_FSACM03-4', 'CAL', 0, 0, 0, 0, 0, 1, 0, 16, 45, 0, '', '');
INSERT INTO DayOfOperation (VehicleJourneyRef, StartDate, EndDate) VALUES ('96775', 1497657600, 1497743999);
INSERT INTO DayOfOperation (VehicleJourneyRef, StartDate, EndDate) VALUES ('96775', 1498262400, 1498348799);
INSERT INTO DayOfOperation (VehicleJourneyRef, StartDate, EndDate) VALUES ('96775', 1498867200, 1498953599);
INSERT INTO DayOfOperation (VehicleJourneyRef, StartDate, EndDate) VALUES ('96775', 1499472000, 1499558399);
INSERT INTO DayOfOperation (VehicleJourneyRef, StartDate, EndDate) VALUES ('96775', 1500076800, 1500163199);
INSERT INTO DayOfOperation (VehicleJourneyRef, StartDate, EndDate) VALUES ('96775', 1500681600, 1500767999);
INSERT INTO DayOfOperation (VehicleJourneyRef, StartDate, EndDate) VALUES ('96775', 1501286400, 1501372799);
INSERT INTO DayOfOperation (VehicleJourneyRef, StartDate, EndDate) VALUES ('96775', 1501891200, 1501977599);
INSERT INTO DayOfOperation (VehicleJourneyRef, StartDate, EndDate) VALUES ('96775', 1502496000, 1502582399);
INSERT INTO DayOfOperation (VehicleJourneyRef, StartDate, EndDate) VALUES ('96775', 1503100800, 1503187199);
INSERT INTO DayOfOperation (VehicleJourneyRef, StartDate, EndDate) VALUES ('96775', 1503705600, 1503791999);
INSERT INTO DayOfOperation (VehicleJourneyRef, StartDate, EndDate) VALUES ('96775', 1504310400, 1504396799);
INSERT INTO DayOfOperation (VehicleJourneyRef, StartDate, EndDate) VALUES ('96775', 1504915200, 1505001599);
INSERT INTO DayOfOperation (VehicleJourneyRef, StartDate, EndDate) VALUES ('96775', 1505520000, 1505606399);
INSERT INTO DayOfOperation (VehicleJourneyRef, StartDate, EndDate) VALUES ('96775', 1506124800, 1506211199);
INSERT INTO DayOfOperation (VehicleJourneyRef, StartDate, EndDate) VALUES ('96775', 1506729600, 1506815999);
INSERT INTO DayOfOperation (VehicleJourneyRef, StartDate, EndDate) VALUES ('96775', 1507334400, 1507420799);
INSERT INTO DayOfOperation (VehicleJourneyRef, StartDate, EndDate) VALUES ('96775', 1507939200, 1508025599);
INSERT INTO DayOfOperation (VehicleJourneyRef, StartDate, EndDate) VALUES ('96775', 1508544000, 1508630399);
INSERT INTO DayOfNonOperation (VehicleJourneyRef, StartDate, EndDate) VALUES ('96775', 1508716800, 2524607999);
INSERT INTO VehicleJourney (VehicleJourneyCode, ServiceRef, LineRef, JourneyPatternRef, OperatorRef, Monday, Tuesday, Wednesday, Thursday, Friday, Saturday, Sunday, DepatureHour, DepatureMinute, DepatureSecond, Note, NoteCode) VALUES ('96776', 'FSACM03', '0', 'JPS_FSACM03-4', 'CAL', 0, 0, 0, 0, 0, 1, 0, 17, 30, 0, '', '');
INSERT INTO DayOfOperation (VehicleJourneyRef, StartDate, EndDate) VALUES ('96776', 1497657600, 1497743999);
INSERT INTO DayOfOperation (VehicleJourneyRef, StartDate, EndDate) VALUES ('96776', 1498262400, 1498348799);
INSERT INTO DayOfOperation (VehicleJourneyRef, StartDate, EndDate) VALUES ('96776', 1498867200, 1498953599);
INSERT INTO DayOfOperation (VehicleJourneyRef, StartDate, EndDate) VALUES ('96776', 1499472000, 1499558399);
INSERT INTO DayOfOperation (VehicleJourneyRef, StartDate, EndDate) VALUES ('96776', 1500076800, 1500163199);
INSERT INTO DayOfOperation (VehicleJourneyRef, StartDate, EndDate) VALUES ('96776', 1500681600, 1500767999);
INSERT INTO DayOfOperation (VehicleJourneyRef, StartDate, EndDate) VALUES ('96776', 1501286400, 1501372799);
INSERT INTO DayOfOperation (VehicleJourneyRef, StartDate, EndDate) VALUES ('96776', 1501891200, 1501977599);
INSERT INTO DayOfOperation (VehicleJourneyRef, StartDate, EndDate) VALUES ('96776', 1502496000, 1502582399);
INSERT INTO DayOfOperation (VehicleJourneyRef, StartDate, EndDate) VALUES ('96776', 1503100800, 1503187199);
INSERT INTO DayOfOperation (VehicleJourneyRef, StartDate, EndDate) VALUES ('96776', 1503705600, 1503791999);
INSERT INTO DayOfOperation (VehicleJourneyRef, StartDate, EndDate) VALUES ('96776', 1504310400, 1504396799);
INSERT INTO DayOfOperation (VehicleJourneyRef, StartDate, EndDate) VALUES ('96776', 1504915200, 1505001599);
INSERT INTO DayOfOperation (VehicleJourneyRef, StartDate, EndDate) VALUES ('96776', 1505520000, 1505606399);
INSERT INTO DayOfOperation (VehicleJourneyRef, StartDate, EndDate) VALUES ('96776', 1506124800, 1506211199);
INSERT INTO DayOfOperation (VehicleJourneyRef, StartDate, EndDate) VALUES ('96776', 1506729600, 1506815999);
INSERT INTO DayOfOperation (VehicleJourneyRef, StartDate, EndDate) VALUES ('96776', 1507334400, 1507420799);
INSERT INTO DayOfOperation (VehicleJourneyRef, StartDate, EndDate) VALUES ('96776', 1507939200, 1508025599);
INSERT INTO DayOfOperation (VehicleJourneyRef, StartDate, EndDate) VALUES ('96776', 1508544000, 1508630399);
INSERT INTO DayOfNonOperation (VehicleJourneyRef, StartDate, EndDate) VALUES ('96776', 1508716800, 2524607999);
INSERT INTO VehicleJourney (VehicleJourneyCode, ServiceRef, LineRef, JourneyPatternRef, OperatorRef, Monday, Tuesday, Wednesday, Thursday, Friday, Saturday, Sunday, DepatureHour, DepatureMinute, DepatureSecond, Note, NoteCode) VALUES ('96777', 'FSACM03', '0', 'JPS_FSACM03-4', 'CAL', 0, 0, 0, 0, 0, 1, 0, 18, 15, 0, '', '');
INSERT INTO DayOfOperation (VehicleJourneyRef, StartDate, EndDate) VALUES ('96777', 1497657600, 1497743999);
INSERT INTO DayOfOperation (VehicleJourneyRef, StartDate, EndDate) VALUES ('96777', 1498262400, 1498348799);
INSERT INTO DayOfOperation (VehicleJourneyRef, StartDate, EndDate) VALUES ('96777', 1498867200, 1498953599);
INSERT INTO DayOfOperation (VehicleJourneyRef, StartDate, EndDate) VALUES ('96777', 1499472000, 1499558399);
INSERT INTO DayOfOperation (VehicleJourneyRef, StartDate, EndDate) VALUES ('96777', 1500076800, 1500163199);
INSERT INTO DayOfOperation (VehicleJourneyRef, StartDate, EndDate) VALUES ('96777', 1500681600, 1500767999);
INSERT INTO DayOfOperation (VehicleJourneyRef, StartDate, EndDate) VALUES ('96777', 1501286400, 1501372799);
INSERT INTO DayOfOperation (VehicleJourneyRef, StartDate, EndDate) VALUES ('96777', 1501891200, 1501977599);
INSERT INTO DayOfOperation (VehicleJourneyRef, StartDate, EndDate) VALUES ('96777', 1502496000, 1502582399);
INSERT INTO DayOfOperation (VehicleJourneyRef, StartDate, EndDate) VALUES ('96777', 1503100800, 1503187199);
INSERT INTO DayOfOperation (VehicleJourneyRef, StartDate, EndDate) VALUES ('96777', 1503705600, 1503791999);
INSERT INTO DayOfOperation (VehicleJourneyRef, StartDate, EndDate) VALUES ('96777', 1504310400, 1504396799);
INSERT INTO DayOfOperation (VehicleJourneyRef, StartDate, EndDate) VALUES ('96777', 1504915200, 1505001599);
INSERT INTO DayOfOperation (VehicleJourneyRef, StartDate, EndDate) VALUES ('96777', 1505520000, 1505606399);
INSERT INTO DayOfOperation (VehicleJourneyRef, StartDate, EndDate) VALUES ('96777', 1506124800, 1506211199);
INSERT INTO DayOfOperation (VehicleJourneyRef, StartDate, EndDate) VALUES ('96777', 1506729600, 1506815999);
INSERT INTO DayOfOperation (VehicleJourneyRef, StartDate, EndDate) VALUES ('96777', 1507334400, 1507420799);
INSERT INTO DayOfOperation (VehicleJourneyRef, StartDate, EndDate) VALUES ('96777', 1507939200, 1508025599);
INSERT INTO DayOfOperation (VehicleJourneyRef, StartDate, EndDate) VALUES ('96777', 1508544000, 1508630399);
INSERT INTO DayOfNonOperation (VehicleJourneyRef, StartDate, EndDate) VALUES ('96777', 1508716800, 2524607999);
INSERT INTO VehicleJourney (VehicleJourneyCode, ServiceRef, LineRef, JourneyPatternRef, OperatorRef, Monday, Tuesday, Wednesday, Thursday, Friday, Saturday, Sunday, DepatureHour, DepatureMinute, DepatureSecond, Note, NoteCode) VALUES ('96778', 'FSACM03', '0', 'JPS_FSACM03-4', 'CAL', 0, 0, 0, 0, 0, 1, 0, 19, 0, 0, '', '');
INSERT INTO DayOfOperation (VehicleJourneyRef, StartDate, EndDate) VALUES ('96778', 1497657600, 1497743999);
INSERT INTO DayOfOperation (VehicleJourneyRef, StartDate, EndDate) VALUES ('96778', 1498262400, 1498348799);
INSERT INTO DayOfOperation (VehicleJourneyRef, StartDate, EndDate) VALUES ('96778', 1498867200, 1498953599);
INSERT INTO DayOfOperation (VehicleJourneyRef, StartDate, EndDate) VALUES ('96778', 1499472000, 1499558399);
INSERT INTO DayOfOperation (VehicleJourneyRef, StartDate, EndDate) VALUES ('96778', 1500076800, 1500163199);
INSERT INTO DayOfOperation (VehicleJourneyRef, StartDate, EndDate) VALUES ('96778', 1500681600, 1500767999);
INSERT INTO DayOfOperation (VehicleJourneyRef, StartDate, EndDate) VALUES ('96778', 1501286400, 1501372799);
INSERT INTO DayOfOperation (VehicleJourneyRef, StartDate, EndDate) VALUES ('96778', 1501891200, 1501977599);
INSERT INTO DayOfOperation (VehicleJourneyRef, StartDate, EndDate) VALUES ('96778', 1502496000, 1502582399);
INSERT INTO DayOfOperation (VehicleJourneyRef, StartDate, EndDate) VALUES ('96778', 1503100800, 1503187199);
INSERT INTO DayOfOperation (VehicleJourneyRef, StartDate, EndDate) VALUES ('96778', 1503705600, 1503791999);
INSERT INTO DayOfOperation (VehicleJourneyRef, StartDate, EndDate) VALUES ('96778', 1504310400, 1504396799);
INSERT INTO DayOfOperation (VehicleJourneyRef, StartDate, EndDate) VALUES ('96778', 1504915200, 1505001599);
INSERT INTO DayOfOperation (VehicleJourneyRef, StartDate, EndDate) VALUES ('96778', 1505520000, 1505606399);
INSERT INTO DayOfOperation (VehicleJourneyRef, StartDate, EndDate) VALUES ('96778', 1506124800, 1506211199);
INSERT INTO DayOfOperation (VehicleJourneyRef, StartDate, EndDate) VALUES ('96778', 1506729600, 1506815999);
INSERT INTO DayOfOperation (VehicleJourneyRef, StartDate, EndDate) VALUES ('96778', 1507334400, 1507420799);
INSERT INTO DayOfOperation (VehicleJourneyRef, StartDate, EndDate) VALUES ('96778', 1507939200, 1508025599);
INSERT INTO DayOfOperation (VehicleJourneyRef, StartDate, EndDate) VALUES ('96778', 1508544000, 1508630399);
INSERT INTO DayOfNonOperation (VehicleJourneyRef, StartDate, EndDate) VALUES ('96778', 1508716800, 2524607999);
INSERT INTO VehicleJourney (VehicleJourneyCode, ServiceRef, LineRef, JourneyPatternRef, OperatorRef, Monday, Tuesday, Wednesday, Thursday, Friday, Saturday, Sunday, DepatureHour, DepatureMinute, DepatureSecond, Note, NoteCode) VALUES ('96779', 'FSACM03', '0', 'JPS_FSACM03-4', 'CAL', 0, 0, 0, 0, 0, 1, 0, 19, 45, 0, '', '');
INSERT INTO DayOfOperation (VehicleJourneyRef, StartDate, EndDate) VALUES ('96779', 1497657600, 1497743999);
INSERT INTO DayOfOperation (VehicleJourneyRef, StartDate, EndDate) VALUES ('96779', 1498262400, 1498348799);
INSERT INTO DayOfOperation (VehicleJourneyRef, StartDate, EndDate) VALUES ('96779', 1498867200, 1498953599);
INSERT INTO DayOfOperation (VehicleJourneyRef, StartDate, EndDate) VALUES ('96779', 1499472000, 1499558399);
INSERT INTO DayOfOperation (VehicleJourneyRef, StartDate, EndDate) VALUES ('96779', 1500076800, 1500163199);
INSERT INTO DayOfOperation (VehicleJourneyRef, StartDate, EndDate) VALUES ('96779', 1500681600, 1500767999);
INSERT INTO DayOfOperation (VehicleJourneyRef, StartDate, EndDate) VALUES ('96779', 1501286400, 1501372799);
INSERT INTO DayOfOperation (VehicleJourneyRef, StartDate, EndDate) VALUES ('96779', 1501891200, 1501977599);
INSERT INTO DayOfOperation (VehicleJourneyRef, StartDate, EndDate) VALUES ('96779', 1502496000, 1502582399);
INSERT INTO DayOfOperation (VehicleJourneyRef, StartDate, EndDate) VALUES ('96779', 1503100800, 1503187199);
INSERT INTO DayOfOperation (VehicleJourneyRef, StartDate, EndDate) VALUES ('96779', 1503705600, 1503791999);
INSERT INTO DayOfOperation (VehicleJourneyRef, StartDate, EndDate) VALUES ('96779', 1504310400, 1504396799);
INSERT INTO DayOfOperation (VehicleJourneyRef, StartDate, EndDate) VALUES ('96779', 1504915200, 1505001599);
INSERT INTO DayOfOperation (VehicleJourneyRef, StartDate, EndDate) VALUES ('96779', 1505520000, 1505606399);
INSERT INTO DayOfOperation (VehicleJourneyRef, StartDate, EndDate) VALUES ('96779', 1506124800, 1506211199);
INSERT INTO DayOfOperation (VehicleJourneyRef, StartDate, EndDate) VALUES ('96779', 1506729600, 1506815999);
INSERT INTO DayOfOperation (VehicleJourneyRef, StartDate, EndDate) VALUES ('96779', 1507334400, 1507420799);
INSERT INTO DayOfOperation (VehicleJourneyRef, StartDate, EndDate) VALUES ('96779', 1507939200, 1508025599);
INSERT INTO DayOfOperation (VehicleJourneyRef, StartDate, EndDate) VALUES ('96779', 1508544000, 1508630399);
INSERT INTO DayOfNonOperation (VehicleJourneyRef, StartDate, EndDate) VALUES ('96779', 1508716800, 2524607999);
INSERT INTO VehicleJourney (VehicleJourneyCode, ServiceRef, LineRef, JourneyPatternRef, OperatorRef, Monday, Tuesday, Wednesday, Thursday, Friday, Saturday, Sunday, DepatureHour, DepatureMinute, DepatureSecond, Note, NoteCode) VALUES ('96780', 'FSACM03', '0', 'JPS_FSACM03-4', 'CAL', 0, 0, 0, 0, 0, 1, 0, 20, 45, 0, '', '');
INSERT INTO DayOfOperation (VehicleJourneyRef, StartDate, EndDate) VALUES ('96780', 1497657600, 1497743999);
INSERT INTO DayOfOperation (VehicleJourneyRef, StartDate, EndDate) VALUES ('96780', 1498262400, 1498348799);
INSERT INTO DayOfOperation (VehicleJourneyRef, StartDate, EndDate) VALUES ('96780', 1498867200, 1498953599);
INSERT INTO DayOfOperation (VehicleJourneyRef, StartDate, EndDate) VALUES ('96780', 1499472000, 1499558399);
INSERT INTO DayOfOperation (VehicleJourneyRef, StartDate, EndDate) VALUES ('96780', 1500076800, 1500163199);
INSERT INTO DayOfOperation (VehicleJourneyRef, StartDate, EndDate) VALUES ('96780', 1500681600, 1500767999);
INSERT INTO DayOfOperation (VehicleJourneyRef, StartDate, EndDate) VALUES ('96780', 1501286400, 1501372799);
INSERT INTO DayOfOperation (VehicleJourneyRef, StartDate, EndDate) VALUES ('96780', 1501891200, 1501977599);
INSERT INTO DayOfOperation (VehicleJourneyRef, StartDate, EndDate) VALUES ('96780', 1502496000, 1502582399);
INSERT INTO DayOfOperation (VehicleJourneyRef, StartDate, EndDate) VALUES ('96780', 1503100800, 1503187199);
INSERT INTO DayOfOperation (VehicleJourneyRef, StartDate, EndDate) VALUES ('96780', 1503705600, 1503791999);
INSERT INTO DayOfOperation (VehicleJourneyRef, StartDate, EndDate) VALUES ('96780', 1504310400, 1504396799);
INSERT INTO DayOfOperation (VehicleJourneyRef, StartDate, EndDate) VALUES ('96780', 1504915200, 1505001599);
INSERT INTO DayOfOperation (VehicleJourneyRef, StartDate, EndDate) VALUES ('96780', 1505520000, 1505606399);
INSERT INTO DayOfOperation (VehicleJourneyRef, StartDate, EndDate) VALUES ('96780', 1506124800, 1506211199);
INSERT INTO DayOfOperation (VehicleJourneyRef, StartDate, EndDate) VALUES ('96780', 1506729600, 1506815999);
INSERT INTO DayOfOperation (VehicleJourneyRef, StartDate, EndDate) VALUES ('96780', 1507334400, 1507420799);
INSERT INTO DayOfOperation (VehicleJourneyRef, StartDate, EndDate) VALUES ('96780', 1507939200, 1508025599);
INSERT INTO DayOfOperation (VehicleJourneyRef, StartDate, EndDate) VALUES ('96780', 1508544000, 1508630399);
INSERT INTO DayOfNonOperation (VehicleJourneyRef, StartDate, EndDate) VALUES ('96780', 1508716800, 2524607999);
INSERT INTO VehicleJourney (VehicleJourneyCode, ServiceRef, LineRef, JourneyPatternRef, OperatorRef, Monday, Tuesday, Wednesday, Thursday, Friday, Saturday, Sunday, DepatureHour, DepatureMinute, DepatureSecond, Note, NoteCode) VALUES ('96796', 'FSACM03', '0', 'JPS_FSACM03-4', 'CAL', 0, 0, 0, 0, 0, 0, 1, 8, 45, 0, '', '');
INSERT INTO DayOfOperation (VehicleJourneyRef, StartDate, EndDate) VALUES ('96796', 1497744000, 1497830399);
INSERT INTO DayOfOperation (VehicleJourneyRef, StartDate, EndDate) VALUES ('96796', 1498348800, 1498435199);
INSERT INTO DayOfOperation (VehicleJourneyRef, StartDate, EndDate) VALUES ('96796', 1498953600, 1499039999);
INSERT INTO DayOfOperation (VehicleJourneyRef, StartDate, EndDate) VALUES ('96796', 1499558400, 1499644799);
INSERT INTO DayOfOperation (VehicleJourneyRef, StartDate, EndDate) VALUES ('96796', 1500163200, 1500249599);
INSERT INTO DayOfOperation (VehicleJourneyRef, StartDate, EndDate) VALUES ('96796', 1500768000, 1500854399);
INSERT INTO DayOfOperation (VehicleJourneyRef, StartDate, EndDate) VALUES ('96796', 1501372800, 1501459199);
INSERT INTO DayOfOperation (VehicleJourneyRef, StartDate, EndDate) VALUES ('96796', 1501977600, 1502063999);
INSERT INTO DayOfOperation (VehicleJourneyRef, StartDate, EndDate) VALUES ('96796', 1502582400, 1502668799);
INSERT INTO DayOfOperation (VehicleJourneyRef, StartDate, EndDate) VALUES ('96796', 1503187200, 1503273599);
INSERT INTO DayOfOperation (VehicleJourneyRef, StartDate, EndDate) VALUES ('96796', 1503792000, 1503878399);
INSERT INTO DayOfOperation (VehicleJourneyRef, StartDate, EndDate) VALUES ('96796', 1504396800, 1504483199);
INSERT INTO DayOfOperation (VehicleJourneyRef, StartDate, EndDate) VALUES ('96796', 1505001600, 1505087999);
INSERT INTO DayOfOperation (VehicleJourneyRef, StartDate, EndDate) VALUES ('96796', 1505606400, 1505692799);
INSERT INTO DayOfOperation (VehicleJourneyRef, StartDate, EndDate) VALUES ('96796', 1506211200, 1506297599);
INSERT INTO DayOfOperation (VehicleJourneyRef, StartDate, EndDate) VALUES ('96796', 1506816000, 1506902399);
INSERT INTO DayOfOperation (VehicleJourneyRef, StartDate, EndDate) VALUES ('96796', 1507420800, 1507507199);
INSERT INTO DayOfOperation (VehicleJourneyRef, StartDate, EndDate) VALUES ('96796', 1508025600, 1508111999);
INSERT INTO DayOfOperation (VehicleJourneyRef, StartDate, EndDate) VALUES ('96796', 1508630400, 1508716799);
INSERT INTO DayOfNonOperation (VehicleJourneyRef, StartDate, EndDate) VALUES ('96796', 1508716800, 2524607999);
INSERT INTO VehicleJourney (VehicleJourneyCode, ServiceRef, LineRef, JourneyPatternRef, OperatorRef, Monday, Tuesday, Wednesday, Thursday, Friday, Saturday, Sunday, DepatureHour, DepatureMinute, DepatureSecond, Note, NoteCode) VALUES ('96797', 'FSACM03', '0', 'JPS_FSACM03-4', 'CAL', 0, 0, 0, 0, 0, 0, 1, 10, 15, 0, '', '');
INSERT INTO DayOfOperation (VehicleJourneyRef, StartDate, EndDate) VALUES ('96797', 1497744000, 1497830399);
INSERT INTO DayOfOperation (VehicleJourneyRef, StartDate, EndDate) VALUES ('96797', 1498348800, 1498435199);
INSERT INTO DayOfOperation (VehicleJourneyRef, StartDate, EndDate) VALUES ('96797', 1498953600, 1499039999);
INSERT INTO DayOfOperation (VehicleJourneyRef, StartDate, EndDate) VALUES ('96797', 1499558400, 1499644799);
INSERT INTO DayOfOperation (VehicleJourneyRef, StartDate, EndDate) VALUES ('96797', 1500163200, 1500249599);
INSERT INTO DayOfOperation (VehicleJourneyRef, StartDate, EndDate) VALUES ('96797', 1500768000, 1500854399);
INSERT INTO DayOfOperation (VehicleJourneyRef, StartDate, EndDate) VALUES ('96797', 1501372800, 1501459199);
INSERT INTO DayOfOperation (VehicleJourneyRef, StartDate, EndDate) VALUES ('96797', 1501977600, 1502063999);
INSERT INTO DayOfOperation (VehicleJourneyRef, StartDate, EndDate) VALUES ('96797', 1502582400, 1502668799);
INSERT INTO DayOfOperation (VehicleJourneyRef, StartDate, EndDate) VALUES ('96797', 1503187200, 1503273599);
INSERT INTO DayOfOperation (VehicleJourneyRef, StartDate, EndDate) VALUES ('96797', 1503792000, 1503878399);
INSERT INTO DayOfOperation (VehicleJourneyRef, StartDate, EndDate) VALUES ('96797', 1504396800, 1504483199);
INSERT INTO DayOfOperation (VehicleJourneyRef, StartDate, EndDate) VALUES ('96797', 1505001600, 1505087999);
INSERT INTO DayOfOperation (VehicleJourneyRef, StartDate, EndDate) VALUES ('96797', 1505606400, 1505692799);
INSERT INTO DayOfOperation (VehicleJourneyRef, StartDate, EndDate) VALUES ('96797', 1506211200, 1506297599);
INSERT INTO DayOfOperation (VehicleJourneyRef, StartDate, EndDate) VALUES ('96797', 1506816000, 1506902399);
INSERT INTO DayOfOperation (VehicleJourneyRef, StartDate, EndDate) VALUES ('96797', 1507420800, 1507507199);
INSERT INTO DayOfOperation (VehicleJourneyRef, StartDate, EndDate) VALUES ('96797', 1508025600, 1508111999);
INSERT INTO DayOfOperation (VehicleJourneyRef, StartDate, EndDate) VALUES ('96797', 1508630400, 1508716799);
INSERT INTO DayOfNonOperation (VehicleJourneyRef, StartDate, EndDate) VALUES ('96797', 1508716800, 2524607999);
INSERT INTO VehicleJourney (VehicleJourneyCode, ServiceRef, LineRef, JourneyPatternRef, OperatorRef, Monday, Tuesday, Wednesday, Thursday, Friday, Saturday, Sunday, DepatureHour, DepatureMinute, DepatureSecond, Note, NoteCode) VALUES ('96798', 'FSACM03', '0', 'JPS_FSACM03-4', 'CAL', 0, 0, 0, 0, 0, 0, 1, 11, 0, 0, '', '');
INSERT INTO DayOfOperation (VehicleJourneyRef, StartDate, EndDate) VALUES ('96798', 1497744000, 1497830399);
INSERT INTO DayOfOperation (VehicleJourneyRef, StartDate, EndDate) VALUES ('96798', 1498348800, 1498435199);
INSERT INTO DayOfOperation (VehicleJourneyRef, StartDate, EndDate) VALUES ('96798', 1498953600, 1499039999);
INSERT INTO DayOfOperation (VehicleJourneyRef, StartDate, EndDate) VALUES ('96798', 1499558400, 1499644799);
INSERT INTO DayOfOperation (VehicleJourneyRef, StartDate, EndDate) VALUES ('96798', 1500163200, 1500249599);
INSERT INTO DayOfOperation (VehicleJourneyRef, StartDate, EndDate) VALUES ('96798', 1500768000, 1500854399);
INSERT INTO DayOfOperation (VehicleJourneyRef, StartDate, EndDate) VALUES ('96798', 1501372800, 1501459199);
INSERT INTO DayOfOperation (VehicleJourneyRef, StartDate, EndDate) VALUES ('96798', 1501977600, 1502063999);
INSERT INTO DayOfOperation (VehicleJourneyRef, StartDate, EndDate) VALUES ('96798', 1502582400, 1502668799);
INSERT INTO DayOfOperation (VehicleJourneyRef, StartDate, EndDate) VALUES ('96798', 1503187200, 1503273599);
INSERT INTO DayOfOperation (VehicleJourneyRef, StartDate, EndDate) VALUES ('96798', 1503792000, 1503878399);
INSERT INTO DayOfOperation (VehicleJourneyRef, StartDate, EndDate) VALUES ('96798', 1504396800, 1504483199);
INSERT INTO DayOfOperation (VehicleJourneyRef, StartDate, EndDate) VALUES ('96798', 1505001600, 1505087999);
INSERT INTO DayOfOperation (VehicleJourneyRef, StartDate, EndDate) VALUES ('96798', 1505606400, 1505692799);
INSERT INTO DayOfOperation (VehicleJourneyRef, StartDate, EndDate) VALUES ('96798', 1506211200, 1506297599);
INSERT INTO DayOfOperation (VehicleJourneyRef, StartDate, EndDate) VALUES ('96798', 1506816000, 1506902399);
INSERT INTO DayOfOperation (VehicleJourneyRef, StartDate, EndDate) VALUES ('96798', 1507420800, 1507507199);
INSERT INTO DayOfOperation (VehicleJourneyRef, StartDate, EndDate) VALUES ('96798', 1508025600, 1508111999);
INSERT INTO DayOfOperation (VehicleJourneyRef, StartDate, EndDate) VALUES ('96798', 1508630400, 1508716799);
INSERT INTO DayOfNonOperation (VehicleJourneyRef, StartDate, EndDate) VALUES ('96798', 1508716800, 2524607999);
INSERT INTO VehicleJourney (VehicleJourneyCode, ServiceRef, LineRef, JourneyPatternRef, OperatorRef, Monday, Tuesday, Wednesday, Thursday, Friday, Saturday, Sunday, DepatureHour, DepatureMinute, DepatureSecond, Note, NoteCode) VALUES ('96799', 'FSACM03', '0', 'JPS_FSACM03-4', 'CAL', 0, 0, 0, 0, 0, 0, 1, 12, 0, 0, '', '');
INSERT INTO DayOfOperation (VehicleJourneyRef, StartDate, EndDate) VALUES ('96799', 1497744000, 1497830399);
INSERT INTO DayOfOperation (VehicleJourneyRef, StartDate, EndDate) VALUES ('96799', 1498348800, 1498435199);
INSERT INTO DayOfOperation (VehicleJourneyRef, StartDate, EndDate) VALUES ('96799', 1498953600, 1499039999);
INSERT INTO DayOfOperation (VehicleJourneyRef, StartDate, EndDate) VALUES ('96799', 1499558400, 1499644799);
INSERT INTO DayOfOperation (VehicleJourneyRef, StartDate, EndDate) VALUES ('96799', 1500163200, 1500249599);
INSERT INTO DayOfOperation (VehicleJourneyRef, StartDate, EndDate) VALUES ('96799', 1500768000, 1500854399);
INSERT INTO DayOfOperation (VehicleJourneyRef, StartDate, EndDate) VALUES ('96799', 1501372800, 1501459199);
INSERT INTO DayOfOperation (VehicleJourneyRef, StartDate, EndDate) VALUES ('96799', 1501977600, 1502063999);
INSERT INTO DayOfOperation (VehicleJourneyRef, StartDate, EndDate) VALUES ('96799', 1502582400, 1502668799);
INSERT INTO DayOfOperation (VehicleJourneyRef, StartDate, EndDate) VALUES ('96799', 1503187200, 1503273599);
INSERT INTO DayOfOperation (VehicleJourneyRef, StartDate, EndDate) VALUES ('96799', 1503792000, 1503878399);
INSERT INTO DayOfOperation (VehicleJourneyRef, StartDate, EndDate) VALUES ('96799', 1504396800, 1504483199);
INSERT INTO DayOfOperation (VehicleJourneyRef, StartDate, EndDate) VALUES ('96799', 1505001600, 1505087999);
INSERT INTO DayOfOperation (VehicleJourneyRef, StartDate, EndDate) VALUES ('96799', 1505606400, 1505692799);
INSERT INTO DayOfOperation (VehicleJourneyRef, StartDate, EndDate) VALUES ('96799', 1506211200, 1506297599);
INSERT INTO DayOfOperation (VehicleJourneyRef, StartDate, EndDate) VALUES ('96799', 1506816000, 1506902399);
INSERT INTO DayOfOperation (VehicleJourneyRef, StartDate, EndDate) VALUES ('96799', 1507420800, 1507507199);
INSERT INTO DayOfOperation (VehicleJourneyRef, StartDate, EndDate) VALUES ('96799', 1508025600, 1508111999);
INSERT INTO DayOfOperation (VehicleJourneyRef, StartDate, EndDate) VALUES ('96799', 1508630400, 1508716799);
INSERT INTO DayOfNonOperation (VehicleJourneyRef, StartDate, EndDate) VALUES ('96799', 1508716800, 2524607999);
INSERT INTO VehicleJourney (VehicleJourneyCode, ServiceRef, LineRef, JourneyPatternRef, OperatorRef, Monday, Tuesday, Wednesday, Thursday, Friday, Saturday, Sunday, DepatureHour, DepatureMinute, DepatureSecond, Note, NoteCode) VALUES ('96800', 'FSACM03', '0', 'JPS_FSACM03-4', 'CAL', 0, 0, 0, 0, 0, 0, 1, 13, 0, 0, '', '');
INSERT INTO DayOfOperation (VehicleJourneyRef, StartDate, EndDate) VALUES ('96800', 1497744000, 1497830399);
INSERT INTO DayOfOperation (VehicleJourneyRef, StartDate, EndDate) VALUES ('96800', 1498348800, 1498435199);
INSERT INTO DayOfOperation (VehicleJourneyRef, StartDate, EndDate) VALUES ('96800', 1498953600, 1499039999);
INSERT INTO DayOfOperation (VehicleJourneyRef, StartDate, EndDate) VALUES ('96800', 1499558400, 1499644799);
INSERT INTO DayOfOperation (VehicleJourneyRef, StartDate, EndDate) VALUES ('96800', 1500163200, 1500249599);
INSERT INTO DayOfOperation (VehicleJourneyRef, StartDate, EndDate) VALUES ('96800', 1500768000, 1500854399);
INSERT INTO DayOfOperation (VehicleJourneyRef, StartDate, EndDate) VALUES ('96800', 1501372800, 1501459199);
INSERT INTO DayOfOperation (VehicleJourneyRef, StartDate, EndDate) VALUES ('96800', 1501977600, 1502063999);
INSERT INTO DayOfOperation (VehicleJourneyRef, StartDate, EndDate) VALUES ('96800', 1502582400, 1502668799);
INSERT INTO DayOfOperation (VehicleJourneyRef, StartDate, EndDate) VALUES ('96800', 1503187200, 1503273599);
INSERT INTO DayOfOperation (VehicleJourneyRef, StartDate, EndDate) VALUES ('96800', 1503792000, 1503878399);
INSERT INTO DayOfOperation (VehicleJourneyRef, StartDate, EndDate) VALUES ('96800', 1504396800, 1504483199);
INSERT INTO DayOfOperation (VehicleJourneyRef, StartDate, EndDate) VALUES ('96800', 1505001600, 1505087999);
INSERT INTO DayOfOperation (VehicleJourneyRef, StartDate, EndDate) VALUES ('96800', 1505606400, 1505692799);
INSERT INTO DayOfOperation (VehicleJourneyRef, StartDate, EndDate) VALUES ('96800', 1506211200, 1506297599);
INSERT INTO DayOfOperation (VehicleJourneyRef, StartDate, EndDate) VALUES ('96800', 1506816000, 1506902399);
INSERT INTO DayOfOperation (VehicleJourneyRef, StartDate, EndDate) VALUES ('96800', 1507420800, 1507507199);
INSERT INTO DayOfOperation (VehicleJourneyRef, StartDate, EndDate) VALUES ('96800', 1508025600, 1508111999);
INSERT INTO DayOfOperation (VehicleJourneyRef, StartDate, EndDate) VALUES ('96800', 1508630400, 1508716799);
INSERT INTO DayOfNonOperation (VehicleJourneyRef, StartDate, EndDate) VALUES ('96800', 1508716800, 2524607999);
INSERT INTO VehicleJourney (VehicleJourneyCode, ServiceRef, LineRef, JourneyPatternRef, OperatorRef, Monday, Tuesday, Wednesday, Thursday, Friday, Saturday, Sunday, DepatureHour, DepatureMinute, DepatureSecond, Note, NoteCode) VALUES ('96801', 'FSACM03', '0', 'JPS_FSACM03-4', 'CAL', 0, 0, 0, 0, 0, 0, 1, 13, 50, 0, '', '');
INSERT INTO DayOfOperation (VehicleJourneyRef, StartDate, EndDate) VALUES ('96801', 1497744000, 1497830399);
INSERT INTO DayOfOperation (VehicleJourneyRef, StartDate, EndDate) VALUES ('96801', 1498348800, 1498435199);
INSERT INTO DayOfOperation (VehicleJourneyRef, StartDate, EndDate) VALUES ('96801', 1498953600, 1499039999);
INSERT INTO DayOfOperation (VehicleJourneyRef, StartDate, EndDate) VALUES ('96801', 1499558400, 1499644799);
INSERT INTO DayOfOperation (VehicleJourneyRef, StartDate, EndDate) VALUES ('96801', 1500163200, 1500249599);
INSERT INTO DayOfOperation (VehicleJourneyRef, StartDate, EndDate) VALUES ('96801', 1500768000, 1500854399);
INSERT INTO DayOfOperation (VehicleJourneyRef, StartDate, EndDate) VALUES ('96801', 1501372800, 1501459199);
INSERT INTO DayOfOperation (VehicleJourneyRef, StartDate, EndDate) VALUES ('96801', 1501977600, 1502063999);
INSERT INTO DayOfOperation (VehicleJourneyRef, StartDate, EndDate) VALUES ('96801', 1502582400, 1502668799);
INSERT INTO DayOfOperation (VehicleJourneyRef, StartDate, EndDate) VALUES ('96801', 1503187200, 1503273599);
INSERT INTO DayOfOperation (VehicleJourneyRef, StartDate, EndDate) VALUES ('96801', 1503792000, 1503878399);
INSERT INTO DayOfOperation (VehicleJourneyRef, StartDate, EndDate) VALUES ('96801', 1504396800, 1504483199);
INSERT INTO DayOfOperation (VehicleJourneyRef, StartDate, EndDate) VALUES ('96801', 1505001600, 1505087999);
INSERT INTO DayOfOperation (VehicleJourneyRef, StartDate, EndDate) VALUES ('96801', 1505606400, 1505692799);
INSERT INTO DayOfOperation (VehicleJourneyRef, StartDate, EndDate) VALUES ('96801', 1506211200, 1506297599);
INSERT INTO DayOfOperation (VehicleJourneyRef, StartDate, EndDate) VALUES ('96801', 1506816000, 1506902399);
INSERT INTO DayOfOperation (VehicleJourneyRef, StartDate, EndDate) VALUES ('96801', 1507420800, 1507507199);
INSERT INTO DayOfOperation (VehicleJourneyRef, StartDate, EndDate) VALUES ('96801', 1508025600, 1508111999);
INSERT INTO DayOfOperation (VehicleJourneyRef, StartDate, EndDate) VALUES ('96801', 1508630400, 1508716799);
INSERT INTO DayOfNonOperation (VehicleJourneyRef, StartDate, EndDate) VALUES ('96801', 1508716800, 2524607999);
INSERT INTO VehicleJourney (VehicleJourneyCode, ServiceRef, LineRef, JourneyPatternRef, OperatorRef, Monday, Tuesday, Wednesday, Thursday, Friday, Saturday, Sunday, DepatureHour, DepatureMinute, DepatureSecond, Note, NoteCode) VALUES ('96802', 'FSACM03', '0', 'JPS_FSACM03-4', 'CAL', 0, 0, 0, 0, 0, 0, 1, 15, 0, 0, '', '');
INSERT INTO DayOfOperation (VehicleJourneyRef, StartDate, EndDate) VALUES ('96802', 1497744000, 1497830399);
INSERT INTO DayOfOperation (VehicleJourneyRef, StartDate, EndDate) VALUES ('96802', 1498348800, 1498435199);
INSERT INTO DayOfOperation (VehicleJourneyRef, StartDate, EndDate) VALUES ('96802', 1498953600, 1499039999);
INSERT INTO DayOfOperation (VehicleJourneyRef, StartDate, EndDate) VALUES ('96802', 1499558400, 1499644799);
INSERT INTO DayOfOperation (VehicleJourneyRef, StartDate, EndDate) VALUES ('96802', 1500163200, 1500249599);
INSERT INTO DayOfOperation (VehicleJourneyRef, StartDate, EndDate) VALUES ('96802', 1500768000, 1500854399);
INSERT INTO DayOfOperation (VehicleJourneyRef, StartDate, EndDate) VALUES ('96802', 1501372800, 1501459199);
INSERT INTO DayOfOperation (VehicleJourneyRef, StartDate, EndDate) VALUES ('96802', 1501977600, 1502063999);
INSERT INTO DayOfOperation (VehicleJourneyRef, StartDate, EndDate) VALUES ('96802', 1502582400, 1502668799);
INSERT INTO DayOfOperation (VehicleJourneyRef, StartDate, EndDate) VALUES ('96802', 1503187200, 1503273599);
INSERT INTO DayOfOperation (VehicleJourneyRef, StartDate, EndDate) VALUES ('96802', 1503792000, 1503878399);
INSERT INTO DayOfOperation (VehicleJourneyRef, StartDate, EndDate) VALUES ('96802', 1504396800, 1504483199);
INSERT INTO DayOfOperation (VehicleJourneyRef, StartDate, EndDate) VALUES ('96802', 1505001600, 1505087999);
INSERT INTO DayOfOperation (VehicleJourneyRef, StartDate, EndDate) VALUES ('96802', 1505606400, 1505692799);
INSERT INTO DayOfOperation (VehicleJourneyRef, StartDate, EndDate) VALUES ('96802', 1506211200, 1506297599);
INSERT INTO DayOfOperation (VehicleJourneyRef, StartDate, EndDate) VALUES ('96802', 1506816000, 1506902399);
INSERT INTO DayOfOperation (VehicleJourneyRef, StartDate, EndDate) VALUES ('96802', 1507420800, 1507507199);
INSERT INTO DayOfOperation (VehicleJourneyRef, StartDate, EndDate) VALUES ('96802', 1508025600, 1508111999);
INSERT INTO DayOfOperation (VehicleJourneyRef, StartDate, EndDate) VALUES ('96802', 1508630400, 1508716799);
INSERT INTO DayOfNonOperation (VehicleJourneyRef, StartDate, EndDate) VALUES ('96802', 1508716800, 2524607999);
INSERT INTO VehicleJourney (VehicleJourneyCode, ServiceRef, LineRef, JourneyPatternRef, OperatorRef, Monday, Tuesday, Wednesday, Thursday, Friday, Saturday, Sunday, DepatureHour, DepatureMinute, DepatureSecond, Note, NoteCode) VALUES ('96803', 'FSACM03', '0', 'JPS_FSACM03-4', 'CAL', 0, 0, 0, 0, 0, 0, 1, 16, 0, 0, '', '');
INSERT INTO DayOfOperation (VehicleJourneyRef, StartDate, EndDate) VALUES ('96803', 1497744000, 1497830399);
INSERT INTO DayOfOperation (VehicleJourneyRef, StartDate, EndDate) VALUES ('96803', 1498348800, 1498435199);
INSERT INTO DayOfOperation (VehicleJourneyRef, StartDate, EndDate) VALUES ('96803', 1498953600, 1499039999);
INSERT INTO DayOfOperation (VehicleJourneyRef, StartDate, EndDate) VALUES ('96803', 1499558400, 1499644799);
INSERT INTO DayOfOperation (VehicleJourneyRef, StartDate, EndDate) VALUES ('96803', 1500163200, 1500249599);
INSERT INTO DayOfOperation (VehicleJourneyRef, StartDate, EndDate) VALUES ('96803', 1500768000, 1500854399);
INSERT INTO DayOfOperation (VehicleJourneyRef, StartDate, EndDate) VALUES ('96803', 1501372800, 1501459199);
INSERT INTO DayOfOperation (VehicleJourneyRef, StartDate, EndDate) VALUES ('96803', 1501977600, 1502063999);
INSERT INTO DayOfOperation (VehicleJourneyRef, StartDate, EndDate) VALUES ('96803', 1502582400, 1502668799);
INSERT INTO DayOfOperation (VehicleJourneyRef, StartDate, EndDate) VALUES ('96803', 1503187200, 1503273599);
INSERT INTO DayOfOperation (VehicleJourneyRef, StartDate, EndDate) VALUES ('96803', 1503792000, 1503878399);
INSERT INTO DayOfOperation (VehicleJourneyRef, StartDate, EndDate) VALUES ('96803', 1504396800, 1504483199);
INSERT INTO DayOfOperation (VehicleJourneyRef, StartDate, EndDate) VALUES ('96803', 1505001600, 1505087999);
INSERT INTO DayOfOperation (VehicleJourneyRef, StartDate, EndDate) VALUES ('96803', 1505606400, 1505692799);
INSERT INTO DayOfOperation (VehicleJourneyRef, StartDate, EndDate) VALUES ('96803', 1506211200, 1506297599);
INSERT INTO DayOfOperation (VehicleJourneyRef, StartDate, EndDate) VALUES ('96803', 1506816000, 1506902399);
INSERT INTO DayOfOperation (VehicleJourneyRef, StartDate, EndDate) VALUES ('96803', 1507420800, 1507507199);
INSERT INTO DayOfOperation (VehicleJourneyRef, StartDate, EndDate) VALUES ('96803', 1508025600, 1508111999);
INSERT INTO DayOfOperation (VehicleJourneyRef, StartDate, EndDate) VALUES ('96803', 1508630400, 1508716799);
INSERT INTO DayOfNonOperation (VehicleJourneyRef, StartDate, EndDate) VALUES ('96803', 1508716800, 2524607999);
INSERT INTO VehicleJourney (VehicleJourneyCode, ServiceRef, LineRef, JourneyPatternRef, OperatorRef, Monday, Tuesday, Wednesday, Thursday, Friday, Saturday, Sunday, DepatureHour, DepatureMinute, DepatureSecond, Note, NoteCode) VALUES ('96804', 'FSACM03', '0', 'JPS_FSACM03-4', 'CAL', 0, 0, 0, 0, 0, 0, 1, 16, 45, 0, '', '');
INSERT INTO DayOfOperation (VehicleJourneyRef, StartDate, EndDate) VALUES ('96804', 1497744000, 1497830399);
INSERT INTO DayOfOperation (VehicleJourneyRef, StartDate, EndDate) VALUES ('96804', 1498348800, 1498435199);
INSERT INTO DayOfOperation (VehicleJourneyRef, StartDate, EndDate) VALUES ('96804', 1498953600, 1499039999);
INSERT INTO DayOfOperation (VehicleJourneyRef, StartDate, EndDate) VALUES ('96804', 1499558400, 1499644799);
INSERT INTO DayOfOperation (VehicleJourneyRef, StartDate, EndDate) VALUES ('96804', 1500163200, 1500249599);
INSERT INTO DayOfOperation (VehicleJourneyRef, StartDate, EndDate) VALUES ('96804', 1500768000, 1500854399);
INSERT INTO DayOfOperation (VehicleJourneyRef, StartDate, EndDate) VALUES ('96804', 1501372800, 1501459199);
INSERT INTO DayOfOperation (VehicleJourneyRef, StartDate, EndDate) VALUES ('96804', 1501977600, 1502063999);
INSERT INTO DayOfOperation (VehicleJourneyRef, StartDate, EndDate) VALUES ('96804', 1502582400, 1502668799);
INSERT INTO DayOfOperation (VehicleJourneyRef, StartDate, EndDate) VALUES ('96804', 1503187200, 1503273599);
INSERT INTO DayOfOperation (VehicleJourneyRef, StartDate, EndDate) VALUES ('96804', 1503792000, 1503878399);
INSERT INTO DayOfOperation (VehicleJourneyRef, StartDate, EndDate) VALUES ('96804', 1504396800, 1504483199);
INSERT INTO DayOfOperation (VehicleJourneyRef, StartDate, EndDate) VALUES ('96804', 1505001600, 1505087999);
INSERT INTO DayOfOperation (VehicleJourneyRef, StartDate, EndDate) VALUES ('96804', 1505606400, 1505692799);
INSERT INTO DayOfOperation (VehicleJourneyRef, StartDate, EndDate) VALUES ('96804', 1506211200, 1506297599);
INSERT INTO DayOfOperation (VehicleJourneyRef, StartDate, EndDate) VALUES ('96804', 1506816000, 1506902399);
INSERT INTO DayOfOperation (VehicleJourneyRef, StartDate, EndDate) VALUES ('96804', 1507420800, 1507507199);
INSERT INTO DayOfOperation (VehicleJourneyRef, StartDate, EndDate) VALUES ('96804', 1508025600, 1508111999);
INSERT INTO DayOfOperation (VehicleJourneyRef, StartDate, EndDate) VALUES ('96804', 1508630400, 1508716799);
INSERT INTO DayOfNonOperation (VehicleJourneyRef, StartDate, EndDate) VALUES ('96804', 1508716800, 2524607999);
INSERT INTO VehicleJourney (VehicleJourneyCode, ServiceRef, LineRef, JourneyPatternRef, OperatorRef, Monday, Tuesday, Wednesday, Thursday, Friday, Saturday, Sunday, DepatureHour, DepatureMinute, DepatureSecond, Note, NoteCode) VALUES ('96805', 'FSACM03', '0', 'JPS_FSACM03-4', 'CAL', 0, 0, 0, 0, 0, 0, 1, 17, 30, 0, '', '');
INSERT INTO DayOfOperation (VehicleJourneyRef, StartDate, EndDate) VALUES ('96805', 1497744000, 1497830399);
INSERT INTO DayOfOperation (VehicleJourneyRef, StartDate, EndDate) VALUES ('96805', 1498348800, 1498435199);
INSERT INTO DayOfOperation (VehicleJourneyRef, StartDate, EndDate) VALUES ('96805', 1498953600, 1499039999);
INSERT INTO DayOfOperation (VehicleJourneyRef, StartDate, EndDate) VALUES ('96805', 1499558400, 1499644799);
INSERT INTO DayOfOperation (VehicleJourneyRef, StartDate, EndDate) VALUES ('96805', 1500163200, 1500249599);
INSERT INTO DayOfOperation (VehicleJourneyRef, StartDate, EndDate) VALUES ('96805', 1500768000, 1500854399);
INSERT INTO DayOfOperation (VehicleJourneyRef, StartDate, EndDate) VALUES ('96805', 1501372800, 1501459199);
INSERT INTO DayOfOperation (VehicleJourneyRef, StartDate, EndDate) VALUES ('96805', 1501977600, 1502063999);
INSERT INTO DayOfOperation (VehicleJourneyRef, StartDate, EndDate) VALUES ('96805', 1502582400, 1502668799);
INSERT INTO DayOfOperation (VehicleJourneyRef, StartDate, EndDate) VALUES ('96805', 1503187200, 1503273599);
INSERT INTO DayOfOperation (VehicleJourneyRef, StartDate, EndDate) VALUES ('96805', 1503792000, 1503878399);
INSERT INTO DayOfOperation (VehicleJourneyRef, StartDate, EndDate) VALUES ('96805', 1504396800, 1504483199);
INSERT INTO DayOfOperation (VehicleJourneyRef, StartDate, EndDate) VALUES ('96805', 1505001600, 1505087999);
INSERT INTO DayOfOperation (VehicleJourneyRef, StartDate, EndDate) VALUES ('96805', 1505606400, 1505692799);
INSERT INTO DayOfOperation (VehicleJourneyRef, StartDate, EndDate) VALUES ('96805', 1506211200, 1506297599);
INSERT INTO DayOfOperation (VehicleJourneyRef, StartDate, EndDate) VALUES ('96805', 1506816000, 1506902399);
INSERT INTO DayOfOperation (VehicleJourneyRef, StartDate, EndDate) VALUES ('96805', 1507420800, 1507507199);
INSERT INTO DayOfOperation (VehicleJourneyRef, StartDate, EndDate) VALUES ('96805', 1508025600, 1508111999);
INSERT INTO DayOfOperation (VehicleJourneyRef, StartDate, EndDate) VALUES ('96805', 1508630400, 1508716799);
INSERT INTO DayOfNonOperation (VehicleJourneyRef, StartDate, EndDate) VALUES ('96805', 1508716800, 2524607999);
INSERT INTO VehicleJourney (VehicleJourneyCode, ServiceRef, LineRef, JourneyPatternRef, OperatorRef, Monday, Tuesday, Wednesday, Thursday, Friday, Saturday, Sunday, DepatureHour, DepatureMinute, DepatureSecond, Note, NoteCode) VALUES ('96806', 'FSACM03', '0', 'JPS_FSACM03-4', 'CAL', 0, 0, 0, 0, 0, 0, 1, 18, 15, 0, '', '');
INSERT INTO DayOfOperation (VehicleJourneyRef, StartDate, EndDate) VALUES ('96806', 1497744000, 1497830399);
INSERT INTO DayOfOperation (VehicleJourneyRef, StartDate, EndDate) VALUES ('96806', 1498348800, 1498435199);
INSERT INTO DayOfOperation (VehicleJourneyRef, StartDate, EndDate) VALUES ('96806', 1498953600, 1499039999);
INSERT INTO DayOfOperation (VehicleJourneyRef, StartDate, EndDate) VALUES ('96806', 1499558400, 1499644799);
INSERT INTO DayOfOperation (VehicleJourneyRef, StartDate, EndDate) VALUES ('96806', 1500163200, 1500249599);
INSERT INTO DayOfOperation (VehicleJourneyRef, StartDate, EndDate) VALUES ('96806', 1500768000, 1500854399);
INSERT INTO DayOfOperation (VehicleJourneyRef, StartDate, EndDate) VALUES ('96806', 1501372800, 1501459199);
INSERT INTO DayOfOperation (VehicleJourneyRef, StartDate, EndDate) VALUES ('96806', 1501977600, 1502063999);
INSERT INTO DayOfOperation (VehicleJourneyRef, StartDate, EndDate) VALUES ('96806', 1502582400, 1502668799);
INSERT INTO DayOfOperation (VehicleJourneyRef, StartDate, EndDate) VALUES ('96806', 1503187200, 1503273599);
INSERT INTO DayOfOperation (VehicleJourneyRef, StartDate, EndDate) VALUES ('96806', 1503792000, 1503878399);
INSERT INTO DayOfOperation (VehicleJourneyRef, StartDate, EndDate) VALUES ('96806', 1504396800, 1504483199);
INSERT INTO DayOfOperation (VehicleJourneyRef, StartDate, EndDate) VALUES ('96806', 1505001600, 1505087999);
INSERT INTO DayOfOperation (VehicleJourneyRef, StartDate, EndDate) VALUES ('96806', 1505606400, 1505692799);
INSERT INTO DayOfOperation (VehicleJourneyRef, StartDate, EndDate) VALUES ('96806', 1506211200, 1506297599);
INSERT INTO DayOfOperation (VehicleJourneyRef, StartDate, EndDate) VALUES ('96806', 1506816000, 1506902399);
INSERT INTO DayOfOperation (VehicleJourneyRef, StartDate, EndDate) VALUES ('96806', 1507420800, 1507507199);
INSERT INTO DayOfOperation (VehicleJourneyRef, StartDate, EndDate) VALUES ('96806', 1508025600, 1508111999);
INSERT INTO DayOfOperation (VehicleJourneyRef, StartDate, EndDate) VALUES ('96806', 1508630400, 1508716799);
INSERT INTO DayOfNonOperation (VehicleJourneyRef, StartDate, EndDate) VALUES ('96806', 1508716800, 2524607999);
INSERT INTO VehicleJourney (VehicleJourneyCode, ServiceRef, LineRef, JourneyPatternRef, OperatorRef, Monday, Tuesday, Wednesday, Thursday, Friday, Saturday, Sunday, DepatureHour, DepatureMinute, DepatureSecond, Note, NoteCode) VALUES ('96807', 'FSACM03', '0', 'JPS_FSACM03-4', 'CAL', 0, 0, 0, 0, 0, 0, 1, 19, 0, 0, '', '');
INSERT INTO DayOfOperation (VehicleJourneyRef, StartDate, EndDate) VALUES ('96807', 1497744000, 1497830399);
INSERT INTO DayOfOperation (VehicleJourneyRef, StartDate, EndDate) VALUES ('96807', 1498348800, 1498435199);
INSERT INTO DayOfOperation (VehicleJourneyRef, StartDate, EndDate) VALUES ('96807', 1498953600, 1499039999);
INSERT INTO DayOfOperation (VehicleJourneyRef, StartDate, EndDate) VALUES ('96807', 1499558400, 1499644799);
INSERT INTO DayOfOperation (VehicleJourneyRef, StartDate, EndDate) VALUES ('96807', 1500163200, 1500249599);
INSERT INTO DayOfOperation (VehicleJourneyRef, StartDate, EndDate) VALUES ('96807', 1500768000, 1500854399);
INSERT INTO DayOfOperation (VehicleJourneyRef, StartDate, EndDate) VALUES ('96807', 1501372800, 1501459199);
INSERT INTO DayOfOperation (VehicleJourneyRef, StartDate, EndDate) VALUES ('96807', 1501977600, 1502063999);
INSERT INTO DayOfOperation (VehicleJourneyRef, StartDate, EndDate) VALUES ('96807', 1502582400, 1502668799);
INSERT INTO DayOfOperation (VehicleJourneyRef, StartDate, EndDate) VALUES ('96807', 1503187200, 1503273599);
INSERT INTO DayOfOperation (VehicleJourneyRef, StartDate, EndDate) VALUES ('96807', 1503792000, 1503878399);
INSERT INTO DayOfOperation (VehicleJourneyRef, StartDate, EndDate) VALUES ('96807', 1504396800, 1504483199);
INSERT INTO DayOfOperation (VehicleJourneyRef, StartDate, EndDate) VALUES ('96807', 1505001600, 1505087999);
INSERT INTO DayOfOperation (VehicleJourneyRef, StartDate, EndDate) VALUES ('96807', 1505606400, 1505692799);
INSERT INTO DayOfOperation (VehicleJourneyRef, StartDate, EndDate) VALUES ('96807', 1506211200, 1506297599);
INSERT INTO DayOfOperation (VehicleJourneyRef, StartDate, EndDate) VALUES ('96807', 1506816000, 1506902399);
INSERT INTO DayOfOperation (VehicleJourneyRef, StartDate, EndDate) VALUES ('96807', 1507420800, 1507507199);
INSERT INTO DayOfOperation (VehicleJourneyRef, StartDate, EndDate) VALUES ('96807', 1508025600, 1508111999);
INSERT INTO DayOfOperation (VehicleJourneyRef, StartDate, EndDate) VALUES ('96807', 1508630400, 1508716799);
INSERT INTO DayOfNonOperation (VehicleJourneyRef, StartDate, EndDate) VALUES ('96807', 1508716800, 2524607999);
INSERT INTO VehicleJourney (VehicleJourneyCode, ServiceRef, LineRef, JourneyPatternRef, OperatorRef, Monday, Tuesday, Wednesday, Thursday, Friday, Saturday, Sunday, DepatureHour, DepatureMinute, DepatureSecond, Note, NoteCode) VALUES ('96808', 'FSACM03', '0', 'JPS_FSACM03-4', 'CAL', 0, 0, 0, 0, 0, 0, 1, 19, 45, 0, '', '');
INSERT INTO DayOfOperation (VehicleJourneyRef, StartDate, EndDate) VALUES ('96808', 1497744000, 1497830399);
INSERT INTO DayOfOperation (VehicleJourneyRef, StartDate, EndDate) VALUES ('96808', 1498348800, 1498435199);
INSERT INTO DayOfOperation (VehicleJourneyRef, StartDate, EndDate) VALUES ('96808', 1498953600, 1499039999);
INSERT INTO DayOfOperation (VehicleJourneyRef, StartDate, EndDate) VALUES ('96808', 1499558400, 1499644799);
INSERT INTO DayOfOperation (VehicleJourneyRef, StartDate, EndDate) VALUES ('96808', 1500163200, 1500249599);
INSERT INTO DayOfOperation (VehicleJourneyRef, StartDate, EndDate) VALUES ('96808', 1500768000, 1500854399);
INSERT INTO DayOfOperation (VehicleJourneyRef, StartDate, EndDate) VALUES ('96808', 1501372800, 1501459199);
INSERT INTO DayOfOperation (VehicleJourneyRef, StartDate, EndDate) VALUES ('96808', 1501977600, 1502063999);
INSERT INTO DayOfOperation (VehicleJourneyRef, StartDate, EndDate) VALUES ('96808', 1502582400, 1502668799);
INSERT INTO DayOfOperation (VehicleJourneyRef, StartDate, EndDate) VALUES ('96808', 1503187200, 1503273599);
INSERT INTO DayOfOperation (VehicleJourneyRef, StartDate, EndDate) VALUES ('96808', 1503792000, 1503878399);
INSERT INTO DayOfOperation (VehicleJourneyRef, StartDate, EndDate) VALUES ('96808', 1504396800, 1504483199);
INSERT INTO DayOfOperation (VehicleJourneyRef, StartDate, EndDate) VALUES ('96808', 1505001600, 1505087999);
INSERT INTO DayOfOperation (VehicleJourneyRef, StartDate, EndDate) VALUES ('96808', 1505606400, 1505692799);
INSERT INTO DayOfOperation (VehicleJourneyRef, StartDate, EndDate) VALUES ('96808', 1506211200, 1506297599);
INSERT INTO DayOfOperation (VehicleJourneyRef, StartDate, EndDate) VALUES ('96808', 1506816000, 1506902399);
INSERT INTO DayOfOperation (VehicleJourneyRef, StartDate, EndDate) VALUES ('96808', 1507420800, 1507507199);
INSERT INTO DayOfOperation (VehicleJourneyRef, StartDate, EndDate) VALUES ('96808', 1508025600, 1508111999);
INSERT INTO DayOfOperation (VehicleJourneyRef, StartDate, EndDate) VALUES ('96808', 1508630400, 1508716799);
INSERT INTO DayOfNonOperation (VehicleJourneyRef, StartDate, EndDate) VALUES ('96808', 1508716800, 2524607999);
INSERT INTO VehicleJourney (VehicleJourneyCode, ServiceRef, LineRef, JourneyPatternRef, OperatorRef, Monday, Tuesday, Wednesday, Thursday, Friday, Saturday, Sunday, DepatureHour, DepatureMinute, DepatureSecond, Note, NoteCode) VALUES ('96809', 'FSACM03', '0', 'JPS_FSACM03-4', 'CAL', 0, 0, 0, 0, 0, 0, 1, 20, 45, 0, '', '');
INSERT INTO DayOfOperation (VehicleJourneyRef, StartDate, EndDate) VALUES ('96809', 1497744000, 1497830399);
INSERT INTO DayOfOperation (VehicleJourneyRef, StartDate, EndDate) VALUES ('96809', 1498348800, 1498435199);
INSERT INTO DayOfOperation (VehicleJourneyRef, StartDate, EndDate) VALUES ('96809', 1498953600, 1499039999);
INSERT INTO DayOfOperation (VehicleJourneyRef, StartDate, EndDate) VALUES ('96809', 1499558400, 1499644799);
INSERT INTO DayOfOperation (VehicleJourneyRef, StartDate, EndDate) VALUES ('96809', 1500163200, 1500249599);
INSERT INTO DayOfOperation (VehicleJourneyRef, StartDate, EndDate) VALUES ('96809', 1500768000, 1500854399);
INSERT INTO DayOfOperation (VehicleJourneyRef, StartDate, EndDate) VALUES ('96809', 1501372800, 1501459199);
INSERT INTO DayOfOperation (VehicleJourneyRef, StartDate, EndDate) VALUES ('96809', 1501977600, 1502063999);
INSERT INTO DayOfOperation (VehicleJourneyRef, StartDate, EndDate) VALUES ('96809', 1502582400, 1502668799);
INSERT INTO DayOfOperation (VehicleJourneyRef, StartDate, EndDate) VALUES ('96809', 1503187200, 1503273599);
INSERT INTO DayOfOperation (VehicleJourneyRef, StartDate, EndDate) VALUES ('96809', 1503792000, 1503878399);
INSERT INTO DayOfOperation (VehicleJourneyRef, StartDate, EndDate) VALUES ('96809', 1504396800, 1504483199);
INSERT INTO DayOfOperation (VehicleJourneyRef, StartDate, EndDate) VALUES ('96809', 1505001600, 1505087999);
INSERT INTO DayOfOperation (VehicleJourneyRef, StartDate, EndDate) VALUES ('96809', 1505606400, 1505692799);
INSERT INTO DayOfOperation (VehicleJourneyRef, StartDate, EndDate) VALUES ('96809', 1506211200, 1506297599);
INSERT INTO DayOfOperation (VehicleJourneyRef, StartDate, EndDate) VALUES ('96809', 1506816000, 1506902399);
INSERT INTO DayOfOperation (VehicleJourneyRef, StartDate, EndDate) VALUES ('96809', 1507420800, 1507507199);
INSERT INTO DayOfOperation (VehicleJourneyRef, StartDate, EndDate) VALUES ('96809', 1508025600, 1508111999);
INSERT INTO DayOfOperation (VehicleJourneyRef, StartDate, EndDate) VALUES ('96809', 1508630400, 1508716799);
INSERT INTO DayOfNonOperation (VehicleJourneyRef, StartDate, EndDate) VALUES ('96809', 1508716800, 2524607999);
INSERT INTO VehicleJourney (VehicleJourneyCode, ServiceRef, LineRef, JourneyPatternRef, OperatorRef, Monday, Tuesday, Wednesday, Thursday, Friday, Saturday, Sunday, DepatureHour, DepatureMinute, DepatureSecond, Note, NoteCode) VALUES ('96667', 'FSACM03', '0', 'JPS_FSACM03-3', 'CAL', 0, 0, 0, 0, 0, 1, 0, 21, 10, 0, '', '');
INSERT INTO DayOfOperation (VehicleJourneyRef, StartDate, EndDate) VALUES ('96667', 1497657600, 1497743999);
INSERT INTO DayOfOperation (VehicleJourneyRef, StartDate, EndDate) VALUES ('96667', 1498262400, 1498348799);
INSERT INTO DayOfOperation (VehicleJourneyRef, StartDate, EndDate) VALUES ('96667', 1498867200, 1498953599);
INSERT INTO DayOfOperation (VehicleJourneyRef, StartDate, EndDate) VALUES ('96667', 1499472000, 1499558399);
INSERT INTO DayOfOperation (VehicleJourneyRef, StartDate, EndDate) VALUES ('96667', 1500076800, 1500163199);
INSERT INTO DayOfOperation (VehicleJourneyRef, StartDate, EndDate) VALUES ('96667', 1500681600, 1500767999);
INSERT INTO DayOfOperation (VehicleJourneyRef, StartDate, EndDate) VALUES ('96667', 1501286400, 1501372799);
INSERT INTO DayOfOperation (VehicleJourneyRef, StartDate, EndDate) VALUES ('96667', 1501891200, 1501977599);
INSERT INTO DayOfOperation (VehicleJourneyRef, StartDate, EndDate) VALUES ('96667', 1502496000, 1502582399);
INSERT INTO DayOfOperation (VehicleJourneyRef, StartDate, EndDate) VALUES ('96667', 1503100800, 1503187199);
INSERT INTO DayOfNonOperation (VehicleJourneyRef, StartDate, EndDate) VALUES ('96667', 1490918400, 1496447999);
INSERT INTO DayOfNonOperation (VehicleJourneyRef, StartDate, EndDate) VALUES ('96667', 1503187200, 2524607999);
INSERT INTO VehicleJourney (VehicleJourneyCode, ServiceRef, LineRef, JourneyPatternRef, OperatorRef, Monday, Tuesday, Wednesday, Thursday, Friday, Saturday, Sunday, DepatureHour, DepatureMinute, DepatureSecond, Note, NoteCode) VALUES ('96781', 'FSACM03', '0', 'JPS_FSACM03-4', 'CAL', 0, 0, 0, 0, 0, 1, 0, 22, 0, 0, '', '');
INSERT INTO DayOfOperation (VehicleJourneyRef, StartDate, EndDate) VALUES ('96781', 1497657600, 1497743999);
INSERT INTO DayOfOperation (VehicleJourneyRef, StartDate, EndDate) VALUES ('96781', 1498262400, 1498348799);
INSERT INTO DayOfOperation (VehicleJourneyRef, StartDate, EndDate) VALUES ('96781', 1498867200, 1498953599);
INSERT INTO DayOfOperation (VehicleJourneyRef, StartDate, EndDate) VALUES ('96781', 1499472000, 1499558399);
INSERT INTO DayOfOperation (VehicleJourneyRef, StartDate, EndDate) VALUES ('96781', 1500076800, 1500163199);
INSERT INTO DayOfOperation (VehicleJourneyRef, StartDate, EndDate) VALUES ('96781', 1500681600, 1500767999);
INSERT INTO DayOfOperation (VehicleJourneyRef, StartDate, EndDate) VALUES ('96781', 1501286400, 1501372799);
INSERT INTO DayOfOperation (VehicleJourneyRef, StartDate, EndDate) VALUES ('96781', 1501891200, 1501977599);
INSERT INTO DayOfOperation (VehicleJourneyRef, StartDate, EndDate) VALUES ('96781', 1502496000, 1502582399);
INSERT INTO DayOfOperation (VehicleJourneyRef, StartDate, EndDate) VALUES ('96781', 1503100800, 1503187199);
INSERT INTO DayOfNonOperation (VehicleJourneyRef, StartDate, EndDate) VALUES ('96781', 1490918400, 1496447999);
INSERT INTO DayOfNonOperation (VehicleJourneyRef, StartDate, EndDate) VALUES ('96781', 1503187200, 2524607999);
INSERT INTO VehicleJourney (VehicleJourneyCode, ServiceRef, LineRef, JourneyPatternRef, OperatorRef, Monday, Tuesday, Wednesday, Thursday, Friday, Saturday, Sunday, DepatureHour, DepatureMinute, DepatureSecond, Note, NoteCode) VALUES ('96635', 'FSACM03', '0', 'JPS_FSACM03-3', 'CAL', 1, 1, 1, 1, 1, 0, 0, 6, 25, 0, '', '');
INSERT INTO DayOfNonOperation (VehicleJourneyRef, StartDate, EndDate) VALUES ('96635', 1490918400, 1508716799);
INSERT INTO DayOfNonOperation (VehicleJourneyRef, StartDate, EndDate) VALUES ('96635', 1514160000, 1514332799);
INSERT INTO DayOfNonOperation (VehicleJourneyRef, StartDate, EndDate) VALUES ('96635', 1514764800, 1514937599);
INSERT INTO VehicleJourney (VehicleJourneyCode, ServiceRef, LineRef, JourneyPatternRef, OperatorRef, Monday, Tuesday, Wednesday, Thursday, Friday, Saturday, Sunday, DepatureHour, DepatureMinute, DepatureSecond, Note, NoteCode) VALUES ('96636', 'FSACM03', '0', 'JPS_FSACM03-3', 'CAL', 1, 1, 1, 1, 1, 0, 0, 7, 0, 0, '', '');
INSERT INTO DayOfNonOperation (VehicleJourneyRef, StartDate, EndDate) VALUES ('96636', 1490918400, 1508716799);
INSERT INTO DayOfNonOperation (VehicleJourneyRef, StartDate, EndDate) VALUES ('96636', 1514160000, 1514332799);
INSERT INTO DayOfNonOperation (VehicleJourneyRef, StartDate, EndDate) VALUES ('96636', 1514764800, 1514937599);
INSERT INTO VehicleJourney (VehicleJourneyCode, ServiceRef, LineRef, JourneyPatternRef, OperatorRef, Monday, Tuesday, Wednesday, Thursday, Friday, Saturday, Sunday, DepatureHour, DepatureMinute, DepatureSecond, Note, NoteCode) VALUES ('96637', 'FSACM03', '0', 'JPS_FSACM03-3', 'CAL', 1, 1, 1, 1, 1, 0, 0, 8, 0, 0, '', '');
INSERT INTO DayOfNonOperation (VehicleJourneyRef, StartDate, EndDate) VALUES ('96637', 1490918400, 1508716799);
INSERT INTO DayOfNonOperation (VehicleJourneyRef, StartDate, EndDate) VALUES ('96637', 1514160000, 1514332799);
INSERT INTO DayOfNonOperation (VehicleJourneyRef, StartDate, EndDate) VALUES ('96637', 1514764800, 1514937599);
INSERT INTO VehicleJourney (VehicleJourneyCode, ServiceRef, LineRef, JourneyPatternRef, OperatorRef, Monday, Tuesday, Wednesday, Thursday, Friday, Saturday, Sunday, DepatureHour, DepatureMinute, DepatureSecond, Note, NoteCode) VALUES ('96638', 'FSACM03', '0', 'JPS_FSACM03-3', 'CAL', 1, 1, 1, 1, 1, 0, 0, 8, 40, 0, '', '');
INSERT INTO DayOfNonOperation (VehicleJourneyRef, StartDate, EndDate) VALUES ('96638', 1490918400, 1508716799);
INSERT INTO DayOfNonOperation (VehicleJourneyRef, StartDate, EndDate) VALUES ('96638', 1514160000, 1514332799);
INSERT INTO DayOfNonOperation (VehicleJourneyRef, StartDate, EndDate) VALUES ('96638', 1514764800, 1514937599);
INSERT INTO VehicleJourney (VehicleJourneyCode, ServiceRef, LineRef, JourneyPatternRef, OperatorRef, Monday, Tuesday, Wednesday, Thursday, Friday, Saturday, Sunday, DepatureHour, DepatureMinute, DepatureSecond, Note, NoteCode) VALUES ('96639', 'FSACM03', '0', 'JPS_FSACM03-3', 'CAL', 1, 1, 1, 1, 1, 0, 0, 9, 30, 0, '', '');
INSERT INTO DayOfNonOperation (VehicleJourneyRef, StartDate, EndDate) VALUES ('96639', 1490918400, 1508716799);
INSERT INTO DayOfNonOperation (VehicleJourneyRef, StartDate, EndDate) VALUES ('96639', 1514160000, 1514332799);
INSERT INTO DayOfNonOperation (VehicleJourneyRef, StartDate, EndDate) VALUES ('96639', 1514764800, 1514937599);
INSERT INTO VehicleJourney (VehicleJourneyCode, ServiceRef, LineRef, JourneyPatternRef, OperatorRef, Monday, Tuesday, Wednesday, Thursday, Friday, Saturday, Sunday, DepatureHour, DepatureMinute, DepatureSecond, Note, NoteCode) VALUES ('96640', 'FSACM03', '0', 'JPS_FSACM03-3', 'CAL', 1, 1, 1, 1, 1, 0, 0, 10, 10, 0, '', '');
INSERT INTO DayOfNonOperation (VehicleJourneyRef, StartDate, EndDate) VALUES ('96640', 1490918400, 1508716799);
INSERT INTO DayOfNonOperation (VehicleJourneyRef, StartDate, EndDate) VALUES ('96640', 1514160000, 1514332799);
INSERT INTO DayOfNonOperation (VehicleJourneyRef, StartDate, EndDate) VALUES ('96640', 1514764800, 1514937599);
INSERT INTO VehicleJourney (VehicleJourneyCode, ServiceRef, LineRef, JourneyPatternRef, OperatorRef, Monday, Tuesday, Wednesday, Thursday, Friday, Saturday, Sunday, DepatureHour, DepatureMinute, DepatureSecond, Note, NoteCode) VALUES ('96641', 'FSACM03', '0', 'JPS_FSACM03-3', 'CAL', 1, 1, 1, 1, 1, 0, 0, 11, 0, 0, '', '');
INSERT INTO DayOfNonOperation (VehicleJourneyRef, StartDate, EndDate) VALUES ('96641', 1490918400, 1508716799);
INSERT INTO DayOfNonOperation (VehicleJourneyRef, StartDate, EndDate) VALUES ('96641', 1514160000, 1514332799);
INSERT INTO DayOfNonOperation (VehicleJourneyRef, StartDate, EndDate) VALUES ('96641', 1514764800, 1514937599);
INSERT INTO VehicleJourney (VehicleJourneyCode, ServiceRef, LineRef, JourneyPatternRef, OperatorRef, Monday, Tuesday, Wednesday, Thursday, Friday, Saturday, Sunday, DepatureHour, DepatureMinute, DepatureSecond, Note, NoteCode) VALUES ('96642', 'FSACM03', '0', 'JPS_FSACM03-3', 'CAL', 1, 1, 1, 1, 1, 0, 0, 12, 0, 0, '', '');
INSERT INTO DayOfNonOperation (VehicleJourneyRef, StartDate, EndDate) VALUES ('96642', 1490918400, 1508716799);
INSERT INTO DayOfNonOperation (VehicleJourneyRef, StartDate, EndDate) VALUES ('96642', 1514160000, 1514332799);
INSERT INTO DayOfNonOperation (VehicleJourneyRef, StartDate, EndDate) VALUES ('96642', 1514764800, 1514937599);
INSERT INTO VehicleJourney (VehicleJourneyCode, ServiceRef, LineRef, JourneyPatternRef, OperatorRef, Monday, Tuesday, Wednesday, Thursday, Friday, Saturday, Sunday, DepatureHour, DepatureMinute, DepatureSecond, Note, NoteCode) VALUES ('96643', 'FSACM03', '0', 'JPS_FSACM03-3', 'CAL', 1, 1, 1, 1, 1, 0, 0, 13, 0, 0, '', '');
INSERT INTO DayOfNonOperation (VehicleJourneyRef, StartDate, EndDate) VALUES ('96643', 1490918400, 1508716799);
INSERT INTO DayOfNonOperation (VehicleJourneyRef, StartDate, EndDate) VALUES ('96643', 1514160000, 1514332799);
INSERT INTO DayOfNonOperation (VehicleJourneyRef, StartDate, EndDate) VALUES ('96643', 1514764800, 1514937599);
INSERT INTO VehicleJourney (VehicleJourneyCode, ServiceRef, LineRef, JourneyPatternRef, OperatorRef, Monday, Tuesday, Wednesday, Thursday, Friday, Saturday, Sunday, DepatureHour, DepatureMinute, DepatureSecond, Note, NoteCode) VALUES ('96644', 'FSACM03', '0', 'JPS_FSACM03-3', 'CAL', 1, 1, 1, 1, 1, 0, 0, 14, 0, 0, '', '');
INSERT INTO DayOfNonOperation (VehicleJourneyRef, StartDate, EndDate) VALUES ('96644', 1490918400, 1508716799);
INSERT INTO DayOfNonOperation (VehicleJourneyRef, StartDate, EndDate) VALUES ('96644', 1514160000, 1514332799);
INSERT INTO DayOfNonOperation (VehicleJourneyRef, StartDate, EndDate) VALUES ('96644', 1514764800, 1514937599);
INSERT INTO VehicleJourney (VehicleJourneyCode, ServiceRef, LineRef, JourneyPatternRef, OperatorRef, Monday, Tuesday, Wednesday, Thursday, Friday, Saturday, Sunday, DepatureHour, DepatureMinute, DepatureSecond, Note, NoteCode) VALUES ('96645', 'FSACM03', '0', 'JPS_FSACM03-3', 'CAL', 1, 1, 1, 1, 1, 0, 0, 15, 0, 0, '', '');
INSERT INTO DayOfNonOperation (VehicleJourneyRef, StartDate, EndDate) VALUES ('96645', 1490918400, 1508716799);
INSERT INTO DayOfNonOperation (VehicleJourneyRef, StartDate, EndDate) VALUES ('96645', 1514160000, 1514332799);
INSERT INTO DayOfNonOperation (VehicleJourneyRef, StartDate, EndDate) VALUES ('96645', 1514764800, 1514937599);
INSERT INTO VehicleJourney (VehicleJourneyCode, ServiceRef, LineRef, JourneyPatternRef, OperatorRef, Monday, Tuesday, Wednesday, Thursday, Friday, Saturday, Sunday, DepatureHour, DepatureMinute, DepatureSecond, Note, NoteCode) VALUES ('96646', 'FSACM03', '0', 'JPS_FSACM03-3', 'CAL', 1, 1, 1, 1, 1, 0, 0, 16, 0, 0, '', '');
INSERT INTO DayOfNonOperation (VehicleJourneyRef, StartDate, EndDate) VALUES ('96646', 1490918400, 1508716799);
INSERT INTO DayOfNonOperation (VehicleJourneyRef, StartDate, EndDate) VALUES ('96646', 1514160000, 1514332799);
INSERT INTO DayOfNonOperation (VehicleJourneyRef, StartDate, EndDate) VALUES ('96646', 1514764800, 1514937599);
INSERT INTO VehicleJourney (VehicleJourneyCode, ServiceRef, LineRef, JourneyPatternRef, OperatorRef, Monday, Tuesday, Wednesday, Thursday, Friday, Saturday, Sunday, DepatureHour, DepatureMinute, DepatureSecond, Note, NoteCode) VALUES ('96647', 'FSACM03', '0', 'JPS_FSACM03-3', 'CAL', 1, 1, 1, 1, 1, 0, 0, 16, 45, 0, '', '');
INSERT INTO DayOfNonOperation (VehicleJourneyRef, StartDate, EndDate) VALUES ('96647', 1490918400, 1508716799);
INSERT INTO DayOfNonOperation (VehicleJourneyRef, StartDate, EndDate) VALUES ('96647', 1514160000, 1514332799);
INSERT INTO DayOfNonOperation (VehicleJourneyRef, StartDate, EndDate) VALUES ('96647', 1514764800, 1514937599);
INSERT INTO VehicleJourney (VehicleJourneyCode, ServiceRef, LineRef, JourneyPatternRef, OperatorRef, Monday, Tuesday, Wednesday, Thursday, Friday, Saturday, Sunday, DepatureHour, DepatureMinute, DepatureSecond, Note, NoteCode) VALUES ('96648', 'FSACM03', '0', 'JPS_FSACM03-3', 'CAL', 1, 1, 1, 1, 1, 0, 0, 17, 30, 0, '', '');
INSERT INTO DayOfNonOperation (VehicleJourneyRef, StartDate, EndDate) VALUES ('96648', 1490918400, 1508716799);
INSERT INTO DayOfNonOperation (VehicleJourneyRef, StartDate, EndDate) VALUES ('96648', 1514160000, 1514332799);
INSERT INTO DayOfNonOperation (VehicleJourneyRef, StartDate, EndDate) VALUES ('96648', 1514764800, 1514937599);
INSERT INTO VehicleJourney (VehicleJourneyCode, ServiceRef, LineRef, JourneyPatternRef, OperatorRef, Monday, Tuesday, Wednesday, Thursday, Friday, Saturday, Sunday, DepatureHour, DepatureMinute, DepatureSecond, Note, NoteCode) VALUES ('96649', 'FSACM03', '0', 'JPS_FSACM03-3', 'CAL', 1, 1, 1, 1, 1, 0, 0, 18, 15, 0, '', '');
INSERT INTO DayOfNonOperation (VehicleJourneyRef, StartDate, EndDate) VALUES ('96649', 1490918400, 1508716799);
INSERT INTO DayOfNonOperation (VehicleJourneyRef, StartDate, EndDate) VALUES ('96649', 1514160000, 1514332799);
INSERT INTO DayOfNonOperation (VehicleJourneyRef, StartDate, EndDate) VALUES ('96649', 1514764800, 1514937599);
INSERT INTO VehicleJourney (VehicleJourneyCode, ServiceRef, LineRef, JourneyPatternRef, OperatorRef, Monday, Tuesday, Wednesday, Thursday, Friday, Saturday, Sunday, DepatureHour, DepatureMinute, DepatureSecond, Note, NoteCode) VALUES ('96650', 'FSACM03', '0', 'JPS_FSACM03-3', 'CAL', 1, 1, 1, 1, 1, 0, 0, 19, 0, 0, '', '');
INSERT INTO DayOfNonOperation (VehicleJourneyRef, StartDate, EndDate) VALUES ('96650', 1490918400, 1508716799);
INSERT INTO DayOfNonOperation (VehicleJourneyRef, StartDate, EndDate) VALUES ('96650', 1514160000, 1514332799);
INSERT INTO DayOfNonOperation (VehicleJourneyRef, StartDate, EndDate) VALUES ('96650', 1514764800, 1514937599);
INSERT INTO VehicleJourney (VehicleJourneyCode, ServiceRef, LineRef, JourneyPatternRef, OperatorRef, Monday, Tuesday, Wednesday, Thursday, Friday, Saturday, Sunday, DepatureHour, DepatureMinute, DepatureSecond, Note, NoteCode) VALUES ('96668', 'FSACM03', '0', 'JPS_FSACM03-3', 'CAL', 0, 0, 0, 0, 0, 1, 0, 8, 0, 0, '', '');
INSERT INTO DayOfOperation (VehicleJourneyRef, StartDate, EndDate) VALUES ('96668', 1509148800, 1509235199);
INSERT INTO DayOfOperation (VehicleJourneyRef, StartDate, EndDate) VALUES ('96668', 1509753600, 1509839999);
INSERT INTO DayOfOperation (VehicleJourneyRef, StartDate, EndDate) VALUES ('96668', 1510358400, 1510444799);
INSERT INTO DayOfOperation (VehicleJourneyRef, StartDate, EndDate) VALUES ('96668', 1510963200, 1511049599);
INSERT INTO DayOfOperation (VehicleJourneyRef, StartDate, EndDate) VALUES ('96668', 1511568000, 1511654399);
INSERT INTO DayOfOperation (VehicleJourneyRef, StartDate, EndDate) VALUES ('96668', 1512172800, 1512259199);
INSERT INTO DayOfOperation (VehicleJourneyRef, StartDate, EndDate) VALUES ('96668', 1512777600, 1512863999);
INSERT INTO DayOfOperation (VehicleJourneyRef, StartDate, EndDate) VALUES ('96668', 1513382400, 1513468799);
INSERT INTO DayOfOperation (VehicleJourneyRef, StartDate, EndDate) VALUES ('96668', 1513987200, 1514073599);
INSERT INTO DayOfOperation (VehicleJourneyRef, StartDate, EndDate) VALUES ('96668', 1514592000, 1514678399);
INSERT INTO DayOfOperation (VehicleJourneyRef, StartDate, EndDate) VALUES ('96668', 1515196800, 1515283199);
INSERT INTO DayOfOperation (VehicleJourneyRef, StartDate, EndDate) VALUES ('96668', 1515801600, 1515887999);
INSERT INTO DayOfOperation (VehicleJourneyRef, StartDate, EndDate) VALUES ('96668', 1516406400, 1516492799);
INSERT INTO DayOfOperation (VehicleJourneyRef, StartDate, EndDate) VALUES ('96668', 1517011200, 1517097599);
INSERT INTO DayOfOperation (VehicleJourneyRef, StartDate, EndDate) VALUES ('96668', 1517616000, 1517702399);
INSERT INTO DayOfOperation (VehicleJourneyRef, StartDate, EndDate) VALUES ('96668', 1518220800, 1518307199);
INSERT INTO DayOfOperation (VehicleJourneyRef, StartDate, EndDate) VALUES ('96668', 1518825600, 1518911999);
INSERT INTO DayOfOperation (VehicleJourneyRef, StartDate, EndDate) VALUES ('96668', 1519430400, 1519516799);
INSERT INTO DayOfOperation (VehicleJourneyRef, StartDate, EndDate) VALUES ('96668', 1520035200, 1520121599);
INSERT INTO DayOfOperation (VehicleJourneyRef, StartDate, EndDate) VALUES ('96668', 1520640000, 1520726399);
INSERT INTO DayOfOperation (VehicleJourneyRef, StartDate, EndDate) VALUES ('96668', 1521244800, 1521331199);
INSERT INTO DayOfOperation (VehicleJourneyRef, StartDate, EndDate) VALUES ('96668', 1521849600, 1521935999);
INSERT INTO DayOfOperation (VehicleJourneyRef, StartDate, EndDate) VALUES ('96668', 1522454400, 1522540799);
INSERT INTO DayOfOperation (VehicleJourneyRef, StartDate, EndDate) VALUES ('96668', 1523059200, 1523145599);
INSERT INTO DayOfOperation (VehicleJourneyRef, StartDate, EndDate) VALUES ('96668', 1523664000, 1523750399);
INSERT INTO DayOfOperation (VehicleJourneyRef, StartDate, EndDate) VALUES ('96668', 1524268800, 1524355199);
INSERT INTO DayOfOperation (VehicleJourneyRef, StartDate, EndDate) VALUES ('96668', 1524873600, 1524959999);
INSERT INTO DayOfOperation (VehicleJourneyRef, StartDate, EndDate) VALUES ('96668', 1525478400, 1525564799);
INSERT INTO DayOfOperation (VehicleJourneyRef, StartDate, EndDate) VALUES ('96668', 1526083200, 1526169599);
INSERT INTO DayOfOperation (VehicleJourneyRef, StartDate, EndDate) VALUES ('96668', 1526688000, 1526774399);
INSERT INTO DayOfOperation (VehicleJourneyRef, StartDate, EndDate) VALUES ('96668', 1527292800, 1527379199);
INSERT INTO DayOfOperation (VehicleJourneyRef, StartDate, EndDate) VALUES ('96668', 1527897600, 1527983999);
INSERT INTO DayOfOperation (VehicleJourneyRef, StartDate, EndDate) VALUES ('96668', 1528502400, 1528588799);
INSERT INTO DayOfNonOperation (VehicleJourneyRef, StartDate, EndDate) VALUES ('96668', 1490918400, 1508716799);
INSERT INTO VehicleJourney (VehicleJourneyCode, ServiceRef, LineRef, JourneyPatternRef, OperatorRef, Monday, Tuesday, Wednesday, Thursday, Friday, Saturday, Sunday, DepatureHour, DepatureMinute, DepatureSecond, Note, NoteCode) VALUES ('96669', 'FSACM03', '0', 'JPS_FSACM03-3', 'CAL', 0, 0, 0, 0, 0, 1, 0, 8, 40, 0, '', '');
INSERT INTO DayOfOperation (VehicleJourneyRef, StartDate, EndDate) VALUES ('96669', 1509148800, 1509235199);
INSERT INTO DayOfOperation (VehicleJourneyRef, StartDate, EndDate) VALUES ('96669', 1509753600, 1509839999);
INSERT INTO DayOfOperation (VehicleJourneyRef, StartDate, EndDate) VALUES ('96669', 1510358400, 1510444799);
INSERT INTO DayOfOperation (VehicleJourneyRef, StartDate, EndDate) VALUES ('96669', 1510963200, 1511049599);
INSERT INTO DayOfOperation (VehicleJourneyRef, StartDate, EndDate) VALUES ('96669', 1511568000, 1511654399);
INSERT INTO DayOfOperation (VehicleJourneyRef, StartDate, EndDate) VALUES ('96669', 1512172800, 1512259199);
INSERT INTO DayOfOperation (VehicleJourneyRef, StartDate, EndDate) VALUES ('96669', 1512777600, 1512863999);
INSERT INTO DayOfOperation (VehicleJourneyRef, StartDate, EndDate) VALUES ('96669', 1513382400, 1513468799);
INSERT INTO DayOfOperation (VehicleJourneyRef, StartDate, EndDate) VALUES ('96669', 1513987200, 1514073599);
INSERT INTO DayOfOperation (VehicleJourneyRef, StartDate, EndDate) VALUES ('96669', 1514592000, 1514678399);
INSERT INTO DayOfOperation (VehicleJourneyRef, StartDate, EndDate) VALUES ('96669', 1515196800, 1515283199);
INSERT INTO DayOfOperation (VehicleJourneyRef, StartDate, EndDate) VALUES ('96669', 1515801600, 1515887999);
INSERT INTO DayOfOperation (VehicleJourneyRef, StartDate, EndDate) VALUES ('96669', 1516406400, 1516492799);
INSERT INTO DayOfOperation (VehicleJourneyRef, StartDate, EndDate) VALUES ('96669', 1517011200, 1517097599);
INSERT INTO DayOfOperation (VehicleJourneyRef, StartDate, EndDate) VALUES ('96669', 1517616000, 1517702399);
INSERT INTO DayOfOperation (VehicleJourneyRef, StartDate, EndDate) VALUES ('96669', 1518220800, 1518307199);
INSERT INTO DayOfOperation (VehicleJourneyRef, StartDate, EndDate) VALUES ('96669', 1518825600, 1518911999);
INSERT INTO DayOfOperation (VehicleJourneyRef, StartDate, EndDate) VALUES ('96669', 1519430400, 1519516799);
INSERT INTO DayOfOperation (VehicleJourneyRef, StartDate, EndDate) VALUES ('96669', 1520035200, 1520121599);
INSERT INTO DayOfOperation (VehicleJourneyRef, StartDate, EndDate) VALUES ('96669', 1520640000, 1520726399);
INSERT INTO DayOfOperation (VehicleJourneyRef, StartDate, EndDate) VALUES ('96669', 1521244800, 1521331199);
INSERT INTO DayOfOperation (VehicleJourneyRef, StartDate, EndDate) VALUES ('96669', 1521849600, 1521935999);
INSERT INTO DayOfOperation (VehicleJourneyRef, StartDate, EndDate) VALUES ('96669', 1522454400, 1522540799);
INSERT INTO DayOfOperation (VehicleJourneyRef, StartDate, EndDate) VALUES ('96669', 1523059200, 1523145599);
INSERT INTO DayOfOperation (VehicleJourneyRef, StartDate, EndDate) VALUES ('96669', 1523664000, 1523750399);
INSERT INTO DayOfOperation (VehicleJourneyRef, StartDate, EndDate) VALUES ('96669', 1524268800, 1524355199);
INSERT INTO DayOfOperation (VehicleJourneyRef, StartDate, EndDate) VALUES ('96669', 1524873600, 1524959999);
INSERT INTO DayOfOperation (VehicleJourneyRef, StartDate, EndDate) VALUES ('96669', 1525478400, 1525564799);
INSERT INTO DayOfOperation (VehicleJourneyRef, StartDate, EndDate) VALUES ('96669', 1526083200, 1526169599);
INSERT INTO DayOfOperation (VehicleJourneyRef, StartDate, EndDate) VALUES ('96669', 1526688000, 1526774399);
INSERT INTO DayOfOperation (VehicleJourneyRef, StartDate, EndDate) VALUES ('96669', 1527292800, 1527379199);
INSERT INTO DayOfOperation (VehicleJourneyRef, StartDate, EndDate) VALUES ('96669', 1527897600, 1527983999);
INSERT INTO DayOfOperation (VehicleJourneyRef, StartDate, EndDate) VALUES ('96669', 1528502400, 1528588799);
INSERT INTO DayOfNonOperation (VehicleJourneyRef, StartDate, EndDate) VALUES ('96669', 1490918400, 1508716799);
INSERT INTO VehicleJourney (VehicleJourneyCode, ServiceRef, LineRef, JourneyPatternRef, OperatorRef, Monday, Tuesday, Wednesday, Thursday, Friday, Saturday, Sunday, DepatureHour, DepatureMinute, DepatureSecond, Note, NoteCode) VALUES ('96670', 'FSACM03', '0', 'JPS_FSACM03-3', 'CAL', 0, 0, 0, 0, 0, 1, 0, 9, 30, 0, '', '');
INSERT INTO DayOfOperation (VehicleJourneyRef, StartDate, EndDate) VALUES ('96670', 1509148800, 1509235199);
INSERT INTO DayOfOperation (VehicleJourneyRef, StartDate, EndDate) VALUES ('96670', 1509753600, 1509839999);
INSERT INTO DayOfOperation (VehicleJourneyRef, StartDate, EndDate) VALUES ('96670', 1510358400, 1510444799);
INSERT INTO DayOfOperation (VehicleJourneyRef, StartDate, EndDate) VALUES ('96670', 1510963200, 1511049599);
INSERT INTO DayOfOperation (VehicleJourneyRef, StartDate, EndDate) VALUES ('96670', 1511568000, 1511654399);
INSERT INTO DayOfOperation (VehicleJourneyRef, StartDate, EndDate) VALUES ('96670', 1512172800, 1512259199);
INSERT INTO DayOfOperation (VehicleJourneyRef, StartDate, EndDate) VALUES ('96670', 1512777600, 1512863999);
INSERT INTO DayOfOperation (VehicleJourneyRef, StartDate, EndDate) VALUES ('96670', 1513382400, 1513468799);
INSERT INTO DayOfOperation (VehicleJourneyRef, StartDate, EndDate) VALUES ('96670', 1513987200, 1514073599);
INSERT INTO DayOfOperation (VehicleJourneyRef, StartDate, EndDate) VALUES ('96670', 1514592000, 1514678399);
INSERT INTO DayOfOperation (VehicleJourneyRef, StartDate, EndDate) VALUES ('96670', 1515196800, 1515283199);
INSERT INTO DayOfOperation (VehicleJourneyRef, StartDate, EndDate) VALUES ('96670', 1515801600, 1515887999);
INSERT INTO DayOfOperation (VehicleJourneyRef, StartDate, EndDate) VALUES ('96670', 1516406400, 1516492799);
INSERT INTO DayOfOperation (VehicleJourneyRef, StartDate, EndDate) VALUES ('96670', 1517011200, 1517097599);
INSERT INTO DayOfOperation (VehicleJourneyRef, StartDate, EndDate) VALUES ('96670', 1517616000, 1517702399);
INSERT INTO DayOfOperation (VehicleJourneyRef, StartDate, EndDate) VALUES ('96670', 1518220800, 1518307199);
INSERT INTO DayOfOperation (VehicleJourneyRef, StartDate, EndDate) VALUES ('96670', 1518825600, 1518911999);
INSERT INTO DayOfOperation (VehicleJourneyRef, StartDate, EndDate) VALUES ('96670', 1519430400, 1519516799);
INSERT INTO DayOfOperation (VehicleJourneyRef, StartDate, EndDate) VALUES ('96670', 1520035200, 1520121599);
INSERT INTO DayOfOperation (VehicleJourneyRef, StartDate, EndDate) VALUES ('96670', 1520640000, 1520726399);
INSERT INTO DayOfOperation (VehicleJourneyRef, StartDate, EndDate) VALUES ('96670', 1521244800, 1521331199);
INSERT INTO DayOfOperation (VehicleJourneyRef, StartDate, EndDate) VALUES ('96670', 1521849600, 1521935999);
INSERT INTO DayOfOperation (VehicleJourneyRef, StartDate, EndDate) VALUES ('96670', 1522454400, 1522540799);
INSERT INTO DayOfOperation (VehicleJourneyRef, StartDate, EndDate) VALUES ('96670', 1523059200, 1523145599);
INSERT INTO DayOfOperation (VehicleJourneyRef, StartDate, EndDate) VALUES ('96670', 1523664000, 1523750399);
INSERT INTO DayOfOperation (VehicleJourneyRef, StartDate, EndDate) VALUES ('96670', 1524268800, 1524355199);
INSERT INTO DayOfOperation (VehicleJourneyRef, StartDate, EndDate) VALUES ('96670', 1524873600, 1524959999);
INSERT INTO DayOfOperation (VehicleJourneyRef, StartDate, EndDate) VALUES ('96670', 1525478400, 1525564799);
INSERT INTO DayOfOperation (VehicleJourneyRef, StartDate, EndDate) VALUES ('96670', 1526083200, 1526169599);
INSERT INTO DayOfOperation (VehicleJourneyRef, StartDate, EndDate) VALUES ('96670', 1526688000, 1526774399);
INSERT INTO DayOfOperation (VehicleJourneyRef, StartDate, EndDate) VALUES ('96670', 1527292800, 1527379199);
INSERT INTO DayOfOperation (VehicleJourneyRef, StartDate, EndDate) VALUES ('96670', 1527897600, 1527983999);
INSERT INTO DayOfOperation (VehicleJourneyRef, StartDate, EndDate) VALUES ('96670', 1528502400, 1528588799);
INSERT INTO DayOfNonOperation (VehicleJourneyRef, StartDate, EndDate) VALUES ('96670', 1490918400, 1508716799);
INSERT INTO VehicleJourney (VehicleJourneyCode, ServiceRef, LineRef, JourneyPatternRef, OperatorRef, Monday, Tuesday, Wednesday, Thursday, Friday, Saturday, Sunday, DepatureHour, DepatureMinute, DepatureSecond, Note, NoteCode) VALUES ('96671', 'FSACM03', '0', 'JPS_FSACM03-3', 'CAL', 0, 0, 0, 0, 0, 1, 0, 10, 10, 0, '', '');
INSERT INTO DayOfOperation (VehicleJourneyRef, StartDate, EndDate) VALUES ('96671', 1509148800, 1509235199);
INSERT INTO DayOfOperation (VehicleJourneyRef, StartDate, EndDate) VALUES ('96671', 1509753600, 1509839999);
INSERT INTO DayOfOperation (VehicleJourneyRef, StartDate, EndDate) VALUES ('96671', 1510358400, 1510444799);
INSERT INTO DayOfOperation (VehicleJourneyRef, StartDate, EndDate) VALUES ('96671', 1510963200, 1511049599);
INSERT INTO DayOfOperation (VehicleJourneyRef, StartDate, EndDate) VALUES ('96671', 1511568000, 1511654399);
INSERT INTO DayOfOperation (VehicleJourneyRef, StartDate, EndDate) VALUES ('96671', 1512172800, 1512259199);
INSERT INTO DayOfOperation (VehicleJourneyRef, StartDate, EndDate) VALUES ('96671', 1512777600, 1512863999);
INSERT INTO DayOfOperation (VehicleJourneyRef, StartDate, EndDate) VALUES ('96671', 1513382400, 1513468799);
INSERT INTO DayOfOperation (VehicleJourneyRef, StartDate, EndDate) VALUES ('96671', 1513987200, 1514073599);
INSERT INTO DayOfOperation (VehicleJourneyRef, StartDate, EndDate) VALUES ('96671', 1514592000, 1514678399);
INSERT INTO DayOfOperation (VehicleJourneyRef, StartDate, EndDate) VALUES ('96671', 1515196800, 1515283199);
INSERT INTO DayOfOperation (VehicleJourneyRef, StartDate, EndDate) VALUES ('96671', 1515801600, 1515887999);
INSERT INTO DayOfOperation (VehicleJourneyRef, StartDate, EndDate) VALUES ('96671', 1516406400, 1516492799);
INSERT INTO DayOfOperation (VehicleJourneyRef, StartDate, EndDate) VALUES ('96671', 1517011200, 1517097599);
INSERT INTO DayOfOperation (VehicleJourneyRef, StartDate, EndDate) VALUES ('96671', 1517616000, 1517702399);
INSERT INTO DayOfOperation (VehicleJourneyRef, StartDate, EndDate) VALUES ('96671', 1518220800, 1518307199);
INSERT INTO DayOfOperation (VehicleJourneyRef, StartDate, EndDate) VALUES ('96671', 1518825600, 1518911999);
INSERT INTO DayOfOperation (VehicleJourneyRef, StartDate, EndDate) VALUES ('96671', 1519430400, 1519516799);
INSERT INTO DayOfOperation (VehicleJourneyRef, StartDate, EndDate) VALUES ('96671', 1520035200, 1520121599);
INSERT INTO DayOfOperation (VehicleJourneyRef, StartDate, EndDate) VALUES ('96671', 1520640000, 1520726399);
INSERT INTO DayOfOperation (VehicleJourneyRef, StartDate, EndDate) VALUES ('96671', 1521244800, 1521331199);
INSERT INTO DayOfOperation (VehicleJourneyRef, StartDate, EndDate) VALUES ('96671', 1521849600, 1521935999);
INSERT INTO DayOfOperation (VehicleJourneyRef, StartDate, EndDate) VALUES ('96671', 1522454400, 1522540799);
INSERT INTO DayOfOperation (VehicleJourneyRef, StartDate, EndDate) VALUES ('96671', 1523059200, 1523145599);
INSERT INTO DayOfOperation (VehicleJourneyRef, StartDate, EndDate) VALUES ('96671', 1523664000, 1523750399);
INSERT INTO DayOfOperation (VehicleJourneyRef, StartDate, EndDate) VALUES ('96671', 1524268800, 1524355199);
INSERT INTO DayOfOperation (VehicleJourneyRef, StartDate, EndDate) VALUES ('96671', 1524873600, 1524959999);
INSERT INTO DayOfOperation (VehicleJourneyRef, StartDate, EndDate) VALUES ('96671', 1525478400, 1525564799);
INSERT INTO DayOfOperation (VehicleJourneyRef, StartDate, EndDate) VALUES ('96671', 1526083200, 1526169599);
INSERT INTO DayOfOperation (VehicleJourneyRef, StartDate, EndDate) VALUES ('96671', 1526688000, 1526774399);
INSERT INTO DayOfOperation (VehicleJourneyRef, StartDate, EndDate) VALUES ('96671', 1527292800, 1527379199);
INSERT INTO DayOfOperation (VehicleJourneyRef, StartDate, EndDate) VALUES ('96671', 1527897600, 1527983999);
INSERT INTO DayOfOperation (VehicleJourneyRef, StartDate, EndDate) VALUES ('96671', 1528502400, 1528588799);
INSERT INTO DayOfNonOperation (VehicleJourneyRef, StartDate, EndDate) VALUES ('96671', 1490918400, 1508716799);
INSERT INTO VehicleJourney (VehicleJourneyCode, ServiceRef, LineRef, JourneyPatternRef, OperatorRef, Monday, Tuesday, Wednesday, Thursday, Friday, Saturday, Sunday, DepatureHour, DepatureMinute, DepatureSecond, Note, NoteCode) VALUES ('96672', 'FSACM03', '0', 'JPS_FSACM03-3', 'CAL', 0, 0, 0, 0, 0, 1, 0, 11, 0, 0, '', '');
INSERT INTO DayOfOperation (VehicleJourneyRef, StartDate, EndDate) VALUES ('96672', 1509148800, 1509235199);
INSERT INTO DayOfOperation (VehicleJourneyRef, StartDate, EndDate) VALUES ('96672', 1509753600, 1509839999);
INSERT INTO DayOfOperation (VehicleJourneyRef, StartDate, EndDate) VALUES ('96672', 1510358400, 1510444799);
INSERT INTO DayOfOperation (VehicleJourneyRef, StartDate, EndDate) VALUES ('96672', 1510963200, 1511049599);
INSERT INTO DayOfOperation (VehicleJourneyRef, StartDate, EndDate) VALUES ('96672', 1511568000, 1511654399);
INSERT INTO DayOfOperation (VehicleJourneyRef, StartDate, EndDate) VALUES ('96672', 1512172800, 1512259199);
INSERT INTO DayOfOperation (VehicleJourneyRef, StartDate, EndDate) VALUES ('96672', 1512777600, 1512863999);
INSERT INTO DayOfOperation (VehicleJourneyRef, StartDate, EndDate) VALUES ('96672', 1513382400, 1513468799);
INSERT INTO DayOfOperation (VehicleJourneyRef, StartDate, EndDate) VALUES ('96672', 1513987200, 1514073599);
INSERT INTO DayOfOperation (VehicleJourneyRef, StartDate, EndDate) VALUES ('96672', 1514592000, 1514678399);
INSERT INTO DayOfOperation (VehicleJourneyRef, StartDate, EndDate) VALUES ('96672', 1515196800, 1515283199);
INSERT INTO DayOfOperation (VehicleJourneyRef, StartDate, EndDate) VALUES ('96672', 1515801600, 1515887999);
INSERT INTO DayOfOperation (VehicleJourneyRef, StartDate, EndDate) VALUES ('96672', 1516406400, 1516492799);
INSERT INTO DayOfOperation (VehicleJourneyRef, StartDate, EndDate) VALUES ('96672', 1517011200, 1517097599);
INSERT INTO DayOfOperation (VehicleJourneyRef, StartDate, EndDate) VALUES ('96672', 1517616000, 1517702399);
INSERT INTO DayOfOperation (VehicleJourneyRef, StartDate, EndDate) VALUES ('96672', 1518220800, 1518307199);
INSERT INTO DayOfOperation (VehicleJourneyRef, StartDate, EndDate) VALUES ('96672', 1518825600, 1518911999);
INSERT INTO DayOfOperation (VehicleJourneyRef, StartDate, EndDate) VALUES ('96672', 1519430400, 1519516799);
INSERT INTO DayOfOperation (VehicleJourneyRef, StartDate, EndDate) VALUES ('96672', 1520035200, 1520121599);
INSERT INTO DayOfOperation (VehicleJourneyRef, StartDate, EndDate) VALUES ('96672', 1520640000, 1520726399);
INSERT INTO DayOfOperation (VehicleJourneyRef, StartDate, EndDate) VALUES ('96672', 1521244800, 1521331199);
INSERT INTO DayOfOperation (VehicleJourneyRef, StartDate, EndDate) VALUES ('96672', 1521849600, 1521935999);
INSERT INTO DayOfOperation (VehicleJourneyRef, StartDate, EndDate) VALUES ('96672', 1522454400, 1522540799);
INSERT INTO DayOfOperation (VehicleJourneyRef, StartDate, EndDate) VALUES ('96672', 1523059200, 1523145599);
INSERT INTO DayOfOperation (VehicleJourneyRef, StartDate, EndDate) VALUES ('96672', 1523664000, 1523750399);
INSERT INTO DayOfOperation (VehicleJourneyRef, StartDate, EndDate) VALUES ('96672', 1524268800, 1524355199);
INSERT INTO DayOfOperation (VehicleJourneyRef, StartDate, EndDate) VALUES ('96672', 1524873600, 1524959999);
INSERT INTO DayOfOperation (VehicleJourneyRef, StartDate, EndDate) VALUES ('96672', 1525478400, 1525564799);
INSERT INTO DayOfOperation (VehicleJourneyRef, StartDate, EndDate) VALUES ('96672', 1526083200, 1526169599);
INSERT INTO DayOfOperation (VehicleJourneyRef, StartDate, EndDate) VALUES ('96672', 1526688000, 1526774399);
INSERT INTO DayOfOperation (VehicleJourneyRef, StartDate, EndDate) VALUES ('96672', 1527292800, 1527379199);
INSERT INTO DayOfOperation (VehicleJourneyRef, StartDate, EndDate) VALUES ('96672', 1527897600, 1527983999);
INSERT INTO DayOfOperation (VehicleJourneyRef, StartDate, EndDate) VALUES ('96672', 1528502400, 1528588799);
INSERT INTO DayOfNonOperation (VehicleJourneyRef, StartDate, EndDate) VALUES ('96672', 1490918400, 1508716799);
INSERT INTO VehicleJourney (VehicleJourneyCode, ServiceRef, LineRef, JourneyPatternRef, OperatorRef, Monday, Tuesday, Wednesday, Thursday, Friday, Saturday, Sunday, DepatureHour, DepatureMinute, DepatureSecond, Note, NoteCode) VALUES ('96673', 'FSACM03', '0', 'JPS_FSACM03-3', 'CAL', 0, 0, 0, 0, 0, 1, 0, 12, 0, 0, '', '');
INSERT INTO DayOfOperation (VehicleJourneyRef, StartDate, EndDate) VALUES ('96673', 1509148800, 1509235199);
INSERT INTO DayOfOperation (VehicleJourneyRef, StartDate, EndDate) VALUES ('96673', 1509753600, 1509839999);
INSERT INTO DayOfOperation (VehicleJourneyRef, StartDate, EndDate) VALUES ('96673', 1510358400, 1510444799);
INSERT INTO DayOfOperation (VehicleJourneyRef, StartDate, EndDate) VALUES ('96673', 1510963200, 1511049599);
INSERT INTO DayOfOperation (VehicleJourneyRef, StartDate, EndDate) VALUES ('96673', 1511568000, 1511654399);
INSERT INTO DayOfOperation (VehicleJourneyRef, StartDate, EndDate) VALUES ('96673', 1512172800, 1512259199);
INSERT INTO DayOfOperation (VehicleJourneyRef, StartDate, EndDate) VALUES ('96673', 1512777600, 1512863999);
INSERT INTO DayOfOperation (VehicleJourneyRef, StartDate, EndDate) VALUES ('96673', 1513382400, 1513468799);
INSERT INTO DayOfOperation (VehicleJourneyRef, StartDate, EndDate) VALUES ('96673', 1513987200, 1514073599);
INSERT INTO DayOfOperation (VehicleJourneyRef, StartDate, EndDate) VALUES ('96673', 1514592000, 1514678399);
INSERT INTO DayOfOperation (VehicleJourneyRef, StartDate, EndDate) VALUES ('96673', 1515196800, 1515283199);
INSERT INTO DayOfOperation (VehicleJourneyRef, StartDate, EndDate) VALUES ('96673', 1515801600, 1515887999);
INSERT INTO DayOfOperation (VehicleJourneyRef, StartDate, EndDate) VALUES ('96673', 1516406400, 1516492799);
INSERT INTO DayOfOperation (VehicleJourneyRef, StartDate, EndDate) VALUES ('96673', 1517011200, 1517097599);
INSERT INTO DayOfOperation (VehicleJourneyRef, StartDate, EndDate) VALUES ('96673', 1517616000, 1517702399);
INSERT INTO DayOfOperation (VehicleJourneyRef, StartDate, EndDate) VALUES ('96673', 1518220800, 1518307199);
INSERT INTO DayOfOperation (VehicleJourneyRef, StartDate, EndDate) VALUES ('96673', 1518825600, 1518911999);
INSERT INTO DayOfOperation (VehicleJourneyRef, StartDate, EndDate) VALUES ('96673', 1519430400, 1519516799);
INSERT INTO DayOfOperation (VehicleJourneyRef, StartDate, EndDate) VALUES ('96673', 1520035200, 1520121599);
INSERT INTO DayOfOperation (VehicleJourneyRef, StartDate, EndDate) VALUES ('96673', 1520640000, 1520726399);
INSERT INTO DayOfOperation (VehicleJourneyRef, StartDate, EndDate) VALUES ('96673', 1521244800, 1521331199);
INSERT INTO DayOfOperation (VehicleJourneyRef, StartDate, EndDate) VALUES ('96673', 1521849600, 1521935999);
INSERT INTO DayOfOperation (VehicleJourneyRef, StartDate, EndDate) VALUES ('96673', 1522454400, 1522540799);
INSERT INTO DayOfOperation (VehicleJourneyRef, StartDate, EndDate) VALUES ('96673', 1523059200, 1523145599);
INSERT INTO DayOfOperation (VehicleJourneyRef, StartDate, EndDate) VALUES ('96673', 1523664000, 1523750399);
INSERT INTO DayOfOperation (VehicleJourneyRef, StartDate, EndDate) VALUES ('96673', 1524268800, 1524355199);
INSERT INTO DayOfOperation (VehicleJourneyRef, StartDate, EndDate) VALUES ('96673', 1524873600, 1524959999);
INSERT INTO DayOfOperation (VehicleJourneyRef, StartDate, EndDate) VALUES ('96673', 1525478400, 1525564799);
INSERT INTO DayOfOperation (VehicleJourneyRef, StartDate, EndDate) VALUES ('96673', 1526083200, 1526169599);
INSERT INTO DayOfOperation (VehicleJourneyRef, StartDate, EndDate) VALUES ('96673', 1526688000, 1526774399);
INSERT INTO DayOfOperation (VehicleJourneyRef, StartDate, EndDate) VALUES ('96673', 1527292800, 1527379199);
INSERT INTO DayOfOperation (VehicleJourneyRef, StartDate, EndDate) VALUES ('96673', 1527897600, 1527983999);
INSERT INTO DayOfOperation (VehicleJourneyRef, StartDate, EndDate) VALUES ('96673', 1528502400, 1528588799);
INSERT INTO DayOfNonOperation (VehicleJourneyRef, StartDate, EndDate) VALUES ('96673', 1490918400, 1508716799);
INSERT INTO VehicleJourney (VehicleJourneyCode, ServiceRef, LineRef, JourneyPatternRef, OperatorRef, Monday, Tuesday, Wednesday, Thursday, Friday, Saturday, Sunday, DepatureHour, DepatureMinute, DepatureSecond, Note, NoteCode) VALUES ('96674', 'FSACM03', '0', 'JPS_FSACM03-3', 'CAL', 0, 0, 0, 0, 0, 1, 0, 13, 0, 0, '', '');
INSERT INTO DayOfOperation (VehicleJourneyRef, StartDate, EndDate) VALUES ('96674', 1509148800, 1509235199);
INSERT INTO DayOfOperation (VehicleJourneyRef, StartDate, EndDate) VALUES ('96674', 1509753600, 1509839999);
INSERT INTO DayOfOperation (VehicleJourneyRef, StartDate, EndDate) VALUES ('96674', 1510358400, 1510444799);
INSERT INTO DayOfOperation (VehicleJourneyRef, StartDate, EndDate) VALUES ('96674', 1510963200, 1511049599);
INSERT INTO DayOfOperation (VehicleJourneyRef, StartDate, EndDate) VALUES ('96674', 1511568000, 1511654399);
INSERT INTO DayOfOperation (VehicleJourneyRef, StartDate, EndDate) VALUES ('96674', 1512172800, 1512259199);
INSERT INTO DayOfOperation (VehicleJourneyRef, StartDate, EndDate) VALUES ('96674', 1512777600, 1512863999);
INSERT INTO DayOfOperation (VehicleJourneyRef, StartDate, EndDate) VALUES ('96674', 1513382400, 1513468799);
INSERT INTO DayOfOperation (VehicleJourneyRef, StartDate, EndDate) VALUES ('96674', 1513987200, 1514073599);
INSERT INTO DayOfOperation (VehicleJourneyRef, StartDate, EndDate) VALUES ('96674', 1514592000, 1514678399);
INSERT INTO DayOfOperation (VehicleJourneyRef, StartDate, EndDate) VALUES ('96674', 1515196800, 1515283199);
INSERT INTO DayOfOperation (VehicleJourneyRef, StartDate, EndDate) VALUES ('96674', 1515801600, 1515887999);
INSERT INTO DayOfOperation (VehicleJourneyRef, StartDate, EndDate) VALUES ('96674', 1516406400, 1516492799);
INSERT INTO DayOfOperation (VehicleJourneyRef, StartDate, EndDate) VALUES ('96674', 1517011200, 1517097599);
INSERT INTO DayOfOperation (VehicleJourneyRef, StartDate, EndDate) VALUES ('96674', 1517616000, 1517702399);
INSERT INTO DayOfOperation (VehicleJourneyRef, StartDate, EndDate) VALUES ('96674', 1518220800, 1518307199);
INSERT INTO DayOfOperation (VehicleJourneyRef, StartDate, EndDate) VALUES ('96674', 1518825600, 1518911999);
INSERT INTO DayOfOperation (VehicleJourneyRef, StartDate, EndDate) VALUES ('96674', 1519430400, 1519516799);
INSERT INTO DayOfOperation (VehicleJourneyRef, StartDate, EndDate) VALUES ('96674', 1520035200, 1520121599);
INSERT INTO DayOfOperation (VehicleJourneyRef, StartDate, EndDate) VALUES ('96674', 1520640000, 1520726399);
INSERT INTO DayOfOperation (VehicleJourneyRef, StartDate, EndDate) VALUES ('96674', 1521244800, 1521331199);
INSERT INTO DayOfOperation (VehicleJourneyRef, StartDate, EndDate) VALUES ('96674', 1521849600, 1521935999);
INSERT INTO DayOfOperation (VehicleJourneyRef, StartDate, EndDate) VALUES ('96674', 1522454400, 1522540799);
INSERT INTO DayOfOperation (VehicleJourneyRef, StartDate, EndDate) VALUES ('96674', 1523059200, 1523145599);
INSERT INTO DayOfOperation (VehicleJourneyRef, StartDate, EndDate) VALUES ('96674', 1523664000, 1523750399);
INSERT INTO DayOfOperation (VehicleJourneyRef, StartDate, EndDate) VALUES ('96674', 1524268800, 1524355199);
INSERT INTO DayOfOperation (VehicleJourneyRef, StartDate, EndDate) VALUES ('96674', 1524873600, 1524959999);
INSERT INTO DayOfOperation (VehicleJourneyRef, StartDate, EndDate) VALUES ('96674', 1525478400, 1525564799);
INSERT INTO DayOfOperation (VehicleJourneyRef, StartDate, EndDate) VALUES ('96674', 1526083200, 1526169599);
INSERT INTO DayOfOperation (VehicleJourneyRef, StartDate, EndDate) VALUES ('96674', 1526688000, 1526774399);
INSERT INTO DayOfOperation (VehicleJourneyRef, StartDate, EndDate) VALUES ('96674', 1527292800, 1527379199);
INSERT INTO DayOfOperation (VehicleJourneyRef, StartDate, EndDate) VALUES ('96674', 1527897600, 1527983999);
INSERT INTO DayOfOperation (VehicleJourneyRef, StartDate, EndDate) VALUES ('96674', 1528502400, 1528588799);
INSERT INTO DayOfNonOperation (VehicleJourneyRef, StartDate, EndDate) VALUES ('96674', 1490918400, 1508716799);
INSERT INTO VehicleJourney (VehicleJourneyCode, ServiceRef, LineRef, JourneyPatternRef, OperatorRef, Monday, Tuesday, Wednesday, Thursday, Friday, Saturday, Sunday, DepatureHour, DepatureMinute, DepatureSecond, Note, NoteCode) VALUES ('96675', 'FSACM03', '0', 'JPS_FSACM03-3', 'CAL', 0, 0, 0, 0, 0, 1, 0, 14, 0, 0, '', '');
INSERT INTO DayOfOperation (VehicleJourneyRef, StartDate, EndDate) VALUES ('96675', 1509148800, 1509235199);
INSERT INTO DayOfOperation (VehicleJourneyRef, StartDate, EndDate) VALUES ('96675', 1509753600, 1509839999);
INSERT INTO DayOfOperation (VehicleJourneyRef, StartDate, EndDate) VALUES ('96675', 1510358400, 1510444799);
INSERT INTO DayOfOperation (VehicleJourneyRef, StartDate, EndDate) VALUES ('96675', 1510963200, 1511049599);
INSERT INTO DayOfOperation (VehicleJourneyRef, StartDate, EndDate) VALUES ('96675', 1511568000, 1511654399);
INSERT INTO DayOfOperation (VehicleJourneyRef, StartDate, EndDate) VALUES ('96675', 1512172800, 1512259199);
INSERT INTO DayOfOperation (VehicleJourneyRef, StartDate, EndDate) VALUES ('96675', 1512777600, 1512863999);
INSERT INTO DayOfOperation (VehicleJourneyRef, StartDate, EndDate) VALUES ('96675', 1513382400, 1513468799);
INSERT INTO DayOfOperation (VehicleJourneyRef, StartDate, EndDate) VALUES ('96675', 1513987200, 1514073599);
INSERT INTO DayOfOperation (VehicleJourneyRef, StartDate, EndDate) VALUES ('96675', 1514592000, 1514678399);
INSERT INTO DayOfOperation (VehicleJourneyRef, StartDate, EndDate) VALUES ('96675', 1515196800, 1515283199);
INSERT INTO DayOfOperation (VehicleJourneyRef, StartDate, EndDate) VALUES ('96675', 1515801600, 1515887999);
INSERT INTO DayOfOperation (VehicleJourneyRef, StartDate, EndDate) VALUES ('96675', 1516406400, 1516492799);
INSERT INTO DayOfOperation (VehicleJourneyRef, StartDate, EndDate) VALUES ('96675', 1517011200, 1517097599);
INSERT INTO DayOfOperation (VehicleJourneyRef, StartDate, EndDate) VALUES ('96675', 1517616000, 1517702399);
INSERT INTO DayOfOperation (VehicleJourneyRef, StartDate, EndDate) VALUES ('96675', 1518220800, 1518307199);
INSERT INTO DayOfOperation (VehicleJourneyRef, StartDate, EndDate) VALUES ('96675', 1518825600, 1518911999);
INSERT INTO DayOfOperation (VehicleJourneyRef, StartDate, EndDate) VALUES ('96675', 1519430400, 1519516799);
INSERT INTO DayOfOperation (VehicleJourneyRef, StartDate, EndDate) VALUES ('96675', 1520035200, 1520121599);
INSERT INTO DayOfOperation (VehicleJourneyRef, StartDate, EndDate) VALUES ('96675', 1520640000, 1520726399);
INSERT INTO DayOfOperation (VehicleJourneyRef, StartDate, EndDate) VALUES ('96675', 1521244800, 1521331199);
INSERT INTO DayOfOperation (VehicleJourneyRef, StartDate, EndDate) VALUES ('96675', 1521849600, 1521935999);
INSERT INTO DayOfOperation (VehicleJourneyRef, StartDate, EndDate) VALUES ('96675', 1522454400, 1522540799);
INSERT INTO DayOfOperation (VehicleJourneyRef, StartDate, EndDate) VALUES ('96675', 1523059200, 1523145599);
INSERT INTO DayOfOperation (VehicleJourneyRef, StartDate, EndDate) VALUES ('96675', 1523664000, 1523750399);
INSERT INTO DayOfOperation (VehicleJourneyRef, StartDate, EndDate) VALUES ('96675', 1524268800, 1524355199);
INSERT INTO DayOfOperation (VehicleJourneyRef, StartDate, EndDate) VALUES ('96675', 1524873600, 1524959999);
INSERT INTO DayOfOperation (VehicleJourneyRef, StartDate, EndDate) VALUES ('96675', 1525478400, 1525564799);
INSERT INTO DayOfOperation (VehicleJourneyRef, StartDate, EndDate) VALUES ('96675', 1526083200, 1526169599);
INSERT INTO DayOfOperation (VehicleJourneyRef, StartDate, EndDate) VALUES ('96675', 1526688000, 1526774399);
INSERT INTO DayOfOperation (VehicleJourneyRef, StartDate, EndDate) VALUES ('96675', 1527292800, 1527379199);
INSERT INTO DayOfOperation (VehicleJourneyRef, StartDate, EndDate) VALUES ('96675', 1527897600, 1527983999);
INSERT INTO DayOfOperation (VehicleJourneyRef, StartDate, EndDate) VALUES ('96675', 1528502400, 1528588799);
INSERT INTO DayOfNonOperation (VehicleJourneyRef, StartDate, EndDate) VALUES ('96675', 1490918400, 1508716799);
INSERT INTO VehicleJourney (VehicleJourneyCode, ServiceRef, LineRef, JourneyPatternRef, OperatorRef, Monday, Tuesday, Wednesday, Thursday, Friday, Saturday, Sunday, DepatureHour, DepatureMinute, DepatureSecond, Note, NoteCode) VALUES ('96676', 'FSACM03', '0', 'JPS_FSACM03-3', 'CAL', 0, 0, 0, 0, 0, 1, 0, 15, 0, 0, '', '');
INSERT INTO DayOfOperation (VehicleJourneyRef, StartDate, EndDate) VALUES ('96676', 1509148800, 1509235199);
INSERT INTO DayOfOperation (VehicleJourneyRef, StartDate, EndDate) VALUES ('96676', 1509753600, 1509839999);
INSERT INTO DayOfOperation (VehicleJourneyRef, StartDate, EndDate) VALUES ('96676', 1510358400, 1510444799);
INSERT INTO DayOfOperation (VehicleJourneyRef, StartDate, EndDate) VALUES ('96676', 1510963200, 1511049599);
INSERT INTO DayOfOperation (VehicleJourneyRef, StartDate, EndDate) VALUES ('96676', 1511568000, 1511654399);
INSERT INTO DayOfOperation (VehicleJourneyRef, StartDate, EndDate) VALUES ('96676', 1512172800, 1512259199);
INSERT INTO DayOfOperation (VehicleJourneyRef, StartDate, EndDate) VALUES ('96676', 1512777600, 1512863999);
INSERT INTO DayOfOperation (VehicleJourneyRef, StartDate, EndDate) VALUES ('96676', 1513382400, 1513468799);
INSERT INTO DayOfOperation (VehicleJourneyRef, StartDate, EndDate) VALUES ('96676', 1513987200, 1514073599);
INSERT INTO DayOfOperation (VehicleJourneyRef, StartDate, EndDate) VALUES ('96676', 1514592000, 1514678399);
INSERT INTO DayOfOperation (VehicleJourneyRef, StartDate, EndDate) VALUES ('96676', 1515196800, 1515283199);
INSERT INTO DayOfOperation (VehicleJourneyRef, StartDate, EndDate) VALUES ('96676', 1515801600, 1515887999);
INSERT INTO DayOfOperation (VehicleJourneyRef, StartDate, EndDate) VALUES ('96676', 1516406400, 1516492799);
INSERT INTO DayOfOperation (VehicleJourneyRef, StartDate, EndDate) VALUES ('96676', 1517011200, 1517097599);
INSERT INTO DayOfOperation (VehicleJourneyRef, StartDate, EndDate) VALUES ('96676', 1517616000, 1517702399);
INSERT INTO DayOfOperation (VehicleJourneyRef, StartDate, EndDate) VALUES ('96676', 1518220800, 1518307199);
INSERT INTO DayOfOperation (VehicleJourneyRef, StartDate, EndDate) VALUES ('96676', 1518825600, 1518911999);
INSERT INTO DayOfOperation (VehicleJourneyRef, StartDate, EndDate) VALUES ('96676', 1519430400, 1519516799);
INSERT INTO DayOfOperation (VehicleJourneyRef, StartDate, EndDate) VALUES ('96676', 1520035200, 1520121599);
INSERT INTO DayOfOperation (VehicleJourneyRef, StartDate, EndDate) VALUES ('96676', 1520640000, 1520726399);
INSERT INTO DayOfOperation (VehicleJourneyRef, StartDate, EndDate) VALUES ('96676', 1521244800, 1521331199);
INSERT INTO DayOfOperation (VehicleJourneyRef, StartDate, EndDate) VALUES ('96676', 1521849600, 1521935999);
INSERT INTO DayOfOperation (VehicleJourneyRef, StartDate, EndDate) VALUES ('96676', 1522454400, 1522540799);
INSERT INTO DayOfOperation (VehicleJourneyRef, StartDate, EndDate) VALUES ('96676', 1523059200, 1523145599);
INSERT INTO DayOfOperation (VehicleJourneyRef, StartDate, EndDate) VALUES ('96676', 1523664000, 1523750399);
INSERT INTO DayOfOperation (VehicleJourneyRef, StartDate, EndDate) VALUES ('96676', 1524268800, 1524355199);
INSERT INTO DayOfOperation (VehicleJourneyRef, StartDate, EndDate) VALUES ('96676', 1524873600, 1524959999);
INSERT INTO DayOfOperation (VehicleJourneyRef, StartDate, EndDate) VALUES ('96676', 1525478400, 1525564799);
INSERT INTO DayOfOperation (VehicleJourneyRef, StartDate, EndDate) VALUES ('96676', 1526083200, 1526169599);
INSERT INTO DayOfOperation (VehicleJourneyRef, StartDate, EndDate) VALUES ('96676', 1526688000, 1526774399);
INSERT INTO DayOfOperation (VehicleJourneyRef, StartDate, EndDate) VALUES ('96676', 1527292800, 1527379199);
INSERT INTO DayOfOperation (VehicleJourneyRef, StartDate, EndDate) VALUES ('96676', 1527897600, 1527983999);
INSERT INTO DayOfOperation (VehicleJourneyRef, StartDate, EndDate) VALUES ('96676', 1528502400, 1528588799);
INSERT INTO DayOfNonOperation (VehicleJourneyRef, StartDate, EndDate) VALUES ('96676', 1490918400, 1508716799);
INSERT INTO VehicleJourney (VehicleJourneyCode, ServiceRef, LineRef, JourneyPatternRef, OperatorRef, Monday, Tuesday, Wednesday, Thursday, Friday, Saturday, Sunday, DepatureHour, DepatureMinute, DepatureSecond, Note, NoteCode) VALUES ('96677', 'FSACM03', '0', 'JPS_FSACM03-3', 'CAL', 0, 0, 0, 0, 0, 1, 0, 16, 0, 0, '', '');
INSERT INTO DayOfOperation (VehicleJourneyRef, StartDate, EndDate) VALUES ('96677', 1509148800, 1509235199);
INSERT INTO DayOfOperation (VehicleJourneyRef, StartDate, EndDate) VALUES ('96677', 1509753600, 1509839999);
INSERT INTO DayOfOperation (VehicleJourneyRef, StartDate, EndDate) VALUES ('96677', 1510358400, 1510444799);
INSERT INTO DayOfOperation (VehicleJourneyRef, StartDate, EndDate) VALUES ('96677', 1510963200, 1511049599);
INSERT INTO DayOfOperation (VehicleJourneyRef, StartDate, EndDate) VALUES ('96677', 1511568000, 1511654399);
INSERT INTO DayOfOperation (VehicleJourneyRef, StartDate, EndDate) VALUES ('96677', 1512172800, 1512259199);
INSERT INTO DayOfOperation (VehicleJourneyRef, StartDate, EndDate) VALUES ('96677', 1512777600, 1512863999);
INSERT INTO DayOfOperation (VehicleJourneyRef, StartDate, EndDate) VALUES ('96677', 1513382400, 1513468799);
INSERT INTO DayOfOperation (VehicleJourneyRef, StartDate, EndDate) VALUES ('96677', 1513987200, 1514073599);
INSERT INTO DayOfOperation (VehicleJourneyRef, StartDate, EndDate) VALUES ('96677', 1514592000, 1514678399);
INSERT INTO DayOfOperation (VehicleJourneyRef, StartDate, EndDate) VALUES ('96677', 1515196800, 1515283199);
INSERT INTO DayOfOperation (VehicleJourneyRef, StartDate, EndDate) VALUES ('96677', 1515801600, 1515887999);
INSERT INTO DayOfOperation (VehicleJourneyRef, StartDate, EndDate) VALUES ('96677', 1516406400, 1516492799);
INSERT INTO DayOfOperation (VehicleJourneyRef, StartDate, EndDate) VALUES ('96677', 1517011200, 1517097599);
INSERT INTO DayOfOperation (VehicleJourneyRef, StartDate, EndDate) VALUES ('96677', 1517616000, 1517702399);
INSERT INTO DayOfOperation (VehicleJourneyRef, StartDate, EndDate) VALUES ('96677', 1518220800, 1518307199);
INSERT INTO DayOfOperation (VehicleJourneyRef, StartDate, EndDate) VALUES ('96677', 1518825600, 1518911999);
INSERT INTO DayOfOperation (VehicleJourneyRef, StartDate, EndDate) VALUES ('96677', 1519430400, 1519516799);
INSERT INTO DayOfOperation (VehicleJourneyRef, StartDate, EndDate) VALUES ('96677', 1520035200, 1520121599);
INSERT INTO DayOfOperation (VehicleJourneyRef, StartDate, EndDate) VALUES ('96677', 1520640000, 1520726399);
INSERT INTO DayOfOperation (VehicleJourneyRef, StartDate, EndDate) VALUES ('96677', 1521244800, 1521331199);
INSERT INTO DayOfOperation (VehicleJourneyRef, StartDate, EndDate) VALUES ('96677', 1521849600, 1521935999);
INSERT INTO DayOfOperation (VehicleJourneyRef, StartDate, EndDate) VALUES ('96677', 1522454400, 1522540799);
INSERT INTO DayOfOperation (VehicleJourneyRef, StartDate, EndDate) VALUES ('96677', 1523059200, 1523145599);
INSERT INTO DayOfOperation (VehicleJourneyRef, StartDate, EndDate) VALUES ('96677', 1523664000, 1523750399);
INSERT INTO DayOfOperation (VehicleJourneyRef, StartDate, EndDate) VALUES ('96677', 1524268800, 1524355199);
INSERT INTO DayOfOperation (VehicleJourneyRef, StartDate, EndDate) VALUES ('96677', 1524873600, 1524959999);
INSERT INTO DayOfOperation (VehicleJourneyRef, StartDate, EndDate) VALUES ('96677', 1525478400, 1525564799);
INSERT INTO DayOfOperation (VehicleJourneyRef, StartDate, EndDate) VALUES ('96677', 1526083200, 1526169599);
INSERT INTO DayOfOperation (VehicleJourneyRef, StartDate, EndDate) VALUES ('96677', 1526688000, 1526774399);
INSERT INTO DayOfOperation (VehicleJourneyRef, StartDate, EndDate) VALUES ('96677', 1527292800, 1527379199);
INSERT INTO DayOfOperation (VehicleJourneyRef, StartDate, EndDate) VALUES ('96677', 1527897600, 1527983999);
INSERT INTO DayOfOperation (VehicleJourneyRef, StartDate, EndDate) VALUES ('96677', 1528502400, 1528588799);
INSERT INTO DayOfNonOperation (VehicleJourneyRef, StartDate, EndDate) VALUES ('96677', 1490918400, 1508716799);
INSERT INTO VehicleJourney (VehicleJourneyCode, ServiceRef, LineRef, JourneyPatternRef, OperatorRef, Monday, Tuesday, Wednesday, Thursday, Friday, Saturday, Sunday, DepatureHour, DepatureMinute, DepatureSecond, Note, NoteCode) VALUES ('96678', 'FSACM03', '0', 'JPS_FSACM03-3', 'CAL', 0, 0, 0, 0, 0, 1, 0, 16, 45, 0, '', '');
INSERT INTO DayOfOperation (VehicleJourneyRef, StartDate, EndDate) VALUES ('96678', 1509148800, 1509235199);
INSERT INTO DayOfOperation (VehicleJourneyRef, StartDate, EndDate) VALUES ('96678', 1509753600, 1509839999);
INSERT INTO DayOfOperation (VehicleJourneyRef, StartDate, EndDate) VALUES ('96678', 1510358400, 1510444799);
INSERT INTO DayOfOperation (VehicleJourneyRef, StartDate, EndDate) VALUES ('96678', 1510963200, 1511049599);
INSERT INTO DayOfOperation (VehicleJourneyRef, StartDate, EndDate) VALUES ('96678', 1511568000, 1511654399);
INSERT INTO DayOfOperation (VehicleJourneyRef, StartDate, EndDate) VALUES ('96678', 1512172800, 1512259199);
INSERT INTO DayOfOperation (VehicleJourneyRef, StartDate, EndDate) VALUES ('96678', 1512777600, 1512863999);
INSERT INTO DayOfOperation (VehicleJourneyRef, StartDate, EndDate) VALUES ('96678', 1513382400, 1513468799);
INSERT INTO DayOfOperation (VehicleJourneyRef, StartDate, EndDate) VALUES ('96678', 1513987200, 1514073599);
INSERT INTO DayOfOperation (VehicleJourneyRef, StartDate, EndDate) VALUES ('96678', 1514592000, 1514678399);
INSERT INTO DayOfOperation (VehicleJourneyRef, StartDate, EndDate) VALUES ('96678', 1515196800, 1515283199);
INSERT INTO DayOfOperation (VehicleJourneyRef, StartDate, EndDate) VALUES ('96678', 1515801600, 1515887999);
INSERT INTO DayOfOperation (VehicleJourneyRef, StartDate, EndDate) VALUES ('96678', 1516406400, 1516492799);
INSERT INTO DayOfOperation (VehicleJourneyRef, StartDate, EndDate) VALUES ('96678', 1517011200, 1517097599);
INSERT INTO DayOfOperation (VehicleJourneyRef, StartDate, EndDate) VALUES ('96678', 1517616000, 1517702399);
INSERT INTO DayOfOperation (VehicleJourneyRef, StartDate, EndDate) VALUES ('96678', 1518220800, 1518307199);
INSERT INTO DayOfOperation (VehicleJourneyRef, StartDate, EndDate) VALUES ('96678', 1518825600, 1518911999);
INSERT INTO DayOfOperation (VehicleJourneyRef, StartDate, EndDate) VALUES ('96678', 1519430400, 1519516799);
INSERT INTO DayOfOperation (VehicleJourneyRef, StartDate, EndDate) VALUES ('96678', 1520035200, 1520121599);
INSERT INTO DayOfOperation (VehicleJourneyRef, StartDate, EndDate) VALUES ('96678', 1520640000, 1520726399);
INSERT INTO DayOfOperation (VehicleJourneyRef, StartDate, EndDate) VALUES ('96678', 1521244800, 1521331199);
INSERT INTO DayOfOperation (VehicleJourneyRef, StartDate, EndDate) VALUES ('96678', 1521849600, 1521935999);
INSERT INTO DayOfOperation (VehicleJourneyRef, StartDate, EndDate) VALUES ('96678', 1522454400, 1522540799);
INSERT INTO DayOfOperation (VehicleJourneyRef, StartDate, EndDate) VALUES ('96678', 1523059200, 1523145599);
INSERT INTO DayOfOperation (VehicleJourneyRef, StartDate, EndDate) VALUES ('96678', 1523664000, 1523750399);
INSERT INTO DayOfOperation (VehicleJourneyRef, StartDate, EndDate) VALUES ('96678', 1524268800, 1524355199);
INSERT INTO DayOfOperation (VehicleJourneyRef, StartDate, EndDate) VALUES ('96678', 1524873600, 1524959999);
INSERT INTO DayOfOperation (VehicleJourneyRef, StartDate, EndDate) VALUES ('96678', 1525478400, 1525564799);
INSERT INTO DayOfOperation (VehicleJourneyRef, StartDate, EndDate) VALUES ('96678', 1526083200, 1526169599);
INSERT INTO DayOfOperation (VehicleJourneyRef, StartDate, EndDate) VALUES ('96678', 1526688000, 1526774399);
INSERT INTO DayOfOperation (VehicleJourneyRef, StartDate, EndDate) VALUES ('96678', 1527292800, 1527379199);
INSERT INTO DayOfOperation (VehicleJourneyRef, StartDate, EndDate) VALUES ('96678', 1527897600, 1527983999);
INSERT INTO DayOfOperation (VehicleJourneyRef, StartDate, EndDate) VALUES ('96678', 1528502400, 1528588799);
INSERT INTO DayOfNonOperation (VehicleJourneyRef, StartDate, EndDate) VALUES ('96678', 1490918400, 1508716799);
INSERT INTO VehicleJourney (VehicleJourneyCode, ServiceRef, LineRef, JourneyPatternRef, OperatorRef, Monday, Tuesday, Wednesday, Thursday, Friday, Saturday, Sunday, DepatureHour, DepatureMinute, DepatureSecond, Note, NoteCode) VALUES ('96679', 'FSACM03', '0', 'JPS_FSACM03-3', 'CAL', 0, 0, 0, 0, 0, 1, 0, 17, 30, 0, '', '');
INSERT INTO DayOfOperation (VehicleJourneyRef, StartDate, EndDate) VALUES ('96679', 1509148800, 1509235199);
INSERT INTO DayOfOperation (VehicleJourneyRef, StartDate, EndDate) VALUES ('96679', 1509753600, 1509839999);
INSERT INTO DayOfOperation (VehicleJourneyRef, StartDate, EndDate) VALUES ('96679', 1510358400, 1510444799);
INSERT INTO DayOfOperation (VehicleJourneyRef, StartDate, EndDate) VALUES ('96679', 1510963200, 1511049599);
INSERT INTO DayOfOperation (VehicleJourneyRef, StartDate, EndDate) VALUES ('96679', 1511568000, 1511654399);
INSERT INTO DayOfOperation (VehicleJourneyRef, StartDate, EndDate) VALUES ('96679', 1512172800, 1512259199);
INSERT INTO DayOfOperation (VehicleJourneyRef, StartDate, EndDate) VALUES ('96679', 1512777600, 1512863999);
INSERT INTO DayOfOperation (VehicleJourneyRef, StartDate, EndDate) VALUES ('96679', 1513382400, 1513468799);
INSERT INTO DayOfOperation (VehicleJourneyRef, StartDate, EndDate) VALUES ('96679', 1513987200, 1514073599);
INSERT INTO DayOfOperation (VehicleJourneyRef, StartDate, EndDate) VALUES ('96679', 1514592000, 1514678399);
INSERT INTO DayOfOperation (VehicleJourneyRef, StartDate, EndDate) VALUES ('96679', 1515196800, 1515283199);
INSERT INTO DayOfOperation (VehicleJourneyRef, StartDate, EndDate) VALUES ('96679', 1515801600, 1515887999);
INSERT INTO DayOfOperation (VehicleJourneyRef, StartDate, EndDate) VALUES ('96679', 1516406400, 1516492799);
INSERT INTO DayOfOperation (VehicleJourneyRef, StartDate, EndDate) VALUES ('96679', 1517011200, 1517097599);
INSERT INTO DayOfOperation (VehicleJourneyRef, StartDate, EndDate) VALUES ('96679', 1517616000, 1517702399);
INSERT INTO DayOfOperation (VehicleJourneyRef, StartDate, EndDate) VALUES ('96679', 1518220800, 1518307199);
INSERT INTO DayOfOperation (VehicleJourneyRef, StartDate, EndDate) VALUES ('96679', 1518825600, 1518911999);
INSERT INTO DayOfOperation (VehicleJourneyRef, StartDate, EndDate) VALUES ('96679', 1519430400, 1519516799);
INSERT INTO DayOfOperation (VehicleJourneyRef, StartDate, EndDate) VALUES ('96679', 1520035200, 1520121599);
INSERT INTO DayOfOperation (VehicleJourneyRef, StartDate, EndDate) VALUES ('96679', 1520640000, 1520726399);
INSERT INTO DayOfOperation (VehicleJourneyRef, StartDate, EndDate) VALUES ('96679', 1521244800, 1521331199);
INSERT INTO DayOfOperation (VehicleJourneyRef, StartDate, EndDate) VALUES ('96679', 1521849600, 1521935999);
INSERT INTO DayOfOperation (VehicleJourneyRef, StartDate, EndDate) VALUES ('96679', 1522454400, 1522540799);
INSERT INTO DayOfOperation (VehicleJourneyRef, StartDate, EndDate) VALUES ('96679', 1523059200, 1523145599);
INSERT INTO DayOfOperation (VehicleJourneyRef, StartDate, EndDate) VALUES ('96679', 1523664000, 1523750399);
INSERT INTO DayOfOperation (VehicleJourneyRef, StartDate, EndDate) VALUES ('96679', 1524268800, 1524355199);
INSERT INTO DayOfOperation (VehicleJourneyRef, StartDate, EndDate) VALUES ('96679', 1524873600, 1524959999);
INSERT INTO DayOfOperation (VehicleJourneyRef, StartDate, EndDate) VALUES ('96679', 1525478400, 1525564799);
INSERT INTO DayOfOperation (VehicleJourneyRef, StartDate, EndDate) VALUES ('96679', 1526083200, 1526169599);
INSERT INTO DayOfOperation (VehicleJourneyRef, StartDate, EndDate) VALUES ('96679', 1526688000, 1526774399);
INSERT INTO DayOfOperation (VehicleJourneyRef, StartDate, EndDate) VALUES ('96679', 1527292800, 1527379199);
INSERT INTO DayOfOperation (VehicleJourneyRef, StartDate, EndDate) VALUES ('96679', 1527897600, 1527983999);
INSERT INTO DayOfOperation (VehicleJourneyRef, StartDate, EndDate) VALUES ('96679', 1528502400, 1528588799);
INSERT INTO DayOfNonOperation (VehicleJourneyRef, StartDate, EndDate) VALUES ('96679', 1490918400, 1508716799);
INSERT INTO VehicleJourney (VehicleJourneyCode, ServiceRef, LineRef, JourneyPatternRef, OperatorRef, Monday, Tuesday, Wednesday, Thursday, Friday, Saturday, Sunday, DepatureHour, DepatureMinute, DepatureSecond, Note, NoteCode) VALUES ('96680', 'FSACM03', '0', 'JPS_FSACM03-3', 'CAL', 0, 0, 0, 0, 0, 1, 0, 18, 15, 0, '', '');
INSERT INTO DayOfOperation (VehicleJourneyRef, StartDate, EndDate) VALUES ('96680', 1509148800, 1509235199);
INSERT INTO DayOfOperation (VehicleJourneyRef, StartDate, EndDate) VALUES ('96680', 1509753600, 1509839999);
INSERT INTO DayOfOperation (VehicleJourneyRef, StartDate, EndDate) VALUES ('96680', 1510358400, 1510444799);
INSERT INTO DayOfOperation (VehicleJourneyRef, StartDate, EndDate) VALUES ('96680', 1510963200, 1511049599);
INSERT INTO DayOfOperation (VehicleJourneyRef, StartDate, EndDate) VALUES ('96680', 1511568000, 1511654399);
INSERT INTO DayOfOperation (VehicleJourneyRef, StartDate, EndDate) VALUES ('96680', 1512172800, 1512259199);
INSERT INTO DayOfOperation (VehicleJourneyRef, StartDate, EndDate) VALUES ('96680', 1512777600, 1512863999);
INSERT INTO DayOfOperation (VehicleJourneyRef, StartDate, EndDate) VALUES ('96680', 1513382400, 1513468799);
INSERT INTO DayOfOperation (VehicleJourneyRef, StartDate, EndDate) VALUES ('96680', 1513987200, 1514073599);
INSERT INTO DayOfOperation (VehicleJourneyRef, StartDate, EndDate) VALUES ('96680', 1514592000, 1514678399);
INSERT INTO DayOfOperation (VehicleJourneyRef, StartDate, EndDate) VALUES ('96680', 1515196800, 1515283199);
INSERT INTO DayOfOperation (VehicleJourneyRef, StartDate, EndDate) VALUES ('96680', 1515801600, 1515887999);
INSERT INTO DayOfOperation (VehicleJourneyRef, StartDate, EndDate) VALUES ('96680', 1516406400, 1516492799);
INSERT INTO DayOfOperation (VehicleJourneyRef, StartDate, EndDate) VALUES ('96680', 1517011200, 1517097599);
INSERT INTO DayOfOperation (VehicleJourneyRef, StartDate, EndDate) VALUES ('96680', 1517616000, 1517702399);
INSERT INTO DayOfOperation (VehicleJourneyRef, StartDate, EndDate) VALUES ('96680', 1518220800, 1518307199);
INSERT INTO DayOfOperation (VehicleJourneyRef, StartDate, EndDate) VALUES ('96680', 1518825600, 1518911999);
INSERT INTO DayOfOperation (VehicleJourneyRef, StartDate, EndDate) VALUES ('96680', 1519430400, 1519516799);
INSERT INTO DayOfOperation (VehicleJourneyRef, StartDate, EndDate) VALUES ('96680', 1520035200, 1520121599);
INSERT INTO DayOfOperation (VehicleJourneyRef, StartDate, EndDate) VALUES ('96680', 1520640000, 1520726399);
INSERT INTO DayOfOperation (VehicleJourneyRef, StartDate, EndDate) VALUES ('96680', 1521244800, 1521331199);
INSERT INTO DayOfOperation (VehicleJourneyRef, StartDate, EndDate) VALUES ('96680', 1521849600, 1521935999);
INSERT INTO DayOfOperation (VehicleJourneyRef, StartDate, EndDate) VALUES ('96680', 1522454400, 1522540799);
INSERT INTO DayOfOperation (VehicleJourneyRef, StartDate, EndDate) VALUES ('96680', 1523059200, 1523145599);
INSERT INTO DayOfOperation (VehicleJourneyRef, StartDate, EndDate) VALUES ('96680', 1523664000, 1523750399);
INSERT INTO DayOfOperation (VehicleJourneyRef, StartDate, EndDate) VALUES ('96680', 1524268800, 1524355199);
INSERT INTO DayOfOperation (VehicleJourneyRef, StartDate, EndDate) VALUES ('96680', 1524873600, 1524959999);
INSERT INTO DayOfOperation (VehicleJourneyRef, StartDate, EndDate) VALUES ('96680', 1525478400, 1525564799);
INSERT INTO DayOfOperation (VehicleJourneyRef, StartDate, EndDate) VALUES ('96680', 1526083200, 1526169599);
INSERT INTO DayOfOperation (VehicleJourneyRef, StartDate, EndDate) VALUES ('96680', 1526688000, 1526774399);
INSERT INTO DayOfOperation (VehicleJourneyRef, StartDate, EndDate) VALUES ('96680', 1527292800, 1527379199);
INSERT INTO DayOfOperation (VehicleJourneyRef, StartDate, EndDate) VALUES ('96680', 1527897600, 1527983999);
INSERT INTO DayOfOperation (VehicleJourneyRef, StartDate, EndDate) VALUES ('96680', 1528502400, 1528588799);
INSERT INTO DayOfNonOperation (VehicleJourneyRef, StartDate, EndDate) VALUES ('96680', 1490918400, 1508716799);
INSERT INTO VehicleJourney (VehicleJourneyCode, ServiceRef, LineRef, JourneyPatternRef, OperatorRef, Monday, Tuesday, Wednesday, Thursday, Friday, Saturday, Sunday, DepatureHour, DepatureMinute, DepatureSecond, Note, NoteCode) VALUES ('96681', 'FSACM03', '0', 'JPS_FSACM03-3', 'CAL', 0, 0, 0, 0, 0, 1, 0, 19, 0, 0, '', '');
INSERT INTO DayOfOperation (VehicleJourneyRef, StartDate, EndDate) VALUES ('96681', 1509148800, 1509235199);
INSERT INTO DayOfOperation (VehicleJourneyRef, StartDate, EndDate) VALUES ('96681', 1509753600, 1509839999);
INSERT INTO DayOfOperation (VehicleJourneyRef, StartDate, EndDate) VALUES ('96681', 1510358400, 1510444799);
INSERT INTO DayOfOperation (VehicleJourneyRef, StartDate, EndDate) VALUES ('96681', 1510963200, 1511049599);
INSERT INTO DayOfOperation (VehicleJourneyRef, StartDate, EndDate) VALUES ('96681', 1511568000, 1511654399);
INSERT INTO DayOfOperation (VehicleJourneyRef, StartDate, EndDate) VALUES ('96681', 1512172800, 1512259199);
INSERT INTO DayOfOperation (VehicleJourneyRef, StartDate, EndDate) VALUES ('96681', 1512777600, 1512863999);
INSERT INTO DayOfOperation (VehicleJourneyRef, StartDate, EndDate) VALUES ('96681', 1513382400, 1513468799);
INSERT INTO DayOfOperation (VehicleJourneyRef, StartDate, EndDate) VALUES ('96681', 1513987200, 1514073599);
INSERT INTO DayOfOperation (VehicleJourneyRef, StartDate, EndDate) VALUES ('96681', 1514592000, 1514678399);
INSERT INTO DayOfOperation (VehicleJourneyRef, StartDate, EndDate) VALUES ('96681', 1515196800, 1515283199);
INSERT INTO DayOfOperation (VehicleJourneyRef, StartDate, EndDate) VALUES ('96681', 1515801600, 1515887999);
INSERT INTO DayOfOperation (VehicleJourneyRef, StartDate, EndDate) VALUES ('96681', 1516406400, 1516492799);
INSERT INTO DayOfOperation (VehicleJourneyRef, StartDate, EndDate) VALUES ('96681', 1517011200, 1517097599);
INSERT INTO DayOfOperation (VehicleJourneyRef, StartDate, EndDate) VALUES ('96681', 1517616000, 1517702399);
INSERT INTO DayOfOperation (VehicleJourneyRef, StartDate, EndDate) VALUES ('96681', 1518220800, 1518307199);
INSERT INTO DayOfOperation (VehicleJourneyRef, StartDate, EndDate) VALUES ('96681', 1518825600, 1518911999);
INSERT INTO DayOfOperation (VehicleJourneyRef, StartDate, EndDate) VALUES ('96681', 1519430400, 1519516799);
INSERT INTO DayOfOperation (VehicleJourneyRef, StartDate, EndDate) VALUES ('96681', 1520035200, 1520121599);
INSERT INTO DayOfOperation (VehicleJourneyRef, StartDate, EndDate) VALUES ('96681', 1520640000, 1520726399);
INSERT INTO DayOfOperation (VehicleJourneyRef, StartDate, EndDate) VALUES ('96681', 1521244800, 1521331199);
INSERT INTO DayOfOperation (VehicleJourneyRef, StartDate, EndDate) VALUES ('96681', 1521849600, 1521935999);
INSERT INTO DayOfOperation (VehicleJourneyRef, StartDate, EndDate) VALUES ('96681', 1522454400, 1522540799);
INSERT INTO DayOfOperation (VehicleJourneyRef, StartDate, EndDate) VALUES ('96681', 1523059200, 1523145599);
INSERT INTO DayOfOperation (VehicleJourneyRef, StartDate, EndDate) VALUES ('96681', 1523664000, 1523750399);
INSERT INTO DayOfOperation (VehicleJourneyRef, StartDate, EndDate) VALUES ('96681', 1524268800, 1524355199);
INSERT INTO DayOfOperation (VehicleJourneyRef, StartDate, EndDate) VALUES ('96681', 1524873600, 1524959999);
INSERT INTO DayOfOperation (VehicleJourneyRef, StartDate, EndDate) VALUES ('96681', 1525478400, 1525564799);
INSERT INTO DayOfOperation (VehicleJourneyRef, StartDate, EndDate) VALUES ('96681', 1526083200, 1526169599);
INSERT INTO DayOfOperation (VehicleJourneyRef, StartDate, EndDate) VALUES ('96681', 1526688000, 1526774399);
INSERT INTO DayOfOperation (VehicleJourneyRef, StartDate, EndDate) VALUES ('96681', 1527292800, 1527379199);
INSERT INTO DayOfOperation (VehicleJourneyRef, StartDate, EndDate) VALUES ('96681', 1527897600, 1527983999);
INSERT INTO DayOfOperation (VehicleJourneyRef, StartDate, EndDate) VALUES ('96681', 1528502400, 1528588799);
INSERT INTO DayOfNonOperation (VehicleJourneyRef, StartDate, EndDate) VALUES ('96681', 1490918400, 1508716799);
INSERT INTO VehicleJourney (VehicleJourneyCode, ServiceRef, LineRef, JourneyPatternRef, OperatorRef, Monday, Tuesday, Wednesday, Thursday, Friday, Saturday, Sunday, DepatureHour, DepatureMinute, DepatureSecond, Note, NoteCode) VALUES ('96696', 'FSACM03', '0', 'JPS_FSACM03-3', 'CAL', 0, 0, 0, 0, 0, 0, 1, 8, 0, 0, '', '');
INSERT INTO DayOfOperation (VehicleJourneyRef, StartDate, EndDate) VALUES ('96696', 1509235200, 1509321599);
INSERT INTO DayOfOperation (VehicleJourneyRef, StartDate, EndDate) VALUES ('96696', 1509840000, 1509926399);
INSERT INTO DayOfOperation (VehicleJourneyRef, StartDate, EndDate) VALUES ('96696', 1510444800, 1510531199);
INSERT INTO DayOfOperation (VehicleJourneyRef, StartDate, EndDate) VALUES ('96696', 1511049600, 1511135999);
INSERT INTO DayOfOperation (VehicleJourneyRef, StartDate, EndDate) VALUES ('96696', 1511654400, 1511740799);
INSERT INTO DayOfOperation (VehicleJourneyRef, StartDate, EndDate) VALUES ('96696', 1512259200, 1512345599);
INSERT INTO DayOfOperation (VehicleJourneyRef, StartDate, EndDate) VALUES ('96696', 1512864000, 1512950399);
INSERT INTO DayOfOperation (VehicleJourneyRef, StartDate, EndDate) VALUES ('96696', 1513468800, 1513555199);
INSERT INTO DayOfOperation (VehicleJourneyRef, StartDate, EndDate) VALUES ('96696', 1514073600, 1514159999);
INSERT INTO DayOfOperation (VehicleJourneyRef, StartDate, EndDate) VALUES ('96696', 1514678400, 1514764799);
INSERT INTO DayOfOperation (VehicleJourneyRef, StartDate, EndDate) VALUES ('96696', 1515283200, 1515369599);
INSERT INTO DayOfOperation (VehicleJourneyRef, StartDate, EndDate) VALUES ('96696', 1515888000, 1515974399);
INSERT INTO DayOfOperation (VehicleJourneyRef, StartDate, EndDate) VALUES ('96696', 1516492800, 1516579199);
INSERT INTO DayOfOperation (VehicleJourneyRef, StartDate, EndDate) VALUES ('96696', 1517097600, 1517183999);
INSERT INTO DayOfOperation (VehicleJourneyRef, StartDate, EndDate) VALUES ('96696', 1517702400, 1517788799);
INSERT INTO DayOfOperation (VehicleJourneyRef, StartDate, EndDate) VALUES ('96696', 1518307200, 1518393599);
INSERT INTO DayOfOperation (VehicleJourneyRef, StartDate, EndDate) VALUES ('96696', 1518912000, 1518998399);
INSERT INTO DayOfOperation (VehicleJourneyRef, StartDate, EndDate) VALUES ('96696', 1519516800, 1519603199);
INSERT INTO DayOfOperation (VehicleJourneyRef, StartDate, EndDate) VALUES ('96696', 1520121600, 1520207999);
INSERT INTO DayOfOperation (VehicleJourneyRef, StartDate, EndDate) VALUES ('96696', 1520726400, 1520812799);
INSERT INTO DayOfOperation (VehicleJourneyRef, StartDate, EndDate) VALUES ('96696', 1521331200, 1521417599);
INSERT INTO DayOfOperation (VehicleJourneyRef, StartDate, EndDate) VALUES ('96696', 1521936000, 1522022399);
INSERT INTO DayOfOperation (VehicleJourneyRef, StartDate, EndDate) VALUES ('96696', 1522540800, 1522627199);
INSERT INTO DayOfOperation (VehicleJourneyRef, StartDate, EndDate) VALUES ('96696', 1523145600, 1523231999);
INSERT INTO DayOfOperation (VehicleJourneyRef, StartDate, EndDate) VALUES ('96696', 1523750400, 1523836799);
INSERT INTO DayOfOperation (VehicleJourneyRef, StartDate, EndDate) VALUES ('96696', 1524355200, 1524441599);
INSERT INTO DayOfOperation (VehicleJourneyRef, StartDate, EndDate) VALUES ('96696', 1524960000, 1525046399);
INSERT INTO DayOfOperation (VehicleJourneyRef, StartDate, EndDate) VALUES ('96696', 1525564800, 1525651199);
INSERT INTO DayOfOperation (VehicleJourneyRef, StartDate, EndDate) VALUES ('96696', 1526169600, 1526255999);
INSERT INTO DayOfOperation (VehicleJourneyRef, StartDate, EndDate) VALUES ('96696', 1526774400, 1526860799);
INSERT INTO DayOfOperation (VehicleJourneyRef, StartDate, EndDate) VALUES ('96696', 1527379200, 1527465599);
INSERT INTO DayOfOperation (VehicleJourneyRef, StartDate, EndDate) VALUES ('96696', 1527984000, 1528070399);
INSERT INTO DayOfOperation (VehicleJourneyRef, StartDate, EndDate) VALUES ('96696', 1528588800, 1528675199);
INSERT INTO DayOfNonOperation (VehicleJourneyRef, StartDate, EndDate) VALUES ('96696', 1490918400, 1508716799);
INSERT INTO VehicleJourney (VehicleJourneyCode, ServiceRef, LineRef, JourneyPatternRef, OperatorRef, Monday, Tuesday, Wednesday, Thursday, Friday, Saturday, Sunday, DepatureHour, DepatureMinute, DepatureSecond, Note, NoteCode) VALUES ('96697', 'FSACM03', '0', 'JPS_FSACM03-3', 'CAL', 0, 0, 0, 0, 0, 0, 1, 9, 30, 0, '', '');
INSERT INTO DayOfOperation (VehicleJourneyRef, StartDate, EndDate) VALUES ('96697', 1509235200, 1509321599);
INSERT INTO DayOfOperation (VehicleJourneyRef, StartDate, EndDate) VALUES ('96697', 1509840000, 1509926399);
INSERT INTO DayOfOperation (VehicleJourneyRef, StartDate, EndDate) VALUES ('96697', 1510444800, 1510531199);
INSERT INTO DayOfOperation (VehicleJourneyRef, StartDate, EndDate) VALUES ('96697', 1511049600, 1511135999);
INSERT INTO DayOfOperation (VehicleJourneyRef, StartDate, EndDate) VALUES ('96697', 1511654400, 1511740799);
INSERT INTO DayOfOperation (VehicleJourneyRef, StartDate, EndDate) VALUES ('96697', 1512259200, 1512345599);
INSERT INTO DayOfOperation (VehicleJourneyRef, StartDate, EndDate) VALUES ('96697', 1512864000, 1512950399);
INSERT INTO DayOfOperation (VehicleJourneyRef, StartDate, EndDate) VALUES ('96697', 1513468800, 1513555199);
INSERT INTO DayOfOperation (VehicleJourneyRef, StartDate, EndDate) VALUES ('96697', 1514073600, 1514159999);
INSERT INTO DayOfOperation (VehicleJourneyRef, StartDate, EndDate) VALUES ('96697', 1514678400, 1514764799);
INSERT INTO DayOfOperation (VehicleJourneyRef, StartDate, EndDate) VALUES ('96697', 1515283200, 1515369599);
INSERT INTO DayOfOperation (VehicleJourneyRef, StartDate, EndDate) VALUES ('96697', 1515888000, 1515974399);
INSERT INTO DayOfOperation (VehicleJourneyRef, StartDate, EndDate) VALUES ('96697', 1516492800, 1516579199);
INSERT INTO DayOfOperation (VehicleJourneyRef, StartDate, EndDate) VALUES ('96697', 1517097600, 1517183999);
INSERT INTO DayOfOperation (VehicleJourneyRef, StartDate, EndDate) VALUES ('96697', 1517702400, 1517788799);
INSERT INTO DayOfOperation (VehicleJourneyRef, StartDate, EndDate) VALUES ('96697', 1518307200, 1518393599);
INSERT INTO DayOfOperation (VehicleJourneyRef, StartDate, EndDate) VALUES ('96697', 1518912000, 1518998399);
INSERT INTO DayOfOperation (VehicleJourneyRef, StartDate, EndDate) VALUES ('96697', 1519516800, 1519603199);
INSERT INTO DayOfOperation (VehicleJourneyRef, StartDate, EndDate) VALUES ('96697', 1520121600, 1520207999);
INSERT INTO DayOfOperation (VehicleJourneyRef, StartDate, EndDate) VALUES ('96697', 1520726400, 1520812799);
INSERT INTO DayOfOperation (VehicleJourneyRef, StartDate, EndDate) VALUES ('96697', 1521331200, 1521417599);
INSERT INTO DayOfOperation (VehicleJourneyRef, StartDate, EndDate) VALUES ('96697', 1521936000, 1522022399);
INSERT INTO DayOfOperation (VehicleJourneyRef, StartDate, EndDate) VALUES ('96697', 1522540800, 1522627199);
INSERT INTO DayOfOperation (VehicleJourneyRef, StartDate, EndDate) VALUES ('96697', 1523145600, 1523231999);
INSERT INTO DayOfOperation (VehicleJourneyRef, StartDate, EndDate) VALUES ('96697', 1523750400, 1523836799);
INSERT INTO DayOfOperation (VehicleJourneyRef, StartDate, EndDate) VALUES ('96697', 1524355200, 1524441599);
INSERT INTO DayOfOperation (VehicleJourneyRef, StartDate, EndDate) VALUES ('96697', 1524960000, 1525046399);
INSERT INTO DayOfOperation (VehicleJourneyRef, StartDate, EndDate) VALUES ('96697', 1525564800, 1525651199);
INSERT INTO DayOfOperation (VehicleJourneyRef, StartDate, EndDate) VALUES ('96697', 1526169600, 1526255999);
INSERT INTO DayOfOperation (VehicleJourneyRef, StartDate, EndDate) VALUES ('96697', 1526774400, 1526860799);
INSERT INTO DayOfOperation (VehicleJourneyRef, StartDate, EndDate) VALUES ('96697', 1527379200, 1527465599);
INSERT INTO DayOfOperation (VehicleJourneyRef, StartDate, EndDate) VALUES ('96697', 1527984000, 1528070399);
INSERT INTO DayOfOperation (VehicleJourneyRef, StartDate, EndDate) VALUES ('96697', 1528588800, 1528675199);
INSERT INTO DayOfNonOperation (VehicleJourneyRef, StartDate, EndDate) VALUES ('96697', 1490918400, 1508716799);
INSERT INTO VehicleJourney (VehicleJourneyCode, ServiceRef, LineRef, JourneyPatternRef, OperatorRef, Monday, Tuesday, Wednesday, Thursday, Friday, Saturday, Sunday, DepatureHour, DepatureMinute, DepatureSecond, Note, NoteCode) VALUES ('96698', 'FSACM03', '0', 'JPS_FSACM03-3', 'CAL', 0, 0, 0, 0, 0, 0, 1, 10, 45, 0, '', '');
INSERT INTO DayOfOperation (VehicleJourneyRef, StartDate, EndDate) VALUES ('96698', 1509235200, 1509321599);
INSERT INTO DayOfOperation (VehicleJourneyRef, StartDate, EndDate) VALUES ('96698', 1509840000, 1509926399);
INSERT INTO DayOfOperation (VehicleJourneyRef, StartDate, EndDate) VALUES ('96698', 1510444800, 1510531199);
INSERT INTO DayOfOperation (VehicleJourneyRef, StartDate, EndDate) VALUES ('96698', 1511049600, 1511135999);
INSERT INTO DayOfOperation (VehicleJourneyRef, StartDate, EndDate) VALUES ('96698', 1511654400, 1511740799);
INSERT INTO DayOfOperation (VehicleJourneyRef, StartDate, EndDate) VALUES ('96698', 1512259200, 1512345599);
INSERT INTO DayOfOperation (VehicleJourneyRef, StartDate, EndDate) VALUES ('96698', 1512864000, 1512950399);
INSERT INTO DayOfOperation (VehicleJourneyRef, StartDate, EndDate) VALUES ('96698', 1513468800, 1513555199);
INSERT INTO DayOfOperation (VehicleJourneyRef, StartDate, EndDate) VALUES ('96698', 1514073600, 1514159999);
INSERT INTO DayOfOperation (VehicleJourneyRef, StartDate, EndDate) VALUES ('96698', 1514678400, 1514764799);
INSERT INTO DayOfOperation (VehicleJourneyRef, StartDate, EndDate) VALUES ('96698', 1515283200, 1515369599);
INSERT INTO DayOfOperation (VehicleJourneyRef, StartDate, EndDate) VALUES ('96698', 1515888000, 1515974399);
INSERT INTO DayOfOperation (VehicleJourneyRef, StartDate, EndDate) VALUES ('96698', 1516492800, 1516579199);
INSERT INTO DayOfOperation (VehicleJourneyRef, StartDate, EndDate) VALUES ('96698', 1517097600, 1517183999);
INSERT INTO DayOfOperation (VehicleJourneyRef, StartDate, EndDate) VALUES ('96698', 1517702400, 1517788799);
INSERT INTO DayOfOperation (VehicleJourneyRef, StartDate, EndDate) VALUES ('96698', 1518307200, 1518393599);
INSERT INTO DayOfOperation (VehicleJourneyRef, StartDate, EndDate) VALUES ('96698', 1518912000, 1518998399);
INSERT INTO DayOfOperation (VehicleJourneyRef, StartDate, EndDate) VALUES ('96698', 1519516800, 1519603199);
INSERT INTO DayOfOperation (VehicleJourneyRef, StartDate, EndDate) VALUES ('96698', 1520121600, 1520207999);
INSERT INTO DayOfOperation (VehicleJourneyRef, StartDate, EndDate) VALUES ('96698', 1520726400, 1520812799);
INSERT INTO DayOfOperation (VehicleJourneyRef, StartDate, EndDate) VALUES ('96698', 1521331200, 1521417599);
INSERT INTO DayOfOperation (VehicleJourneyRef, StartDate, EndDate) VALUES ('96698', 1521936000, 1522022399);
INSERT INTO DayOfOperation (VehicleJourneyRef, StartDate, EndDate) VALUES ('96698', 1522540800, 1522627199);
INSERT INTO DayOfOperation (VehicleJourneyRef, StartDate, EndDate) VALUES ('96698', 1523145600, 1523231999);
INSERT INTO DayOfOperation (VehicleJourneyRef, StartDate, EndDate) VALUES ('96698', 1523750400, 1523836799);
INSERT INTO DayOfOperation (VehicleJourneyRef, StartDate, EndDate) VALUES ('96698', 1524355200, 1524441599);
INSERT INTO DayOfOperation (VehicleJourneyRef, StartDate, EndDate) VALUES ('96698', 1524960000, 1525046399);
INSERT INTO DayOfOperation (VehicleJourneyRef, StartDate, EndDate) VALUES ('96698', 1525564800, 1525651199);
INSERT INTO DayOfOperation (VehicleJourneyRef, StartDate, EndDate) VALUES ('96698', 1526169600, 1526255999);
INSERT INTO DayOfOperation (VehicleJourneyRef, StartDate, EndDate) VALUES ('96698', 1526774400, 1526860799);
INSERT INTO DayOfOperation (VehicleJourneyRef, StartDate, EndDate) VALUES ('96698', 1527379200, 1527465599);
INSERT INTO DayOfOperation (VehicleJourneyRef, StartDate, EndDate) VALUES ('96698', 1527984000, 1528070399);
INSERT INTO DayOfOperation (VehicleJourneyRef, StartDate, EndDate) VALUES ('96698', 1528588800, 1528675199);
INSERT INTO DayOfNonOperation (VehicleJourneyRef, StartDate, EndDate) VALUES ('96698', 1490918400, 1508716799);
INSERT INTO VehicleJourney (VehicleJourneyCode, ServiceRef, LineRef, JourneyPatternRef, OperatorRef, Monday, Tuesday, Wednesday, Thursday, Friday, Saturday, Sunday, DepatureHour, DepatureMinute, DepatureSecond, Note, NoteCode) VALUES ('96699', 'FSACM03', '0', 'JPS_FSACM03-3', 'CAL', 0, 0, 0, 0, 0, 0, 1, 12, 0, 0, '', '');
INSERT INTO DayOfOperation (VehicleJourneyRef, StartDate, EndDate) VALUES ('96699', 1509235200, 1509321599);
INSERT INTO DayOfOperation (VehicleJourneyRef, StartDate, EndDate) VALUES ('96699', 1509840000, 1509926399);
INSERT INTO DayOfOperation (VehicleJourneyRef, StartDate, EndDate) VALUES ('96699', 1510444800, 1510531199);
INSERT INTO DayOfOperation (VehicleJourneyRef, StartDate, EndDate) VALUES ('96699', 1511049600, 1511135999);
INSERT INTO DayOfOperation (VehicleJourneyRef, StartDate, EndDate) VALUES ('96699', 1511654400, 1511740799);
INSERT INTO DayOfOperation (VehicleJourneyRef, StartDate, EndDate) VALUES ('96699', 1512259200, 1512345599);
INSERT INTO DayOfOperation (VehicleJourneyRef, StartDate, EndDate) VALUES ('96699', 1512864000, 1512950399);
INSERT INTO DayOfOperation (VehicleJourneyRef, StartDate, EndDate) VALUES ('96699', 1513468800, 1513555199);
INSERT INTO DayOfOperation (VehicleJourneyRef, StartDate, EndDate) VALUES ('96699', 1514073600, 1514159999);
INSERT INTO DayOfOperation (VehicleJourneyRef, StartDate, EndDate) VALUES ('96699', 1514678400, 1514764799);
INSERT INTO DayOfOperation (VehicleJourneyRef, StartDate, EndDate) VALUES ('96699', 1515283200, 1515369599);
INSERT INTO DayOfOperation (VehicleJourneyRef, StartDate, EndDate) VALUES ('96699', 1515888000, 1515974399);
INSERT INTO DayOfOperation (VehicleJourneyRef, StartDate, EndDate) VALUES ('96699', 1516492800, 1516579199);
INSERT INTO DayOfOperation (VehicleJourneyRef, StartDate, EndDate) VALUES ('96699', 1517097600, 1517183999);
INSERT INTO DayOfOperation (VehicleJourneyRef, StartDate, EndDate) VALUES ('96699', 1517702400, 1517788799);
INSERT INTO DayOfOperation (VehicleJourneyRef, StartDate, EndDate) VALUES ('96699', 1518307200, 1518393599);
INSERT INTO DayOfOperation (VehicleJourneyRef, StartDate, EndDate) VALUES ('96699', 1518912000, 1518998399);
INSERT INTO DayOfOperation (VehicleJourneyRef, StartDate, EndDate) VALUES ('96699', 1519516800, 1519603199);
INSERT INTO DayOfOperation (VehicleJourneyRef, StartDate, EndDate) VALUES ('96699', 1520121600, 1520207999);
INSERT INTO DayOfOperation (VehicleJourneyRef, StartDate, EndDate) VALUES ('96699', 1520726400, 1520812799);
INSERT INTO DayOfOperation (VehicleJourneyRef, StartDate, EndDate) VALUES ('96699', 1521331200, 1521417599);
INSERT INTO DayOfOperation (VehicleJourneyRef, StartDate, EndDate) VALUES ('96699', 1521936000, 1522022399);
INSERT INTO DayOfOperation (VehicleJourneyRef, StartDate, EndDate) VALUES ('96699', 1522540800, 1522627199);
INSERT INTO DayOfOperation (VehicleJourneyRef, StartDate, EndDate) VALUES ('96699', 1523145600, 1523231999);
INSERT INTO DayOfOperation (VehicleJourneyRef, StartDate, EndDate) VALUES ('96699', 1523750400, 1523836799);
INSERT INTO DayOfOperation (VehicleJourneyRef, StartDate, EndDate) VALUES ('96699', 1524355200, 1524441599);
INSERT INTO DayOfOperation (VehicleJourneyRef, StartDate, EndDate) VALUES ('96699', 1524960000, 1525046399);
INSERT INTO DayOfOperation (VehicleJourneyRef, StartDate, EndDate) VALUES ('96699', 1525564800, 1525651199);
INSERT INTO DayOfOperation (VehicleJourneyRef, StartDate, EndDate) VALUES ('96699', 1526169600, 1526255999);
INSERT INTO DayOfOperation (VehicleJourneyRef, StartDate, EndDate) VALUES ('96699', 1526774400, 1526860799);
INSERT INTO DayOfOperation (VehicleJourneyRef, StartDate, EndDate) VALUES ('96699', 1527379200, 1527465599);
INSERT INTO DayOfOperation (VehicleJourneyRef, StartDate, EndDate) VALUES ('96699', 1527984000, 1528070399);
INSERT INTO DayOfOperation (VehicleJourneyRef, StartDate, EndDate) VALUES ('96699', 1528588800, 1528675199);
INSERT INTO DayOfNonOperation (VehicleJourneyRef, StartDate, EndDate) VALUES ('96699', 1490918400, 1508716799);
INSERT INTO VehicleJourney (VehicleJourneyCode, ServiceRef, LineRef, JourneyPatternRef, OperatorRef, Monday, Tuesday, Wednesday, Thursday, Friday, Saturday, Sunday, DepatureHour, DepatureMinute, DepatureSecond, Note, NoteCode) VALUES ('96700', 'FSACM03', '0', 'JPS_FSACM03-3', 'CAL', 0, 0, 0, 0, 0, 0, 1, 13, 0, 0, '', '');
INSERT INTO DayOfOperation (VehicleJourneyRef, StartDate, EndDate) VALUES ('96700', 1509235200, 1509321599);
INSERT INTO DayOfOperation (VehicleJourneyRef, StartDate, EndDate) VALUES ('96700', 1509840000, 1509926399);
INSERT INTO DayOfOperation (VehicleJourneyRef, StartDate, EndDate) VALUES ('96700', 1510444800, 1510531199);
INSERT INTO DayOfOperation (VehicleJourneyRef, StartDate, EndDate) VALUES ('96700', 1511049600, 1511135999);
INSERT INTO DayOfOperation (VehicleJourneyRef, StartDate, EndDate) VALUES ('96700', 1511654400, 1511740799);
INSERT INTO DayOfOperation (VehicleJourneyRef, StartDate, EndDate) VALUES ('96700', 1512259200, 1512345599);
INSERT INTO DayOfOperation (VehicleJourneyRef, StartDate, EndDate) VALUES ('96700', 1512864000, 1512950399);
INSERT INTO DayOfOperation (VehicleJourneyRef, StartDate, EndDate) VALUES ('96700', 1513468800, 1513555199);
INSERT INTO DayOfOperation (VehicleJourneyRef, StartDate, EndDate) VALUES ('96700', 1514073600, 1514159999);
INSERT INTO DayOfOperation (VehicleJourneyRef, StartDate, EndDate) VALUES ('96700', 1514678400, 1514764799);
INSERT INTO DayOfOperation (VehicleJourneyRef, StartDate, EndDate) VALUES ('96700', 1515283200, 1515369599);
INSERT INTO DayOfOperation (VehicleJourneyRef, StartDate, EndDate) VALUES ('96700', 1515888000, 1515974399);
INSERT INTO DayOfOperation (VehicleJourneyRef, StartDate, EndDate) VALUES ('96700', 1516492800, 1516579199);
INSERT INTO DayOfOperation (VehicleJourneyRef, StartDate, EndDate) VALUES ('96700', 1517097600, 1517183999);
INSERT INTO DayOfOperation (VehicleJourneyRef, StartDate, EndDate) VALUES ('96700', 1517702400, 1517788799);
INSERT INTO DayOfOperation (VehicleJourneyRef, StartDate, EndDate) VALUES ('96700', 1518307200, 1518393599);
INSERT INTO DayOfOperation (VehicleJourneyRef, StartDate, EndDate) VALUES ('96700', 1518912000, 1518998399);
INSERT INTO DayOfOperation (VehicleJourneyRef, StartDate, EndDate) VALUES ('96700', 1519516800, 1519603199);
INSERT INTO DayOfOperation (VehicleJourneyRef, StartDate, EndDate) VALUES ('96700', 1520121600, 1520207999);
INSERT INTO DayOfOperation (VehicleJourneyRef, StartDate, EndDate) VALUES ('96700', 1520726400, 1520812799);
INSERT INTO DayOfOperation (VehicleJourneyRef, StartDate, EndDate) VALUES ('96700', 1521331200, 1521417599);
INSERT INTO DayOfOperation (VehicleJourneyRef, StartDate, EndDate) VALUES ('96700', 1521936000, 1522022399);
INSERT INTO DayOfOperation (VehicleJourneyRef, StartDate, EndDate) VALUES ('96700', 1522540800, 1522627199);
INSERT INTO DayOfOperation (VehicleJourneyRef, StartDate, EndDate) VALUES ('96700', 1523145600, 1523231999);
INSERT INTO DayOfOperation (VehicleJourneyRef, StartDate, EndDate) VALUES ('96700', 1523750400, 1523836799);
INSERT INTO DayOfOperation (VehicleJourneyRef, StartDate, EndDate) VALUES ('96700', 1524355200, 1524441599);
INSERT INTO DayOfOperation (VehicleJourneyRef, StartDate, EndDate) VALUES ('96700', 1524960000, 1525046399);
INSERT INTO DayOfOperation (VehicleJourneyRef, StartDate, EndDate) VALUES ('96700', 1525564800, 1525651199);
INSERT INTO DayOfOperation (VehicleJourneyRef, StartDate, EndDate) VALUES ('96700', 1526169600, 1526255999);
INSERT INTO DayOfOperation (VehicleJourneyRef, StartDate, EndDate) VALUES ('96700', 1526774400, 1526860799);
INSERT INTO DayOfOperation (VehicleJourneyRef, StartDate, EndDate) VALUES ('96700', 1527379200, 1527465599);
INSERT INTO DayOfOperation (VehicleJourneyRef, StartDate, EndDate) VALUES ('96700', 1527984000, 1528070399);
INSERT INTO DayOfOperation (VehicleJourneyRef, StartDate, EndDate) VALUES ('96700', 1528588800, 1528675199);
INSERT INTO DayOfNonOperation (VehicleJourneyRef, StartDate, EndDate) VALUES ('96700', 1490918400, 1508716799);
INSERT INTO VehicleJourney (VehicleJourneyCode, ServiceRef, LineRef, JourneyPatternRef, OperatorRef, Monday, Tuesday, Wednesday, Thursday, Friday, Saturday, Sunday, DepatureHour, DepatureMinute, DepatureSecond, Note, NoteCode) VALUES ('96701', 'FSACM03', '0', 'JPS_FSACM03-3', 'CAL', 0, 0, 0, 0, 0, 0, 1, 14, 0, 0, '', '');
INSERT INTO DayOfOperation (VehicleJourneyRef, StartDate, EndDate) VALUES ('96701', 1509235200, 1509321599);
INSERT INTO DayOfOperation (VehicleJourneyRef, StartDate, EndDate) VALUES ('96701', 1509840000, 1509926399);
INSERT INTO DayOfOperation (VehicleJourneyRef, StartDate, EndDate) VALUES ('96701', 1510444800, 1510531199);
INSERT INTO DayOfOperation (VehicleJourneyRef, StartDate, EndDate) VALUES ('96701', 1511049600, 1511135999);
INSERT INTO DayOfOperation (VehicleJourneyRef, StartDate, EndDate) VALUES ('96701', 1511654400, 1511740799);
INSERT INTO DayOfOperation (VehicleJourneyRef, StartDate, EndDate) VALUES ('96701', 1512259200, 1512345599);
INSERT INTO DayOfOperation (VehicleJourneyRef, StartDate, EndDate) VALUES ('96701', 1512864000, 1512950399);
INSERT INTO DayOfOperation (VehicleJourneyRef, StartDate, EndDate) VALUES ('96701', 1513468800, 1513555199);
INSERT INTO DayOfOperation (VehicleJourneyRef, StartDate, EndDate) VALUES ('96701', 1514073600, 1514159999);
INSERT INTO DayOfOperation (VehicleJourneyRef, StartDate, EndDate) VALUES ('96701', 1514678400, 1514764799);
INSERT INTO DayOfOperation (VehicleJourneyRef, StartDate, EndDate) VALUES ('96701', 1515283200, 1515369599);
INSERT INTO DayOfOperation (VehicleJourneyRef, StartDate, EndDate) VALUES ('96701', 1515888000, 1515974399);
INSERT INTO DayOfOperation (VehicleJourneyRef, StartDate, EndDate) VALUES ('96701', 1516492800, 1516579199);
INSERT INTO DayOfOperation (VehicleJourneyRef, StartDate, EndDate) VALUES ('96701', 1517097600, 1517183999);
INSERT INTO DayOfOperation (VehicleJourneyRef, StartDate, EndDate) VALUES ('96701', 1517702400, 1517788799);
INSERT INTO DayOfOperation (VehicleJourneyRef, StartDate, EndDate) VALUES ('96701', 1518307200, 1518393599);
INSERT INTO DayOfOperation (VehicleJourneyRef, StartDate, EndDate) VALUES ('96701', 1518912000, 1518998399);
INSERT INTO DayOfOperation (VehicleJourneyRef, StartDate, EndDate) VALUES ('96701', 1519516800, 1519603199);
INSERT INTO DayOfOperation (VehicleJourneyRef, StartDate, EndDate) VALUES ('96701', 1520121600, 1520207999);
INSERT INTO DayOfOperation (VehicleJourneyRef, StartDate, EndDate) VALUES ('96701', 1520726400, 1520812799);
INSERT INTO DayOfOperation (VehicleJourneyRef, StartDate, EndDate) VALUES ('96701', 1521331200, 1521417599);
INSERT INTO DayOfOperation (VehicleJourneyRef, StartDate, EndDate) VALUES ('96701', 1521936000, 1522022399);
INSERT INTO DayOfOperation (VehicleJourneyRef, StartDate, EndDate) VALUES ('96701', 1522540800, 1522627199);
INSERT INTO DayOfOperation (VehicleJourneyRef, StartDate, EndDate) VALUES ('96701', 1523145600, 1523231999);
INSERT INTO DayOfOperation (VehicleJourneyRef, StartDate, EndDate) VALUES ('96701', 1523750400, 1523836799);
INSERT INTO DayOfOperation (VehicleJourneyRef, StartDate, EndDate) VALUES ('96701', 1524355200, 1524441599);
INSERT INTO DayOfOperation (VehicleJourneyRef, StartDate, EndDate) VALUES ('96701', 1524960000, 1525046399);
INSERT INTO DayOfOperation (VehicleJourneyRef, StartDate, EndDate) VALUES ('96701', 1525564800, 1525651199);
INSERT INTO DayOfOperation (VehicleJourneyRef, StartDate, EndDate) VALUES ('96701', 1526169600, 1526255999);
INSERT INTO DayOfOperation (VehicleJourneyRef, StartDate, EndDate) VALUES ('96701', 1526774400, 1526860799);
INSERT INTO DayOfOperation (VehicleJourneyRef, StartDate, EndDate) VALUES ('96701', 1527379200, 1527465599);
INSERT INTO DayOfOperation (VehicleJourneyRef, StartDate, EndDate) VALUES ('96701', 1527984000, 1528070399);
INSERT INTO DayOfOperation (VehicleJourneyRef, StartDate, EndDate) VALUES ('96701', 1528588800, 1528675199);
INSERT INTO DayOfNonOperation (VehicleJourneyRef, StartDate, EndDate) VALUES ('96701', 1490918400, 1508716799);
INSERT INTO VehicleJourney (VehicleJourneyCode, ServiceRef, LineRef, JourneyPatternRef, OperatorRef, Monday, Tuesday, Wednesday, Thursday, Friday, Saturday, Sunday, DepatureHour, DepatureMinute, DepatureSecond, Note, NoteCode) VALUES ('96702', 'FSACM03', '0', 'JPS_FSACM03-3', 'CAL', 0, 0, 0, 0, 0, 0, 1, 15, 0, 0, '', '');
INSERT INTO DayOfOperation (VehicleJourneyRef, StartDate, EndDate) VALUES ('96702', 1509235200, 1509321599);
INSERT INTO DayOfOperation (VehicleJourneyRef, StartDate, EndDate) VALUES ('96702', 1509840000, 1509926399);
INSERT INTO DayOfOperation (VehicleJourneyRef, StartDate, EndDate) VALUES ('96702', 1510444800, 1510531199);
INSERT INTO DayOfOperation (VehicleJourneyRef, StartDate, EndDate) VALUES ('96702', 1511049600, 1511135999);
INSERT INTO DayOfOperation (VehicleJourneyRef, StartDate, EndDate) VALUES ('96702', 1511654400, 1511740799);
INSERT INTO DayOfOperation (VehicleJourneyRef, StartDate, EndDate) VALUES ('96702', 1512259200, 1512345599);
INSERT INTO DayOfOperation (VehicleJourneyRef, StartDate, EndDate) VALUES ('96702', 1512864000, 1512950399);
INSERT INTO DayOfOperation (VehicleJourneyRef, StartDate, EndDate) VALUES ('96702', 1513468800, 1513555199);
INSERT INTO DayOfOperation (VehicleJourneyRef, StartDate, EndDate) VALUES ('96702', 1514073600, 1514159999);
INSERT INTO DayOfOperation (VehicleJourneyRef, StartDate, EndDate) VALUES ('96702', 1514678400, 1514764799);
INSERT INTO DayOfOperation (VehicleJourneyRef, StartDate, EndDate) VALUES ('96702', 1515283200, 1515369599);
INSERT INTO DayOfOperation (VehicleJourneyRef, StartDate, EndDate) VALUES ('96702', 1515888000, 1515974399);
INSERT INTO DayOfOperation (VehicleJourneyRef, StartDate, EndDate) VALUES ('96702', 1516492800, 1516579199);
INSERT INTO DayOfOperation (VehicleJourneyRef, StartDate, EndDate) VALUES ('96702', 1517097600, 1517183999);
INSERT INTO DayOfOperation (VehicleJourneyRef, StartDate, EndDate) VALUES ('96702', 1517702400, 1517788799);
INSERT INTO DayOfOperation (VehicleJourneyRef, StartDate, EndDate) VALUES ('96702', 1518307200, 1518393599);
INSERT INTO DayOfOperation (VehicleJourneyRef, StartDate, EndDate) VALUES ('96702', 1518912000, 1518998399);
INSERT INTO DayOfOperation (VehicleJourneyRef, StartDate, EndDate) VALUES ('96702', 1519516800, 1519603199);
INSERT INTO DayOfOperation (VehicleJourneyRef, StartDate, EndDate) VALUES ('96702', 1520121600, 1520207999);
INSERT INTO DayOfOperation (VehicleJourneyRef, StartDate, EndDate) VALUES ('96702', 1520726400, 1520812799);
INSERT INTO DayOfOperation (VehicleJourneyRef, StartDate, EndDate) VALUES ('96702', 1521331200, 1521417599);
INSERT INTO DayOfOperation (VehicleJourneyRef, StartDate, EndDate) VALUES ('96702', 1521936000, 1522022399);
INSERT INTO DayOfOperation (VehicleJourneyRef, StartDate, EndDate) VALUES ('96702', 1522540800, 1522627199);
INSERT INTO DayOfOperation (VehicleJourneyRef, StartDate, EndDate) VALUES ('96702', 1523145600, 1523231999);
INSERT INTO DayOfOperation (VehicleJourneyRef, StartDate, EndDate) VALUES ('96702', 1523750400, 1523836799);
INSERT INTO DayOfOperation (VehicleJourneyRef, StartDate, EndDate) VALUES ('96702', 1524355200, 1524441599);
INSERT INTO DayOfOperation (VehicleJourneyRef, StartDate, EndDate) VALUES ('96702', 1524960000, 1525046399);
INSERT INTO DayOfOperation (VehicleJourneyRef, StartDate, EndDate) VALUES ('96702', 1525564800, 1525651199);
INSERT INTO DayOfOperation (VehicleJourneyRef, StartDate, EndDate) VALUES ('96702', 1526169600, 1526255999);
INSERT INTO DayOfOperation (VehicleJourneyRef, StartDate, EndDate) VALUES ('96702', 1526774400, 1526860799);
INSERT INTO DayOfOperation (VehicleJourneyRef, StartDate, EndDate) VALUES ('96702', 1527379200, 1527465599);
INSERT INTO DayOfOperation (VehicleJourneyRef, StartDate, EndDate) VALUES ('96702', 1527984000, 1528070399);
INSERT INTO DayOfOperation (VehicleJourneyRef, StartDate, EndDate) VALUES ('96702', 1528588800, 1528675199);
INSERT INTO DayOfNonOperation (VehicleJourneyRef, StartDate, EndDate) VALUES ('96702', 1490918400, 1508716799);
INSERT INTO VehicleJourney (VehicleJourneyCode, ServiceRef, LineRef, JourneyPatternRef, OperatorRef, Monday, Tuesday, Wednesday, Thursday, Friday, Saturday, Sunday, DepatureHour, DepatureMinute, DepatureSecond, Note, NoteCode) VALUES ('96703', 'FSACM03', '0', 'JPS_FSACM03-3', 'CAL', 0, 0, 0, 0, 0, 0, 1, 16, 0, 0, '', '');
INSERT INTO DayOfOperation (VehicleJourneyRef, StartDate, EndDate) VALUES ('96703', 1509235200, 1509321599);
INSERT INTO DayOfOperation (VehicleJourneyRef, StartDate, EndDate) VALUES ('96703', 1509840000, 1509926399);
INSERT INTO DayOfOperation (VehicleJourneyRef, StartDate, EndDate) VALUES ('96703', 1510444800, 1510531199);
INSERT INTO DayOfOperation (VehicleJourneyRef, StartDate, EndDate) VALUES ('96703', 1511049600, 1511135999);
INSERT INTO DayOfOperation (VehicleJourneyRef, StartDate, EndDate) VALUES ('96703', 1511654400, 1511740799);
INSERT INTO DayOfOperation (VehicleJourneyRef, StartDate, EndDate) VALUES ('96703', 1512259200, 1512345599);
INSERT INTO DayOfOperation (VehicleJourneyRef, StartDate, EndDate) VALUES ('96703', 1512864000, 1512950399);
INSERT INTO DayOfOperation (VehicleJourneyRef, StartDate, EndDate) VALUES ('96703', 1513468800, 1513555199);
INSERT INTO DayOfOperation (VehicleJourneyRef, StartDate, EndDate) VALUES ('96703', 1514073600, 1514159999);
INSERT INTO DayOfOperation (VehicleJourneyRef, StartDate, EndDate) VALUES ('96703', 1514678400, 1514764799);
INSERT INTO DayOfOperation (VehicleJourneyRef, StartDate, EndDate) VALUES ('96703', 1515283200, 1515369599);
INSERT INTO DayOfOperation (VehicleJourneyRef, StartDate, EndDate) VALUES ('96703', 1515888000, 1515974399);
INSERT INTO DayOfOperation (VehicleJourneyRef, StartDate, EndDate) VALUES ('96703', 1516492800, 1516579199);
INSERT INTO DayOfOperation (VehicleJourneyRef, StartDate, EndDate) VALUES ('96703', 1517097600, 1517183999);
INSERT INTO DayOfOperation (VehicleJourneyRef, StartDate, EndDate) VALUES ('96703', 1517702400, 1517788799);
INSERT INTO DayOfOperation (VehicleJourneyRef, StartDate, EndDate) VALUES ('96703', 1518307200, 1518393599);
INSERT INTO DayOfOperation (VehicleJourneyRef, StartDate, EndDate) VALUES ('96703', 1518912000, 1518998399);
INSERT INTO DayOfOperation (VehicleJourneyRef, StartDate, EndDate) VALUES ('96703', 1519516800, 1519603199);
INSERT INTO DayOfOperation (VehicleJourneyRef, StartDate, EndDate) VALUES ('96703', 1520121600, 1520207999);
INSERT INTO DayOfOperation (VehicleJourneyRef, StartDate, EndDate) VALUES ('96703', 1520726400, 1520812799);
INSERT INTO DayOfOperation (VehicleJourneyRef, StartDate, EndDate) VALUES ('96703', 1521331200, 1521417599);
INSERT INTO DayOfOperation (VehicleJourneyRef, StartDate, EndDate) VALUES ('96703', 1521936000, 1522022399);
INSERT INTO DayOfOperation (VehicleJourneyRef, StartDate, EndDate) VALUES ('96703', 1522540800, 1522627199);
INSERT INTO DayOfOperation (VehicleJourneyRef, StartDate, EndDate) VALUES ('96703', 1523145600, 1523231999);
INSERT INTO DayOfOperation (VehicleJourneyRef, StartDate, EndDate) VALUES ('96703', 1523750400, 1523836799);
INSERT INTO DayOfOperation (VehicleJourneyRef, StartDate, EndDate) VALUES ('96703', 1524355200, 1524441599);
INSERT INTO DayOfOperation (VehicleJourneyRef, StartDate, EndDate) VALUES ('96703', 1524960000, 1525046399);
INSERT INTO DayOfOperation (VehicleJourneyRef, StartDate, EndDate) VALUES ('96703', 1525564800, 1525651199);
INSERT INTO DayOfOperation (VehicleJourneyRef, StartDate, EndDate) VALUES ('96703', 1526169600, 1526255999);
INSERT INTO DayOfOperation (VehicleJourneyRef, StartDate, EndDate) VALUES ('96703', 1526774400, 1526860799);
INSERT INTO DayOfOperation (VehicleJourneyRef, StartDate, EndDate) VALUES ('96703', 1527379200, 1527465599);
INSERT INTO DayOfOperation (VehicleJourneyRef, StartDate, EndDate) VALUES ('96703', 1527984000, 1528070399);
INSERT INTO DayOfOperation (VehicleJourneyRef, StartDate, EndDate) VALUES ('96703', 1528588800, 1528675199);
INSERT INTO DayOfNonOperation (VehicleJourneyRef, StartDate, EndDate) VALUES ('96703', 1490918400, 1508716799);
INSERT INTO VehicleJourney (VehicleJourneyCode, ServiceRef, LineRef, JourneyPatternRef, OperatorRef, Monday, Tuesday, Wednesday, Thursday, Friday, Saturday, Sunday, DepatureHour, DepatureMinute, DepatureSecond, Note, NoteCode) VALUES ('96704', 'FSACM03', '0', 'JPS_FSACM03-3', 'CAL', 0, 0, 0, 0, 0, 0, 1, 17, 0, 0, '', '');
INSERT INTO DayOfOperation (VehicleJourneyRef, StartDate, EndDate) VALUES ('96704', 1509235200, 1509321599);
INSERT INTO DayOfOperation (VehicleJourneyRef, StartDate, EndDate) VALUES ('96704', 1509840000, 1509926399);
INSERT INTO DayOfOperation (VehicleJourneyRef, StartDate, EndDate) VALUES ('96704', 1510444800, 1510531199);
INSERT INTO DayOfOperation (VehicleJourneyRef, StartDate, EndDate) VALUES ('96704', 1511049600, 1511135999);
INSERT INTO DayOfOperation (VehicleJourneyRef, StartDate, EndDate) VALUES ('96704', 1511654400, 1511740799);
INSERT INTO DayOfOperation (VehicleJourneyRef, StartDate, EndDate) VALUES ('96704', 1512259200, 1512345599);
INSERT INTO DayOfOperation (VehicleJourneyRef, StartDate, EndDate) VALUES ('96704', 1512864000, 1512950399);
INSERT INTO DayOfOperation (VehicleJourneyRef, StartDate, EndDate) VALUES ('96704', 1513468800, 1513555199);
INSERT INTO DayOfOperation (VehicleJourneyRef, StartDate, EndDate) VALUES ('96704', 1514073600, 1514159999);
INSERT INTO DayOfOperation (VehicleJourneyRef, StartDate, EndDate) VALUES ('96704', 1514678400, 1514764799);
INSERT INTO DayOfOperation (VehicleJourneyRef, StartDate, EndDate) VALUES ('96704', 1515283200, 1515369599);
INSERT INTO DayOfOperation (VehicleJourneyRef, StartDate, EndDate) VALUES ('96704', 1515888000, 1515974399);
INSERT INTO DayOfOperation (VehicleJourneyRef, StartDate, EndDate) VALUES ('96704', 1516492800, 1516579199);
INSERT INTO DayOfOperation (VehicleJourneyRef, StartDate, EndDate) VALUES ('96704', 1517097600, 1517183999);
INSERT INTO DayOfOperation (VehicleJourneyRef, StartDate, EndDate) VALUES ('96704', 1517702400, 1517788799);
INSERT INTO DayOfOperation (VehicleJourneyRef, StartDate, EndDate) VALUES ('96704', 1518307200, 1518393599);
INSERT INTO DayOfOperation (VehicleJourneyRef, StartDate, EndDate) VALUES ('96704', 1518912000, 1518998399);
INSERT INTO DayOfOperation (VehicleJourneyRef, StartDate, EndDate) VALUES ('96704', 1519516800, 1519603199);
INSERT INTO DayOfOperation (VehicleJourneyRef, StartDate, EndDate) VALUES ('96704', 1520121600, 1520207999);
INSERT INTO DayOfOperation (VehicleJourneyRef, StartDate, EndDate) VALUES ('96704', 1520726400, 1520812799);
INSERT INTO DayOfOperation (VehicleJourneyRef, StartDate, EndDate) VALUES ('96704', 1521331200, 1521417599);
INSERT INTO DayOfOperation (VehicleJourneyRef, StartDate, EndDate) VALUES ('96704', 1521936000, 1522022399);
INSERT INTO DayOfOperation (VehicleJourneyRef, StartDate, EndDate) VALUES ('96704', 1522540800, 1522627199);
INSERT INTO DayOfOperation (VehicleJourneyRef, StartDate, EndDate) VALUES ('96704', 1523145600, 1523231999);
INSERT INTO DayOfOperation (VehicleJourneyRef, StartDate, EndDate) VALUES ('96704', 1523750400, 1523836799);
INSERT INTO DayOfOperation (VehicleJourneyRef, StartDate, EndDate) VALUES ('96704', 1524355200, 1524441599);
INSERT INTO DayOfOperation (VehicleJourneyRef, StartDate, EndDate) VALUES ('96704', 1524960000, 1525046399);
INSERT INTO DayOfOperation (VehicleJourneyRef, StartDate, EndDate) VALUES ('96704', 1525564800, 1525651199);
INSERT INTO DayOfOperation (VehicleJourneyRef, StartDate, EndDate) VALUES ('96704', 1526169600, 1526255999);
INSERT INTO DayOfOperation (VehicleJourneyRef, StartDate, EndDate) VALUES ('96704', 1526774400, 1526860799);
INSERT INTO DayOfOperation (VehicleJourneyRef, StartDate, EndDate) VALUES ('96704', 1527379200, 1527465599);
INSERT INTO DayOfOperation (VehicleJourneyRef, StartDate, EndDate) VALUES ('96704', 1527984000, 1528070399);
INSERT INTO DayOfOperation (VehicleJourneyRef, StartDate, EndDate) VALUES ('96704', 1528588800, 1528675199);
INSERT INTO DayOfNonOperation (VehicleJourneyRef, StartDate, EndDate) VALUES ('96704', 1490918400, 1508716799);
INSERT INTO VehicleJourney (VehicleJourneyCode, ServiceRef, LineRef, JourneyPatternRef, OperatorRef, Monday, Tuesday, Wednesday, Thursday, Friday, Saturday, Sunday, DepatureHour, DepatureMinute, DepatureSecond, Note, NoteCode) VALUES ('96705', 'FSACM03', '0', 'JPS_FSACM03-3', 'CAL', 0, 0, 0, 0, 0, 0, 1, 18, 0, 0, '', '');
INSERT INTO DayOfOperation (VehicleJourneyRef, StartDate, EndDate) VALUES ('96705', 1509235200, 1509321599);
INSERT INTO DayOfOperation (VehicleJourneyRef, StartDate, EndDate) VALUES ('96705', 1509840000, 1509926399);
INSERT INTO DayOfOperation (VehicleJourneyRef, StartDate, EndDate) VALUES ('96705', 1510444800, 1510531199);
INSERT INTO DayOfOperation (VehicleJourneyRef, StartDate, EndDate) VALUES ('96705', 1511049600, 1511135999);
INSERT INTO DayOfOperation (VehicleJourneyRef, StartDate, EndDate) VALUES ('96705', 1511654400, 1511740799);
INSERT INTO DayOfOperation (VehicleJourneyRef, StartDate, EndDate) VALUES ('96705', 1512259200, 1512345599);
INSERT INTO DayOfOperation (VehicleJourneyRef, StartDate, EndDate) VALUES ('96705', 1512864000, 1512950399);
INSERT INTO DayOfOperation (VehicleJourneyRef, StartDate, EndDate) VALUES ('96705', 1513468800, 1513555199);
INSERT INTO DayOfOperation (VehicleJourneyRef, StartDate, EndDate) VALUES ('96705', 1514073600, 1514159999);
INSERT INTO DayOfOperation (VehicleJourneyRef, StartDate, EndDate) VALUES ('96705', 1514678400, 1514764799);
INSERT INTO DayOfOperation (VehicleJourneyRef, StartDate, EndDate) VALUES ('96705', 1515283200, 1515369599);
INSERT INTO DayOfOperation (VehicleJourneyRef, StartDate, EndDate) VALUES ('96705', 1515888000, 1515974399);
INSERT INTO DayOfOperation (VehicleJourneyRef, StartDate, EndDate) VALUES ('96705', 1516492800, 1516579199);
INSERT INTO DayOfOperation (VehicleJourneyRef, StartDate, EndDate) VALUES ('96705', 1517097600, 1517183999);
INSERT INTO DayOfOperation (VehicleJourneyRef, StartDate, EndDate) VALUES ('96705', 1517702400, 1517788799);
INSERT INTO DayOfOperation (VehicleJourneyRef, StartDate, EndDate) VALUES ('96705', 1518307200, 1518393599);
INSERT INTO DayOfOperation (VehicleJourneyRef, StartDate, EndDate) VALUES ('96705', 1518912000, 1518998399);
INSERT INTO DayOfOperation (VehicleJourneyRef, StartDate, EndDate) VALUES ('96705', 1519516800, 1519603199);
INSERT INTO DayOfOperation (VehicleJourneyRef, StartDate, EndDate) VALUES ('96705', 1520121600, 1520207999);
INSERT INTO DayOfOperation (VehicleJourneyRef, StartDate, EndDate) VALUES ('96705', 1520726400, 1520812799);
INSERT INTO DayOfOperation (VehicleJourneyRef, StartDate, EndDate) VALUES ('96705', 1521331200, 1521417599);
INSERT INTO DayOfOperation (VehicleJourneyRef, StartDate, EndDate) VALUES ('96705', 1521936000, 1522022399);
INSERT INTO DayOfOperation (VehicleJourneyRef, StartDate, EndDate) VALUES ('96705', 1522540800, 1522627199);
INSERT INTO DayOfOperation (VehicleJourneyRef, StartDate, EndDate) VALUES ('96705', 1523145600, 1523231999);
INSERT INTO DayOfOperation (VehicleJourneyRef, StartDate, EndDate) VALUES ('96705', 1523750400, 1523836799);
INSERT INTO DayOfOperation (VehicleJourneyRef, StartDate, EndDate) VALUES ('96705', 1524355200, 1524441599);
INSERT INTO DayOfOperation (VehicleJourneyRef, StartDate, EndDate) VALUES ('96705', 1524960000, 1525046399);
INSERT INTO DayOfOperation (VehicleJourneyRef, StartDate, EndDate) VALUES ('96705', 1525564800, 1525651199);
INSERT INTO DayOfOperation (VehicleJourneyRef, StartDate, EndDate) VALUES ('96705', 1526169600, 1526255999);
INSERT INTO DayOfOperation (VehicleJourneyRef, StartDate, EndDate) VALUES ('96705', 1526774400, 1526860799);
INSERT INTO DayOfOperation (VehicleJourneyRef, StartDate, EndDate) VALUES ('96705', 1527379200, 1527465599);
INSERT INTO DayOfOperation (VehicleJourneyRef, StartDate, EndDate) VALUES ('96705', 1527984000, 1528070399);
INSERT INTO DayOfOperation (VehicleJourneyRef, StartDate, EndDate) VALUES ('96705', 1528588800, 1528675199);
INSERT INTO DayOfNonOperation (VehicleJourneyRef, StartDate, EndDate) VALUES ('96705', 1490918400, 1508716799);
INSERT INTO VehicleJourney (VehicleJourneyCode, ServiceRef, LineRef, JourneyPatternRef, OperatorRef, Monday, Tuesday, Wednesday, Thursday, Friday, Saturday, Sunday, DepatureHour, DepatureMinute, DepatureSecond, Note, NoteCode) VALUES ('96706', 'FSACM03', '0', 'JPS_FSACM03-3', 'CAL', 0, 0, 0, 0, 0, 0, 1, 19, 0, 0, '', '');
INSERT INTO DayOfOperation (VehicleJourneyRef, StartDate, EndDate) VALUES ('96706', 1509235200, 1509321599);
INSERT INTO DayOfOperation (VehicleJourneyRef, StartDate, EndDate) VALUES ('96706', 1509840000, 1509926399);
INSERT INTO DayOfOperation (VehicleJourneyRef, StartDate, EndDate) VALUES ('96706', 1510444800, 1510531199);
INSERT INTO DayOfOperation (VehicleJourneyRef, StartDate, EndDate) VALUES ('96706', 1511049600, 1511135999);
INSERT INTO DayOfOperation (VehicleJourneyRef, StartDate, EndDate) VALUES ('96706', 1511654400, 1511740799);
INSERT INTO DayOfOperation (VehicleJourneyRef, StartDate, EndDate) VALUES ('96706', 1512259200, 1512345599);
INSERT INTO DayOfOperation (VehicleJourneyRef, StartDate, EndDate) VALUES ('96706', 1512864000, 1512950399);
INSERT INTO DayOfOperation (VehicleJourneyRef, StartDate, EndDate) VALUES ('96706', 1513468800, 1513555199);
INSERT INTO DayOfOperation (VehicleJourneyRef, StartDate, EndDate) VALUES ('96706', 1514073600, 1514159999);
INSERT INTO DayOfOperation (VehicleJourneyRef, StartDate, EndDate) VALUES ('96706', 1514678400, 1514764799);
INSERT INTO DayOfOperation (VehicleJourneyRef, StartDate, EndDate) VALUES ('96706', 1515283200, 1515369599);
INSERT INTO DayOfOperation (VehicleJourneyRef, StartDate, EndDate) VALUES ('96706', 1515888000, 1515974399);
INSERT INTO DayOfOperation (VehicleJourneyRef, StartDate, EndDate) VALUES ('96706', 1516492800, 1516579199);
INSERT INTO DayOfOperation (VehicleJourneyRef, StartDate, EndDate) VALUES ('96706', 1517097600, 1517183999);
INSERT INTO DayOfOperation (VehicleJourneyRef, StartDate, EndDate) VALUES ('96706', 1517702400, 1517788799);
INSERT INTO DayOfOperation (VehicleJourneyRef, StartDate, EndDate) VALUES ('96706', 1518307200, 1518393599);
INSERT INTO DayOfOperation (VehicleJourneyRef, StartDate, EndDate) VALUES ('96706', 1518912000, 1518998399);
INSERT INTO DayOfOperation (VehicleJourneyRef, StartDate, EndDate) VALUES ('96706', 1519516800, 1519603199);
INSERT INTO DayOfOperation (VehicleJourneyRef, StartDate, EndDate) VALUES ('96706', 1520121600, 1520207999);
INSERT INTO DayOfOperation (VehicleJourneyRef, StartDate, EndDate) VALUES ('96706', 1520726400, 1520812799);
INSERT INTO DayOfOperation (VehicleJourneyRef, StartDate, EndDate) VALUES ('96706', 1521331200, 1521417599);
INSERT INTO DayOfOperation (VehicleJourneyRef, StartDate, EndDate) VALUES ('96706', 1521936000, 1522022399);
INSERT INTO DayOfOperation (VehicleJourneyRef, StartDate, EndDate) VALUES ('96706', 1522540800, 1522627199);
INSERT INTO DayOfOperation (VehicleJourneyRef, StartDate, EndDate) VALUES ('96706', 1523145600, 1523231999);
INSERT INTO DayOfOperation (VehicleJourneyRef, StartDate, EndDate) VALUES ('96706', 1523750400, 1523836799);
INSERT INTO DayOfOperation (VehicleJourneyRef, StartDate, EndDate) VALUES ('96706', 1524355200, 1524441599);
INSERT INTO DayOfOperation (VehicleJourneyRef, StartDate, EndDate) VALUES ('96706', 1524960000, 1525046399);
INSERT INTO DayOfOperation (VehicleJourneyRef, StartDate, EndDate) VALUES ('96706', 1525564800, 1525651199);
INSERT INTO DayOfOperation (VehicleJourneyRef, StartDate, EndDate) VALUES ('96706', 1526169600, 1526255999);
INSERT INTO DayOfOperation (VehicleJourneyRef, StartDate, EndDate) VALUES ('96706', 1526774400, 1526860799);
INSERT INTO DayOfOperation (VehicleJourneyRef, StartDate, EndDate) VALUES ('96706', 1527379200, 1527465599);
INSERT INTO DayOfOperation (VehicleJourneyRef, StartDate, EndDate) VALUES ('96706', 1527984000, 1528070399);
INSERT INTO DayOfOperation (VehicleJourneyRef, StartDate, EndDate) VALUES ('96706', 1528588800, 1528675199);
INSERT INTO DayOfNonOperation (VehicleJourneyRef, StartDate, EndDate) VALUES ('96706', 1490918400, 1508716799);
INSERT INTO VehicleJourney (VehicleJourneyCode, ServiceRef, LineRef, JourneyPatternRef, OperatorRef, Monday, Tuesday, Wednesday, Thursday, Friday, Saturday, Sunday, DepatureHour, DepatureMinute, DepatureSecond, Note, NoteCode) VALUES ('96749', 'FSACM03', '0', 'JPS_FSACM03-4', 'CAL', 1, 1, 1, 1, 1, 0, 0, 7, 15, 0, '', '');
INSERT INTO DayOfNonOperation (VehicleJourneyRef, StartDate, EndDate) VALUES ('96749', 1490918400, 1508716799);
INSERT INTO DayOfNonOperation (VehicleJourneyRef, StartDate, EndDate) VALUES ('96749', 1514160000, 1514332799);
INSERT INTO DayOfNonOperation (VehicleJourneyRef, StartDate, EndDate) VALUES ('96749', 1514764800, 1514937599);
INSERT INTO VehicleJourney (VehicleJourneyCode, ServiceRef, LineRef, JourneyPatternRef, OperatorRef, Monday, Tuesday, Wednesday, Thursday, Friday, Saturday, Sunday, DepatureHour, DepatureMinute, DepatureSecond, Note, NoteCode) VALUES ('96750', 'FSACM03', '0', 'JPS_FSACM03-4', 'CAL', 1, 1, 1, 1, 1, 0, 0, 7, 55, 0, '', '');
INSERT INTO DayOfNonOperation (VehicleJourneyRef, StartDate, EndDate) VALUES ('96750', 1490918400, 1508716799);
INSERT INTO DayOfNonOperation (VehicleJourneyRef, StartDate, EndDate) VALUES ('96750', 1514160000, 1514332799);
INSERT INTO DayOfNonOperation (VehicleJourneyRef, StartDate, EndDate) VALUES ('96750', 1514764800, 1514937599);
INSERT INTO VehicleJourney (VehicleJourneyCode, ServiceRef, LineRef, JourneyPatternRef, OperatorRef, Monday, Tuesday, Wednesday, Thursday, Friday, Saturday, Sunday, DepatureHour, DepatureMinute, DepatureSecond, Note, NoteCode) VALUES ('96751', 'FSACM03', '0', 'JPS_FSACM03-4', 'CAL', 1, 1, 1, 1, 1, 0, 0, 8, 45, 0, '', '');
INSERT INTO DayOfNonOperation (VehicleJourneyRef, StartDate, EndDate) VALUES ('96751', 1490918400, 1508716799);
INSERT INTO DayOfNonOperation (VehicleJourneyRef, StartDate, EndDate) VALUES ('96751', 1514160000, 1514332799);
INSERT INTO DayOfNonOperation (VehicleJourneyRef, StartDate, EndDate) VALUES ('96751', 1514764800, 1514937599);
INSERT INTO VehicleJourney (VehicleJourneyCode, ServiceRef, LineRef, JourneyPatternRef, OperatorRef, Monday, Tuesday, Wednesday, Thursday, Friday, Saturday, Sunday, DepatureHour, DepatureMinute, DepatureSecond, Note, NoteCode) VALUES ('96752', 'FSACM03', '0', 'JPS_FSACM03-4', 'CAL', 1, 1, 1, 1, 1, 0, 0, 9, 25, 0, '', '');
INSERT INTO DayOfNonOperation (VehicleJourneyRef, StartDate, EndDate) VALUES ('96752', 1490918400, 1508716799);
INSERT INTO DayOfNonOperation (VehicleJourneyRef, StartDate, EndDate) VALUES ('96752', 1514160000, 1514332799);
INSERT INTO DayOfNonOperation (VehicleJourneyRef, StartDate, EndDate) VALUES ('96752', 1514764800, 1514937599);
INSERT INTO VehicleJourney (VehicleJourneyCode, ServiceRef, LineRef, JourneyPatternRef, OperatorRef, Monday, Tuesday, Wednesday, Thursday, Friday, Saturday, Sunday, DepatureHour, DepatureMinute, DepatureSecond, Note, NoteCode) VALUES ('96753', 'FSACM03', '0', 'JPS_FSACM03-4', 'CAL', 1, 1, 1, 1, 1, 0, 0, 10, 15, 0, '', '');
INSERT INTO DayOfNonOperation (VehicleJourneyRef, StartDate, EndDate) VALUES ('96753', 1490918400, 1508716799);
INSERT INTO DayOfNonOperation (VehicleJourneyRef, StartDate, EndDate) VALUES ('96753', 1514160000, 1514332799);
INSERT INTO DayOfNonOperation (VehicleJourneyRef, StartDate, EndDate) VALUES ('96753', 1514764800, 1514937599);
INSERT INTO VehicleJourney (VehicleJourneyCode, ServiceRef, LineRef, JourneyPatternRef, OperatorRef, Monday, Tuesday, Wednesday, Thursday, Friday, Saturday, Sunday, DepatureHour, DepatureMinute, DepatureSecond, Note, NoteCode) VALUES ('96754', 'FSACM03', '0', 'JPS_FSACM03-4', 'CAL', 1, 1, 1, 1, 1, 0, 0, 11, 0, 0, '', '');
INSERT INTO DayOfNonOperation (VehicleJourneyRef, StartDate, EndDate) VALUES ('96754', 1490918400, 1508716799);
INSERT INTO DayOfNonOperation (VehicleJourneyRef, StartDate, EndDate) VALUES ('96754', 1514160000, 1514332799);
INSERT INTO DayOfNonOperation (VehicleJourneyRef, StartDate, EndDate) VALUES ('96754', 1514764800, 1514937599);
INSERT INTO VehicleJourney (VehicleJourneyCode, ServiceRef, LineRef, JourneyPatternRef, OperatorRef, Monday, Tuesday, Wednesday, Thursday, Friday, Saturday, Sunday, DepatureHour, DepatureMinute, DepatureSecond, Note, NoteCode) VALUES ('96755', 'FSACM03', '0', 'JPS_FSACM03-4', 'CAL', 1, 1, 1, 1, 1, 0, 0, 12, 0, 0, '', '');
INSERT INTO DayOfNonOperation (VehicleJourneyRef, StartDate, EndDate) VALUES ('96755', 1490918400, 1508716799);
INSERT INTO DayOfNonOperation (VehicleJourneyRef, StartDate, EndDate) VALUES ('96755', 1514160000, 1514332799);
INSERT INTO DayOfNonOperation (VehicleJourneyRef, StartDate, EndDate) VALUES ('96755', 1514764800, 1514937599);
INSERT INTO VehicleJourney (VehicleJourneyCode, ServiceRef, LineRef, JourneyPatternRef, OperatorRef, Monday, Tuesday, Wednesday, Thursday, Friday, Saturday, Sunday, DepatureHour, DepatureMinute, DepatureSecond, Note, NoteCode) VALUES ('96756', 'FSACM03', '0', 'JPS_FSACM03-4', 'CAL', 1, 1, 1, 1, 1, 0, 0, 13, 5, 0, '', '');
INSERT INTO DayOfNonOperation (VehicleJourneyRef, StartDate, EndDate) VALUES ('96756', 1490918400, 1508716799);
INSERT INTO DayOfNonOperation (VehicleJourneyRef, StartDate, EndDate) VALUES ('96756', 1514160000, 1514332799);
INSERT INTO DayOfNonOperation (VehicleJourneyRef, StartDate, EndDate) VALUES ('96756', 1514764800, 1514937599);
INSERT INTO VehicleJourney (VehicleJourneyCode, ServiceRef, LineRef, JourneyPatternRef, OperatorRef, Monday, Tuesday, Wednesday, Thursday, Friday, Saturday, Sunday, DepatureHour, DepatureMinute, DepatureSecond, Note, NoteCode) VALUES ('96757', 'FSACM03', '0', 'JPS_FSACM03-4', 'CAL', 1, 1, 1, 1, 1, 0, 0, 14, 5, 0, '', '');
INSERT INTO DayOfNonOperation (VehicleJourneyRef, StartDate, EndDate) VALUES ('96757', 1490918400, 1508716799);
INSERT INTO DayOfNonOperation (VehicleJourneyRef, StartDate, EndDate) VALUES ('96757', 1514160000, 1514332799);
INSERT INTO DayOfNonOperation (VehicleJourneyRef, StartDate, EndDate) VALUES ('96757', 1514764800, 1514937599);
INSERT INTO VehicleJourney (VehicleJourneyCode, ServiceRef, LineRef, JourneyPatternRef, OperatorRef, Monday, Tuesday, Wednesday, Thursday, Friday, Saturday, Sunday, DepatureHour, DepatureMinute, DepatureSecond, Note, NoteCode) VALUES ('96758', 'FSACM03', '0', 'JPS_FSACM03-4', 'CAL', 1, 1, 1, 1, 1, 0, 0, 15, 0, 0, '', '');
INSERT INTO DayOfNonOperation (VehicleJourneyRef, StartDate, EndDate) VALUES ('96758', 1490918400, 1508716799);
INSERT INTO DayOfNonOperation (VehicleJourneyRef, StartDate, EndDate) VALUES ('96758', 1514160000, 1514332799);
INSERT INTO DayOfNonOperation (VehicleJourneyRef, StartDate, EndDate) VALUES ('96758', 1514764800, 1514937599);
INSERT INTO VehicleJourney (VehicleJourneyCode, ServiceRef, LineRef, JourneyPatternRef, OperatorRef, Monday, Tuesday, Wednesday, Thursday, Friday, Saturday, Sunday, DepatureHour, DepatureMinute, DepatureSecond, Note, NoteCode) VALUES ('96759', 'FSACM03', '0', 'JPS_FSACM03-4', 'CAL', 1, 1, 1, 1, 1, 0, 0, 16, 0, 0, '', '');
INSERT INTO DayOfNonOperation (VehicleJourneyRef, StartDate, EndDate) VALUES ('96759', 1490918400, 1508716799);
INSERT INTO DayOfNonOperation (VehicleJourneyRef, StartDate, EndDate) VALUES ('96759', 1514160000, 1514332799);
INSERT INTO DayOfNonOperation (VehicleJourneyRef, StartDate, EndDate) VALUES ('96759', 1514764800, 1514937599);
INSERT INTO VehicleJourney (VehicleJourneyCode, ServiceRef, LineRef, JourneyPatternRef, OperatorRef, Monday, Tuesday, Wednesday, Thursday, Friday, Saturday, Sunday, DepatureHour, DepatureMinute, DepatureSecond, Note, NoteCode) VALUES ('96760', 'FSACM03', '0', 'JPS_FSACM03-4', 'CAL', 1, 1, 1, 1, 1, 0, 0, 16, 45, 0, '', '');
INSERT INTO DayOfNonOperation (VehicleJourneyRef, StartDate, EndDate) VALUES ('96760', 1490918400, 1508716799);
INSERT INTO DayOfNonOperation (VehicleJourneyRef, StartDate, EndDate) VALUES ('96760', 1514160000, 1514332799);
INSERT INTO DayOfNonOperation (VehicleJourneyRef, StartDate, EndDate) VALUES ('96760', 1514764800, 1514937599);
INSERT INTO VehicleJourney (VehicleJourneyCode, ServiceRef, LineRef, JourneyPatternRef, OperatorRef, Monday, Tuesday, Wednesday, Thursday, Friday, Saturday, Sunday, DepatureHour, DepatureMinute, DepatureSecond, Note, NoteCode) VALUES ('96761', 'FSACM03', '0', 'JPS_FSACM03-4', 'CAL', 1, 1, 1, 1, 1, 0, 0, 17, 30, 0, '', '');
INSERT INTO DayOfNonOperation (VehicleJourneyRef, StartDate, EndDate) VALUES ('96761', 1490918400, 1508716799);
INSERT INTO DayOfNonOperation (VehicleJourneyRef, StartDate, EndDate) VALUES ('96761', 1514160000, 1514332799);
INSERT INTO DayOfNonOperation (VehicleJourneyRef, StartDate, EndDate) VALUES ('96761', 1514764800, 1514937599);
INSERT INTO VehicleJourney (VehicleJourneyCode, ServiceRef, LineRef, JourneyPatternRef, OperatorRef, Monday, Tuesday, Wednesday, Thursday, Friday, Saturday, Sunday, DepatureHour, DepatureMinute, DepatureSecond, Note, NoteCode) VALUES ('96762', 'FSACM03', '0', 'JPS_FSACM03-4', 'CAL', 1, 1, 1, 1, 1, 0, 0, 18, 15, 0, '', '');
INSERT INTO DayOfNonOperation (VehicleJourneyRef, StartDate, EndDate) VALUES ('96762', 1490918400, 1508716799);
INSERT INTO DayOfNonOperation (VehicleJourneyRef, StartDate, EndDate) VALUES ('96762', 1514160000, 1514332799);
INSERT INTO DayOfNonOperation (VehicleJourneyRef, StartDate, EndDate) VALUES ('96762', 1514764800, 1514937599);
INSERT INTO VehicleJourney (VehicleJourneyCode, ServiceRef, LineRef, JourneyPatternRef, OperatorRef, Monday, Tuesday, Wednesday, Thursday, Friday, Saturday, Sunday, DepatureHour, DepatureMinute, DepatureSecond, Note, NoteCode) VALUES ('96763', 'FSACM03', '0', 'JPS_FSACM03-4', 'CAL', 1, 1, 1, 1, 1, 0, 0, 19, 0, 0, '', '');
INSERT INTO DayOfNonOperation (VehicleJourneyRef, StartDate, EndDate) VALUES ('96763', 1490918400, 1508716799);
INSERT INTO DayOfNonOperation (VehicleJourneyRef, StartDate, EndDate) VALUES ('96763', 1514160000, 1514332799);
INSERT INTO DayOfNonOperation (VehicleJourneyRef, StartDate, EndDate) VALUES ('96763', 1514764800, 1514937599);
INSERT INTO VehicleJourney (VehicleJourneyCode, ServiceRef, LineRef, JourneyPatternRef, OperatorRef, Monday, Tuesday, Wednesday, Thursday, Friday, Saturday, Sunday, DepatureHour, DepatureMinute, DepatureSecond, Note, NoteCode) VALUES ('96764', 'FSACM03', '0', 'JPS_FSACM03-4', 'CAL', 1, 1, 1, 1, 1, 0, 0, 19, 45, 0, '', '');
INSERT INTO DayOfNonOperation (VehicleJourneyRef, StartDate, EndDate) VALUES ('96764', 1490918400, 1508716799);
INSERT INTO DayOfNonOperation (VehicleJourneyRef, StartDate, EndDate) VALUES ('96764', 1514160000, 1514332799);
INSERT INTO DayOfNonOperation (VehicleJourneyRef, StartDate, EndDate) VALUES ('96764', 1514764800, 1514937599);
INSERT INTO VehicleJourney (VehicleJourneyCode, ServiceRef, LineRef, JourneyPatternRef, OperatorRef, Monday, Tuesday, Wednesday, Thursday, Friday, Saturday, Sunday, DepatureHour, DepatureMinute, DepatureSecond, Note, NoteCode) VALUES ('96782', 'FSACM03', '0', 'JPS_FSACM03-4', 'CAL', 0, 0, 0, 0, 0, 1, 0, 8, 45, 0, '', '');
INSERT INTO DayOfOperation (VehicleJourneyRef, StartDate, EndDate) VALUES ('96782', 1509148800, 1509235199);
INSERT INTO DayOfOperation (VehicleJourneyRef, StartDate, EndDate) VALUES ('96782', 1509753600, 1509839999);
INSERT INTO DayOfOperation (VehicleJourneyRef, StartDate, EndDate) VALUES ('96782', 1510358400, 1510444799);
INSERT INTO DayOfOperation (VehicleJourneyRef, StartDate, EndDate) VALUES ('96782', 1510963200, 1511049599);
INSERT INTO DayOfOperation (VehicleJourneyRef, StartDate, EndDate) VALUES ('96782', 1511568000, 1511654399);
INSERT INTO DayOfOperation (VehicleJourneyRef, StartDate, EndDate) VALUES ('96782', 1512172800, 1512259199);
INSERT INTO DayOfOperation (VehicleJourneyRef, StartDate, EndDate) VALUES ('96782', 1512777600, 1512863999);
INSERT INTO DayOfOperation (VehicleJourneyRef, StartDate, EndDate) VALUES ('96782', 1513382400, 1513468799);
INSERT INTO DayOfOperation (VehicleJourneyRef, StartDate, EndDate) VALUES ('96782', 1513987200, 1514073599);
INSERT INTO DayOfOperation (VehicleJourneyRef, StartDate, EndDate) VALUES ('96782', 1514592000, 1514678399);
INSERT INTO DayOfOperation (VehicleJourneyRef, StartDate, EndDate) VALUES ('96782', 1515196800, 1515283199);
INSERT INTO DayOfOperation (VehicleJourneyRef, StartDate, EndDate) VALUES ('96782', 1515801600, 1515887999);
INSERT INTO DayOfOperation (VehicleJourneyRef, StartDate, EndDate) VALUES ('96782', 1516406400, 1516492799);
INSERT INTO DayOfOperation (VehicleJourneyRef, StartDate, EndDate) VALUES ('96782', 1517011200, 1517097599);
INSERT INTO DayOfOperation (VehicleJourneyRef, StartDate, EndDate) VALUES ('96782', 1517616000, 1517702399);
INSERT INTO DayOfOperation (VehicleJourneyRef, StartDate, EndDate) VALUES ('96782', 1518220800, 1518307199);
INSERT INTO DayOfOperation (VehicleJourneyRef, StartDate, EndDate) VALUES ('96782', 1518825600, 1518911999);
INSERT INTO DayOfOperation (VehicleJourneyRef, StartDate, EndDate) VALUES ('96782', 1519430400, 1519516799);
INSERT INTO DayOfOperation (VehicleJourneyRef, StartDate, EndDate) VALUES ('96782', 1520035200, 1520121599);
INSERT INTO DayOfOperation (VehicleJourneyRef, StartDate, EndDate) VALUES ('96782', 1520640000, 1520726399);
INSERT INTO DayOfOperation (VehicleJourneyRef, StartDate, EndDate) VALUES ('96782', 1521244800, 1521331199);
INSERT INTO DayOfOperation (VehicleJourneyRef, StartDate, EndDate) VALUES ('96782', 1521849600, 1521935999);
INSERT INTO DayOfOperation (VehicleJourneyRef, StartDate, EndDate) VALUES ('96782', 1522454400, 1522540799);
INSERT INTO DayOfOperation (VehicleJourneyRef, StartDate, EndDate) VALUES ('96782', 1523059200, 1523145599);
INSERT INTO DayOfOperation (VehicleJourneyRef, StartDate, EndDate) VALUES ('96782', 1523664000, 1523750399);
INSERT INTO DayOfOperation (VehicleJourneyRef, StartDate, EndDate) VALUES ('96782', 1524268800, 1524355199);
INSERT INTO DayOfOperation (VehicleJourneyRef, StartDate, EndDate) VALUES ('96782', 1524873600, 1524959999);
INSERT INTO DayOfOperation (VehicleJourneyRef, StartDate, EndDate) VALUES ('96782', 1525478400, 1525564799);
INSERT INTO DayOfOperation (VehicleJourneyRef, StartDate, EndDate) VALUES ('96782', 1526083200, 1526169599);
INSERT INTO DayOfOperation (VehicleJourneyRef, StartDate, EndDate) VALUES ('96782', 1526688000, 1526774399);
INSERT INTO DayOfOperation (VehicleJourneyRef, StartDate, EndDate) VALUES ('96782', 1527292800, 1527379199);
INSERT INTO DayOfOperation (VehicleJourneyRef, StartDate, EndDate) VALUES ('96782', 1527897600, 1527983999);
INSERT INTO DayOfOperation (VehicleJourneyRef, StartDate, EndDate) VALUES ('96782', 1528502400, 1528588799);
INSERT INTO DayOfNonOperation (VehicleJourneyRef, StartDate, EndDate) VALUES ('96782', 1490918400, 1508716799);
INSERT INTO VehicleJourney (VehicleJourneyCode, ServiceRef, LineRef, JourneyPatternRef, OperatorRef, Monday, Tuesday, Wednesday, Thursday, Friday, Saturday, Sunday, DepatureHour, DepatureMinute, DepatureSecond, Note, NoteCode) VALUES ('96783', 'FSACM03', '0', 'JPS_FSACM03-4', 'CAL', 0, 0, 0, 0, 0, 1, 0, 9, 25, 0, '', '');
INSERT INTO DayOfOperation (VehicleJourneyRef, StartDate, EndDate) VALUES ('96783', 1509148800, 1509235199);
INSERT INTO DayOfOperation (VehicleJourneyRef, StartDate, EndDate) VALUES ('96783', 1509753600, 1509839999);
INSERT INTO DayOfOperation (VehicleJourneyRef, StartDate, EndDate) VALUES ('96783', 1510358400, 1510444799);
INSERT INTO DayOfOperation (VehicleJourneyRef, StartDate, EndDate) VALUES ('96783', 1510963200, 1511049599);
INSERT INTO DayOfOperation (VehicleJourneyRef, StartDate, EndDate) VALUES ('96783', 1511568000, 1511654399);
INSERT INTO DayOfOperation (VehicleJourneyRef, StartDate, EndDate) VALUES ('96783', 1512172800, 1512259199);
INSERT INTO DayOfOperation (VehicleJourneyRef, StartDate, EndDate) VALUES ('96783', 1512777600, 1512863999);
INSERT INTO DayOfOperation (VehicleJourneyRef, StartDate, EndDate) VALUES ('96783', 1513382400, 1513468799);
INSERT INTO DayOfOperation (VehicleJourneyRef, StartDate, EndDate) VALUES ('96783', 1513987200, 1514073599);
INSERT INTO DayOfOperation (VehicleJourneyRef, StartDate, EndDate) VALUES ('96783', 1514592000, 1514678399);
INSERT INTO DayOfOperation (VehicleJourneyRef, StartDate, EndDate) VALUES ('96783', 1515196800, 1515283199);
INSERT INTO DayOfOperation (VehicleJourneyRef, StartDate, EndDate) VALUES ('96783', 1515801600, 1515887999);
INSERT INTO DayOfOperation (VehicleJourneyRef, StartDate, EndDate) VALUES ('96783', 1516406400, 1516492799);
INSERT INTO DayOfOperation (VehicleJourneyRef, StartDate, EndDate) VALUES ('96783', 1517011200, 1517097599);
INSERT INTO DayOfOperation (VehicleJourneyRef, StartDate, EndDate) VALUES ('96783', 1517616000, 1517702399);
INSERT INTO DayOfOperation (VehicleJourneyRef, StartDate, EndDate) VALUES ('96783', 1518220800, 1518307199);
INSERT INTO DayOfOperation (VehicleJourneyRef, StartDate, EndDate) VALUES ('96783', 1518825600, 1518911999);
INSERT INTO DayOfOperation (VehicleJourneyRef, StartDate, EndDate) VALUES ('96783', 1519430400, 1519516799);
INSERT INTO DayOfOperation (VehicleJourneyRef, StartDate, EndDate) VALUES ('96783', 1520035200, 1520121599);
INSERT INTO DayOfOperation (VehicleJourneyRef, StartDate, EndDate) VALUES ('96783', 1520640000, 1520726399);
INSERT INTO DayOfOperation (VehicleJourneyRef, StartDate, EndDate) VALUES ('96783', 1521244800, 1521331199);
INSERT INTO DayOfOperation (VehicleJourneyRef, StartDate, EndDate) VALUES ('96783', 1521849600, 1521935999);
INSERT INTO DayOfOperation (VehicleJourneyRef, StartDate, EndDate) VALUES ('96783', 1522454400, 1522540799);
INSERT INTO DayOfOperation (VehicleJourneyRef, StartDate, EndDate) VALUES ('96783', 1523059200, 1523145599);
INSERT INTO DayOfOperation (VehicleJourneyRef, StartDate, EndDate) VALUES ('96783', 1523664000, 1523750399);
INSERT INTO DayOfOperation (VehicleJourneyRef, StartDate, EndDate) VALUES ('96783', 1524268800, 1524355199);
INSERT INTO DayOfOperation (VehicleJourneyRef, StartDate, EndDate) VALUES ('96783', 1524873600, 1524959999);
INSERT INTO DayOfOperation (VehicleJourneyRef, StartDate, EndDate) VALUES ('96783', 1525478400, 1525564799);
INSERT INTO DayOfOperation (VehicleJourneyRef, StartDate, EndDate) VALUES ('96783', 1526083200, 1526169599);
INSERT INTO DayOfOperation (VehicleJourneyRef, StartDate, EndDate) VALUES ('96783', 1526688000, 1526774399);
INSERT INTO DayOfOperation (VehicleJourneyRef, StartDate, EndDate) VALUES ('96783', 1527292800, 1527379199);
INSERT INTO DayOfOperation (VehicleJourneyRef, StartDate, EndDate) VALUES ('96783', 1527897600, 1527983999);
INSERT INTO DayOfOperation (VehicleJourneyRef, StartDate, EndDate) VALUES ('96783', 1528502400, 1528588799);
INSERT INTO DayOfNonOperation (VehicleJourneyRef, StartDate, EndDate) VALUES ('96783', 1490918400, 1508716799);
INSERT INTO VehicleJourney (VehicleJourneyCode, ServiceRef, LineRef, JourneyPatternRef, OperatorRef, Monday, Tuesday, Wednesday, Thursday, Friday, Saturday, Sunday, DepatureHour, DepatureMinute, DepatureSecond, Note, NoteCode) VALUES ('96784', 'FSACM03', '0', 'JPS_FSACM03-4', 'CAL', 0, 0, 0, 0, 0, 1, 0, 10, 15, 0, '', '');
INSERT INTO DayOfOperation (VehicleJourneyRef, StartDate, EndDate) VALUES ('96784', 1509148800, 1509235199);
INSERT INTO DayOfOperation (VehicleJourneyRef, StartDate, EndDate) VALUES ('96784', 1509753600, 1509839999);
INSERT INTO DayOfOperation (VehicleJourneyRef, StartDate, EndDate) VALUES ('96784', 1510358400, 1510444799);
INSERT INTO DayOfOperation (VehicleJourneyRef, StartDate, EndDate) VALUES ('96784', 1510963200, 1511049599);
INSERT INTO DayOfOperation (VehicleJourneyRef, StartDate, EndDate) VALUES ('96784', 1511568000, 1511654399);
INSERT INTO DayOfOperation (VehicleJourneyRef, StartDate, EndDate) VALUES ('96784', 1512172800, 1512259199);
INSERT INTO DayOfOperation (VehicleJourneyRef, StartDate, EndDate) VALUES ('96784', 1512777600, 1512863999);
INSERT INTO DayOfOperation (VehicleJourneyRef, StartDate, EndDate) VALUES ('96784', 1513382400, 1513468799);
INSERT INTO DayOfOperation (VehicleJourneyRef, StartDate, EndDate) VALUES ('96784', 1513987200, 1514073599);
INSERT INTO DayOfOperation (VehicleJourneyRef, StartDate, EndDate) VALUES ('96784', 1514592000, 1514678399);
INSERT INTO DayOfOperation (VehicleJourneyRef, StartDate, EndDate) VALUES ('96784', 1515196800, 1515283199);
INSERT INTO DayOfOperation (VehicleJourneyRef, StartDate, EndDate) VALUES ('96784', 1515801600, 1515887999);
INSERT INTO DayOfOperation (VehicleJourneyRef, StartDate, EndDate) VALUES ('96784', 1516406400, 1516492799);
INSERT INTO DayOfOperation (VehicleJourneyRef, StartDate, EndDate) VALUES ('96784', 1517011200, 1517097599);
INSERT INTO DayOfOperation (VehicleJourneyRef, StartDate, EndDate) VALUES ('96784', 1517616000, 1517702399);
INSERT INTO DayOfOperation (VehicleJourneyRef, StartDate, EndDate) VALUES ('96784', 1518220800, 1518307199);
INSERT INTO DayOfOperation (VehicleJourneyRef, StartDate, EndDate) VALUES ('96784', 1518825600, 1518911999);
INSERT INTO DayOfOperation (VehicleJourneyRef, StartDate, EndDate) VALUES ('96784', 1519430400, 1519516799);
INSERT INTO DayOfOperation (VehicleJourneyRef, StartDate, EndDate) VALUES ('96784', 1520035200, 1520121599);
INSERT INTO DayOfOperation (VehicleJourneyRef, StartDate, EndDate) VALUES ('96784', 1520640000, 1520726399);
INSERT INTO DayOfOperation (VehicleJourneyRef, StartDate, EndDate) VALUES ('96784', 1521244800, 1521331199);
INSERT INTO DayOfOperation (VehicleJourneyRef, StartDate, EndDate) VALUES ('96784', 1521849600, 1521935999);
INSERT INTO DayOfOperation (VehicleJourneyRef, StartDate, EndDate) VALUES ('96784', 1522454400, 1522540799);
INSERT INTO DayOfOperation (VehicleJourneyRef, StartDate, EndDate) VALUES ('96784', 1523059200, 1523145599);
INSERT INTO DayOfOperation (VehicleJourneyRef, StartDate, EndDate) VALUES ('96784', 1523664000, 1523750399);
INSERT INTO DayOfOperation (VehicleJourneyRef, StartDate, EndDate) VALUES ('96784', 1524268800, 1524355199);
INSERT INTO DayOfOperation (VehicleJourneyRef, StartDate, EndDate) VALUES ('96784', 1524873600, 1524959999);
INSERT INTO DayOfOperation (VehicleJourneyRef, StartDate, EndDate) VALUES ('96784', 1525478400, 1525564799);
INSERT INTO DayOfOperation (VehicleJourneyRef, StartDate, EndDate) VALUES ('96784', 1526083200, 1526169599);
INSERT INTO DayOfOperation (VehicleJourneyRef, StartDate, EndDate) VALUES ('96784', 1526688000, 1526774399);
INSERT INTO DayOfOperation (VehicleJourneyRef, StartDate, EndDate) VALUES ('96784', 1527292800, 1527379199);
INSERT INTO DayOfOperation (VehicleJourneyRef, StartDate, EndDate) VALUES ('96784', 1527897600, 1527983999);
INSERT INTO DayOfOperation (VehicleJourneyRef, StartDate, EndDate) VALUES ('96784', 1528502400, 1528588799);
INSERT INTO DayOfNonOperation (VehicleJourneyRef, StartDate, EndDate) VALUES ('96784', 1490918400, 1508716799);
INSERT INTO VehicleJourney (VehicleJourneyCode, ServiceRef, LineRef, JourneyPatternRef, OperatorRef, Monday, Tuesday, Wednesday, Thursday, Friday, Saturday, Sunday, DepatureHour, DepatureMinute, DepatureSecond, Note, NoteCode) VALUES ('96785', 'FSACM03', '0', 'JPS_FSACM03-4', 'CAL', 0, 0, 0, 0, 0, 1, 0, 11, 0, 0, '', '');
INSERT INTO DayOfOperation (VehicleJourneyRef, StartDate, EndDate) VALUES ('96785', 1509148800, 1509235199);
INSERT INTO DayOfOperation (VehicleJourneyRef, StartDate, EndDate) VALUES ('96785', 1509753600, 1509839999);
INSERT INTO DayOfOperation (VehicleJourneyRef, StartDate, EndDate) VALUES ('96785', 1510358400, 1510444799);
INSERT INTO DayOfOperation (VehicleJourneyRef, StartDate, EndDate) VALUES ('96785', 1510963200, 1511049599);
INSERT INTO DayOfOperation (VehicleJourneyRef, StartDate, EndDate) VALUES ('96785', 1511568000, 1511654399);
INSERT INTO DayOfOperation (VehicleJourneyRef, StartDate, EndDate) VALUES ('96785', 1512172800, 1512259199);
INSERT INTO DayOfOperation (VehicleJourneyRef, StartDate, EndDate) VALUES ('96785', 1512777600, 1512863999);
INSERT INTO DayOfOperation (VehicleJourneyRef, StartDate, EndDate) VALUES ('96785', 1513382400, 1513468799);
INSERT INTO DayOfOperation (VehicleJourneyRef, StartDate, EndDate) VALUES ('96785', 1513987200, 1514073599);
INSERT INTO DayOfOperation (VehicleJourneyRef, StartDate, EndDate) VALUES ('96785', 1514592000, 1514678399);
INSERT INTO DayOfOperation (VehicleJourneyRef, StartDate, EndDate) VALUES ('96785', 1515196800, 1515283199);
INSERT INTO DayOfOperation (VehicleJourneyRef, StartDate, EndDate) VALUES ('96785', 1515801600, 1515887999);
INSERT INTO DayOfOperation (VehicleJourneyRef, StartDate, EndDate) VALUES ('96785', 1516406400, 1516492799);
INSERT INTO DayOfOperation (VehicleJourneyRef, StartDate, EndDate) VALUES ('96785', 1517011200, 1517097599);
INSERT INTO DayOfOperation (VehicleJourneyRef, StartDate, EndDate) VALUES ('96785', 1517616000, 1517702399);
INSERT INTO DayOfOperation (VehicleJourneyRef, StartDate, EndDate) VALUES ('96785', 1518220800, 1518307199);
INSERT INTO DayOfOperation (VehicleJourneyRef, StartDate, EndDate) VALUES ('96785', 1518825600, 1518911999);
INSERT INTO DayOfOperation (VehicleJourneyRef, StartDate, EndDate) VALUES ('96785', 1519430400, 1519516799);
INSERT INTO DayOfOperation (VehicleJourneyRef, StartDate, EndDate) VALUES ('96785', 1520035200, 1520121599);
INSERT INTO DayOfOperation (VehicleJourneyRef, StartDate, EndDate) VALUES ('96785', 1520640000, 1520726399);
INSERT INTO DayOfOperation (VehicleJourneyRef, StartDate, EndDate) VALUES ('96785', 1521244800, 1521331199);
INSERT INTO DayOfOperation (VehicleJourneyRef, StartDate, EndDate) VALUES ('96785', 1521849600, 1521935999);
INSERT INTO DayOfOperation (VehicleJourneyRef, StartDate, EndDate) VALUES ('96785', 1522454400, 1522540799);
INSERT INTO DayOfOperation (VehicleJourneyRef, StartDate, EndDate) VALUES ('96785', 1523059200, 1523145599);
INSERT INTO DayOfOperation (VehicleJourneyRef, StartDate, EndDate) VALUES ('96785', 1523664000, 1523750399);
INSERT INTO DayOfOperation (VehicleJourneyRef, StartDate, EndDate) VALUES ('96785', 1524268800, 1524355199);
INSERT INTO DayOfOperation (VehicleJourneyRef, StartDate, EndDate) VALUES ('96785', 1524873600, 1524959999);
INSERT INTO DayOfOperation (VehicleJourneyRef, StartDate, EndDate) VALUES ('96785', 1525478400, 1525564799);
INSERT INTO DayOfOperation (VehicleJourneyRef, StartDate, EndDate) VALUES ('96785', 1526083200, 1526169599);
INSERT INTO DayOfOperation (VehicleJourneyRef, StartDate, EndDate) VALUES ('96785', 1526688000, 1526774399);
INSERT INTO DayOfOperation (VehicleJourneyRef, StartDate, EndDate) VALUES ('96785', 1527292800, 1527379199);
INSERT INTO DayOfOperation (VehicleJourneyRef, StartDate, EndDate) VALUES ('96785', 1527897600, 1527983999);
INSERT INTO DayOfOperation (VehicleJourneyRef, StartDate, EndDate) VALUES ('96785', 1528502400, 1528588799);
INSERT INTO DayOfNonOperation (VehicleJourneyRef, StartDate, EndDate) VALUES ('96785', 1490918400, 1508716799);
INSERT INTO VehicleJourney (VehicleJourneyCode, ServiceRef, LineRef, JourneyPatternRef, OperatorRef, Monday, Tuesday, Wednesday, Thursday, Friday, Saturday, Sunday, DepatureHour, DepatureMinute, DepatureSecond, Note, NoteCode) VALUES ('96786', 'FSACM03', '0', 'JPS_FSACM03-4', 'CAL', 0, 0, 0, 0, 0, 1, 0, 12, 0, 0, '', '');
INSERT INTO DayOfOperation (VehicleJourneyRef, StartDate, EndDate) VALUES ('96786', 1509148800, 1509235199);
INSERT INTO DayOfOperation (VehicleJourneyRef, StartDate, EndDate) VALUES ('96786', 1509753600, 1509839999);
INSERT INTO DayOfOperation (VehicleJourneyRef, StartDate, EndDate) VALUES ('96786', 1510358400, 1510444799);
INSERT INTO DayOfOperation (VehicleJourneyRef, StartDate, EndDate) VALUES ('96786', 1510963200, 1511049599);
INSERT INTO DayOfOperation (VehicleJourneyRef, StartDate, EndDate) VALUES ('96786', 1511568000, 1511654399);
INSERT INTO DayOfOperation (VehicleJourneyRef, StartDate, EndDate) VALUES ('96786', 1512172800, 1512259199);
INSERT INTO DayOfOperation (VehicleJourneyRef, StartDate, EndDate) VALUES ('96786', 1512777600, 1512863999);
INSERT INTO DayOfOperation (VehicleJourneyRef, StartDate, EndDate) VALUES ('96786', 1513382400, 1513468799);
INSERT INTO DayOfOperation (VehicleJourneyRef, StartDate, EndDate) VALUES ('96786', 1513987200, 1514073599);
INSERT INTO DayOfOperation (VehicleJourneyRef, StartDate, EndDate) VALUES ('96786', 1514592000, 1514678399);
INSERT INTO DayOfOperation (VehicleJourneyRef, StartDate, EndDate) VALUES ('96786', 1515196800, 1515283199);
INSERT INTO DayOfOperation (VehicleJourneyRef, StartDate, EndDate) VALUES ('96786', 1515801600, 1515887999);
INSERT INTO DayOfOperation (VehicleJourneyRef, StartDate, EndDate) VALUES ('96786', 1516406400, 1516492799);
INSERT INTO DayOfOperation (VehicleJourneyRef, StartDate, EndDate) VALUES ('96786', 1517011200, 1517097599);
INSERT INTO DayOfOperation (VehicleJourneyRef, StartDate, EndDate) VALUES ('96786', 1517616000, 1517702399);
INSERT INTO DayOfOperation (VehicleJourneyRef, StartDate, EndDate) VALUES ('96786', 1518220800, 1518307199);
INSERT INTO DayOfOperation (VehicleJourneyRef, StartDate, EndDate) VALUES ('96786', 1518825600, 1518911999);
INSERT INTO DayOfOperation (VehicleJourneyRef, StartDate, EndDate) VALUES ('96786', 1519430400, 1519516799);
INSERT INTO DayOfOperation (VehicleJourneyRef, StartDate, EndDate) VALUES ('96786', 1520035200, 1520121599);
INSERT INTO DayOfOperation (VehicleJourneyRef, StartDate, EndDate) VALUES ('96786', 1520640000, 1520726399);
INSERT INTO DayOfOperation (VehicleJourneyRef, StartDate, EndDate) VALUES ('96786', 1521244800, 1521331199);
INSERT INTO DayOfOperation (VehicleJourneyRef, StartDate, EndDate) VALUES ('96786', 1521849600, 1521935999);
INSERT INTO DayOfOperation (VehicleJourneyRef, StartDate, EndDate) VALUES ('96786', 1522454400, 1522540799);
INSERT INTO DayOfOperation (VehicleJourneyRef, StartDate, EndDate) VALUES ('96786', 1523059200, 1523145599);
INSERT INTO DayOfOperation (VehicleJourneyRef, StartDate, EndDate) VALUES ('96786', 1523664000, 1523750399);
INSERT INTO DayOfOperation (VehicleJourneyRef, StartDate, EndDate) VALUES ('96786', 1524268800, 1524355199);
INSERT INTO DayOfOperation (VehicleJourneyRef, StartDate, EndDate) VALUES ('96786', 1524873600, 1524959999);
INSERT INTO DayOfOperation (VehicleJourneyRef, StartDate, EndDate) VALUES ('96786', 1525478400, 1525564799);
INSERT INTO DayOfOperation (VehicleJourneyRef, StartDate, EndDate) VALUES ('96786', 1526083200, 1526169599);
INSERT INTO DayOfOperation (VehicleJourneyRef, StartDate, EndDate) VALUES ('96786', 1526688000, 1526774399);
INSERT INTO DayOfOperation (VehicleJourneyRef, StartDate, EndDate) VALUES ('96786', 1527292800, 1527379199);
INSERT INTO DayOfOperation (VehicleJourneyRef, StartDate, EndDate) VALUES ('96786', 1527897600, 1527983999);
INSERT INTO DayOfOperation (VehicleJourneyRef, StartDate, EndDate) VALUES ('96786', 1528502400, 1528588799);
INSERT INTO DayOfNonOperation (VehicleJourneyRef, StartDate, EndDate) VALUES ('96786', 1490918400, 1508716799);
INSERT INTO VehicleJourney (VehicleJourneyCode, ServiceRef, LineRef, JourneyPatternRef, OperatorRef, Monday, Tuesday, Wednesday, Thursday, Friday, Saturday, Sunday, DepatureHour, DepatureMinute, DepatureSecond, Note, NoteCode) VALUES ('96787', 'FSACM03', '0', 'JPS_FSACM03-4', 'CAL', 0, 0, 0, 0, 0, 1, 0, 13, 5, 0, '', '');
INSERT INTO DayOfOperation (VehicleJourneyRef, StartDate, EndDate) VALUES ('96787', 1509148800, 1509235199);
INSERT INTO DayOfOperation (VehicleJourneyRef, StartDate, EndDate) VALUES ('96787', 1509753600, 1509839999);
INSERT INTO DayOfOperation (VehicleJourneyRef, StartDate, EndDate) VALUES ('96787', 1510358400, 1510444799);
INSERT INTO DayOfOperation (VehicleJourneyRef, StartDate, EndDate) VALUES ('96787', 1510963200, 1511049599);
INSERT INTO DayOfOperation (VehicleJourneyRef, StartDate, EndDate) VALUES ('96787', 1511568000, 1511654399);
INSERT INTO DayOfOperation (VehicleJourneyRef, StartDate, EndDate) VALUES ('96787', 1512172800, 1512259199);
INSERT INTO DayOfOperation (VehicleJourneyRef, StartDate, EndDate) VALUES ('96787', 1512777600, 1512863999);
INSERT INTO DayOfOperation (VehicleJourneyRef, StartDate, EndDate) VALUES ('96787', 1513382400, 1513468799);
INSERT INTO DayOfOperation (VehicleJourneyRef, StartDate, EndDate) VALUES ('96787', 1513987200, 1514073599);
INSERT INTO DayOfOperation (VehicleJourneyRef, StartDate, EndDate) VALUES ('96787', 1514592000, 1514678399);
INSERT INTO DayOfOperation (VehicleJourneyRef, StartDate, EndDate) VALUES ('96787', 1515196800, 1515283199);
INSERT INTO DayOfOperation (VehicleJourneyRef, StartDate, EndDate) VALUES ('96787', 1515801600, 1515887999);
INSERT INTO DayOfOperation (VehicleJourneyRef, StartDate, EndDate) VALUES ('96787', 1516406400, 1516492799);
INSERT INTO DayOfOperation (VehicleJourneyRef, StartDate, EndDate) VALUES ('96787', 1517011200, 1517097599);
INSERT INTO DayOfOperation (VehicleJourneyRef, StartDate, EndDate) VALUES ('96787', 1517616000, 1517702399);
INSERT INTO DayOfOperation (VehicleJourneyRef, StartDate, EndDate) VALUES ('96787', 1518220800, 1518307199);
INSERT INTO DayOfOperation (VehicleJourneyRef, StartDate, EndDate) VALUES ('96787', 1518825600, 1518911999);
INSERT INTO DayOfOperation (VehicleJourneyRef, StartDate, EndDate) VALUES ('96787', 1519430400, 1519516799);
INSERT INTO DayOfOperation (VehicleJourneyRef, StartDate, EndDate) VALUES ('96787', 1520035200, 1520121599);
INSERT INTO DayOfOperation (VehicleJourneyRef, StartDate, EndDate) VALUES ('96787', 1520640000, 1520726399);
INSERT INTO DayOfOperation (VehicleJourneyRef, StartDate, EndDate) VALUES ('96787', 1521244800, 1521331199);
INSERT INTO DayOfOperation (VehicleJourneyRef, StartDate, EndDate) VALUES ('96787', 1521849600, 1521935999);
INSERT INTO DayOfOperation (VehicleJourneyRef, StartDate, EndDate) VALUES ('96787', 1522454400, 1522540799);
INSERT INTO DayOfOperation (VehicleJourneyRef, StartDate, EndDate) VALUES ('96787', 1523059200, 1523145599);
INSERT INTO DayOfOperation (VehicleJourneyRef, StartDate, EndDate) VALUES ('96787', 1523664000, 1523750399);
INSERT INTO DayOfOperation (VehicleJourneyRef, StartDate, EndDate) VALUES ('96787', 1524268800, 1524355199);
INSERT INTO DayOfOperation (VehicleJourneyRef, StartDate, EndDate) VALUES ('96787', 1524873600, 1524959999);
INSERT INTO DayOfOperation (VehicleJourneyRef, StartDate, EndDate) VALUES ('96787', 1525478400, 1525564799);
INSERT INTO DayOfOperation (VehicleJourneyRef, StartDate, EndDate) VALUES ('96787', 1526083200, 1526169599);
INSERT INTO DayOfOperation (VehicleJourneyRef, StartDate, EndDate) VALUES ('96787', 1526688000, 1526774399);
INSERT INTO DayOfOperation (VehicleJourneyRef, StartDate, EndDate) VALUES ('96787', 1527292800, 1527379199);
INSERT INTO DayOfOperation (VehicleJourneyRef, StartDate, EndDate) VALUES ('96787', 1527897600, 1527983999);
INSERT INTO DayOfOperation (VehicleJourneyRef, StartDate, EndDate) VALUES ('96787', 1528502400, 1528588799);
INSERT INTO DayOfNonOperation (VehicleJourneyRef, StartDate, EndDate) VALUES ('96787', 1490918400, 1508716799);
INSERT INTO VehicleJourney (VehicleJourneyCode, ServiceRef, LineRef, JourneyPatternRef, OperatorRef, Monday, Tuesday, Wednesday, Thursday, Friday, Saturday, Sunday, DepatureHour, DepatureMinute, DepatureSecond, Note, NoteCode) VALUES ('96788', 'FSACM03', '0', 'JPS_FSACM03-4', 'CAL', 0, 0, 0, 0, 0, 1, 0, 14, 5, 0, '', '');
INSERT INTO DayOfOperation (VehicleJourneyRef, StartDate, EndDate) VALUES ('96788', 1509148800, 1509235199);
INSERT INTO DayOfOperation (VehicleJourneyRef, StartDate, EndDate) VALUES ('96788', 1509753600, 1509839999);
INSERT INTO DayOfOperation (VehicleJourneyRef, StartDate, EndDate) VALUES ('96788', 1510358400, 1510444799);
INSERT INTO DayOfOperation (VehicleJourneyRef, StartDate, EndDate) VALUES ('96788', 1510963200, 1511049599);
INSERT INTO DayOfOperation (VehicleJourneyRef, StartDate, EndDate) VALUES ('96788', 1511568000, 1511654399);
INSERT INTO DayOfOperation (VehicleJourneyRef, StartDate, EndDate) VALUES ('96788', 1512172800, 1512259199);
INSERT INTO DayOfOperation (VehicleJourneyRef, StartDate, EndDate) VALUES ('96788', 1512777600, 1512863999);
INSERT INTO DayOfOperation (VehicleJourneyRef, StartDate, EndDate) VALUES ('96788', 1513382400, 1513468799);
INSERT INTO DayOfOperation (VehicleJourneyRef, StartDate, EndDate) VALUES ('96788', 1513987200, 1514073599);
INSERT INTO DayOfOperation (VehicleJourneyRef, StartDate, EndDate) VALUES ('96788', 1514592000, 1514678399);
INSERT INTO DayOfOperation (VehicleJourneyRef, StartDate, EndDate) VALUES ('96788', 1515196800, 1515283199);
INSERT INTO DayOfOperation (VehicleJourneyRef, StartDate, EndDate) VALUES ('96788', 1515801600, 1515887999);
INSERT INTO DayOfOperation (VehicleJourneyRef, StartDate, EndDate) VALUES ('96788', 1516406400, 1516492799);
INSERT INTO DayOfOperation (VehicleJourneyRef, StartDate, EndDate) VALUES ('96788', 1517011200, 1517097599);
INSERT INTO DayOfOperation (VehicleJourneyRef, StartDate, EndDate) VALUES ('96788', 1517616000, 1517702399);
INSERT INTO DayOfOperation (VehicleJourneyRef, StartDate, EndDate) VALUES ('96788', 1518220800, 1518307199);
INSERT INTO DayOfOperation (VehicleJourneyRef, StartDate, EndDate) VALUES ('96788', 1518825600, 1518911999);
INSERT INTO DayOfOperation (VehicleJourneyRef, StartDate, EndDate) VALUES ('96788', 1519430400, 1519516799);
INSERT INTO DayOfOperation (VehicleJourneyRef, StartDate, EndDate) VALUES ('96788', 1520035200, 1520121599);
INSERT INTO DayOfOperation (VehicleJourneyRef, StartDate, EndDate) VALUES ('96788', 1520640000, 1520726399);
INSERT INTO DayOfOperation (VehicleJourneyRef, StartDate, EndDate) VALUES ('96788', 1521244800, 1521331199);
INSERT INTO DayOfOperation (VehicleJourneyRef, StartDate, EndDate) VALUES ('96788', 1521849600, 1521935999);
INSERT INTO DayOfOperation (VehicleJourneyRef, StartDate, EndDate) VALUES ('96788', 1522454400, 1522540799);
INSERT INTO DayOfOperation (VehicleJourneyRef, StartDate, EndDate) VALUES ('96788', 1523059200, 1523145599);
INSERT INTO DayOfOperation (VehicleJourneyRef, StartDate, EndDate) VALUES ('96788', 1523664000, 1523750399);
INSERT INTO DayOfOperation (VehicleJourneyRef, StartDate, EndDate) VALUES ('96788', 1524268800, 1524355199);
INSERT INTO DayOfOperation (VehicleJourneyRef, StartDate, EndDate) VALUES ('96788', 1524873600, 1524959999);
INSERT INTO DayOfOperation (VehicleJourneyRef, StartDate, EndDate) VALUES ('96788', 1525478400, 1525564799);
INSERT INTO DayOfOperation (VehicleJourneyRef, StartDate, EndDate) VALUES ('96788', 1526083200, 1526169599);
INSERT INTO DayOfOperation (VehicleJourneyRef, StartDate, EndDate) VALUES ('96788', 1526688000, 1526774399);
INSERT INTO DayOfOperation (VehicleJourneyRef, StartDate, EndDate) VALUES ('96788', 1527292800, 1527379199);
INSERT INTO DayOfOperation (VehicleJourneyRef, StartDate, EndDate) VALUES ('96788', 1527897600, 1527983999);
INSERT INTO DayOfOperation (VehicleJourneyRef, StartDate, EndDate) VALUES ('96788', 1528502400, 1528588799);
INSERT INTO DayOfNonOperation (VehicleJourneyRef, StartDate, EndDate) VALUES ('96788', 1490918400, 1508716799);
INSERT INTO VehicleJourney (VehicleJourneyCode, ServiceRef, LineRef, JourneyPatternRef, OperatorRef, Monday, Tuesday, Wednesday, Thursday, Friday, Saturday, Sunday, DepatureHour, DepatureMinute, DepatureSecond, Note, NoteCode) VALUES ('96789', 'FSACM03', '0', 'JPS_FSACM03-4', 'CAL', 0, 0, 0, 0, 0, 1, 0, 15, 0, 0, '', '');
INSERT INTO DayOfOperation (VehicleJourneyRef, StartDate, EndDate) VALUES ('96789', 1509148800, 1509235199);
INSERT INTO DayOfOperation (VehicleJourneyRef, StartDate, EndDate) VALUES ('96789', 1509753600, 1509839999);
INSERT INTO DayOfOperation (VehicleJourneyRef, StartDate, EndDate) VALUES ('96789', 1510358400, 1510444799);
INSERT INTO DayOfOperation (VehicleJourneyRef, StartDate, EndDate) VALUES ('96789', 1510963200, 1511049599);
INSERT INTO DayOfOperation (VehicleJourneyRef, StartDate, EndDate) VALUES ('96789', 1511568000, 1511654399);
INSERT INTO DayOfOperation (VehicleJourneyRef, StartDate, EndDate) VALUES ('96789', 1512172800, 1512259199);
INSERT INTO DayOfOperation (VehicleJourneyRef, StartDate, EndDate) VALUES ('96789', 1512777600, 1512863999);
INSERT INTO DayOfOperation (VehicleJourneyRef, StartDate, EndDate) VALUES ('96789', 1513382400, 1513468799);
INSERT INTO DayOfOperation (VehicleJourneyRef, StartDate, EndDate) VALUES ('96789', 1513987200, 1514073599);
INSERT INTO DayOfOperation (VehicleJourneyRef, StartDate, EndDate) VALUES ('96789', 1514592000, 1514678399);
INSERT INTO DayOfOperation (VehicleJourneyRef, StartDate, EndDate) VALUES ('96789', 1515196800, 1515283199);
INSERT INTO DayOfOperation (VehicleJourneyRef, StartDate, EndDate) VALUES ('96789', 1515801600, 1515887999);
INSERT INTO DayOfOperation (VehicleJourneyRef, StartDate, EndDate) VALUES ('96789', 1516406400, 1516492799);
INSERT INTO DayOfOperation (VehicleJourneyRef, StartDate, EndDate) VALUES ('96789', 1517011200, 1517097599);
INSERT INTO DayOfOperation (VehicleJourneyRef, StartDate, EndDate) VALUES ('96789', 1517616000, 1517702399);
INSERT INTO DayOfOperation (VehicleJourneyRef, StartDate, EndDate) VALUES ('96789', 1518220800, 1518307199);
INSERT INTO DayOfOperation (VehicleJourneyRef, StartDate, EndDate) VALUES ('96789', 1518825600, 1518911999);
INSERT INTO DayOfOperation (VehicleJourneyRef, StartDate, EndDate) VALUES ('96789', 1519430400, 1519516799);
INSERT INTO DayOfOperation (VehicleJourneyRef, StartDate, EndDate) VALUES ('96789', 1520035200, 1520121599);
INSERT INTO DayOfOperation (VehicleJourneyRef, StartDate, EndDate) VALUES ('96789', 1520640000, 1520726399);
INSERT INTO DayOfOperation (VehicleJourneyRef, StartDate, EndDate) VALUES ('96789', 1521244800, 1521331199);
INSERT INTO DayOfOperation (VehicleJourneyRef, StartDate, EndDate) VALUES ('96789', 1521849600, 1521935999);
INSERT INTO DayOfOperation (VehicleJourneyRef, StartDate, EndDate) VALUES ('96789', 1522454400, 1522540799);
INSERT INTO DayOfOperation (VehicleJourneyRef, StartDate, EndDate) VALUES ('96789', 1523059200, 1523145599);
INSERT INTO DayOfOperation (VehicleJourneyRef, StartDate, EndDate) VALUES ('96789', 1523664000, 1523750399);
INSERT INTO DayOfOperation (VehicleJourneyRef, StartDate, EndDate) VALUES ('96789', 1524268800, 1524355199);
INSERT INTO DayOfOperation (VehicleJourneyRef, StartDate, EndDate) VALUES ('96789', 1524873600, 1524959999);
INSERT INTO DayOfOperation (VehicleJourneyRef, StartDate, EndDate) VALUES ('96789', 1525478400, 1525564799);
INSERT INTO DayOfOperation (VehicleJourneyRef, StartDate, EndDate) VALUES ('96789', 1526083200, 1526169599);
INSERT INTO DayOfOperation (VehicleJourneyRef, StartDate, EndDate) VALUES ('96789', 1526688000, 1526774399);
INSERT INTO DayOfOperation (VehicleJourneyRef, StartDate, EndDate) VALUES ('96789', 1527292800, 1527379199);
INSERT INTO DayOfOperation (VehicleJourneyRef, StartDate, EndDate) VALUES ('96789', 1527897600, 1527983999);
INSERT INTO DayOfOperation (VehicleJourneyRef, StartDate, EndDate) VALUES ('96789', 1528502400, 1528588799);
INSERT INTO DayOfNonOperation (VehicleJourneyRef, StartDate, EndDate) VALUES ('96789', 1490918400, 1508716799);
INSERT INTO VehicleJourney (VehicleJourneyCode, ServiceRef, LineRef, JourneyPatternRef, OperatorRef, Monday, Tuesday, Wednesday, Thursday, Friday, Saturday, Sunday, DepatureHour, DepatureMinute, DepatureSecond, Note, NoteCode) VALUES ('96790', 'FSACM03', '0', 'JPS_FSACM03-4', 'CAL', 0, 0, 0, 0, 0, 1, 0, 16, 0, 0, '', '');
INSERT INTO DayOfOperation (VehicleJourneyRef, StartDate, EndDate) VALUES ('96790', 1509148800, 1509235199);
INSERT INTO DayOfOperation (VehicleJourneyRef, StartDate, EndDate) VALUES ('96790', 1509753600, 1509839999);
INSERT INTO DayOfOperation (VehicleJourneyRef, StartDate, EndDate) VALUES ('96790', 1510358400, 1510444799);
INSERT INTO DayOfOperation (VehicleJourneyRef, StartDate, EndDate) VALUES ('96790', 1510963200, 1511049599);
INSERT INTO DayOfOperation (VehicleJourneyRef, StartDate, EndDate) VALUES ('96790', 1511568000, 1511654399);
INSERT INTO DayOfOperation (VehicleJourneyRef, StartDate, EndDate) VALUES ('96790', 1512172800, 1512259199);
INSERT INTO DayOfOperation (VehicleJourneyRef, StartDate, EndDate) VALUES ('96790', 1512777600, 1512863999);
INSERT INTO DayOfOperation (VehicleJourneyRef, StartDate, EndDate) VALUES ('96790', 1513382400, 1513468799);
INSERT INTO DayOfOperation (VehicleJourneyRef, StartDate, EndDate) VALUES ('96790', 1513987200, 1514073599);
INSERT INTO DayOfOperation (VehicleJourneyRef, StartDate, EndDate) VALUES ('96790', 1514592000, 1514678399);
INSERT INTO DayOfOperation (VehicleJourneyRef, StartDate, EndDate) VALUES ('96790', 1515196800, 1515283199);
INSERT INTO DayOfOperation (VehicleJourneyRef, StartDate, EndDate) VALUES ('96790', 1515801600, 1515887999);
INSERT INTO DayOfOperation (VehicleJourneyRef, StartDate, EndDate) VALUES ('96790', 1516406400, 1516492799);
INSERT INTO DayOfOperation (VehicleJourneyRef, StartDate, EndDate) VALUES ('96790', 1517011200, 1517097599);
INSERT INTO DayOfOperation (VehicleJourneyRef, StartDate, EndDate) VALUES ('96790', 1517616000, 1517702399);
INSERT INTO DayOfOperation (VehicleJourneyRef, StartDate, EndDate) VALUES ('96790', 1518220800, 1518307199);
INSERT INTO DayOfOperation (VehicleJourneyRef, StartDate, EndDate) VALUES ('96790', 1518825600, 1518911999);
INSERT INTO DayOfOperation (VehicleJourneyRef, StartDate, EndDate) VALUES ('96790', 1519430400, 1519516799);
INSERT INTO DayOfOperation (VehicleJourneyRef, StartDate, EndDate) VALUES ('96790', 1520035200, 1520121599);
INSERT INTO DayOfOperation (VehicleJourneyRef, StartDate, EndDate) VALUES ('96790', 1520640000, 1520726399);
INSERT INTO DayOfOperation (VehicleJourneyRef, StartDate, EndDate) VALUES ('96790', 1521244800, 1521331199);
INSERT INTO DayOfOperation (VehicleJourneyRef, StartDate, EndDate) VALUES ('96790', 1521849600, 1521935999);
INSERT INTO DayOfOperation (VehicleJourneyRef, StartDate, EndDate) VALUES ('96790', 1522454400, 1522540799);
INSERT INTO DayOfOperation (VehicleJourneyRef, StartDate, EndDate) VALUES ('96790', 1523059200, 1523145599);
INSERT INTO DayOfOperation (VehicleJourneyRef, StartDate, EndDate) VALUES ('96790', 1523664000, 1523750399);
INSERT INTO DayOfOperation (VehicleJourneyRef, StartDate, EndDate) VALUES ('96790', 1524268800, 1524355199);
INSERT INTO DayOfOperation (VehicleJourneyRef, StartDate, EndDate) VALUES ('96790', 1524873600, 1524959999);
INSERT INTO DayOfOperation (VehicleJourneyRef, StartDate, EndDate) VALUES ('96790', 1525478400, 1525564799);
INSERT INTO DayOfOperation (VehicleJourneyRef, StartDate, EndDate) VALUES ('96790', 1526083200, 1526169599);
INSERT INTO DayOfOperation (VehicleJourneyRef, StartDate, EndDate) VALUES ('96790', 1526688000, 1526774399);
INSERT INTO DayOfOperation (VehicleJourneyRef, StartDate, EndDate) VALUES ('96790', 1527292800, 1527379199);
INSERT INTO DayOfOperation (VehicleJourneyRef, StartDate, EndDate) VALUES ('96790', 1527897600, 1527983999);
INSERT INTO DayOfOperation (VehicleJourneyRef, StartDate, EndDate) VALUES ('96790', 1528502400, 1528588799);
INSERT INTO DayOfNonOperation (VehicleJourneyRef, StartDate, EndDate) VALUES ('96790', 1490918400, 1508716799);
INSERT INTO VehicleJourney (VehicleJourneyCode, ServiceRef, LineRef, JourneyPatternRef, OperatorRef, Monday, Tuesday, Wednesday, Thursday, Friday, Saturday, Sunday, DepatureHour, DepatureMinute, DepatureSecond, Note, NoteCode) VALUES ('96791', 'FSACM03', '0', 'JPS_FSACM03-4', 'CAL', 0, 0, 0, 0, 0, 1, 0, 16, 45, 0, '', '');
INSERT INTO DayOfOperation (VehicleJourneyRef, StartDate, EndDate) VALUES ('96791', 1509148800, 1509235199);
INSERT INTO DayOfOperation (VehicleJourneyRef, StartDate, EndDate) VALUES ('96791', 1509753600, 1509839999);
INSERT INTO DayOfOperation (VehicleJourneyRef, StartDate, EndDate) VALUES ('96791', 1510358400, 1510444799);
INSERT INTO DayOfOperation (VehicleJourneyRef, StartDate, EndDate) VALUES ('96791', 1510963200, 1511049599);
INSERT INTO DayOfOperation (VehicleJourneyRef, StartDate, EndDate) VALUES ('96791', 1511568000, 1511654399);
INSERT INTO DayOfOperation (VehicleJourneyRef, StartDate, EndDate) VALUES ('96791', 1512172800, 1512259199);
INSERT INTO DayOfOperation (VehicleJourneyRef, StartDate, EndDate) VALUES ('96791', 1512777600, 1512863999);
INSERT INTO DayOfOperation (VehicleJourneyRef, StartDate, EndDate) VALUES ('96791', 1513382400, 1513468799);
INSERT INTO DayOfOperation (VehicleJourneyRef, StartDate, EndDate) VALUES ('96791', 1513987200, 1514073599);
INSERT INTO DayOfOperation (VehicleJourneyRef, StartDate, EndDate) VALUES ('96791', 1514592000, 1514678399);
INSERT INTO DayOfOperation (VehicleJourneyRef, StartDate, EndDate) VALUES ('96791', 1515196800, 1515283199);
INSERT INTO DayOfOperation (VehicleJourneyRef, StartDate, EndDate) VALUES ('96791', 1515801600, 1515887999);
INSERT INTO DayOfOperation (VehicleJourneyRef, StartDate, EndDate) VALUES ('96791', 1516406400, 1516492799);
INSERT INTO DayOfOperation (VehicleJourneyRef, StartDate, EndDate) VALUES ('96791', 1517011200, 1517097599);
INSERT INTO DayOfOperation (VehicleJourneyRef, StartDate, EndDate) VALUES ('96791', 1517616000, 1517702399);
INSERT INTO DayOfOperation (VehicleJourneyRef, StartDate, EndDate) VALUES ('96791', 1518220800, 1518307199);
INSERT INTO DayOfOperation (VehicleJourneyRef, StartDate, EndDate) VALUES ('96791', 1518825600, 1518911999);
INSERT INTO DayOfOperation (VehicleJourneyRef, StartDate, EndDate) VALUES ('96791', 1519430400, 1519516799);
INSERT INTO DayOfOperation (VehicleJourneyRef, StartDate, EndDate) VALUES ('96791', 1520035200, 1520121599);
INSERT INTO DayOfOperation (VehicleJourneyRef, StartDate, EndDate) VALUES ('96791', 1520640000, 1520726399);
INSERT INTO DayOfOperation (VehicleJourneyRef, StartDate, EndDate) VALUES ('96791', 1521244800, 1521331199);
INSERT INTO DayOfOperation (VehicleJourneyRef, StartDate, EndDate) VALUES ('96791', 1521849600, 1521935999);
INSERT INTO DayOfOperation (VehicleJourneyRef, StartDate, EndDate) VALUES ('96791', 1522454400, 1522540799);
INSERT INTO DayOfOperation (VehicleJourneyRef, StartDate, EndDate) VALUES ('96791', 1523059200, 1523145599);
INSERT INTO DayOfOperation (VehicleJourneyRef, StartDate, EndDate) VALUES ('96791', 1523664000, 1523750399);
INSERT INTO DayOfOperation (VehicleJourneyRef, StartDate, EndDate) VALUES ('96791', 1524268800, 1524355199);
INSERT INTO DayOfOperation (VehicleJourneyRef, StartDate, EndDate) VALUES ('96791', 1524873600, 1524959999);
INSERT INTO DayOfOperation (VehicleJourneyRef, StartDate, EndDate) VALUES ('96791', 1525478400, 1525564799);
INSERT INTO DayOfOperation (VehicleJourneyRef, StartDate, EndDate) VALUES ('96791', 1526083200, 1526169599);
INSERT INTO DayOfOperation (VehicleJourneyRef, StartDate, EndDate) VALUES ('96791', 1526688000, 1526774399);
INSERT INTO DayOfOperation (VehicleJourneyRef, StartDate, EndDate) VALUES ('96791', 1527292800, 1527379199);
INSERT INTO DayOfOperation (VehicleJourneyRef, StartDate, EndDate) VALUES ('96791', 1527897600, 1527983999);
INSERT INTO DayOfOperation (VehicleJourneyRef, StartDate, EndDate) VALUES ('96791', 1528502400, 1528588799);
INSERT INTO DayOfNonOperation (VehicleJourneyRef, StartDate, EndDate) VALUES ('96791', 1490918400, 1508716799);
INSERT INTO VehicleJourney (VehicleJourneyCode, ServiceRef, LineRef, JourneyPatternRef, OperatorRef, Monday, Tuesday, Wednesday, Thursday, Friday, Saturday, Sunday, DepatureHour, DepatureMinute, DepatureSecond, Note, NoteCode) VALUES ('96792', 'FSACM03', '0', 'JPS_FSACM03-4', 'CAL', 0, 0, 0, 0, 0, 1, 0, 17, 30, 0, '', '');
INSERT INTO DayOfOperation (VehicleJourneyRef, StartDate, EndDate) VALUES ('96792', 1509148800, 1509235199);
INSERT INTO DayOfOperation (VehicleJourneyRef, StartDate, EndDate) VALUES ('96792', 1509753600, 1509839999);
INSERT INTO DayOfOperation (VehicleJourneyRef, StartDate, EndDate) VALUES ('96792', 1510358400, 1510444799);
INSERT INTO DayOfOperation (VehicleJourneyRef, StartDate, EndDate) VALUES ('96792', 1510963200, 1511049599);
INSERT INTO DayOfOperation (VehicleJourneyRef, StartDate, EndDate) VALUES ('96792', 1511568000, 1511654399);
INSERT INTO DayOfOperation (VehicleJourneyRef, StartDate, EndDate) VALUES ('96792', 1512172800, 1512259199);
INSERT INTO DayOfOperation (VehicleJourneyRef, StartDate, EndDate) VALUES ('96792', 1512777600, 1512863999);
INSERT INTO DayOfOperation (VehicleJourneyRef, StartDate, EndDate) VALUES ('96792', 1513382400, 1513468799);
INSERT INTO DayOfOperation (VehicleJourneyRef, StartDate, EndDate) VALUES ('96792', 1513987200, 1514073599);
INSERT INTO DayOfOperation (VehicleJourneyRef, StartDate, EndDate) VALUES ('96792', 1514592000, 1514678399);
INSERT INTO DayOfOperation (VehicleJourneyRef, StartDate, EndDate) VALUES ('96792', 1515196800, 1515283199);
INSERT INTO DayOfOperation (VehicleJourneyRef, StartDate, EndDate) VALUES ('96792', 1515801600, 1515887999);
INSERT INTO DayOfOperation (VehicleJourneyRef, StartDate, EndDate) VALUES ('96792', 1516406400, 1516492799);
INSERT INTO DayOfOperation (VehicleJourneyRef, StartDate, EndDate) VALUES ('96792', 1517011200, 1517097599);
INSERT INTO DayOfOperation (VehicleJourneyRef, StartDate, EndDate) VALUES ('96792', 1517616000, 1517702399);
INSERT INTO DayOfOperation (VehicleJourneyRef, StartDate, EndDate) VALUES ('96792', 1518220800, 1518307199);
INSERT INTO DayOfOperation (VehicleJourneyRef, StartDate, EndDate) VALUES ('96792', 1518825600, 1518911999);
INSERT INTO DayOfOperation (VehicleJourneyRef, StartDate, EndDate) VALUES ('96792', 1519430400, 1519516799);
INSERT INTO DayOfOperation (VehicleJourneyRef, StartDate, EndDate) VALUES ('96792', 1520035200, 1520121599);
INSERT INTO DayOfOperation (VehicleJourneyRef, StartDate, EndDate) VALUES ('96792', 1520640000, 1520726399);
INSERT INTO DayOfOperation (VehicleJourneyRef, StartDate, EndDate) VALUES ('96792', 1521244800, 1521331199);
INSERT INTO DayOfOperation (VehicleJourneyRef, StartDate, EndDate) VALUES ('96792', 1521849600, 1521935999);
INSERT INTO DayOfOperation (VehicleJourneyRef, StartDate, EndDate) VALUES ('96792', 1522454400, 1522540799);
INSERT INTO DayOfOperation (VehicleJourneyRef, StartDate, EndDate) VALUES ('96792', 1523059200, 1523145599);
INSERT INTO DayOfOperation (VehicleJourneyRef, StartDate, EndDate) VALUES ('96792', 1523664000, 1523750399);
INSERT INTO DayOfOperation (VehicleJourneyRef, StartDate, EndDate) VALUES ('96792', 1524268800, 1524355199);
INSERT INTO DayOfOperation (VehicleJourneyRef, StartDate, EndDate) VALUES ('96792', 1524873600, 1524959999);
INSERT INTO DayOfOperation (VehicleJourneyRef, StartDate, EndDate) VALUES ('96792', 1525478400, 1525564799);
INSERT INTO DayOfOperation (VehicleJourneyRef, StartDate, EndDate) VALUES ('96792', 1526083200, 1526169599);
INSERT INTO DayOfOperation (VehicleJourneyRef, StartDate, EndDate) VALUES ('96792', 1526688000, 1526774399);
INSERT INTO DayOfOperation (VehicleJourneyRef, StartDate, EndDate) VALUES ('96792', 1527292800, 1527379199);
INSERT INTO DayOfOperation (VehicleJourneyRef, StartDate, EndDate) VALUES ('96792', 1527897600, 1527983999);
INSERT INTO DayOfOperation (VehicleJourneyRef, StartDate, EndDate) VALUES ('96792', 1528502400, 1528588799);
INSERT INTO DayOfNonOperation (VehicleJourneyRef, StartDate, EndDate) VALUES ('96792', 1490918400, 1508716799);
INSERT INTO VehicleJourney (VehicleJourneyCode, ServiceRef, LineRef, JourneyPatternRef, OperatorRef, Monday, Tuesday, Wednesday, Thursday, Friday, Saturday, Sunday, DepatureHour, DepatureMinute, DepatureSecond, Note, NoteCode) VALUES ('96793', 'FSACM03', '0', 'JPS_FSACM03-4', 'CAL', 0, 0, 0, 0, 0, 1, 0, 18, 15, 0, '', '');
INSERT INTO DayOfOperation (VehicleJourneyRef, StartDate, EndDate) VALUES ('96793', 1509148800, 1509235199);
INSERT INTO DayOfOperation (VehicleJourneyRef, StartDate, EndDate) VALUES ('96793', 1509753600, 1509839999);
INSERT INTO DayOfOperation (VehicleJourneyRef, StartDate, EndDate) VALUES ('96793', 1510358400, 1510444799);
INSERT INTO DayOfOperation (VehicleJourneyRef, StartDate, EndDate) VALUES ('96793', 1510963200, 1511049599);
INSERT INTO DayOfOperation (VehicleJourneyRef, StartDate, EndDate) VALUES ('96793', 1511568000, 1511654399);
INSERT INTO DayOfOperation (VehicleJourneyRef, StartDate, EndDate) VALUES ('96793', 1512172800, 1512259199);
INSERT INTO DayOfOperation (VehicleJourneyRef, StartDate, EndDate) VALUES ('96793', 1512777600, 1512863999);
INSERT INTO DayOfOperation (VehicleJourneyRef, StartDate, EndDate) VALUES ('96793', 1513382400, 1513468799);
INSERT INTO DayOfOperation (VehicleJourneyRef, StartDate, EndDate) VALUES ('96793', 1513987200, 1514073599);
INSERT INTO DayOfOperation (VehicleJourneyRef, StartDate, EndDate) VALUES ('96793', 1514592000, 1514678399);
INSERT INTO DayOfOperation (VehicleJourneyRef, StartDate, EndDate) VALUES ('96793', 1515196800, 1515283199);
INSERT INTO DayOfOperation (VehicleJourneyRef, StartDate, EndDate) VALUES ('96793', 1515801600, 1515887999);
INSERT INTO DayOfOperation (VehicleJourneyRef, StartDate, EndDate) VALUES ('96793', 1516406400, 1516492799);
INSERT INTO DayOfOperation (VehicleJourneyRef, StartDate, EndDate) VALUES ('96793', 1517011200, 1517097599);
INSERT INTO DayOfOperation (VehicleJourneyRef, StartDate, EndDate) VALUES ('96793', 1517616000, 1517702399);
INSERT INTO DayOfOperation (VehicleJourneyRef, StartDate, EndDate) VALUES ('96793', 1518220800, 1518307199);
INSERT INTO DayOfOperation (VehicleJourneyRef, StartDate, EndDate) VALUES ('96793', 1518825600, 1518911999);
INSERT INTO DayOfOperation (VehicleJourneyRef, StartDate, EndDate) VALUES ('96793', 1519430400, 1519516799);
INSERT INTO DayOfOperation (VehicleJourneyRef, StartDate, EndDate) VALUES ('96793', 1520035200, 1520121599);
INSERT INTO DayOfOperation (VehicleJourneyRef, StartDate, EndDate) VALUES ('96793', 1520640000, 1520726399);
INSERT INTO DayOfOperation (VehicleJourneyRef, StartDate, EndDate) VALUES ('96793', 1521244800, 1521331199);
INSERT INTO DayOfOperation (VehicleJourneyRef, StartDate, EndDate) VALUES ('96793', 1521849600, 1521935999);
INSERT INTO DayOfOperation (VehicleJourneyRef, StartDate, EndDate) VALUES ('96793', 1522454400, 1522540799);
INSERT INTO DayOfOperation (VehicleJourneyRef, StartDate, EndDate) VALUES ('96793', 1523059200, 1523145599);
INSERT INTO DayOfOperation (VehicleJourneyRef, StartDate, EndDate) VALUES ('96793', 1523664000, 1523750399);
INSERT INTO DayOfOperation (VehicleJourneyRef, StartDate, EndDate) VALUES ('96793', 1524268800, 1524355199);
INSERT INTO DayOfOperation (VehicleJourneyRef, StartDate, EndDate) VALUES ('96793', 1524873600, 1524959999);
INSERT INTO DayOfOperation (VehicleJourneyRef, StartDate, EndDate) VALUES ('96793', 1525478400, 1525564799);
INSERT INTO DayOfOperation (VehicleJourneyRef, StartDate, EndDate) VALUES ('96793', 1526083200, 1526169599);
INSERT INTO DayOfOperation (VehicleJourneyRef, StartDate, EndDate) VALUES ('96793', 1526688000, 1526774399);
INSERT INTO DayOfOperation (VehicleJourneyRef, StartDate, EndDate) VALUES ('96793', 1527292800, 1527379199);
INSERT INTO DayOfOperation (VehicleJourneyRef, StartDate, EndDate) VALUES ('96793', 1527897600, 1527983999);
INSERT INTO DayOfOperation (VehicleJourneyRef, StartDate, EndDate) VALUES ('96793', 1528502400, 1528588799);
INSERT INTO DayOfNonOperation (VehicleJourneyRef, StartDate, EndDate) VALUES ('96793', 1490918400, 1508716799);
INSERT INTO VehicleJourney (VehicleJourneyCode, ServiceRef, LineRef, JourneyPatternRef, OperatorRef, Monday, Tuesday, Wednesday, Thursday, Friday, Saturday, Sunday, DepatureHour, DepatureMinute, DepatureSecond, Note, NoteCode) VALUES ('96794', 'FSACM03', '0', 'JPS_FSACM03-4', 'CAL', 0, 0, 0, 0, 0, 1, 0, 19, 0, 0, '', '');
INSERT INTO DayOfOperation (VehicleJourneyRef, StartDate, EndDate) VALUES ('96794', 1509148800, 1509235199);
INSERT INTO DayOfOperation (VehicleJourneyRef, StartDate, EndDate) VALUES ('96794', 1509753600, 1509839999);
INSERT INTO DayOfOperation (VehicleJourneyRef, StartDate, EndDate) VALUES ('96794', 1510358400, 1510444799);
INSERT INTO DayOfOperation (VehicleJourneyRef, StartDate, EndDate) VALUES ('96794', 1510963200, 1511049599);
INSERT INTO DayOfOperation (VehicleJourneyRef, StartDate, EndDate) VALUES ('96794', 1511568000, 1511654399);
INSERT INTO DayOfOperation (VehicleJourneyRef, StartDate, EndDate) VALUES ('96794', 1512172800, 1512259199);
INSERT INTO DayOfOperation (VehicleJourneyRef, StartDate, EndDate) VALUES ('96794', 1512777600, 1512863999);
INSERT INTO DayOfOperation (VehicleJourneyRef, StartDate, EndDate) VALUES ('96794', 1513382400, 1513468799);
INSERT INTO DayOfOperation (VehicleJourneyRef, StartDate, EndDate) VALUES ('96794', 1513987200, 1514073599);
INSERT INTO DayOfOperation (VehicleJourneyRef, StartDate, EndDate) VALUES ('96794', 1514592000, 1514678399);
INSERT INTO DayOfOperation (VehicleJourneyRef, StartDate, EndDate) VALUES ('96794', 1515196800, 1515283199);
INSERT INTO DayOfOperation (VehicleJourneyRef, StartDate, EndDate) VALUES ('96794', 1515801600, 1515887999);
INSERT INTO DayOfOperation (VehicleJourneyRef, StartDate, EndDate) VALUES ('96794', 1516406400, 1516492799);
INSERT INTO DayOfOperation (VehicleJourneyRef, StartDate, EndDate) VALUES ('96794', 1517011200, 1517097599);
INSERT INTO DayOfOperation (VehicleJourneyRef, StartDate, EndDate) VALUES ('96794', 1517616000, 1517702399);
INSERT INTO DayOfOperation (VehicleJourneyRef, StartDate, EndDate) VALUES ('96794', 1518220800, 1518307199);
INSERT INTO DayOfOperation (VehicleJourneyRef, StartDate, EndDate) VALUES ('96794', 1518825600, 1518911999);
INSERT INTO DayOfOperation (VehicleJourneyRef, StartDate, EndDate) VALUES ('96794', 1519430400, 1519516799);
INSERT INTO DayOfOperation (VehicleJourneyRef, StartDate, EndDate) VALUES ('96794', 1520035200, 1520121599);
INSERT INTO DayOfOperation (VehicleJourneyRef, StartDate, EndDate) VALUES ('96794', 1520640000, 1520726399);
INSERT INTO DayOfOperation (VehicleJourneyRef, StartDate, EndDate) VALUES ('96794', 1521244800, 1521331199);
INSERT INTO DayOfOperation (VehicleJourneyRef, StartDate, EndDate) VALUES ('96794', 1521849600, 1521935999);
INSERT INTO DayOfOperation (VehicleJourneyRef, StartDate, EndDate) VALUES ('96794', 1522454400, 1522540799);
INSERT INTO DayOfOperation (VehicleJourneyRef, StartDate, EndDate) VALUES ('96794', 1523059200, 1523145599);
INSERT INTO DayOfOperation (VehicleJourneyRef, StartDate, EndDate) VALUES ('96794', 1523664000, 1523750399);
INSERT INTO DayOfOperation (VehicleJourneyRef, StartDate, EndDate) VALUES ('96794', 1524268800, 1524355199);
INSERT INTO DayOfOperation (VehicleJourneyRef, StartDate, EndDate) VALUES ('96794', 1524873600, 1524959999);
INSERT INTO DayOfOperation (VehicleJourneyRef, StartDate, EndDate) VALUES ('96794', 1525478400, 1525564799);
INSERT INTO DayOfOperation (VehicleJourneyRef, StartDate, EndDate) VALUES ('96794', 1526083200, 1526169599);
INSERT INTO DayOfOperation (VehicleJourneyRef, StartDate, EndDate) VALUES ('96794', 1526688000, 1526774399);
INSERT INTO DayOfOperation (VehicleJourneyRef, StartDate, EndDate) VALUES ('96794', 1527292800, 1527379199);
INSERT INTO DayOfOperation (VehicleJourneyRef, StartDate, EndDate) VALUES ('96794', 1527897600, 1527983999);
INSERT INTO DayOfOperation (VehicleJourneyRef, StartDate, EndDate) VALUES ('96794', 1528502400, 1528588799);
INSERT INTO DayOfNonOperation (VehicleJourneyRef, StartDate, EndDate) VALUES ('96794', 1490918400, 1508716799);
INSERT INTO VehicleJourney (VehicleJourneyCode, ServiceRef, LineRef, JourneyPatternRef, OperatorRef, Monday, Tuesday, Wednesday, Thursday, Friday, Saturday, Sunday, DepatureHour, DepatureMinute, DepatureSecond, Note, NoteCode) VALUES ('96795', 'FSACM03', '0', 'JPS_FSACM03-4', 'CAL', 0, 0, 0, 0, 0, 1, 0, 19, 45, 0, '', '');
INSERT INTO DayOfOperation (VehicleJourneyRef, StartDate, EndDate) VALUES ('96795', 1509148800, 1509235199);
INSERT INTO DayOfOperation (VehicleJourneyRef, StartDate, EndDate) VALUES ('96795', 1509753600, 1509839999);
INSERT INTO DayOfOperation (VehicleJourneyRef, StartDate, EndDate) VALUES ('96795', 1510358400, 1510444799);
INSERT INTO DayOfOperation (VehicleJourneyRef, StartDate, EndDate) VALUES ('96795', 1510963200, 1511049599);
INSERT INTO DayOfOperation (VehicleJourneyRef, StartDate, EndDate) VALUES ('96795', 1511568000, 1511654399);
INSERT INTO DayOfOperation (VehicleJourneyRef, StartDate, EndDate) VALUES ('96795', 1512172800, 1512259199);
INSERT INTO DayOfOperation (VehicleJourneyRef, StartDate, EndDate) VALUES ('96795', 1512777600, 1512863999);
INSERT INTO DayOfOperation (VehicleJourneyRef, StartDate, EndDate) VALUES ('96795', 1513382400, 1513468799);
INSERT INTO DayOfOperation (VehicleJourneyRef, StartDate, EndDate) VALUES ('96795', 1513987200, 1514073599);
INSERT INTO DayOfOperation (VehicleJourneyRef, StartDate, EndDate) VALUES ('96795', 1514592000, 1514678399);
INSERT INTO DayOfOperation (VehicleJourneyRef, StartDate, EndDate) VALUES ('96795', 1515196800, 1515283199);
INSERT INTO DayOfOperation (VehicleJourneyRef, StartDate, EndDate) VALUES ('96795', 1515801600, 1515887999);
INSERT INTO DayOfOperation (VehicleJourneyRef, StartDate, EndDate) VALUES ('96795', 1516406400, 1516492799);
INSERT INTO DayOfOperation (VehicleJourneyRef, StartDate, EndDate) VALUES ('96795', 1517011200, 1517097599);
INSERT INTO DayOfOperation (VehicleJourneyRef, StartDate, EndDate) VALUES ('96795', 1517616000, 1517702399);
INSERT INTO DayOfOperation (VehicleJourneyRef, StartDate, EndDate) VALUES ('96795', 1518220800, 1518307199);
INSERT INTO DayOfOperation (VehicleJourneyRef, StartDate, EndDate) VALUES ('96795', 1518825600, 1518911999);
INSERT INTO DayOfOperation (VehicleJourneyRef, StartDate, EndDate) VALUES ('96795', 1519430400, 1519516799);
INSERT INTO DayOfOperation (VehicleJourneyRef, StartDate, EndDate) VALUES ('96795', 1520035200, 1520121599);
INSERT INTO DayOfOperation (VehicleJourneyRef, StartDate, EndDate) VALUES ('96795', 1520640000, 1520726399);
INSERT INTO DayOfOperation (VehicleJourneyRef, StartDate, EndDate) VALUES ('96795', 1521244800, 1521331199);
INSERT INTO DayOfOperation (VehicleJourneyRef, StartDate, EndDate) VALUES ('96795', 1521849600, 1521935999);
INSERT INTO DayOfOperation (VehicleJourneyRef, StartDate, EndDate) VALUES ('96795', 1522454400, 1522540799);
INSERT INTO DayOfOperation (VehicleJourneyRef, StartDate, EndDate) VALUES ('96795', 1523059200, 1523145599);
INSERT INTO DayOfOperation (VehicleJourneyRef, StartDate, EndDate) VALUES ('96795', 1523664000, 1523750399);
INSERT INTO DayOfOperation (VehicleJourneyRef, StartDate, EndDate) VALUES ('96795', 1524268800, 1524355199);
INSERT INTO DayOfOperation (VehicleJourneyRef, StartDate, EndDate) VALUES ('96795', 1524873600, 1524959999);
INSERT INTO DayOfOperation (VehicleJourneyRef, StartDate, EndDate) VALUES ('96795', 1525478400, 1525564799);
INSERT INTO DayOfOperation (VehicleJourneyRef, StartDate, EndDate) VALUES ('96795', 1526083200, 1526169599);
INSERT INTO DayOfOperation (VehicleJourneyRef, StartDate, EndDate) VALUES ('96795', 1526688000, 1526774399);
INSERT INTO DayOfOperation (VehicleJourneyRef, StartDate, EndDate) VALUES ('96795', 1527292800, 1527379199);
INSERT INTO DayOfOperation (VehicleJourneyRef, StartDate, EndDate) VALUES ('96795', 1527897600, 1527983999);
INSERT INTO DayOfOperation (VehicleJourneyRef, StartDate, EndDate) VALUES ('96795', 1528502400, 1528588799);
INSERT INTO DayOfNonOperation (VehicleJourneyRef, StartDate, EndDate) VALUES ('96795', 1490918400, 1508716799);
INSERT INTO VehicleJourney (VehicleJourneyCode, ServiceRef, LineRef, JourneyPatternRef, OperatorRef, Monday, Tuesday, Wednesday, Thursday, Friday, Saturday, Sunday, DepatureHour, DepatureMinute, DepatureSecond, Note, NoteCode) VALUES ('96810', 'FSACM03', '0', 'JPS_FSACM03-4', 'CAL', 0, 0, 0, 0, 0, 0, 1, 8, 45, 0, '', '');
INSERT INTO DayOfOperation (VehicleJourneyRef, StartDate, EndDate) VALUES ('96810', 1509235200, 1509321599);
INSERT INTO DayOfOperation (VehicleJourneyRef, StartDate, EndDate) VALUES ('96810', 1509840000, 1509926399);
INSERT INTO DayOfOperation (VehicleJourneyRef, StartDate, EndDate) VALUES ('96810', 1510444800, 1510531199);
INSERT INTO DayOfOperation (VehicleJourneyRef, StartDate, EndDate) VALUES ('96810', 1511049600, 1511135999);
INSERT INTO DayOfOperation (VehicleJourneyRef, StartDate, EndDate) VALUES ('96810', 1511654400, 1511740799);
INSERT INTO DayOfOperation (VehicleJourneyRef, StartDate, EndDate) VALUES ('96810', 1512259200, 1512345599);
INSERT INTO DayOfOperation (VehicleJourneyRef, StartDate, EndDate) VALUES ('96810', 1512864000, 1512950399);
INSERT INTO DayOfOperation (VehicleJourneyRef, StartDate, EndDate) VALUES ('96810', 1513468800, 1513555199);
INSERT INTO DayOfOperation (VehicleJourneyRef, StartDate, EndDate) VALUES ('96810', 1514073600, 1514159999);
INSERT INTO DayOfOperation (VehicleJourneyRef, StartDate, EndDate) VALUES ('96810', 1514678400, 1514764799);
INSERT INTO DayOfOperation (VehicleJourneyRef, StartDate, EndDate) VALUES ('96810', 1515283200, 1515369599);
INSERT INTO DayOfOperation (VehicleJourneyRef, StartDate, EndDate) VALUES ('96810', 1515888000, 1515974399);
INSERT INTO DayOfOperation (VehicleJourneyRef, StartDate, EndDate) VALUES ('96810', 1516492800, 1516579199);
INSERT INTO DayOfOperation (VehicleJourneyRef, StartDate, EndDate) VALUES ('96810', 1517097600, 1517183999);
INSERT INTO DayOfOperation (VehicleJourneyRef, StartDate, EndDate) VALUES ('96810', 1517702400, 1517788799);
INSERT INTO DayOfOperation (VehicleJourneyRef, StartDate, EndDate) VALUES ('96810', 1518307200, 1518393599);
INSERT INTO DayOfOperation (VehicleJourneyRef, StartDate, EndDate) VALUES ('96810', 1518912000, 1518998399);
INSERT INTO DayOfOperation (VehicleJourneyRef, StartDate, EndDate) VALUES ('96810', 1519516800, 1519603199);
INSERT INTO DayOfOperation (VehicleJourneyRef, StartDate, EndDate) VALUES ('96810', 1520121600, 1520207999);
INSERT INTO DayOfOperation (VehicleJourneyRef, StartDate, EndDate) VALUES ('96810', 1520726400, 1520812799);
INSERT INTO DayOfOperation (VehicleJourneyRef, StartDate, EndDate) VALUES ('96810', 1521331200, 1521417599);
INSERT INTO DayOfOperation (VehicleJourneyRef, StartDate, EndDate) VALUES ('96810', 1521936000, 1522022399);
INSERT INTO DayOfOperation (VehicleJourneyRef, StartDate, EndDate) VALUES ('96810', 1522540800, 1522627199);
INSERT INTO DayOfOperation (VehicleJourneyRef, StartDate, EndDate) VALUES ('96810', 1523145600, 1523231999);
INSERT INTO DayOfOperation (VehicleJourneyRef, StartDate, EndDate) VALUES ('96810', 1523750400, 1523836799);
INSERT INTO DayOfOperation (VehicleJourneyRef, StartDate, EndDate) VALUES ('96810', 1524355200, 1524441599);
INSERT INTO DayOfOperation (VehicleJourneyRef, StartDate, EndDate) VALUES ('96810', 1524960000, 1525046399);
INSERT INTO DayOfOperation (VehicleJourneyRef, StartDate, EndDate) VALUES ('96810', 1525564800, 1525651199);
INSERT INTO DayOfOperation (VehicleJourneyRef, StartDate, EndDate) VALUES ('96810', 1526169600, 1526255999);
INSERT INTO DayOfOperation (VehicleJourneyRef, StartDate, EndDate) VALUES ('96810', 1526774400, 1526860799);
INSERT INTO DayOfOperation (VehicleJourneyRef, StartDate, EndDate) VALUES ('96810', 1527379200, 1527465599);
INSERT INTO DayOfOperation (VehicleJourneyRef, StartDate, EndDate) VALUES ('96810', 1527984000, 1528070399);
INSERT INTO DayOfOperation (VehicleJourneyRef, StartDate, EndDate) VALUES ('96810', 1528588800, 1528675199);
INSERT INTO DayOfNonOperation (VehicleJourneyRef, StartDate, EndDate) VALUES ('96810', 1490918400, 1508716799);
INSERT INTO VehicleJourney (VehicleJourneyCode, ServiceRef, LineRef, JourneyPatternRef, OperatorRef, Monday, Tuesday, Wednesday, Thursday, Friday, Saturday, Sunday, DepatureHour, DepatureMinute, DepatureSecond, Note, NoteCode) VALUES ('96811', 'FSACM03', '0', 'JPS_FSACM03-4', 'CAL', 0, 0, 0, 0, 0, 0, 1, 10, 15, 0, '', '');
INSERT INTO DayOfOperation (VehicleJourneyRef, StartDate, EndDate) VALUES ('96811', 1509235200, 1509321599);
INSERT INTO DayOfOperation (VehicleJourneyRef, StartDate, EndDate) VALUES ('96811', 1509840000, 1509926399);
INSERT INTO DayOfOperation (VehicleJourneyRef, StartDate, EndDate) VALUES ('96811', 1510444800, 1510531199);
INSERT INTO DayOfOperation (VehicleJourneyRef, StartDate, EndDate) VALUES ('96811', 1511049600, 1511135999);
INSERT INTO DayOfOperation (VehicleJourneyRef, StartDate, EndDate) VALUES ('96811', 1511654400, 1511740799);
INSERT INTO DayOfOperation (VehicleJourneyRef, StartDate, EndDate) VALUES ('96811', 1512259200, 1512345599);
INSERT INTO DayOfOperation (VehicleJourneyRef, StartDate, EndDate) VALUES ('96811', 1512864000, 1512950399);
INSERT INTO DayOfOperation (VehicleJourneyRef, StartDate, EndDate) VALUES ('96811', 1513468800, 1513555199);
INSERT INTO DayOfOperation (VehicleJourneyRef, StartDate, EndDate) VALUES ('96811', 1514073600, 1514159999);
INSERT INTO DayOfOperation (VehicleJourneyRef, StartDate, EndDate) VALUES ('96811', 1514678400, 1514764799);
INSERT INTO DayOfOperation (VehicleJourneyRef, StartDate, EndDate) VALUES ('96811', 1515283200, 1515369599);
INSERT INTO DayOfOperation (VehicleJourneyRef, StartDate, EndDate) VALUES ('96811', 1515888000, 1515974399);
INSERT INTO DayOfOperation (VehicleJourneyRef, StartDate, EndDate) VALUES ('96811', 1516492800, 1516579199);
INSERT INTO DayOfOperation (VehicleJourneyRef, StartDate, EndDate) VALUES ('96811', 1517097600, 1517183999);
INSERT INTO DayOfOperation (VehicleJourneyRef, StartDate, EndDate) VALUES ('96811', 1517702400, 1517788799);
INSERT INTO DayOfOperation (VehicleJourneyRef, StartDate, EndDate) VALUES ('96811', 1518307200, 1518393599);
INSERT INTO DayOfOperation (VehicleJourneyRef, StartDate, EndDate) VALUES ('96811', 1518912000, 1518998399);
INSERT INTO DayOfOperation (VehicleJourneyRef, StartDate, EndDate) VALUES ('96811', 1519516800, 1519603199);
INSERT INTO DayOfOperation (VehicleJourneyRef, StartDate, EndDate) VALUES ('96811', 1520121600, 1520207999);
INSERT INTO DayOfOperation (VehicleJourneyRef, StartDate, EndDate) VALUES ('96811', 1520726400, 1520812799);
INSERT INTO DayOfOperation (VehicleJourneyRef, StartDate, EndDate) VALUES ('96811', 1521331200, 1521417599);
INSERT INTO DayOfOperation (VehicleJourneyRef, StartDate, EndDate) VALUES ('96811', 1521936000, 1522022399);
INSERT INTO DayOfOperation (VehicleJourneyRef, StartDate, EndDate) VALUES ('96811', 1522540800, 1522627199);
INSERT INTO DayOfOperation (VehicleJourneyRef, StartDate, EndDate) VALUES ('96811', 1523145600, 1523231999);
INSERT INTO DayOfOperation (VehicleJourneyRef, StartDate, EndDate) VALUES ('96811', 1523750400, 1523836799);
INSERT INTO DayOfOperation (VehicleJourneyRef, StartDate, EndDate) VALUES ('96811', 1524355200, 1524441599);
INSERT INTO DayOfOperation (VehicleJourneyRef, StartDate, EndDate) VALUES ('96811', 1524960000, 1525046399);
INSERT INTO DayOfOperation (VehicleJourneyRef, StartDate, EndDate) VALUES ('96811', 1525564800, 1525651199);
INSERT INTO DayOfOperation (VehicleJourneyRef, StartDate, EndDate) VALUES ('96811', 1526169600, 1526255999);
INSERT INTO DayOfOperation (VehicleJourneyRef, StartDate, EndDate) VALUES ('96811', 1526774400, 1526860799);
INSERT INTO DayOfOperation (VehicleJourneyRef, StartDate, EndDate) VALUES ('96811', 1527379200, 1527465599);
INSERT INTO DayOfOperation (VehicleJourneyRef, StartDate, EndDate) VALUES ('96811', 1527984000, 1528070399);
INSERT INTO DayOfOperation (VehicleJourneyRef, StartDate, EndDate) VALUES ('96811', 1528588800, 1528675199);
INSERT INTO DayOfNonOperation (VehicleJourneyRef, StartDate, EndDate) VALUES ('96811', 1490918400, 1508716799);
INSERT INTO VehicleJourney (VehicleJourneyCode, ServiceRef, LineRef, JourneyPatternRef, OperatorRef, Monday, Tuesday, Wednesday, Thursday, Friday, Saturday, Sunday, DepatureHour, DepatureMinute, DepatureSecond, Note, NoteCode) VALUES ('96812', 'FSACM03', '0', 'JPS_FSACM03-4', 'CAL', 0, 0, 0, 0, 0, 0, 1, 12, 0, 0, '', '');
INSERT INTO DayOfOperation (VehicleJourneyRef, StartDate, EndDate) VALUES ('96812', 1509235200, 1509321599);
INSERT INTO DayOfOperation (VehicleJourneyRef, StartDate, EndDate) VALUES ('96812', 1509840000, 1509926399);
INSERT INTO DayOfOperation (VehicleJourneyRef, StartDate, EndDate) VALUES ('96812', 1510444800, 1510531199);
INSERT INTO DayOfOperation (VehicleJourneyRef, StartDate, EndDate) VALUES ('96812', 1511049600, 1511135999);
INSERT INTO DayOfOperation (VehicleJourneyRef, StartDate, EndDate) VALUES ('96812', 1511654400, 1511740799);
INSERT INTO DayOfOperation (VehicleJourneyRef, StartDate, EndDate) VALUES ('96812', 1512259200, 1512345599);
INSERT INTO DayOfOperation (VehicleJourneyRef, StartDate, EndDate) VALUES ('96812', 1512864000, 1512950399);
INSERT INTO DayOfOperation (VehicleJourneyRef, StartDate, EndDate) VALUES ('96812', 1513468800, 1513555199);
INSERT INTO DayOfOperation (VehicleJourneyRef, StartDate, EndDate) VALUES ('96812', 1514073600, 1514159999);
INSERT INTO DayOfOperation (VehicleJourneyRef, StartDate, EndDate) VALUES ('96812', 1514678400, 1514764799);
INSERT INTO DayOfOperation (VehicleJourneyRef, StartDate, EndDate) VALUES ('96812', 1515283200, 1515369599);
INSERT INTO DayOfOperation (VehicleJourneyRef, StartDate, EndDate) VALUES ('96812', 1515888000, 1515974399);
INSERT INTO DayOfOperation (VehicleJourneyRef, StartDate, EndDate) VALUES ('96812', 1516492800, 1516579199);
INSERT INTO DayOfOperation (VehicleJourneyRef, StartDate, EndDate) VALUES ('96812', 1517097600, 1517183999);
INSERT INTO DayOfOperation (VehicleJourneyRef, StartDate, EndDate) VALUES ('96812', 1517702400, 1517788799);
INSERT INTO DayOfOperation (VehicleJourneyRef, StartDate, EndDate) VALUES ('96812', 1518307200, 1518393599);
INSERT INTO DayOfOperation (VehicleJourneyRef, StartDate, EndDate) VALUES ('96812', 1518912000, 1518998399);
INSERT INTO DayOfOperation (VehicleJourneyRef, StartDate, EndDate) VALUES ('96812', 1519516800, 1519603199);
INSERT INTO DayOfOperation (VehicleJourneyRef, StartDate, EndDate) VALUES ('96812', 1520121600, 1520207999);
INSERT INTO DayOfOperation (VehicleJourneyRef, StartDate, EndDate) VALUES ('96812', 1520726400, 1520812799);
INSERT INTO DayOfOperation (VehicleJourneyRef, StartDate, EndDate) VALUES ('96812', 1521331200, 1521417599);
INSERT INTO DayOfOperation (VehicleJourneyRef, StartDate, EndDate) VALUES ('96812', 1521936000, 1522022399);
INSERT INTO DayOfOperation (VehicleJourneyRef, StartDate, EndDate) VALUES ('96812', 1522540800, 1522627199);
INSERT INTO DayOfOperation (VehicleJourneyRef, StartDate, EndDate) VALUES ('96812', 1523145600, 1523231999);
INSERT INTO DayOfOperation (VehicleJourneyRef, StartDate, EndDate) VALUES ('96812', 1523750400, 1523836799);
INSERT INTO DayOfOperation (VehicleJourneyRef, StartDate, EndDate) VALUES ('96812', 1524355200, 1524441599);
INSERT INTO DayOfOperation (VehicleJourneyRef, StartDate, EndDate) VALUES ('96812', 1524960000, 1525046399);
INSERT INTO DayOfOperation (VehicleJourneyRef, StartDate, EndDate) VALUES ('96812', 1525564800, 1525651199);
INSERT INTO DayOfOperation (VehicleJourneyRef, StartDate, EndDate) VALUES ('96812', 1526169600, 1526255999);
INSERT INTO DayOfOperation (VehicleJourneyRef, StartDate, EndDate) VALUES ('96812', 1526774400, 1526860799);
INSERT INTO DayOfOperation (VehicleJourneyRef, StartDate, EndDate) VALUES ('96812', 1527379200, 1527465599);
INSERT INTO DayOfOperation (VehicleJourneyRef, StartDate, EndDate) VALUES ('96812', 1527984000, 1528070399);
INSERT INTO DayOfOperation (VehicleJourneyRef, StartDate, EndDate) VALUES ('96812', 1528588800, 1528675199);
INSERT INTO DayOfNonOperation (VehicleJourneyRef, StartDate, EndDate) VALUES ('96812', 1490918400, 1508716799);
INSERT INTO VehicleJourney (VehicleJourneyCode, ServiceRef, LineRef, JourneyPatternRef, OperatorRef, Monday, Tuesday, Wednesday, Thursday, Friday, Saturday, Sunday, DepatureHour, DepatureMinute, DepatureSecond, Note, NoteCode) VALUES ('96813', 'FSACM03', '0', 'JPS_FSACM03-4', 'CAL', 0, 0, 0, 0, 0, 0, 1, 13, 0, 0, '', '');
INSERT INTO DayOfOperation (VehicleJourneyRef, StartDate, EndDate) VALUES ('96813', 1509235200, 1509321599);
INSERT INTO DayOfOperation (VehicleJourneyRef, StartDate, EndDate) VALUES ('96813', 1509840000, 1509926399);
INSERT INTO DayOfOperation (VehicleJourneyRef, StartDate, EndDate) VALUES ('96813', 1510444800, 1510531199);
INSERT INTO DayOfOperation (VehicleJourneyRef, StartDate, EndDate) VALUES ('96813', 1511049600, 1511135999);
INSERT INTO DayOfOperation (VehicleJourneyRef, StartDate, EndDate) VALUES ('96813', 1511654400, 1511740799);
INSERT INTO DayOfOperation (VehicleJourneyRef, StartDate, EndDate) VALUES ('96813', 1512259200, 1512345599);
INSERT INTO DayOfOperation (VehicleJourneyRef, StartDate, EndDate) VALUES ('96813', 1512864000, 1512950399);
INSERT INTO DayOfOperation (VehicleJourneyRef, StartDate, EndDate) VALUES ('96813', 1513468800, 1513555199);
INSERT INTO DayOfOperation (VehicleJourneyRef, StartDate, EndDate) VALUES ('96813', 1514073600, 1514159999);
INSERT INTO DayOfOperation (VehicleJourneyRef, StartDate, EndDate) VALUES ('96813', 1514678400, 1514764799);
INSERT INTO DayOfOperation (VehicleJourneyRef, StartDate, EndDate) VALUES ('96813', 1515283200, 1515369599);
INSERT INTO DayOfOperation (VehicleJourneyRef, StartDate, EndDate) VALUES ('96813', 1515888000, 1515974399);
INSERT INTO DayOfOperation (VehicleJourneyRef, StartDate, EndDate) VALUES ('96813', 1516492800, 1516579199);
INSERT INTO DayOfOperation (VehicleJourneyRef, StartDate, EndDate) VALUES ('96813', 1517097600, 1517183999);
INSERT INTO DayOfOperation (VehicleJourneyRef, StartDate, EndDate) VALUES ('96813', 1517702400, 1517788799);
INSERT INTO DayOfOperation (VehicleJourneyRef, StartDate, EndDate) VALUES ('96813', 1518307200, 1518393599);
INSERT INTO DayOfOperation (VehicleJourneyRef, StartDate, EndDate) VALUES ('96813', 1518912000, 1518998399);
INSERT INTO DayOfOperation (VehicleJourneyRef, StartDate, EndDate) VALUES ('96813', 1519516800, 1519603199);
INSERT INTO DayOfOperation (VehicleJourneyRef, StartDate, EndDate) VALUES ('96813', 1520121600, 1520207999);
INSERT INTO DayOfOperation (VehicleJourneyRef, StartDate, EndDate) VALUES ('96813', 1520726400, 1520812799);
INSERT INTO DayOfOperation (VehicleJourneyRef, StartDate, EndDate) VALUES ('96813', 1521331200, 1521417599);
INSERT INTO DayOfOperation (VehicleJourneyRef, StartDate, EndDate) VALUES ('96813', 1521936000, 1522022399);
INSERT INTO DayOfOperation (VehicleJourneyRef, StartDate, EndDate) VALUES ('96813', 1522540800, 1522627199);
INSERT INTO DayOfOperation (VehicleJourneyRef, StartDate, EndDate) VALUES ('96813', 1523145600, 1523231999);
INSERT INTO DayOfOperation (VehicleJourneyRef, StartDate, EndDate) VALUES ('96813', 1523750400, 1523836799);
INSERT INTO DayOfOperation (VehicleJourneyRef, StartDate, EndDate) VALUES ('96813', 1524355200, 1524441599);
INSERT INTO DayOfOperation (VehicleJourneyRef, StartDate, EndDate) VALUES ('96813', 1524960000, 1525046399);
INSERT INTO DayOfOperation (VehicleJourneyRef, StartDate, EndDate) VALUES ('96813', 1525564800, 1525651199);
INSERT INTO DayOfOperation (VehicleJourneyRef, StartDate, EndDate) VALUES ('96813', 1526169600, 1526255999);
INSERT INTO DayOfOperation (VehicleJourneyRef, StartDate, EndDate) VALUES ('96813', 1526774400, 1526860799);
INSERT INTO DayOfOperation (VehicleJourneyRef, StartDate, EndDate) VALUES ('96813', 1527379200, 1527465599);
INSERT INTO DayOfOperation (VehicleJourneyRef, StartDate, EndDate) VALUES ('96813', 1527984000, 1528070399);
INSERT INTO DayOfOperation (VehicleJourneyRef, StartDate, EndDate) VALUES ('96813', 1528588800, 1528675199);
INSERT INTO DayOfNonOperation (VehicleJourneyRef, StartDate, EndDate) VALUES ('96813', 1490918400, 1508716799);
INSERT INTO VehicleJourney (VehicleJourneyCode, ServiceRef, LineRef, JourneyPatternRef, OperatorRef, Monday, Tuesday, Wednesday, Thursday, Friday, Saturday, Sunday, DepatureHour, DepatureMinute, DepatureSecond, Note, NoteCode) VALUES ('96814', 'FSACM03', '0', 'JPS_FSACM03-4', 'CAL', 0, 0, 0, 0, 0, 0, 1, 14, 0, 0, '', '');
INSERT INTO DayOfOperation (VehicleJourneyRef, StartDate, EndDate) VALUES ('96814', 1509235200, 1509321599);
INSERT INTO DayOfOperation (VehicleJourneyRef, StartDate, EndDate) VALUES ('96814', 1509840000, 1509926399);
INSERT INTO DayOfOperation (VehicleJourneyRef, StartDate, EndDate) VALUES ('96814', 1510444800, 1510531199);
INSERT INTO DayOfOperation (VehicleJourneyRef, StartDate, EndDate) VALUES ('96814', 1511049600, 1511135999);
INSERT INTO DayOfOperation (VehicleJourneyRef, StartDate, EndDate) VALUES ('96814', 1511654400, 1511740799);
INSERT INTO DayOfOperation (VehicleJourneyRef, StartDate, EndDate) VALUES ('96814', 1512259200, 1512345599);
INSERT INTO DayOfOperation (VehicleJourneyRef, StartDate, EndDate) VALUES ('96814', 1512864000, 1512950399);
INSERT INTO DayOfOperation (VehicleJourneyRef, StartDate, EndDate) VALUES ('96814', 1513468800, 1513555199);
INSERT INTO DayOfOperation (VehicleJourneyRef, StartDate, EndDate) VALUES ('96814', 1514073600, 1514159999);
INSERT INTO DayOfOperation (VehicleJourneyRef, StartDate, EndDate) VALUES ('96814', 1514678400, 1514764799);
INSERT INTO DayOfOperation (VehicleJourneyRef, StartDate, EndDate) VALUES ('96814', 1515283200, 1515369599);
INSERT INTO DayOfOperation (VehicleJourneyRef, StartDate, EndDate) VALUES ('96814', 1515888000, 1515974399);
INSERT INTO DayOfOperation (VehicleJourneyRef, StartDate, EndDate) VALUES ('96814', 1516492800, 1516579199);
INSERT INTO DayOfOperation (VehicleJourneyRef, StartDate, EndDate) VALUES ('96814', 1517097600, 1517183999);
INSERT INTO DayOfOperation (VehicleJourneyRef, StartDate, EndDate) VALUES ('96814', 1517702400, 1517788799);
INSERT INTO DayOfOperation (VehicleJourneyRef, StartDate, EndDate) VALUES ('96814', 1518307200, 1518393599);
INSERT INTO DayOfOperation (VehicleJourneyRef, StartDate, EndDate) VALUES ('96814', 1518912000, 1518998399);
INSERT INTO DayOfOperation (VehicleJourneyRef, StartDate, EndDate) VALUES ('96814', 1519516800, 1519603199);
INSERT INTO DayOfOperation (VehicleJourneyRef, StartDate, EndDate) VALUES ('96814', 1520121600, 1520207999);
INSERT INTO DayOfOperation (VehicleJourneyRef, StartDate, EndDate) VALUES ('96814', 1520726400, 1520812799);
INSERT INTO DayOfOperation (VehicleJourneyRef, StartDate, EndDate) VALUES ('96814', 1521331200, 1521417599);
INSERT INTO DayOfOperation (VehicleJourneyRef, StartDate, EndDate) VALUES ('96814', 1521936000, 1522022399);
INSERT INTO DayOfOperation (VehicleJourneyRef, StartDate, EndDate) VALUES ('96814', 1522540800, 1522627199);
INSERT INTO DayOfOperation (VehicleJourneyRef, StartDate, EndDate) VALUES ('96814', 1523145600, 1523231999);
INSERT INTO DayOfOperation (VehicleJourneyRef, StartDate, EndDate) VALUES ('96814', 1523750400, 1523836799);
INSERT INTO DayOfOperation (VehicleJourneyRef, StartDate, EndDate) VALUES ('96814', 1524355200, 1524441599);
INSERT INTO DayOfOperation (VehicleJourneyRef, StartDate, EndDate) VALUES ('96814', 1524960000, 1525046399);
INSERT INTO DayOfOperation (VehicleJourneyRef, StartDate, EndDate) VALUES ('96814', 1525564800, 1525651199);
INSERT INTO DayOfOperation (VehicleJourneyRef, StartDate, EndDate) VALUES ('96814', 1526169600, 1526255999);
INSERT INTO DayOfOperation (VehicleJourneyRef, StartDate, EndDate) VALUES ('96814', 1526774400, 1526860799);
INSERT INTO DayOfOperation (VehicleJourneyRef, StartDate, EndDate) VALUES ('96814', 1527379200, 1527465599);
INSERT INTO DayOfOperation (VehicleJourneyRef, StartDate, EndDate) VALUES ('96814', 1527984000, 1528070399);
INSERT INTO DayOfOperation (VehicleJourneyRef, StartDate, EndDate) VALUES ('96814', 1528588800, 1528675199);
INSERT INTO DayOfNonOperation (VehicleJourneyRef, StartDate, EndDate) VALUES ('96814', 1490918400, 1508716799);
INSERT INTO VehicleJourney (VehicleJourneyCode, ServiceRef, LineRef, JourneyPatternRef, OperatorRef, Monday, Tuesday, Wednesday, Thursday, Friday, Saturday, Sunday, DepatureHour, DepatureMinute, DepatureSecond, Note, NoteCode) VALUES ('96815', 'FSACM03', '0', 'JPS_FSACM03-4', 'CAL', 0, 0, 0, 0, 0, 0, 1, 15, 0, 0, '', '');
INSERT INTO DayOfOperation (VehicleJourneyRef, StartDate, EndDate) VALUES ('96815', 1509235200, 1509321599);
INSERT INTO DayOfOperation (VehicleJourneyRef, StartDate, EndDate) VALUES ('96815', 1509840000, 1509926399);
INSERT INTO DayOfOperation (VehicleJourneyRef, StartDate, EndDate) VALUES ('96815', 1510444800, 1510531199);
INSERT INTO DayOfOperation (VehicleJourneyRef, StartDate, EndDate) VALUES ('96815', 1511049600, 1511135999);
INSERT INTO DayOfOperation (VehicleJourneyRef, StartDate, EndDate) VALUES ('96815', 1511654400, 1511740799);
INSERT INTO DayOfOperation (VehicleJourneyRef, StartDate, EndDate) VALUES ('96815', 1512259200, 1512345599);
INSERT INTO DayOfOperation (VehicleJourneyRef, StartDate, EndDate) VALUES ('96815', 1512864000, 1512950399);
INSERT INTO DayOfOperation (VehicleJourneyRef, StartDate, EndDate) VALUES ('96815', 1513468800, 1513555199);
INSERT INTO DayOfOperation (VehicleJourneyRef, StartDate, EndDate) VALUES ('96815', 1514073600, 1514159999);
INSERT INTO DayOfOperation (VehicleJourneyRef, StartDate, EndDate) VALUES ('96815', 1514678400, 1514764799);
INSERT INTO DayOfOperation (VehicleJourneyRef, StartDate, EndDate) VALUES ('96815', 1515283200, 1515369599);
INSERT INTO DayOfOperation (VehicleJourneyRef, StartDate, EndDate) VALUES ('96815', 1515888000, 1515974399);
INSERT INTO DayOfOperation (VehicleJourneyRef, StartDate, EndDate) VALUES ('96815', 1516492800, 1516579199);
INSERT INTO DayOfOperation (VehicleJourneyRef, StartDate, EndDate) VALUES ('96815', 1517097600, 1517183999);
INSERT INTO DayOfOperation (VehicleJourneyRef, StartDate, EndDate) VALUES ('96815', 1517702400, 1517788799);
INSERT INTO DayOfOperation (VehicleJourneyRef, StartDate, EndDate) VALUES ('96815', 1518307200, 1518393599);
INSERT INTO DayOfOperation (VehicleJourneyRef, StartDate, EndDate) VALUES ('96815', 1518912000, 1518998399);
INSERT INTO DayOfOperation (VehicleJourneyRef, StartDate, EndDate) VALUES ('96815', 1519516800, 1519603199);
INSERT INTO DayOfOperation (VehicleJourneyRef, StartDate, EndDate) VALUES ('96815', 1520121600, 1520207999);
INSERT INTO DayOfOperation (VehicleJourneyRef, StartDate, EndDate) VALUES ('96815', 1520726400, 1520812799);
INSERT INTO DayOfOperation (VehicleJourneyRef, StartDate, EndDate) VALUES ('96815', 1521331200, 1521417599);
INSERT INTO DayOfOperation (VehicleJourneyRef, StartDate, EndDate) VALUES ('96815', 1521936000, 1522022399);
INSERT INTO DayOfOperation (VehicleJourneyRef, StartDate, EndDate) VALUES ('96815', 1522540800, 1522627199);
INSERT INTO DayOfOperation (VehicleJourneyRef, StartDate, EndDate) VALUES ('96815', 1523145600, 1523231999);
INSERT INTO DayOfOperation (VehicleJourneyRef, StartDate, EndDate) VALUES ('96815', 1523750400, 1523836799);
INSERT INTO DayOfOperation (VehicleJourneyRef, StartDate, EndDate) VALUES ('96815', 1524355200, 1524441599);
INSERT INTO DayOfOperation (VehicleJourneyRef, StartDate, EndDate) VALUES ('96815', 1524960000, 1525046399);
INSERT INTO DayOfOperation (VehicleJourneyRef, StartDate, EndDate) VALUES ('96815', 1525564800, 1525651199);
INSERT INTO DayOfOperation (VehicleJourneyRef, StartDate, EndDate) VALUES ('96815', 1526169600, 1526255999);
INSERT INTO DayOfOperation (VehicleJourneyRef, StartDate, EndDate) VALUES ('96815', 1526774400, 1526860799);
INSERT INTO DayOfOperation (VehicleJourneyRef, StartDate, EndDate) VALUES ('96815', 1527379200, 1527465599);
INSERT INTO DayOfOperation (VehicleJourneyRef, StartDate, EndDate) VALUES ('96815', 1527984000, 1528070399);
INSERT INTO DayOfOperation (VehicleJourneyRef, StartDate, EndDate) VALUES ('96815', 1528588800, 1528675199);
INSERT INTO DayOfNonOperation (VehicleJourneyRef, StartDate, EndDate) VALUES ('96815', 1490918400, 1508716799);
INSERT INTO VehicleJourney (VehicleJourneyCode, ServiceRef, LineRef, JourneyPatternRef, OperatorRef, Monday, Tuesday, Wednesday, Thursday, Friday, Saturday, Sunday, DepatureHour, DepatureMinute, DepatureSecond, Note, NoteCode) VALUES ('96816', 'FSACM03', '0', 'JPS_FSACM03-4', 'CAL', 0, 0, 0, 0, 0, 0, 1, 16, 0, 0, '', '');
INSERT INTO DayOfOperation (VehicleJourneyRef, StartDate, EndDate) VALUES ('96816', 1509235200, 1509321599);
INSERT INTO DayOfOperation (VehicleJourneyRef, StartDate, EndDate) VALUES ('96816', 1509840000, 1509926399);
INSERT INTO DayOfOperation (VehicleJourneyRef, StartDate, EndDate) VALUES ('96816', 1510444800, 1510531199);
INSERT INTO DayOfOperation (VehicleJourneyRef, StartDate, EndDate) VALUES ('96816', 1511049600, 1511135999);
INSERT INTO DayOfOperation (VehicleJourneyRef, StartDate, EndDate) VALUES ('96816', 1511654400, 1511740799);
INSERT INTO DayOfOperation (VehicleJourneyRef, StartDate, EndDate) VALUES ('96816', 1512259200, 1512345599);
INSERT INTO DayOfOperation (VehicleJourneyRef, StartDate, EndDate) VALUES ('96816', 1512864000, 1512950399);
INSERT INTO DayOfOperation (VehicleJourneyRef, StartDate, EndDate) VALUES ('96816', 1513468800, 1513555199);
INSERT INTO DayOfOperation (VehicleJourneyRef, StartDate, EndDate) VALUES ('96816', 1514073600, 1514159999);
INSERT INTO DayOfOperation (VehicleJourneyRef, StartDate, EndDate) VALUES ('96816', 1514678400, 1514764799);
INSERT INTO DayOfOperation (VehicleJourneyRef, StartDate, EndDate) VALUES ('96816', 1515283200, 1515369599);
INSERT INTO DayOfOperation (VehicleJourneyRef, StartDate, EndDate) VALUES ('96816', 1515888000, 1515974399);
INSERT INTO DayOfOperation (VehicleJourneyRef, StartDate, EndDate) VALUES ('96816', 1516492800, 1516579199);
INSERT INTO DayOfOperation (VehicleJourneyRef, StartDate, EndDate) VALUES ('96816', 1517097600, 1517183999);
INSERT INTO DayOfOperation (VehicleJourneyRef, StartDate, EndDate) VALUES ('96816', 1517702400, 1517788799);
INSERT INTO DayOfOperation (VehicleJourneyRef, StartDate, EndDate) VALUES ('96816', 1518307200, 1518393599);
INSERT INTO DayOfOperation (VehicleJourneyRef, StartDate, EndDate) VALUES ('96816', 1518912000, 1518998399);
INSERT INTO DayOfOperation (VehicleJourneyRef, StartDate, EndDate) VALUES ('96816', 1519516800, 1519603199);
INSERT INTO DayOfOperation (VehicleJourneyRef, StartDate, EndDate) VALUES ('96816', 1520121600, 1520207999);
INSERT INTO DayOfOperation (VehicleJourneyRef, StartDate, EndDate) VALUES ('96816', 1520726400, 1520812799);
INSERT INTO DayOfOperation (VehicleJourneyRef, StartDate, EndDate) VALUES ('96816', 1521331200, 1521417599);
INSERT INTO DayOfOperation (VehicleJourneyRef, StartDate, EndDate) VALUES ('96816', 1521936000, 1522022399);
INSERT INTO DayOfOperation (VehicleJourneyRef, StartDate, EndDate) VALUES ('96816', 1522540800, 1522627199);
INSERT INTO DayOfOperation (VehicleJourneyRef, StartDate, EndDate) VALUES ('96816', 1523145600, 1523231999);
INSERT INTO DayOfOperation (VehicleJourneyRef, StartDate, EndDate) VALUES ('96816', 1523750400, 1523836799);
INSERT INTO DayOfOperation (VehicleJourneyRef, StartDate, EndDate) VALUES ('96816', 1524355200, 1524441599);
INSERT INTO DayOfOperation (VehicleJourneyRef, StartDate, EndDate) VALUES ('96816', 1524960000, 1525046399);
INSERT INTO DayOfOperation (VehicleJourneyRef, StartDate, EndDate) VALUES ('96816', 1525564800, 1525651199);
INSERT INTO DayOfOperation (VehicleJourneyRef, StartDate, EndDate) VALUES ('96816', 1526169600, 1526255999);
INSERT INTO DayOfOperation (VehicleJourneyRef, StartDate, EndDate) VALUES ('96816', 1526774400, 1526860799);
INSERT INTO DayOfOperation (VehicleJourneyRef, StartDate, EndDate) VALUES ('96816', 1527379200, 1527465599);
INSERT INTO DayOfOperation (VehicleJourneyRef, StartDate, EndDate) VALUES ('96816', 1527984000, 1528070399);
INSERT INTO DayOfOperation (VehicleJourneyRef, StartDate, EndDate) VALUES ('96816', 1528588800, 1528675199);
INSERT INTO DayOfNonOperation (VehicleJourneyRef, StartDate, EndDate) VALUES ('96816', 1490918400, 1508716799);
INSERT INTO VehicleJourney (VehicleJourneyCode, ServiceRef, LineRef, JourneyPatternRef, OperatorRef, Monday, Tuesday, Wednesday, Thursday, Friday, Saturday, Sunday, DepatureHour, DepatureMinute, DepatureSecond, Note, NoteCode) VALUES ('96817', 'FSACM03', '0', 'JPS_FSACM03-4', 'CAL', 0, 0, 0, 0, 0, 0, 1, 17, 0, 0, '', '');
INSERT INTO DayOfOperation (VehicleJourneyRef, StartDate, EndDate) VALUES ('96817', 1509235200, 1509321599);
INSERT INTO DayOfOperation (VehicleJourneyRef, StartDate, EndDate) VALUES ('96817', 1509840000, 1509926399);
INSERT INTO DayOfOperation (VehicleJourneyRef, StartDate, EndDate) VALUES ('96817', 1510444800, 1510531199);
INSERT INTO DayOfOperation (VehicleJourneyRef, StartDate, EndDate) VALUES ('96817', 1511049600, 1511135999);
INSERT INTO DayOfOperation (VehicleJourneyRef, StartDate, EndDate) VALUES ('96817', 1511654400, 1511740799);
INSERT INTO DayOfOperation (VehicleJourneyRef, StartDate, EndDate) VALUES ('96817', 1512259200, 1512345599);
INSERT INTO DayOfOperation (VehicleJourneyRef, StartDate, EndDate) VALUES ('96817', 1512864000, 1512950399);
INSERT INTO DayOfOperation (VehicleJourneyRef, StartDate, EndDate) VALUES ('96817', 1513468800, 1513555199);
INSERT INTO DayOfOperation (VehicleJourneyRef, StartDate, EndDate) VALUES ('96817', 1514073600, 1514159999);
INSERT INTO DayOfOperation (VehicleJourneyRef, StartDate, EndDate) VALUES ('96817', 1514678400, 1514764799);
INSERT INTO DayOfOperation (VehicleJourneyRef, StartDate, EndDate) VALUES ('96817', 1515283200, 1515369599);
INSERT INTO DayOfOperation (VehicleJourneyRef, StartDate, EndDate) VALUES ('96817', 1515888000, 1515974399);
INSERT INTO DayOfOperation (VehicleJourneyRef, StartDate, EndDate) VALUES ('96817', 1516492800, 1516579199);
INSERT INTO DayOfOperation (VehicleJourneyRef, StartDate, EndDate) VALUES ('96817', 1517097600, 1517183999);
INSERT INTO DayOfOperation (VehicleJourneyRef, StartDate, EndDate) VALUES ('96817', 1517702400, 1517788799);
INSERT INTO DayOfOperation (VehicleJourneyRef, StartDate, EndDate) VALUES ('96817', 1518307200, 1518393599);
INSERT INTO DayOfOperation (VehicleJourneyRef, StartDate, EndDate) VALUES ('96817', 1518912000, 1518998399);
INSERT INTO DayOfOperation (VehicleJourneyRef, StartDate, EndDate) VALUES ('96817', 1519516800, 1519603199);
INSERT INTO DayOfOperation (VehicleJourneyRef, StartDate, EndDate) VALUES ('96817', 1520121600, 1520207999);
INSERT INTO DayOfOperation (VehicleJourneyRef, StartDate, EndDate) VALUES ('96817', 1520726400, 1520812799);
INSERT INTO DayOfOperation (VehicleJourneyRef, StartDate, EndDate) VALUES ('96817', 1521331200, 1521417599);
INSERT INTO DayOfOperation (VehicleJourneyRef, StartDate, EndDate) VALUES ('96817', 1521936000, 1522022399);
INSERT INTO DayOfOperation (VehicleJourneyRef, StartDate, EndDate) VALUES ('96817', 1522540800, 1522627199);
INSERT INTO DayOfOperation (VehicleJourneyRef, StartDate, EndDate) VALUES ('96817', 1523145600, 1523231999);
INSERT INTO DayOfOperation (VehicleJourneyRef, StartDate, EndDate) VALUES ('96817', 1523750400, 1523836799);
INSERT INTO DayOfOperation (VehicleJourneyRef, StartDate, EndDate) VALUES ('96817', 1524355200, 1524441599);
INSERT INTO DayOfOperation (VehicleJourneyRef, StartDate, EndDate) VALUES ('96817', 1524960000, 1525046399);
INSERT INTO DayOfOperation (VehicleJourneyRef, StartDate, EndDate) VALUES ('96817', 1525564800, 1525651199);
INSERT INTO DayOfOperation (VehicleJourneyRef, StartDate, EndDate) VALUES ('96817', 1526169600, 1526255999);
INSERT INTO DayOfOperation (VehicleJourneyRef, StartDate, EndDate) VALUES ('96817', 1526774400, 1526860799);
INSERT INTO DayOfOperation (VehicleJourneyRef, StartDate, EndDate) VALUES ('96817', 1527379200, 1527465599);
INSERT INTO DayOfOperation (VehicleJourneyRef, StartDate, EndDate) VALUES ('96817', 1527984000, 1528070399);
INSERT INTO DayOfOperation (VehicleJourneyRef, StartDate, EndDate) VALUES ('96817', 1528588800, 1528675199);
INSERT INTO DayOfNonOperation (VehicleJourneyRef, StartDate, EndDate) VALUES ('96817', 1490918400, 1508716799);
INSERT INTO VehicleJourney (VehicleJourneyCode, ServiceRef, LineRef, JourneyPatternRef, OperatorRef, Monday, Tuesday, Wednesday, Thursday, Friday, Saturday, Sunday, DepatureHour, DepatureMinute, DepatureSecond, Note, NoteCode) VALUES ('96818', 'FSACM03', '0', 'JPS_FSACM03-4', 'CAL', 0, 0, 0, 0, 0, 0, 1, 18, 0, 0, '', '');
INSERT INTO DayOfOperation (VehicleJourneyRef, StartDate, EndDate) VALUES ('96818', 1509235200, 1509321599);
INSERT INTO DayOfOperation (VehicleJourneyRef, StartDate, EndDate) VALUES ('96818', 1509840000, 1509926399);
INSERT INTO DayOfOperation (VehicleJourneyRef, StartDate, EndDate) VALUES ('96818', 1510444800, 1510531199);
INSERT INTO DayOfOperation (VehicleJourneyRef, StartDate, EndDate) VALUES ('96818', 1511049600, 1511135999);
INSERT INTO DayOfOperation (VehicleJourneyRef, StartDate, EndDate) VALUES ('96818', 1511654400, 1511740799);
INSERT INTO DayOfOperation (VehicleJourneyRef, StartDate, EndDate) VALUES ('96818', 1512259200, 1512345599);
INSERT INTO DayOfOperation (VehicleJourneyRef, StartDate, EndDate) VALUES ('96818', 1512864000, 1512950399);
INSERT INTO DayOfOperation (VehicleJourneyRef, StartDate, EndDate) VALUES ('96818', 1513468800, 1513555199);
INSERT INTO DayOfOperation (VehicleJourneyRef, StartDate, EndDate) VALUES ('96818', 1514073600, 1514159999);
INSERT INTO DayOfOperation (VehicleJourneyRef, StartDate, EndDate) VALUES ('96818', 1514678400, 1514764799);
INSERT INTO DayOfOperation (VehicleJourneyRef, StartDate, EndDate) VALUES ('96818', 1515283200, 1515369599);
INSERT INTO DayOfOperation (VehicleJourneyRef, StartDate, EndDate) VALUES ('96818', 1515888000, 1515974399);
INSERT INTO DayOfOperation (VehicleJourneyRef, StartDate, EndDate) VALUES ('96818', 1516492800, 1516579199);
INSERT INTO DayOfOperation (VehicleJourneyRef, StartDate, EndDate) VALUES ('96818', 1517097600, 1517183999);
INSERT INTO DayOfOperation (VehicleJourneyRef, StartDate, EndDate) VALUES ('96818', 1517702400, 1517788799);
INSERT INTO DayOfOperation (VehicleJourneyRef, StartDate, EndDate) VALUES ('96818', 1518307200, 1518393599);
INSERT INTO DayOfOperation (VehicleJourneyRef, StartDate, EndDate) VALUES ('96818', 1518912000, 1518998399);
INSERT INTO DayOfOperation (VehicleJourneyRef, StartDate, EndDate) VALUES ('96818', 1519516800, 1519603199);
INSERT INTO DayOfOperation (VehicleJourneyRef, StartDate, EndDate) VALUES ('96818', 1520121600, 1520207999);
INSERT INTO DayOfOperation (VehicleJourneyRef, StartDate, EndDate) VALUES ('96818', 1520726400, 1520812799);
INSERT INTO DayOfOperation (VehicleJourneyRef, StartDate, EndDate) VALUES ('96818', 1521331200, 1521417599);
INSERT INTO DayOfOperation (VehicleJourneyRef, StartDate, EndDate) VALUES ('96818', 1521936000, 1522022399);
INSERT INTO DayOfOperation (VehicleJourneyRef, StartDate, EndDate) VALUES ('96818', 1522540800, 1522627199);
INSERT INTO DayOfOperation (VehicleJourneyRef, StartDate, EndDate) VALUES ('96818', 1523145600, 1523231999);
INSERT INTO DayOfOperation (VehicleJourneyRef, StartDate, EndDate) VALUES ('96818', 1523750400, 1523836799);
INSERT INTO DayOfOperation (VehicleJourneyRef, StartDate, EndDate) VALUES ('96818', 1524355200, 1524441599);
INSERT INTO DayOfOperation (VehicleJourneyRef, StartDate, EndDate) VALUES ('96818', 1524960000, 1525046399);
INSERT INTO DayOfOperation (VehicleJourneyRef, StartDate, EndDate) VALUES ('96818', 1525564800, 1525651199);
INSERT INTO DayOfOperation (VehicleJourneyRef, StartDate, EndDate) VALUES ('96818', 1526169600, 1526255999);
INSERT INTO DayOfOperation (VehicleJourneyRef, StartDate, EndDate) VALUES ('96818', 1526774400, 1526860799);
INSERT INTO DayOfOperation (VehicleJourneyRef, StartDate, EndDate) VALUES ('96818', 1527379200, 1527465599);
INSERT INTO DayOfOperation (VehicleJourneyRef, StartDate, EndDate) VALUES ('96818', 1527984000, 1528070399);
INSERT INTO DayOfOperation (VehicleJourneyRef, StartDate, EndDate) VALUES ('96818', 1528588800, 1528675199);
INSERT INTO DayOfNonOperation (VehicleJourneyRef, StartDate, EndDate) VALUES ('96818', 1490918400, 1508716799);
INSERT INTO VehicleJourney (VehicleJourneyCode, ServiceRef, LineRef, JourneyPatternRef, OperatorRef, Monday, Tuesday, Wednesday, Thursday, Friday, Saturday, Sunday, DepatureHour, DepatureMinute, DepatureSecond, Note, NoteCode) VALUES ('96819', 'FSACM03', '0', 'JPS_FSACM03-4', 'CAL', 0, 0, 0, 0, 0, 0, 1, 19, 0, 0, '', '');
INSERT INTO DayOfOperation (VehicleJourneyRef, StartDate, EndDate) VALUES ('96819', 1509235200, 1509321599);
INSERT INTO DayOfOperation (VehicleJourneyRef, StartDate, EndDate) VALUES ('96819', 1509840000, 1509926399);
INSERT INTO DayOfOperation (VehicleJourneyRef, StartDate, EndDate) VALUES ('96819', 1510444800, 1510531199);
INSERT INTO DayOfOperation (VehicleJourneyRef, StartDate, EndDate) VALUES ('96819', 1511049600, 1511135999);
INSERT INTO DayOfOperation (VehicleJourneyRef, StartDate, EndDate) VALUES ('96819', 1511654400, 1511740799);
INSERT INTO DayOfOperation (VehicleJourneyRef, StartDate, EndDate) VALUES ('96819', 1512259200, 1512345599);
INSERT INTO DayOfOperation (VehicleJourneyRef, StartDate, EndDate) VALUES ('96819', 1512864000, 1512950399);
INSERT INTO DayOfOperation (VehicleJourneyRef, StartDate, EndDate) VALUES ('96819', 1513468800, 1513555199);
INSERT INTO DayOfOperation (VehicleJourneyRef, StartDate, EndDate) VALUES ('96819', 1514073600, 1514159999);
INSERT INTO DayOfOperation (VehicleJourneyRef, StartDate, EndDate) VALUES ('96819', 1514678400, 1514764799);
INSERT INTO DayOfOperation (VehicleJourneyRef, StartDate, EndDate) VALUES ('96819', 1515283200, 1515369599);
INSERT INTO DayOfOperation (VehicleJourneyRef, StartDate, EndDate) VALUES ('96819', 1515888000, 1515974399);
INSERT INTO DayOfOperation (VehicleJourneyRef, StartDate, EndDate) VALUES ('96819', 1516492800, 1516579199);
INSERT INTO DayOfOperation (VehicleJourneyRef, StartDate, EndDate) VALUES ('96819', 1517097600, 1517183999);
INSERT INTO DayOfOperation (VehicleJourneyRef, StartDate, EndDate) VALUES ('96819', 1517702400, 1517788799);
INSERT INTO DayOfOperation (VehicleJourneyRef, StartDate, EndDate) VALUES ('96819', 1518307200, 1518393599);
INSERT INTO DayOfOperation (VehicleJourneyRef, StartDate, EndDate) VALUES ('96819', 1518912000, 1518998399);
INSERT INTO DayOfOperation (VehicleJourneyRef, StartDate, EndDate) VALUES ('96819', 1519516800, 1519603199);
INSERT INTO DayOfOperation (VehicleJourneyRef, StartDate, EndDate) VALUES ('96819', 1520121600, 1520207999);
INSERT INTO DayOfOperation (VehicleJourneyRef, StartDate, EndDate) VALUES ('96819', 1520726400, 1520812799);
INSERT INTO DayOfOperation (VehicleJourneyRef, StartDate, EndDate) VALUES ('96819', 1521331200, 1521417599);
INSERT INTO DayOfOperation (VehicleJourneyRef, StartDate, EndDate) VALUES ('96819', 1521936000, 1522022399);
INSERT INTO DayOfOperation (VehicleJourneyRef, StartDate, EndDate) VALUES ('96819', 1522540800, 1522627199);
INSERT INTO DayOfOperation (VehicleJourneyRef, StartDate, EndDate) VALUES ('96819', 1523145600, 1523231999);
INSERT INTO DayOfOperation (VehicleJourneyRef, StartDate, EndDate) VALUES ('96819', 1523750400, 1523836799);
INSERT INTO DayOfOperation (VehicleJourneyRef, StartDate, EndDate) VALUES ('96819', 1524355200, 1524441599);
INSERT INTO DayOfOperation (VehicleJourneyRef, StartDate, EndDate) VALUES ('96819', 1524960000, 1525046399);
INSERT INTO DayOfOperation (VehicleJourneyRef, StartDate, EndDate) VALUES ('96819', 1525564800, 1525651199);
INSERT INTO DayOfOperation (VehicleJourneyRef, StartDate, EndDate) VALUES ('96819', 1526169600, 1526255999);
INSERT INTO DayOfOperation (VehicleJourneyRef, StartDate, EndDate) VALUES ('96819', 1526774400, 1526860799);
INSERT INTO DayOfOperation (VehicleJourneyRef, StartDate, EndDate) VALUES ('96819', 1527379200, 1527465599);
INSERT INTO DayOfOperation (VehicleJourneyRef, StartDate, EndDate) VALUES ('96819', 1527984000, 1528070399);
INSERT INTO DayOfOperation (VehicleJourneyRef, StartDate, EndDate) VALUES ('96819', 1528588800, 1528675199);
INSERT INTO DayOfNonOperation (VehicleJourneyRef, StartDate, EndDate) VALUES ('96819', 1490918400, 1508716799);
INSERT INTO VehicleJourney (VehicleJourneyCode, ServiceRef, LineRef, JourneyPatternRef, OperatorRef, Monday, Tuesday, Wednesday, Thursday, Friday, Saturday, Sunday, DepatureHour, DepatureMinute, DepatureSecond, Note, NoteCode) VALUES ('96820', 'FSACM03', '0', 'JPS_FSACM03-4', 'CAL', 0, 0, 0, 0, 0, 0, 1, 19, 45, 0, '', '');
INSERT INTO DayOfOperation (VehicleJourneyRef, StartDate, EndDate) VALUES ('96820', 1509235200, 1509321599);
INSERT INTO DayOfOperation (VehicleJourneyRef, StartDate, EndDate) VALUES ('96820', 1509840000, 1509926399);
INSERT INTO DayOfOperation (VehicleJourneyRef, StartDate, EndDate) VALUES ('96820', 1510444800, 1510531199);
INSERT INTO DayOfOperation (VehicleJourneyRef, StartDate, EndDate) VALUES ('96820', 1511049600, 1511135999);
INSERT INTO DayOfOperation (VehicleJourneyRef, StartDate, EndDate) VALUES ('96820', 1511654400, 1511740799);
INSERT INTO DayOfOperation (VehicleJourneyRef, StartDate, EndDate) VALUES ('96820', 1512259200, 1512345599);
INSERT INTO DayOfOperation (VehicleJourneyRef, StartDate, EndDate) VALUES ('96820', 1512864000, 1512950399);
INSERT INTO DayOfOperation (VehicleJourneyRef, StartDate, EndDate) VALUES ('96820', 1513468800, 1513555199);
INSERT INTO DayOfOperation (VehicleJourneyRef, StartDate, EndDate) VALUES ('96820', 1514073600, 1514159999);
INSERT INTO DayOfOperation (VehicleJourneyRef, StartDate, EndDate) VALUES ('96820', 1514678400, 1514764799);
INSERT INTO DayOfOperation (VehicleJourneyRef, StartDate, EndDate) VALUES ('96820', 1515283200, 1515369599);
INSERT INTO DayOfOperation (VehicleJourneyRef, StartDate, EndDate) VALUES ('96820', 1515888000, 1515974399);
INSERT INTO DayOfOperation (VehicleJourneyRef, StartDate, EndDate) VALUES ('96820', 1516492800, 1516579199);
INSERT INTO DayOfOperation (VehicleJourneyRef, StartDate, EndDate) VALUES ('96820', 1517097600, 1517183999);
INSERT INTO DayOfOperation (VehicleJourneyRef, StartDate, EndDate) VALUES ('96820', 1517702400, 1517788799);
INSERT INTO DayOfOperation (VehicleJourneyRef, StartDate, EndDate) VALUES ('96820', 1518307200, 1518393599);
INSERT INTO DayOfOperation (VehicleJourneyRef, StartDate, EndDate) VALUES ('96820', 1518912000, 1518998399);
INSERT INTO DayOfOperation (VehicleJourneyRef, StartDate, EndDate) VALUES ('96820', 1519516800, 1519603199);
INSERT INTO DayOfOperation (VehicleJourneyRef, StartDate, EndDate) VALUES ('96820', 1520121600, 1520207999);
INSERT INTO DayOfOperation (VehicleJourneyRef, StartDate, EndDate) VALUES ('96820', 1520726400, 1520812799);
INSERT INTO DayOfOperation (VehicleJourneyRef, StartDate, EndDate) VALUES ('96820', 1521331200, 1521417599);
INSERT INTO DayOfOperation (VehicleJourneyRef, StartDate, EndDate) VALUES ('96820', 1521936000, 1522022399);
INSERT INTO DayOfOperation (VehicleJourneyRef, StartDate, EndDate) VALUES ('96820', 1522540800, 1522627199);
INSERT INTO DayOfOperation (VehicleJourneyRef, StartDate, EndDate) VALUES ('96820', 1523145600, 1523231999);
INSERT INTO DayOfOperation (VehicleJourneyRef, StartDate, EndDate) VALUES ('96820', 1523750400, 1523836799);
INSERT INTO DayOfOperation (VehicleJourneyRef, StartDate, EndDate) VALUES ('96820', 1524355200, 1524441599);
INSERT INTO DayOfOperation (VehicleJourneyRef, StartDate, EndDate) VALUES ('96820', 1524960000, 1525046399);
INSERT INTO DayOfOperation (VehicleJourneyRef, StartDate, EndDate) VALUES ('96820', 1525564800, 1525651199);
INSERT INTO DayOfOperation (VehicleJourneyRef, StartDate, EndDate) VALUES ('96820', 1526169600, 1526255999);
INSERT INTO DayOfOperation (VehicleJourneyRef, StartDate, EndDate) VALUES ('96820', 1526774400, 1526860799);
INSERT INTO DayOfOperation (VehicleJourneyRef, StartDate, EndDate) VALUES ('96820', 1527379200, 1527465599);
INSERT INTO DayOfOperation (VehicleJourneyRef, StartDate, EndDate) VALUES ('96820', 1527984000, 1528070399);
INSERT INTO DayOfOperation (VehicleJourneyRef, StartDate, EndDate) VALUES ('96820', 1528588800, 1528675199);
INSERT INTO DayOfNonOperation (VehicleJourneyRef, StartDate, EndDate) VALUES ('96820', 1490918400, 1508716799);
INSERT INTO VehicleJourney (VehicleJourneyCode, ServiceRef, LineRef, JourneyPatternRef, OperatorRef, Monday, Tuesday, Wednesday, Thursday, Friday, Saturday, Sunday, DepatureHour, DepatureMinute, DepatureSecond, Note, NoteCode) VALUES ('96707', 'FSACM03', '0', 'JPS_FSACM03-3', 'CAL', 0, 1, 0, 0, 0, 0, 0, 8, 0, 0, '', '');
INSERT INTO DayOfNonOperation (VehicleJourneyRef, StartDate, EndDate) VALUES ('96707', 1490918400, 1514246399);
INSERT INTO DayOfNonOperation (VehicleJourneyRef, StartDate, EndDate) VALUES ('96707', 1514332800, 2524607999);
INSERT INTO VehicleJourney (VehicleJourneyCode, ServiceRef, LineRef, JourneyPatternRef, OperatorRef, Monday, Tuesday, Wednesday, Thursday, Friday, Saturday, Sunday, DepatureHour, DepatureMinute, DepatureSecond, Note, NoteCode) VALUES ('96708', 'FSACM03', '0', 'JPS_FSACM03-3', 'CAL', 0, 1, 0, 0, 0, 0, 0, 9, 30, 0, '', '');
INSERT INTO DayOfNonOperation (VehicleJourneyRef, StartDate, EndDate) VALUES ('96708', 1490918400, 1514246399);
INSERT INTO DayOfNonOperation (VehicleJourneyRef, StartDate, EndDate) VALUES ('96708', 1514332800, 2524607999);
INSERT INTO VehicleJourney (VehicleJourneyCode, ServiceRef, LineRef, JourneyPatternRef, OperatorRef, Monday, Tuesday, Wednesday, Thursday, Friday, Saturday, Sunday, DepatureHour, DepatureMinute, DepatureSecond, Note, NoteCode) VALUES ('96709', 'FSACM03', '0', 'JPS_FSACM03-3', 'CAL', 0, 1, 0, 0, 0, 0, 0, 10, 45, 0, '', '');
INSERT INTO DayOfNonOperation (VehicleJourneyRef, StartDate, EndDate) VALUES ('96709', 1490918400, 1514246399);
INSERT INTO DayOfNonOperation (VehicleJourneyRef, StartDate, EndDate) VALUES ('96709', 1514332800, 2524607999);
INSERT INTO VehicleJourney (VehicleJourneyCode, ServiceRef, LineRef, JourneyPatternRef, OperatorRef, Monday, Tuesday, Wednesday, Thursday, Friday, Saturday, Sunday, DepatureHour, DepatureMinute, DepatureSecond, Note, NoteCode) VALUES ('96710', 'FSACM03', '0', 'JPS_FSACM03-3', 'CAL', 0, 1, 0, 0, 0, 0, 0, 12, 0, 0, '', '');
INSERT INTO DayOfNonOperation (VehicleJourneyRef, StartDate, EndDate) VALUES ('96710', 1490918400, 1514246399);
INSERT INTO DayOfNonOperation (VehicleJourneyRef, StartDate, EndDate) VALUES ('96710', 1514332800, 2524607999);
INSERT INTO VehicleJourney (VehicleJourneyCode, ServiceRef, LineRef, JourneyPatternRef, OperatorRef, Monday, Tuesday, Wednesday, Thursday, Friday, Saturday, Sunday, DepatureHour, DepatureMinute, DepatureSecond, Note, NoteCode) VALUES ('96711', 'FSACM03', '0', 'JPS_FSACM03-3', 'CAL', 0, 1, 0, 0, 0, 0, 0, 13, 0, 0, '', '');
INSERT INTO DayOfNonOperation (VehicleJourneyRef, StartDate, EndDate) VALUES ('96711', 1490918400, 1514246399);
INSERT INTO DayOfNonOperation (VehicleJourneyRef, StartDate, EndDate) VALUES ('96711', 1514332800, 2524607999);
INSERT INTO VehicleJourney (VehicleJourneyCode, ServiceRef, LineRef, JourneyPatternRef, OperatorRef, Monday, Tuesday, Wednesday, Thursday, Friday, Saturday, Sunday, DepatureHour, DepatureMinute, DepatureSecond, Note, NoteCode) VALUES ('96712', 'FSACM03', '0', 'JPS_FSACM03-3', 'CAL', 0, 1, 0, 0, 0, 0, 0, 14, 0, 0, '', '');
INSERT INTO DayOfNonOperation (VehicleJourneyRef, StartDate, EndDate) VALUES ('96712', 1490918400, 1514246399);
INSERT INTO DayOfNonOperation (VehicleJourneyRef, StartDate, EndDate) VALUES ('96712', 1514332800, 2524607999);
INSERT INTO VehicleJourney (VehicleJourneyCode, ServiceRef, LineRef, JourneyPatternRef, OperatorRef, Monday, Tuesday, Wednesday, Thursday, Friday, Saturday, Sunday, DepatureHour, DepatureMinute, DepatureSecond, Note, NoteCode) VALUES ('96713', 'FSACM03', '0', 'JPS_FSACM03-3', 'CAL', 0, 1, 0, 0, 0, 0, 0, 15, 0, 0, '', '');
INSERT INTO DayOfNonOperation (VehicleJourneyRef, StartDate, EndDate) VALUES ('96713', 1490918400, 1514246399);
INSERT INTO DayOfNonOperation (VehicleJourneyRef, StartDate, EndDate) VALUES ('96713', 1514332800, 2524607999);
INSERT INTO VehicleJourney (VehicleJourneyCode, ServiceRef, LineRef, JourneyPatternRef, OperatorRef, Monday, Tuesday, Wednesday, Thursday, Friday, Saturday, Sunday, DepatureHour, DepatureMinute, DepatureSecond, Note, NoteCode) VALUES ('96714', 'FSACM03', '0', 'JPS_FSACM03-3', 'CAL', 0, 1, 0, 0, 0, 0, 0, 16, 0, 0, '', '');
INSERT INTO DayOfNonOperation (VehicleJourneyRef, StartDate, EndDate) VALUES ('96714', 1490918400, 1514246399);
INSERT INTO DayOfNonOperation (VehicleJourneyRef, StartDate, EndDate) VALUES ('96714', 1514332800, 2524607999);
INSERT INTO VehicleJourney (VehicleJourneyCode, ServiceRef, LineRef, JourneyPatternRef, OperatorRef, Monday, Tuesday, Wednesday, Thursday, Friday, Saturday, Sunday, DepatureHour, DepatureMinute, DepatureSecond, Note, NoteCode) VALUES ('96715', 'FSACM03', '0', 'JPS_FSACM03-3', 'CAL', 0, 1, 0, 0, 0, 0, 0, 17, 0, 0, '', '');
INSERT INTO DayOfNonOperation (VehicleJourneyRef, StartDate, EndDate) VALUES ('96715', 1490918400, 1514246399);
INSERT INTO DayOfNonOperation (VehicleJourneyRef, StartDate, EndDate) VALUES ('96715', 1514332800, 2524607999);
INSERT INTO VehicleJourney (VehicleJourneyCode, ServiceRef, LineRef, JourneyPatternRef, OperatorRef, Monday, Tuesday, Wednesday, Thursday, Friday, Saturday, Sunday, DepatureHour, DepatureMinute, DepatureSecond, Note, NoteCode) VALUES ('96716', 'FSACM03', '0', 'JPS_FSACM03-3', 'CAL', 0, 1, 0, 0, 0, 0, 0, 18, 0, 0, '', '');
INSERT INTO DayOfNonOperation (VehicleJourneyRef, StartDate, EndDate) VALUES ('96716', 1490918400, 1514246399);
INSERT INTO DayOfNonOperation (VehicleJourneyRef, StartDate, EndDate) VALUES ('96716', 1514332800, 2524607999);
INSERT INTO VehicleJourney (VehicleJourneyCode, ServiceRef, LineRef, JourneyPatternRef, OperatorRef, Monday, Tuesday, Wednesday, Thursday, Friday, Saturday, Sunday, DepatureHour, DepatureMinute, DepatureSecond, Note, NoteCode) VALUES ('96717', 'FSACM03', '0', 'JPS_FSACM03-3', 'CAL', 0, 1, 0, 0, 0, 0, 0, 19, 0, 0, '', '');
INSERT INTO DayOfNonOperation (VehicleJourneyRef, StartDate, EndDate) VALUES ('96717', 1490918400, 1514246399);
INSERT INTO DayOfNonOperation (VehicleJourneyRef, StartDate, EndDate) VALUES ('96717', 1514332800, 2524607999);
INSERT INTO VehicleJourney (VehicleJourneyCode, ServiceRef, LineRef, JourneyPatternRef, OperatorRef, Monday, Tuesday, Wednesday, Thursday, Friday, Saturday, Sunday, DepatureHour, DepatureMinute, DepatureSecond, Note, NoteCode) VALUES ('96821', 'FSACM03', '0', 'JPS_FSACM03-4', 'CAL', 0, 1, 0, 0, 0, 0, 0, 8, 45, 0, '', '');
INSERT INTO DayOfNonOperation (VehicleJourneyRef, StartDate, EndDate) VALUES ('96821', 1490918400, 1514246399);
INSERT INTO DayOfNonOperation (VehicleJourneyRef, StartDate, EndDate) VALUES ('96821', 1514332800, 2524607999);
INSERT INTO VehicleJourney (VehicleJourneyCode, ServiceRef, LineRef, JourneyPatternRef, OperatorRef, Monday, Tuesday, Wednesday, Thursday, Friday, Saturday, Sunday, DepatureHour, DepatureMinute, DepatureSecond, Note, NoteCode) VALUES ('96822', 'FSACM03', '0', 'JPS_FSACM03-4', 'CAL', 0, 1, 0, 0, 0, 0, 0, 10, 15, 0, '', '');
INSERT INTO DayOfNonOperation (VehicleJourneyRef, StartDate, EndDate) VALUES ('96822', 1490918400, 1514246399);
INSERT INTO DayOfNonOperation (VehicleJourneyRef, StartDate, EndDate) VALUES ('96822', 1514332800, 2524607999);
INSERT INTO VehicleJourney (VehicleJourneyCode, ServiceRef, LineRef, JourneyPatternRef, OperatorRef, Monday, Tuesday, Wednesday, Thursday, Friday, Saturday, Sunday, DepatureHour, DepatureMinute, DepatureSecond, Note, NoteCode) VALUES ('96823', 'FSACM03', '0', 'JPS_FSACM03-4', 'CAL', 0, 1, 0, 0, 0, 0, 0, 12, 0, 0, '', '');
INSERT INTO DayOfNonOperation (VehicleJourneyRef, StartDate, EndDate) VALUES ('96823', 1490918400, 1514246399);
INSERT INTO DayOfNonOperation (VehicleJourneyRef, StartDate, EndDate) VALUES ('96823', 1514332800, 2524607999);
INSERT INTO VehicleJourney (VehicleJourneyCode, ServiceRef, LineRef, JourneyPatternRef, OperatorRef, Monday, Tuesday, Wednesday, Thursday, Friday, Saturday, Sunday, DepatureHour, DepatureMinute, DepatureSecond, Note, NoteCode) VALUES ('96824', 'FSACM03', '0', 'JPS_FSACM03-4', 'CAL', 0, 1, 0, 0, 0, 0, 0, 13, 0, 0, '', '');
INSERT INTO DayOfNonOperation (VehicleJourneyRef, StartDate, EndDate) VALUES ('96824', 1490918400, 1514246399);
INSERT INTO DayOfNonOperation (VehicleJourneyRef, StartDate, EndDate) VALUES ('96824', 1514332800, 2524607999);
INSERT INTO VehicleJourney (VehicleJourneyCode, ServiceRef, LineRef, JourneyPatternRef, OperatorRef, Monday, Tuesday, Wednesday, Thursday, Friday, Saturday, Sunday, DepatureHour, DepatureMinute, DepatureSecond, Note, NoteCode) VALUES ('96825', 'FSACM03', '0', 'JPS_FSACM03-4', 'CAL', 0, 1, 0, 0, 0, 0, 0, 14, 0, 0, '', '');
INSERT INTO DayOfNonOperation (VehicleJourneyRef, StartDate, EndDate) VALUES ('96825', 1490918400, 1514246399);
INSERT INTO DayOfNonOperation (VehicleJourneyRef, StartDate, EndDate) VALUES ('96825', 1514332800, 2524607999);
INSERT INTO VehicleJourney (VehicleJourneyCode, ServiceRef, LineRef, JourneyPatternRef, OperatorRef, Monday, Tuesday, Wednesday, Thursday, Friday, Saturday, Sunday, DepatureHour, DepatureMinute, DepatureSecond, Note, NoteCode) VALUES ('96826', 'FSACM03', '0', 'JPS_FSACM03-4', 'CAL', 0, 1, 0, 0, 0, 0, 0, 15, 0, 0, '', '');
INSERT INTO DayOfNonOperation (VehicleJourneyRef, StartDate, EndDate) VALUES ('96826', 1490918400, 1514246399);
INSERT INTO DayOfNonOperation (VehicleJourneyRef, StartDate, EndDate) VALUES ('96826', 1514332800, 2524607999);
INSERT INTO VehicleJourney (VehicleJourneyCode, ServiceRef, LineRef, JourneyPatternRef, OperatorRef, Monday, Tuesday, Wednesday, Thursday, Friday, Saturday, Sunday, DepatureHour, DepatureMinute, DepatureSecond, Note, NoteCode) VALUES ('96827', 'FSACM03', '0', 'JPS_FSACM03-4', 'CAL', 0, 1, 0, 0, 0, 0, 0, 16, 0, 0, '', '');
INSERT INTO DayOfNonOperation (VehicleJourneyRef, StartDate, EndDate) VALUES ('96827', 1490918400, 1514246399);
INSERT INTO DayOfNonOperation (VehicleJourneyRef, StartDate, EndDate) VALUES ('96827', 1514332800, 2524607999);
INSERT INTO VehicleJourney (VehicleJourneyCode, ServiceRef, LineRef, JourneyPatternRef, OperatorRef, Monday, Tuesday, Wednesday, Thursday, Friday, Saturday, Sunday, DepatureHour, DepatureMinute, DepatureSecond, Note, NoteCode) VALUES ('96828', 'FSACM03', '0', 'JPS_FSACM03-4', 'CAL', 0, 1, 0, 0, 0, 0, 0, 17, 0, 0, '', '');
INSERT INTO DayOfNonOperation (VehicleJourneyRef, StartDate, EndDate) VALUES ('96828', 1490918400, 1514246399);
INSERT INTO DayOfNonOperation (VehicleJourneyRef, StartDate, EndDate) VALUES ('96828', 1514332800, 2524607999);
INSERT INTO VehicleJourney (VehicleJourneyCode, ServiceRef, LineRef, JourneyPatternRef, OperatorRef, Monday, Tuesday, Wednesday, Thursday, Friday, Saturday, Sunday, DepatureHour, DepatureMinute, DepatureSecond, Note, NoteCode) VALUES ('96829', 'FSACM03', '0', 'JPS_FSACM03-4', 'CAL', 0, 1, 0, 0, 0, 0, 0, 18, 0, 0, '', '');
INSERT INTO DayOfNonOperation (VehicleJourneyRef, StartDate, EndDate) VALUES ('96829', 1490918400, 1514246399);
INSERT INTO DayOfNonOperation (VehicleJourneyRef, StartDate, EndDate) VALUES ('96829', 1514332800, 2524607999);
INSERT INTO VehicleJourney (VehicleJourneyCode, ServiceRef, LineRef, JourneyPatternRef, OperatorRef, Monday, Tuesday, Wednesday, Thursday, Friday, Saturday, Sunday, DepatureHour, DepatureMinute, DepatureSecond, Note, NoteCode) VALUES ('96830', 'FSACM03', '0', 'JPS_FSACM03-4', 'CAL', 0, 1, 0, 0, 0, 0, 0, 19, 0, 0, '', '');
INSERT INTO DayOfNonOperation (VehicleJourneyRef, StartDate, EndDate) VALUES ('96830', 1490918400, 1514246399);
INSERT INTO DayOfNonOperation (VehicleJourneyRef, StartDate, EndDate) VALUES ('96830', 1514332800, 2524607999);
INSERT INTO VehicleJourney (VehicleJourneyCode, ServiceRef, LineRef, JourneyPatternRef, OperatorRef, Monday, Tuesday, Wednesday, Thursday, Friday, Saturday, Sunday, DepatureHour, DepatureMinute, DepatureSecond, Note, NoteCode) VALUES ('96831', 'FSACM03', '0', 'JPS_FSACM03-4', 'CAL', 0, 1, 0, 0, 0, 0, 0, 19, 45, 0, '', '');
INSERT INTO DayOfNonOperation (VehicleJourneyRef, StartDate, EndDate) VALUES ('96831', 1490918400, 1514246399);
INSERT INTO DayOfNonOperation (VehicleJourneyRef, StartDate, EndDate) VALUES ('96831', 1514332800, 2524607999);
INSERT INTO VehicleJourney (VehicleJourneyCode, ServiceRef, LineRef, JourneyPatternRef, OperatorRef, Monday, Tuesday, Wednesday, Thursday, Friday, Saturday, Sunday, DepatureHour, DepatureMinute, DepatureSecond, Note, NoteCode) VALUES ('96718', 'FSACM03', '0', 'JPS_FSACM03-3', 'CAL', 0, 1, 0, 0, 0, 0, 0, 8, 0, 0, '', '');
INSERT INTO DayOfNonOperation (VehicleJourneyRef, StartDate, EndDate) VALUES ('96718', 1490918400, 1514851199);
INSERT INTO DayOfNonOperation (VehicleJourneyRef, StartDate, EndDate) VALUES ('96718', 1514937600, 2524607999);
INSERT INTO VehicleJourney (VehicleJourneyCode, ServiceRef, LineRef, JourneyPatternRef, OperatorRef, Monday, Tuesday, Wednesday, Thursday, Friday, Saturday, Sunday, DepatureHour, DepatureMinute, DepatureSecond, Note, NoteCode) VALUES ('96719', 'FSACM03', '0', 'JPS_FSACM03-3', 'CAL', 0, 1, 0, 0, 0, 0, 0, 8, 40, 0, '', '');
INSERT INTO DayOfNonOperation (VehicleJourneyRef, StartDate, EndDate) VALUES ('96719', 1490918400, 1514851199);
INSERT INTO DayOfNonOperation (VehicleJourneyRef, StartDate, EndDate) VALUES ('96719', 1514937600, 2524607999);
INSERT INTO VehicleJourney (VehicleJourneyCode, ServiceRef, LineRef, JourneyPatternRef, OperatorRef, Monday, Tuesday, Wednesday, Thursday, Friday, Saturday, Sunday, DepatureHour, DepatureMinute, DepatureSecond, Note, NoteCode) VALUES ('96720', 'FSACM03', '0', 'JPS_FSACM03-3', 'CAL', 0, 1, 0, 0, 0, 0, 0, 9, 30, 0, '', '');
INSERT INTO DayOfNonOperation (VehicleJourneyRef, StartDate, EndDate) VALUES ('96720', 1490918400, 1514851199);
INSERT INTO DayOfNonOperation (VehicleJourneyRef, StartDate, EndDate) VALUES ('96720', 1514937600, 2524607999);
INSERT INTO VehicleJourney (VehicleJourneyCode, ServiceRef, LineRef, JourneyPatternRef, OperatorRef, Monday, Tuesday, Wednesday, Thursday, Friday, Saturday, Sunday, DepatureHour, DepatureMinute, DepatureSecond, Note, NoteCode) VALUES ('96721', 'FSACM03', '0', 'JPS_FSACM03-3', 'CAL', 0, 1, 0, 0, 0, 0, 0, 10, 10, 0, '', '');
INSERT INTO DayOfNonOperation (VehicleJourneyRef, StartDate, EndDate) VALUES ('96721', 1490918400, 1514851199);
INSERT INTO DayOfNonOperation (VehicleJourneyRef, StartDate, EndDate) VALUES ('96721', 1514937600, 2524607999);
INSERT INTO VehicleJourney (VehicleJourneyCode, ServiceRef, LineRef, JourneyPatternRef, OperatorRef, Monday, Tuesday, Wednesday, Thursday, Friday, Saturday, Sunday, DepatureHour, DepatureMinute, DepatureSecond, Note, NoteCode) VALUES ('96722', 'FSACM03', '0', 'JPS_FSACM03-3', 'CAL', 0, 1, 0, 0, 0, 0, 0, 11, 0, 0, '', '');
INSERT INTO DayOfNonOperation (VehicleJourneyRef, StartDate, EndDate) VALUES ('96722', 1490918400, 1514851199);
INSERT INTO DayOfNonOperation (VehicleJourneyRef, StartDate, EndDate) VALUES ('96722', 1514937600, 2524607999);
INSERT INTO VehicleJourney (VehicleJourneyCode, ServiceRef, LineRef, JourneyPatternRef, OperatorRef, Monday, Tuesday, Wednesday, Thursday, Friday, Saturday, Sunday, DepatureHour, DepatureMinute, DepatureSecond, Note, NoteCode) VALUES ('96723', 'FSACM03', '0', 'JPS_FSACM03-3', 'CAL', 0, 1, 0, 0, 0, 0, 0, 12, 0, 0, '', '');
INSERT INTO DayOfNonOperation (VehicleJourneyRef, StartDate, EndDate) VALUES ('96723', 1490918400, 1514851199);
INSERT INTO DayOfNonOperation (VehicleJourneyRef, StartDate, EndDate) VALUES ('96723', 1514937600, 2524607999);
INSERT INTO VehicleJourney (VehicleJourneyCode, ServiceRef, LineRef, JourneyPatternRef, OperatorRef, Monday, Tuesday, Wednesday, Thursday, Friday, Saturday, Sunday, DepatureHour, DepatureMinute, DepatureSecond, Note, NoteCode) VALUES ('96724', 'FSACM03', '0', 'JPS_FSACM03-3', 'CAL', 0, 1, 0, 0, 0, 0, 0, 13, 0, 0, '', '');
INSERT INTO DayOfNonOperation (VehicleJourneyRef, StartDate, EndDate) VALUES ('96724', 1490918400, 1514851199);
INSERT INTO DayOfNonOperation (VehicleJourneyRef, StartDate, EndDate) VALUES ('96724', 1514937600, 2524607999);
INSERT INTO VehicleJourney (VehicleJourneyCode, ServiceRef, LineRef, JourneyPatternRef, OperatorRef, Monday, Tuesday, Wednesday, Thursday, Friday, Saturday, Sunday, DepatureHour, DepatureMinute, DepatureSecond, Note, NoteCode) VALUES ('96725', 'FSACM03', '0', 'JPS_FSACM03-3', 'CAL', 0, 1, 0, 0, 0, 0, 0, 14, 0, 0, '', '');
INSERT INTO DayOfNonOperation (VehicleJourneyRef, StartDate, EndDate) VALUES ('96725', 1490918400, 1514851199);
INSERT INTO DayOfNonOperation (VehicleJourneyRef, StartDate, EndDate) VALUES ('96725', 1514937600, 2524607999);
INSERT INTO VehicleJourney (VehicleJourneyCode, ServiceRef, LineRef, JourneyPatternRef, OperatorRef, Monday, Tuesday, Wednesday, Thursday, Friday, Saturday, Sunday, DepatureHour, DepatureMinute, DepatureSecond, Note, NoteCode) VALUES ('96726', 'FSACM03', '0', 'JPS_FSACM03-3', 'CAL', 0, 1, 0, 0, 0, 0, 0, 15, 0, 0, '', '');
INSERT INTO DayOfNonOperation (VehicleJourneyRef, StartDate, EndDate) VALUES ('96726', 1490918400, 1514851199);
INSERT INTO DayOfNonOperation (VehicleJourneyRef, StartDate, EndDate) VALUES ('96726', 1514937600, 2524607999);
INSERT INTO VehicleJourney (VehicleJourneyCode, ServiceRef, LineRef, JourneyPatternRef, OperatorRef, Monday, Tuesday, Wednesday, Thursday, Friday, Saturday, Sunday, DepatureHour, DepatureMinute, DepatureSecond, Note, NoteCode) VALUES ('96727', 'FSACM03', '0', 'JPS_FSACM03-3', 'CAL', 0, 1, 0, 0, 0, 0, 0, 16, 0, 0, '', '');
INSERT INTO DayOfNonOperation (VehicleJourneyRef, StartDate, EndDate) VALUES ('96727', 1490918400, 1514851199);
INSERT INTO DayOfNonOperation (VehicleJourneyRef, StartDate, EndDate) VALUES ('96727', 1514937600, 2524607999);
INSERT INTO VehicleJourney (VehicleJourneyCode, ServiceRef, LineRef, JourneyPatternRef, OperatorRef, Monday, Tuesday, Wednesday, Thursday, Friday, Saturday, Sunday, DepatureHour, DepatureMinute, DepatureSecond, Note, NoteCode) VALUES ('96728', 'FSACM03', '0', 'JPS_FSACM03-3', 'CAL', 0, 1, 0, 0, 0, 0, 0, 16, 45, 0, '', '');
INSERT INTO DayOfNonOperation (VehicleJourneyRef, StartDate, EndDate) VALUES ('96728', 1490918400, 1514851199);
INSERT INTO DayOfNonOperation (VehicleJourneyRef, StartDate, EndDate) VALUES ('96728', 1514937600, 2524607999);
INSERT INTO VehicleJourney (VehicleJourneyCode, ServiceRef, LineRef, JourneyPatternRef, OperatorRef, Monday, Tuesday, Wednesday, Thursday, Friday, Saturday, Sunday, DepatureHour, DepatureMinute, DepatureSecond, Note, NoteCode) VALUES ('96729', 'FSACM03', '0', 'JPS_FSACM03-3', 'CAL', 0, 1, 0, 0, 0, 0, 0, 17, 30, 0, '', '');
INSERT INTO DayOfNonOperation (VehicleJourneyRef, StartDate, EndDate) VALUES ('96729', 1490918400, 1514851199);
INSERT INTO DayOfNonOperation (VehicleJourneyRef, StartDate, EndDate) VALUES ('96729', 1514937600, 2524607999);
INSERT INTO VehicleJourney (VehicleJourneyCode, ServiceRef, LineRef, JourneyPatternRef, OperatorRef, Monday, Tuesday, Wednesday, Thursday, Friday, Saturday, Sunday, DepatureHour, DepatureMinute, DepatureSecond, Note, NoteCode) VALUES ('96730', 'FSACM03', '0', 'JPS_FSACM03-3', 'CAL', 0, 1, 0, 0, 0, 0, 0, 18, 15, 0, '', '');
INSERT INTO DayOfNonOperation (VehicleJourneyRef, StartDate, EndDate) VALUES ('96730', 1490918400, 1514851199);
INSERT INTO DayOfNonOperation (VehicleJourneyRef, StartDate, EndDate) VALUES ('96730', 1514937600, 2524607999);
INSERT INTO VehicleJourney (VehicleJourneyCode, ServiceRef, LineRef, JourneyPatternRef, OperatorRef, Monday, Tuesday, Wednesday, Thursday, Friday, Saturday, Sunday, DepatureHour, DepatureMinute, DepatureSecond, Note, NoteCode) VALUES ('96731', 'FSACM03', '0', 'JPS_FSACM03-3', 'CAL', 0, 1, 0, 0, 0, 0, 0, 19, 0, 0, '', '');
INSERT INTO DayOfNonOperation (VehicleJourneyRef, StartDate, EndDate) VALUES ('96731', 1490918400, 1514851199);
INSERT INTO DayOfNonOperation (VehicleJourneyRef, StartDate, EndDate) VALUES ('96731', 1514937600, 2524607999);
INSERT INTO VehicleJourney (VehicleJourneyCode, ServiceRef, LineRef, JourneyPatternRef, OperatorRef, Monday, Tuesday, Wednesday, Thursday, Friday, Saturday, Sunday, DepatureHour, DepatureMinute, DepatureSecond, Note, NoteCode) VALUES ('96832', 'FSACM03', '0', 'JPS_FSACM03-4', 'CAL', 0, 1, 0, 0, 0, 0, 0, 8, 45, 0, '', '');
INSERT INTO DayOfNonOperation (VehicleJourneyRef, StartDate, EndDate) VALUES ('96832', 1490918400, 1514851199);
INSERT INTO DayOfNonOperation (VehicleJourneyRef, StartDate, EndDate) VALUES ('96832', 1514937600, 2524607999);
INSERT INTO VehicleJourney (VehicleJourneyCode, ServiceRef, LineRef, JourneyPatternRef, OperatorRef, Monday, Tuesday, Wednesday, Thursday, Friday, Saturday, Sunday, DepatureHour, DepatureMinute, DepatureSecond, Note, NoteCode) VALUES ('96833', 'FSACM03', '0', 'JPS_FSACM03-4', 'CAL', 0, 1, 0, 0, 0, 0, 0, 9, 25, 0, '', '');
INSERT INTO DayOfNonOperation (VehicleJourneyRef, StartDate, EndDate) VALUES ('96833', 1490918400, 1514851199);
INSERT INTO DayOfNonOperation (VehicleJourneyRef, StartDate, EndDate) VALUES ('96833', 1514937600, 2524607999);
INSERT INTO VehicleJourney (VehicleJourneyCode, ServiceRef, LineRef, JourneyPatternRef, OperatorRef, Monday, Tuesday, Wednesday, Thursday, Friday, Saturday, Sunday, DepatureHour, DepatureMinute, DepatureSecond, Note, NoteCode) VALUES ('96834', 'FSACM03', '0', 'JPS_FSACM03-4', 'CAL', 0, 1, 0, 0, 0, 0, 0, 10, 15, 0, '', '');
INSERT INTO DayOfNonOperation (VehicleJourneyRef, StartDate, EndDate) VALUES ('96834', 1490918400, 1514851199);
INSERT INTO DayOfNonOperation (VehicleJourneyRef, StartDate, EndDate) VALUES ('96834', 1514937600, 2524607999);
INSERT INTO VehicleJourney (VehicleJourneyCode, ServiceRef, LineRef, JourneyPatternRef, OperatorRef, Monday, Tuesday, Wednesday, Thursday, Friday, Saturday, Sunday, DepatureHour, DepatureMinute, DepatureSecond, Note, NoteCode) VALUES ('96835', 'FSACM03', '0', 'JPS_FSACM03-4', 'CAL', 0, 1, 0, 0, 0, 0, 0, 11, 0, 0, '', '');
INSERT INTO DayOfNonOperation (VehicleJourneyRef, StartDate, EndDate) VALUES ('96835', 1490918400, 1514851199);
INSERT INTO DayOfNonOperation (VehicleJourneyRef, StartDate, EndDate) VALUES ('96835', 1514937600, 2524607999);
INSERT INTO VehicleJourney (VehicleJourneyCode, ServiceRef, LineRef, JourneyPatternRef, OperatorRef, Monday, Tuesday, Wednesday, Thursday, Friday, Saturday, Sunday, DepatureHour, DepatureMinute, DepatureSecond, Note, NoteCode) VALUES ('96836', 'FSACM03', '0', 'JPS_FSACM03-4', 'CAL', 0, 1, 0, 0, 0, 0, 0, 12, 0, 0, '', '');
INSERT INTO DayOfNonOperation (VehicleJourneyRef, StartDate, EndDate) VALUES ('96836', 1490918400, 1514851199);
INSERT INTO DayOfNonOperation (VehicleJourneyRef, StartDate, EndDate) VALUES ('96836', 1514937600, 2524607999);
INSERT INTO VehicleJourney (VehicleJourneyCode, ServiceRef, LineRef, JourneyPatternRef, OperatorRef, Monday, Tuesday, Wednesday, Thursday, Friday, Saturday, Sunday, DepatureHour, DepatureMinute, DepatureSecond, Note, NoteCode) VALUES ('96837', 'FSACM03', '0', 'JPS_FSACM03-4', 'CAL', 0, 1, 0, 0, 0, 0, 0, 13, 5, 0, '', '');
INSERT INTO DayOfNonOperation (VehicleJourneyRef, StartDate, EndDate) VALUES ('96837', 1490918400, 1514851199);
INSERT INTO DayOfNonOperation (VehicleJourneyRef, StartDate, EndDate) VALUES ('96837', 1514937600, 2524607999);
INSERT INTO VehicleJourney (VehicleJourneyCode, ServiceRef, LineRef, JourneyPatternRef, OperatorRef, Monday, Tuesday, Wednesday, Thursday, Friday, Saturday, Sunday, DepatureHour, DepatureMinute, DepatureSecond, Note, NoteCode) VALUES ('96838', 'FSACM03', '0', 'JPS_FSACM03-4', 'CAL', 0, 1, 0, 0, 0, 0, 0, 14, 5, 0, '', '');
INSERT INTO DayOfNonOperation (VehicleJourneyRef, StartDate, EndDate) VALUES ('96838', 1490918400, 1514851199);
INSERT INTO DayOfNonOperation (VehicleJourneyRef, StartDate, EndDate) VALUES ('96838', 1514937600, 2524607999);
INSERT INTO VehicleJourney (VehicleJourneyCode, ServiceRef, LineRef, JourneyPatternRef, OperatorRef, Monday, Tuesday, Wednesday, Thursday, Friday, Saturday, Sunday, DepatureHour, DepatureMinute, DepatureSecond, Note, NoteCode) VALUES ('96839', 'FSACM03', '0', 'JPS_FSACM03-4', 'CAL', 0, 1, 0, 0, 0, 0, 0, 15, 0, 0, '', '');
INSERT INTO DayOfNonOperation (VehicleJourneyRef, StartDate, EndDate) VALUES ('96839', 1490918400, 1514851199);
INSERT INTO DayOfNonOperation (VehicleJourneyRef, StartDate, EndDate) VALUES ('96839', 1514937600, 2524607999);
INSERT INTO VehicleJourney (VehicleJourneyCode, ServiceRef, LineRef, JourneyPatternRef, OperatorRef, Monday, Tuesday, Wednesday, Thursday, Friday, Saturday, Sunday, DepatureHour, DepatureMinute, DepatureSecond, Note, NoteCode) VALUES ('96840', 'FSACM03', '0', 'JPS_FSACM03-4', 'CAL', 0, 1, 0, 0, 0, 0, 0, 16, 0, 0, '', '');
INSERT INTO DayOfNonOperation (VehicleJourneyRef, StartDate, EndDate) VALUES ('96840', 1490918400, 1514851199);
INSERT INTO DayOfNonOperation (VehicleJourneyRef, StartDate, EndDate) VALUES ('96840', 1514937600, 2524607999);
INSERT INTO VehicleJourney (VehicleJourneyCode, ServiceRef, LineRef, JourneyPatternRef, OperatorRef, Monday, Tuesday, Wednesday, Thursday, Friday, Saturday, Sunday, DepatureHour, DepatureMinute, DepatureSecond, Note, NoteCode) VALUES ('96841', 'FSACM03', '0', 'JPS_FSACM03-4', 'CAL', 0, 1, 0, 0, 0, 0, 0, 16, 45, 0, '', '');
INSERT INTO DayOfNonOperation (VehicleJourneyRef, StartDate, EndDate) VALUES ('96841', 1490918400, 1514851199);
INSERT INTO DayOfNonOperation (VehicleJourneyRef, StartDate, EndDate) VALUES ('96841', 1514937600, 2524607999);
INSERT INTO VehicleJourney (VehicleJourneyCode, ServiceRef, LineRef, JourneyPatternRef, OperatorRef, Monday, Tuesday, Wednesday, Thursday, Friday, Saturday, Sunday, DepatureHour, DepatureMinute, DepatureSecond, Note, NoteCode) VALUES ('96842', 'FSACM03', '0', 'JPS_FSACM03-4', 'CAL', 0, 1, 0, 0, 0, 0, 0, 17, 30, 0, '', '');
INSERT INTO DayOfNonOperation (VehicleJourneyRef, StartDate, EndDate) VALUES ('96842', 1490918400, 1514851199);
INSERT INTO DayOfNonOperation (VehicleJourneyRef, StartDate, EndDate) VALUES ('96842', 1514937600, 2524607999);
INSERT INTO VehicleJourney (VehicleJourneyCode, ServiceRef, LineRef, JourneyPatternRef, OperatorRef, Monday, Tuesday, Wednesday, Thursday, Friday, Saturday, Sunday, DepatureHour, DepatureMinute, DepatureSecond, Note, NoteCode) VALUES ('96843', 'FSACM03', '0', 'JPS_FSACM03-4', 'CAL', 0, 1, 0, 0, 0, 0, 0, 18, 15, 0, '', '');
INSERT INTO DayOfNonOperation (VehicleJourneyRef, StartDate, EndDate) VALUES ('96843', 1490918400, 1514851199);
INSERT INTO DayOfNonOperation (VehicleJourneyRef, StartDate, EndDate) VALUES ('96843', 1514937600, 2524607999);
INSERT INTO VehicleJourney (VehicleJourneyCode, ServiceRef, LineRef, JourneyPatternRef, OperatorRef, Monday, Tuesday, Wednesday, Thursday, Friday, Saturday, Sunday, DepatureHour, DepatureMinute, DepatureSecond, Note, NoteCode) VALUES ('96844', 'FSACM03', '0', 'JPS_FSACM03-4', 'CAL', 0, 1, 0, 0, 0, 0, 0, 19, 0, 0, '', '');
INSERT INTO DayOfNonOperation (VehicleJourneyRef, StartDate, EndDate) VALUES ('96844', 1490918400, 1514851199);
INSERT INTO DayOfNonOperation (VehicleJourneyRef, StartDate, EndDate) VALUES ('96844', 1514937600, 2524607999);
INSERT INTO VehicleJourney (VehicleJourneyCode, ServiceRef, LineRef, JourneyPatternRef, OperatorRef, Monday, Tuesday, Wednesday, Thursday, Friday, Saturday, Sunday, DepatureHour, DepatureMinute, DepatureSecond, Note, NoteCode) VALUES ('96845', 'FSACM03', '0', 'JPS_FSACM03-4', 'CAL', 0, 1, 0, 0, 0, 0, 0, 19, 45, 0, '', '');
INSERT INTO DayOfNonOperation (VehicleJourneyRef, StartDate, EndDate) VALUES ('96845', 1490918400, 1514851199);
INSERT INTO DayOfNonOperation (VehicleJourneyRef, StartDate, EndDate) VALUES ('96845', 1514937600, 2524607999);