INSERT INTO AnnotatedStopPointRef (StopPointRef, CommonName, Latitude, Longitude) VALUES ('9300ULL', 'Ullapool Ferry Terminal', 0, 0);
INSERT INTO AnnotatedStopPointRef (StopPointRef, CommonName, Latitude, Longitude) VALUES ('9300STO', 'Stornoway Lewis Ferry Terminal', 0, 0);
INSERT INTO Route (RouteId, RouteDescription, RouteSectionRef) VALUES ('FSACM25_002', 'Ullapool - Stornoway (Lewis)
', 'FSACM25_002');
INSERT INTO Route (RouteId, RouteDescription, RouteSectionRef) VALUES ('FSACM25_001', 'Stornoway (Lewis) - Ullapool
', 'FSACM25_001');
INSERT INTO RouteSection (RouteSectionId) VALUES ('FSACM25_002');
INSERT INTO RouteLink (RouteLinkId, RouteSectionId, FromStopPointRef, ToStopPointRef, `Order`, RouteDirection) VALUES ('FSACM25_002_266018', 'FSACM25_002', '9300ULL', '9300STO', 0, 'inbound');
INSERT INTO RouteSection (RouteSectionId) VALUES ('FSACM25_001');
INSERT INTO RouteLink (RouteLinkId, RouteSectionId, FromStopPointRef, ToStopPointRef, `Order`, RouteDirection) VALUES ('FSACM25_001_266020', 'FSACM25_001', '9300STO', '9300ULL', 0, 'outbound');
INSERT INTO JourneyPatternSection (JourneyPatternSectionId) VALUES ('JPS_FSACM25-3');
INSERT INTO JourneyPatternTimingLink (JourneyPatternTimingLinkId, JourneyPatternSectionId, JourneyPatternFromStopPointRef, JourneyPatternFromTimingStatus, JourneyPatternToStopPointsRef, JourneyPatternToTimingStatus, RouteLinkRef, JourneyDirection, RunTime, WaitTime) VALUES ('JPS_FSACM25-3_266018', 'JPS_FSACM25-3', '9300ULL', 'PTP', '9300STO', 'PTP', 'FSACM25_002_266018', 'inbound', 'PT9000S', '');
INSERT INTO JourneyPatternSection (JourneyPatternSectionId) VALUES ('JPS_FSACM25-4');
INSERT INTO JourneyPatternTimingLink (JourneyPatternTimingLinkId, JourneyPatternSectionId, JourneyPatternFromStopPointRef, JourneyPatternFromTimingStatus, JourneyPatternToStopPointsRef, JourneyPatternToTimingStatus, RouteLinkRef, JourneyDirection, RunTime, WaitTime) VALUES ('JPS_FSACM25-4_266020', 'JPS_FSACM25-4', '9300STO', 'PTP', '9300ULL', 'PTP', 'FSACM25_001_266020', 'outbound', 'PT9000S', '');
INSERT INTO Operator (OperatorId, NationalOperatorCode, OperatorCode, OperatorShortName) VALUES ('CAL', 'CALM', 'CAL', 'Caledonian MacBrayne');
INSERT INTO Service (ServiceCode, RegisteredOperatorRef, Mode, Description, Origin, Destination, StartDate, EndDate) VALUES ('FSACM25', 'CAL', 'ferry', 'Stornoway (Lewis) - Ullapool', 'Stornoway (Lewis)', 'Ullapool', 1541030400, 2524607999);
INSERT INTO Line (LineId, ServiceRef, LineName) VALUES ('0', 'FSACM25', 'CM25');
INSERT INTO JourneyPattern (JourneyPatternId, ServiceRef, JourneyPatternSectionRef, JourneyPatternDirection) VALUES ('JPS_FSACM25-3', 'FSACM25', 'JPS_FSACM25-3', 'inbound');
INSERT INTO JourneyPattern (JourneyPatternId, ServiceRef, JourneyPatternSectionRef, JourneyPatternDirection) VALUES ('JPS_FSACM25-4', 'FSACM25', 'JPS_FSACM25-4', 'outbound');
INSERT INTO VehicleJourney (VehicleJourneyCode, ServiceRef, LineRef, JourneyPatternRef, OperatorRef, Monday, Tuesday, Wednesday, Thursday, Friday, Saturday, Sunday, DepatureHour, DepatureMinute, DepatureSecond, Note, NoteCode) VALUES ('83920', 'FSACM25', '0', 'JPS_FSACM25-3', 'CAL', 1, 1, 1, 1, 1, 0, 0, 10, 30, 0, 'Passengers should check-in 10 mins before ferry departure time shown', 'FER');
INSERT INTO DayOfNonOperation (VehicleJourneyRef, StartDate, EndDate) VALUES ('83920', 1553817600, 2524607999);
INSERT INTO VehicleJourney (VehicleJourneyCode, ServiceRef, LineRef, JourneyPatternRef, OperatorRef, Monday, Tuesday, Wednesday, Thursday, Friday, Saturday, Sunday, DepatureHour, DepatureMinute, DepatureSecond, Note, NoteCode) VALUES ('83921', 'FSACM25', '0', 'JPS_FSACM25-3', 'CAL', 1, 1, 1, 1, 1, 0, 0, 17, 30, 0, 'Passengers should check-in 10 mins before ferry departure time shown', 'FER');
INSERT INTO DayOfNonOperation (VehicleJourneyRef, StartDate, EndDate) VALUES ('83921', 1553817600, 2524607999);
INSERT INTO VehicleJourney (VehicleJourneyCode, ServiceRef, LineRef, JourneyPatternRef, OperatorRef, Monday, Tuesday, Wednesday, Thursday, Friday, Saturday, Sunday, DepatureHour, DepatureMinute, DepatureSecond, Note, NoteCode) VALUES ('83924', 'FSACM25', '0', 'JPS_FSACM25-3', 'CAL', 0, 0, 0, 0, 0, 1, 0, 10, 30, 0, 'Passengers should check-in 10 mins before ferry departure time shown', 'FER');
INSERT INTO DayOfNonOperation (VehicleJourneyRef, StartDate, EndDate) VALUES ('83924', 1553817600, 2524607999);
INSERT INTO VehicleJourney (VehicleJourneyCode, ServiceRef, LineRef, JourneyPatternRef, OperatorRef, Monday, Tuesday, Wednesday, Thursday, Friday, Saturday, Sunday, DepatureHour, DepatureMinute, DepatureSecond, Note, NoteCode) VALUES ('83925', 'FSACM25', '0', 'JPS_FSACM25-3', 'CAL', 0, 0, 0, 0, 0, 1, 0, 18, 30, 0, 'Passengers should check-in 10 mins before ferry departure time shown', 'FER');
INSERT INTO DayOfNonOperation (VehicleJourneyRef, StartDate, EndDate) VALUES ('83925', 1553817600, 2524607999);
INSERT INTO VehicleJourney (VehicleJourneyCode, ServiceRef, LineRef, JourneyPatternRef, OperatorRef, Monday, Tuesday, Wednesday, Thursday, Friday, Saturday, Sunday, DepatureHour, DepatureMinute, DepatureSecond, Note, NoteCode) VALUES ('83928', 'FSACM25', '0', 'JPS_FSACM25-3', 'CAL', 0, 0, 0, 0, 0, 0, 1, 18, 30, 0, 'Passengers should check-in 10 mins before ferry departure time shown', 'FER');
INSERT INTO DayOfNonOperation (VehicleJourneyRef, StartDate, EndDate) VALUES ('83928', 1553817600, 2524607999);
INSERT INTO VehicleJourney (VehicleJourneyCode, ServiceRef, LineRef, JourneyPatternRef, OperatorRef, Monday, Tuesday, Wednesday, Thursday, Friday, Saturday, Sunday, DepatureHour, DepatureMinute, DepatureSecond, Note, NoteCode) VALUES ('83931', 'FSACM25', '0', 'JPS_FSACM25-4', 'CAL', 1, 1, 1, 1, 1, 0, 0, 7, 0, 0, 'Passengers should check-in 10 mins before ferry departure time shown', 'FER');
INSERT INTO DayOfNonOperation (VehicleJourneyRef, StartDate, EndDate) VALUES ('83931', 1553817600, 2524607999);
INSERT INTO VehicleJourney (VehicleJourneyCode, ServiceRef, LineRef, JourneyPatternRef, OperatorRef, Monday, Tuesday, Wednesday, Thursday, Friday, Saturday, Sunday, DepatureHour, DepatureMinute, DepatureSecond, Note, NoteCode) VALUES ('83932', 'FSACM25', '0', 'JPS_FSACM25-4', 'CAL', 1, 1, 1, 1, 1, 0, 0, 14, 0, 0, 'Passengers should check-in 10 mins before ferry departure time shown', 'FER');
INSERT INTO DayOfNonOperation (VehicleJourneyRef, StartDate, EndDate) VALUES ('83932', 1553817600, 2524607999);
INSERT INTO VehicleJourney (VehicleJourneyCode, ServiceRef, LineRef, JourneyPatternRef, OperatorRef, Monday, Tuesday, Wednesday, Thursday, Friday, Saturday, Sunday, DepatureHour, DepatureMinute, DepatureSecond, Note, NoteCode) VALUES ('83935', 'FSACM25', '0', 'JPS_FSACM25-4', 'CAL', 0, 0, 0, 0, 0, 1, 0, 7, 0, 0, 'Passengers should check-in 10 mins before ferry departure time shown', 'FER');
INSERT INTO DayOfNonOperation (VehicleJourneyRef, StartDate, EndDate) VALUES ('83935', 1553817600, 2524607999);
INSERT INTO VehicleJourney (VehicleJourneyCode, ServiceRef, LineRef, JourneyPatternRef, OperatorRef, Monday, Tuesday, Wednesday, Thursday, Friday, Saturday, Sunday, DepatureHour, DepatureMinute, DepatureSecond, Note, NoteCode) VALUES ('83936', 'FSACM25', '0', 'JPS_FSACM25-4', 'CAL', 0, 0, 0, 0, 0, 1, 0, 14, 30, 0, 'Passengers should check-in 10 mins before ferry departure time shown', 'FER');
INSERT INTO DayOfNonOperation (VehicleJourneyRef, StartDate, EndDate) VALUES ('83936', 1553817600, 2524607999);
INSERT INTO VehicleJourney (VehicleJourneyCode, ServiceRef, LineRef, JourneyPatternRef, OperatorRef, Monday, Tuesday, Wednesday, Thursday, Friday, Saturday, Sunday, DepatureHour, DepatureMinute, DepatureSecond, Note, NoteCode) VALUES ('83939', 'FSACM25', '0', 'JPS_FSACM25-4', 'CAL', 0, 0, 0, 0, 0, 0, 1, 14, 30, 0, 'Passengers should check-in 10 mins before ferry departure time shown', 'FER');
INSERT INTO DayOfNonOperation (VehicleJourneyRef, StartDate, EndDate) VALUES ('83939', 1553817600, 2524607999);
INSERT INTO VehicleJourney (VehicleJourneyCode, ServiceRef, LineRef, JourneyPatternRef, OperatorRef, Monday, Tuesday, Wednesday, Thursday, Friday, Saturday, Sunday, DepatureHour, DepatureMinute, DepatureSecond, Note, NoteCode) VALUES ('83922', 'FSACM25', '0', 'JPS_FSACM25-3', 'CAL', 1, 1, 1, 1, 1, 0, 0, 10, 30, 0, 'Passengers should check-in 10 mins before ferry departure time shown', 'FER');
INSERT INTO DayOfNonOperation (VehicleJourneyRef, StartDate, EndDate) VALUES ('83922', 1541030400, 1553817599);
INSERT INTO VehicleJourney (VehicleJourneyCode, ServiceRef, LineRef, JourneyPatternRef, OperatorRef, Monday, Tuesday, Wednesday, Thursday, Friday, Saturday, Sunday, DepatureHour, DepatureMinute, DepatureSecond, Note, NoteCode) VALUES ('83923', 'FSACM25', '0', 'JPS_FSACM25-3', 'CAL', 1, 1, 1, 1, 1, 0, 0, 17, 30, 0, 'Passengers should check-in 10 mins before ferry departure time shown', 'FER');
INSERT INTO DayOfNonOperation (VehicleJourneyRef, StartDate, EndDate) VALUES ('83923', 1541030400, 1553817599);
INSERT INTO VehicleJourney (VehicleJourneyCode, ServiceRef, LineRef, JourneyPatternRef, OperatorRef, Monday, Tuesday, Wednesday, Thursday, Friday, Saturday, Sunday, DepatureHour, DepatureMinute, DepatureSecond, Note, NoteCode) VALUES ('83926', 'FSACM25', '0', 'JPS_FSACM25-3', 'CAL', 0, 0, 0, 0, 0, 1, 0, 10, 30, 0, 'Passengers should check-in 10 mins before ferry departure time shown', 'FER');
INSERT INTO DayOfNonOperation (VehicleJourneyRef, StartDate, EndDate) VALUES ('83926', 1541030400, 1553817599);
INSERT INTO VehicleJourney (VehicleJourneyCode, ServiceRef, LineRef, JourneyPatternRef, OperatorRef, Monday, Tuesday, Wednesday, Thursday, Friday, Saturday, Sunday, DepatureHour, DepatureMinute, DepatureSecond, Note, NoteCode) VALUES ('83927', 'FSACM25', '0', 'JPS_FSACM25-3', 'CAL', 0, 0, 0, 0, 0, 1, 0, 19, 0, 0, 'Passengers should check-in 10 mins before ferry departure time shown', 'FER');
INSERT INTO DayOfNonOperation (VehicleJourneyRef, StartDate, EndDate) VALUES ('83927', 1541030400, 1553817599);
INSERT INTO VehicleJourney (VehicleJourneyCode, ServiceRef, LineRef, JourneyPatternRef, OperatorRef, Monday, Tuesday, Wednesday, Thursday, Friday, Saturday, Sunday, DepatureHour, DepatureMinute, DepatureSecond, Note, NoteCode) VALUES ('83929', 'FSACM25', '0', 'JPS_FSACM25-3', 'CAL', 0, 0, 0, 0, 0, 0, 1, 11, 30, 0, 'Passengers should check-in 10 mins before ferry departure time shown', 'FER');
INSERT INTO DayOfNonOperation (VehicleJourneyRef, StartDate, EndDate) VALUES ('83929', 1541030400, 1553817599);
INSERT INTO VehicleJourney (VehicleJourneyCode, ServiceRef, LineRef, JourneyPatternRef, OperatorRef, Monday, Tuesday, Wednesday, Thursday, Friday, Saturday, Sunday, DepatureHour, DepatureMinute, DepatureSecond, Note, NoteCode) VALUES ('83930', 'FSACM25', '0', 'JPS_FSACM25-3', 'CAL', 0, 0, 0, 0, 0, 0, 1, 18, 30, 0, 'Passengers should check-in 10 mins before ferry departure time shown', 'FER');
INSERT INTO DayOfNonOperation (VehicleJourneyRef, StartDate, EndDate) VALUES ('83930', 1541030400, 1553817599);
INSERT INTO VehicleJourney (VehicleJourneyCode, ServiceRef, LineRef, JourneyPatternRef, OperatorRef, Monday, Tuesday, Wednesday, Thursday, Friday, Saturday, Sunday, DepatureHour, DepatureMinute, DepatureSecond, Note, NoteCode) VALUES ('83933', 'FSACM25', '0', 'JPS_FSACM25-4', 'CAL', 1, 1, 1, 1, 1, 0, 0, 7, 0, 0, 'Passengers should check-in 10 mins before ferry departure time shown', 'FER');
INSERT INTO DayOfNonOperation (VehicleJourneyRef, StartDate, EndDate) VALUES ('83933', 1541030400, 1553817599);
INSERT INTO VehicleJourney (VehicleJourneyCode, ServiceRef, LineRef, JourneyPatternRef, OperatorRef, Monday, Tuesday, Wednesday, Thursday, Friday, Saturday, Sunday, DepatureHour, DepatureMinute, DepatureSecond, Note, NoteCode) VALUES ('83934', 'FSACM25', '0', 'JPS_FSACM25-4', 'CAL', 1, 1, 1, 1, 1, 0, 0, 14, 0, 0, 'Passengers should check-in 10 mins before ferry departure time shown', 'FER');
INSERT INTO DayOfNonOperation (VehicleJourneyRef, StartDate, EndDate) VALUES ('83934', 1541030400, 1553817599);
INSERT INTO VehicleJourney (VehicleJourneyCode, ServiceRef, LineRef, JourneyPatternRef, OperatorRef, Monday, Tuesday, Wednesday, Thursday, Friday, Saturday, Sunday, DepatureHour, DepatureMinute, DepatureSecond, Note, NoteCode) VALUES ('83937', 'FSACM25', '0', 'JPS_FSACM25-4', 'CAL', 0, 0, 0, 0, 0, 1, 0, 7, 0, 0, 'Passengers should check-in 10 mins before ferry departure time shown', 'FER');
INSERT INTO DayOfNonOperation (VehicleJourneyRef, StartDate, EndDate) VALUES ('83937', 1541030400, 1553817599);
INSERT INTO VehicleJourney (VehicleJourneyCode, ServiceRef, LineRef, JourneyPatternRef, OperatorRef, Monday, Tuesday, Wednesday, Thursday, Friday, Saturday, Sunday, DepatureHour, DepatureMinute, DepatureSecond, Note, NoteCode) VALUES ('83938', 'FSACM25', '0', 'JPS_FSACM25-4', 'CAL', 0, 0, 0, 0, 0, 1, 0, 15, 30, 0, 'Passengers should check-in 10 mins before ferry departure time shown', 'FER');
INSERT INTO DayOfNonOperation (VehicleJourneyRef, StartDate, EndDate) VALUES ('83938', 1541030400, 1553817599);
INSERT INTO VehicleJourney (VehicleJourneyCode, ServiceRef, LineRef, JourneyPatternRef, OperatorRef, Monday, Tuesday, Wednesday, Thursday, Friday, Saturday, Sunday, DepatureHour, DepatureMinute, DepatureSecond, Note, NoteCode) VALUES ('83940', 'FSACM25', '0', 'JPS_FSACM25-4', 'CAL', 0, 0, 0, 0, 0, 0, 1, 8, 0, 0, 'Passengers should check-in 10 mins before ferry departure time shown', 'FER');
INSERT INTO DayOfNonOperation (VehicleJourneyRef, StartDate, EndDate) VALUES ('83940', 1541030400, 1553817599);
INSERT INTO VehicleJourney (VehicleJourneyCode, ServiceRef, LineRef, JourneyPatternRef, OperatorRef, Monday, Tuesday, Wednesday, Thursday, Friday, Saturday, Sunday, DepatureHour, DepatureMinute, DepatureSecond, Note, NoteCode) VALUES ('83941', 'FSACM25', '0', 'JPS_FSACM25-4', 'CAL', 0, 0, 0, 0, 0, 0, 1, 15, 0, 0, 'Passengers should check-in 10 mins before ferry departure time shown', 'FER');
INSERT INTO DayOfNonOperation (VehicleJourneyRef, StartDate, EndDate) VALUES ('83941', 1541030400, 1553817599);